source_type,source_class_folder,canonical_class,source_path,source_relpath,filename,stem,stem_key,suffix,file_size_bytes,is_broken,width,height,sha1,phash,error_message
image,Anthracnose,Anthracnose,/content/drive/MyDrive/Papaya_Leaf_Disease_Classification/BDPapayaLeaf/Original Images/Anthracnose/Anthracnose(1).jpg,BDPapayaLeaf/Original Images/Anthracnose/Anthracnose(1).jpg,Anthracnose(1).jpg,Anthracnose(1),anthracnose(1),.jpg,88083,False,640,480,ea1e96c767da539f25adc3512a462eade3a36c76,9db2e68c0f0e3ab8,
image,Anthracnose,Anthracnose,/content/drive/MyDrive/Papaya_Leaf_Disease_Classification/BDPapayaLeaf/Original Images/Anthracnose/Anthracnose(10).jpg,BDPapayaLeaf/Original Images/Anthracnose/Anthracnose(10).jpg,Anthracnose(10).jpg,Anthracnose(10),anthracnose(10),.jpg,76894,False,640,480,0f6300909af49038629e6979dfaf9f717727eeed,e363a5edca9a3025,
image,Anthracnose,Anthracnose,/content/drive/MyDrive/Papaya_Leaf_Disease_Classification/BDPapayaLeaf/Original Images/Anthracnose/Anthracnose(100).jpg,BDPapayaLeaf/Original Images/Anthracnose/Anthracnose(100).jpg,Anthracnose(100).jpg,Anthracnose(100),anthracnose(100),.jpg,207589,False,640,480,c1563fccab3e29c7ce37743fada69309900ca55c,fdf281356a2d68a8,
image,Anthracnose,Anthracnose,/content/drive/MyDrive/Papaya_Leaf_Disease_Classification/BDPapayaLeaf/Original Images/Anthracnose/Anthracnose(101).jpg,BDPapayaLeaf/Original Images/Anthracnose/Anthracnose(101).jpg,Anthracnose(101).jpg,Anthracnose(101),anthracnose(101),.jpg,233913,False,640,480,3e1f18d567c060bb1f4328b0875134cc81d76fd0,d7dc7262578d8c82,
image,Anthracnose,Anthracnose,/content/drive/MyDrive/Papaya_Leaf_Disease_Classification/BDPapayaLeaf/Original Images/Anthracnose/Anthracnose(102).jpg,BDPapayaLeaf/Original Images/Anthracnose/Anthracnose(102).jpg,Anthracnose(102).jpg,Anthracnose(102),anthracnose(102),.jpg,174265,False,640,480,15b490e6bf390f969d5cecc13e82c4a32a1a054b,fbd7e1c1849d108e,
image,Anthracnose,Anthracnose,/content/drive/MyDrive/Papaya_Leaf_Disease_Classification/BDPapayaLeaf/Original Images/Anthracnose/Anthracnose(103).jpg,BDPapayaLeaf/Original Images/Anthracnose/Anthracnose(103).jpg,Anthracnose(103).jpg,Anthracnose(103),anthracnose(103),.jpg,168942,False,640,480,9085f385ee41d5775bf9cbbfa9b2d048e65a0155,e8afee50d099a991,
image,Anthracnose,Anthracnose,/content/drive/MyDrive/Papaya_Leaf_Disease_Classification/BDPapayaLeaf/Original Images/Anthracnose/Anthracnose(104).jpg,BDPapayaLeaf/Original Images/Anthracnose/Anthracnose(104).jpg,Anthracnose(104).jpg,Anthracnose(104),anthracnose(104),.jpg,162994,False,640,480,188f97268db48cfc58f2262814f9049050569538,d6f2e627c70c24cc,
image,Anthracnose,Anthracnose,/content/drive/MyDrive/Papaya_Leaf_Disease_Classification/BDPapayaLeaf/Original Images/Anthracnose/Anthracnose(105).jpg,BDPapayaLeaf/Original Images/Anthracnose/Anthracnose(105).jpg,Anthracnose(105).jpg,Anthracnose(105),anthracnose(105),.jpg,173469,False,640,480,bae44ed9771b594cec3a5bf6acce2796be37de21,bdb9a7048d3f023c,
image,Anthracnose,Anthracnose,/content/drive/MyDrive/Papaya_Leaf_Disease_Classification/BDPapayaLeaf/Original Images/Anthracnose/Anthracnose(106).jpg,BDPapayaLeaf/Original Images/Anthracnose/Anthracnose(106).jpg,Anthracnose(106).jpg,Anthracnose(106),anthracnose(106),.jpg,187861,False,640,480,93e8e1f14436d78346762882d8774e4be0a75a3c,e0f3a511975e5a51,
image,Anthracnose,Anthracnose,/content/drive/MyDrive/Papaya_Leaf_Disease_Classification/BDPapayaLeaf/Original Images/Anthracnose/Anthracnose(107).jpg,BDPapayaLeaf/Original Images/Anthracnose/Anthracnose(107).jpg,Anthracnose(107).jpg,Anthracnose(107),anthracnose(107),.jpg,183087,False,640,480,2da61bda25ae1a395fb013f3a45d99cdda7ca17e,f8d7c65873cb4019,
image,Anthracnose,Anthracnose,/content/drive/MyDrive/Papaya_Leaf_Disease_Classification/BDPapayaLeaf/Original Images/Anthracnose/Anthracnose(108).jpg,BDPapayaLeaf/Original Images/Anthracnose/Anthracnose(108).jpg,Anthracnose(108).jpg,Anthracnose(108),anthracnose(108),.jpg,154168,False,640,480,adc819214d345e9dd6dd41148ccbafcd11d4f42f,af3ec0635262fa4a,
image,Anthracnose,Anthracnose,/content/drive/MyDrive/Papaya_Leaf_Disease_Classification/BDPapayaLeaf/Original Images/Anthracnose/Anthracnose(109).jpg,BDPapayaLeaf/Original Images/Anthracnose/Anthracnose(109).jpg,Anthracnose(109).jpg,Anthracnose(109),anthracnose(109),.jpg,154657,False,640,480,50c22ceddb8888ec76225bf78d899de56feac795,ad84c21fceac95e2,
image,Anthracnose,Anthracnose,/content/drive/MyDrive/Papaya_Leaf_Disease_Classification/BDPapayaLeaf/Original Images/Anthracnose/Anthracnose(11).jpg,BDPapayaLeaf/Original Images/Anthracnose/Anthracnose(11).jpg,Anthracnose(11).jpg,Anthracnose(11),anthracnose(11),.jpg,93204,False,640,480,a7bfc5b5dffabac284701d0c10de5df87eaa834d,e4705ae8b4db3d60,
image,Anthracnose,Anthracnose,/content/drive/MyDrive/Papaya_Leaf_Disease_Classification/BDPapayaLeaf/Original Images/Anthracnose/Anthracnose(110).jpg,BDPapayaLeaf/Original Images/Anthracnose/Anthracnose(110).jpg,Anthracnose(110).jpg,Anthracnose(110),anthracnose(110),.jpg,154107,False,640,480,9c104e29da5af3c072880156e5ded4e2aa2fc1e2,ad84c75f8ce98562,
image,Anthracnose,Anthracnose,/content/drive/MyDrive/Papaya_Leaf_Disease_Classification/BDPapayaLeaf/Original Images/Anthracnose/Anthracnose(111).jpg,BDPapayaLeaf/Original Images/Anthracnose/Anthracnose(111).jpg,Anthracnose(111).jpg,Anthracnose(111),anthracnose(111),.jpg,172781,False,640,480,e47f68747c22ca8f50f376ae33d441aadf186b90,d5eb85564a29f550,
image,Anthracnose,Anthracnose,/content/drive/MyDrive/Papaya_Leaf_Disease_Classification/BDPapayaLeaf/Original Images/Anthracnose/Anthracnose(112).jpg,BDPapayaLeaf/Original Images/Anthracnose/Anthracnose(112).jpg,Anthracnose(112).jpg,Anthracnose(112),anthracnose(112),.jpg,171596,False,640,480,d52901dcb456882675a3527111126af84b3d434a,95caad55503ba715,
image,Anthracnose,Anthracnose,/content/drive/MyDrive/Papaya_Leaf_Disease_Classification/BDPapayaLeaf/Original Images/Anthracnose/Anthracnose(113).jpg,BDPapayaLeaf/Original Images/Anthracnose/Anthracnose(113).jpg,Anthracnose(113).jpg,Anthracnose(113),anthracnose(113),.jpg,184260,False,640,480,8f169f42ee487e64347eaa594f2a3d81dab3d8f6,84eb3d69ab871e28,
image,Anthracnose,Anthracnose,/content/drive/MyDrive/Papaya_Leaf_Disease_Classification/BDPapayaLeaf/Original Images/Anthracnose/Anthracnose(114).jpg,BDPapayaLeaf/Original Images/Anthracnose/Anthracnose(114).jpg,Anthracnose(114).jpg,Anthracnose(114),anthracnose(114),.jpg,167280,False,640,480,698ba9de385a3d939999b3d009e49988e23c8a2e,8da16fa5d6e26066,
image,Anthracnose,Anthracnose,/content/drive/MyDrive/Papaya_Leaf_Disease_Classification/BDPapayaLeaf/Original Images/Anthracnose/Anthracnose(115).jpg,BDPapayaLeaf/Original Images/Anthracnose/Anthracnose(115).jpg,Anthracnose(115).jpg,Anthracnose(115),anthracnose(115),.jpg,198309,False,640,480,964385e6ac816aecee6f03afc76c76aa326ccce7,c23fec85aef00536,
image,Anthracnose,Anthracnose,/content/drive/MyDrive/Papaya_Leaf_Disease_Classification/BDPapayaLeaf/Original Images/Anthracnose/Anthracnose(116).jpg,BDPapayaLeaf/Original Images/Anthracnose/Anthracnose(116).jpg,Anthracnose(116).jpg,Anthracnose(116),anthracnose(116),.jpg,170979,False,640,480,c3af8ad5c459a2bb1e2e97ff41bbc92824f24fa7,996a44e87734f88d,
image,Anthracnose,Anthracnose,/content/drive/MyDrive/Papaya_Leaf_Disease_Classification/BDPapayaLeaf/Original Images/Anthracnose/Anthracnose(117).jpg,BDPapayaLeaf/Original Images/Anthracnose/Anthracnose(117).jpg,Anthracnose(117).jpg,Anthracnose(117),anthracnose(117),.jpg,156799,False,640,480,280ee48e36db679efd215887f11d1b9e887655fb,adc087ae3132f3d8,
image,Anthracnose,Anthracnose,/content/drive/MyDrive/Papaya_Leaf_Disease_Classification/BDPapayaLeaf/Original Images/Anthracnose/Anthracnose(118).jpg,BDPapayaLeaf/Original Images/Anthracnose/Anthracnose(118).jpg,Anthracnose(118).jpg,Anthracnose(118),anthracnose(118),.jpg,182187,False,640,480,cd2e93907015b3e2200dc55066a2162182fc696b,94bdc23821a7d5f8,
image,Anthracnose,Anthracnose,/content/drive/MyDrive/Papaya_Leaf_Disease_Classification/BDPapayaLeaf/Original Images/Anthracnose/Anthracnose(119).jpg,BDPapayaLeaf/Original Images/Anthracnose/Anthracnose(119).jpg,Anthracnose(119).jpg,Anthracnose(119),anthracnose(119),.jpg,176227,False,640,480,ba145e91c65b438fb8f272dbe0e92eca0e6fd528,a7d4429e2a4b2b6b,
image,Anthracnose,Anthracnose,/content/drive/MyDrive/Papaya_Leaf_Disease_Classification/BDPapayaLeaf/Original Images/Anthracnose/Anthracnose(12).jpg,BDPapayaLeaf/Original Images/Anthracnose/Anthracnose(12).jpg,Anthracnose(12).jpg,Anthracnose(12),anthracnose(12),.jpg,104025,False,640,480,0046a3030504a732bbe9ec2ab32ca6b12a5f8b08,c8c5a5d6a278c56d,
image,Anthracnose,Anthracnose,/content/drive/MyDrive/Papaya_Leaf_Disease_Classification/BDPapayaLeaf/Original Images/Anthracnose/Anthracnose(120).jpg,BDPapayaLeaf/Original Images/Anthracnose/Anthracnose(120).jpg,Anthracnose(120).jpg,Anthracnose(120),anthracnose(120),.jpg,159899,False,640,480,13fed8c04ab362a6e858d09b088b713dd153ff2d,d0fdaa98be820aa7,
image,Anthracnose,Anthracnose,/content/drive/MyDrive/Papaya_Leaf_Disease_Classification/BDPapayaLeaf/Original Images/Anthracnose/Anthracnose(121).jpg,BDPapayaLeaf/Original Images/Anthracnose/Anthracnose(121).jpg,Anthracnose(121).jpg,Anthracnose(121),anthracnose(121),.jpg,178665,False,640,480,9dadeb5633b4e6c342b4bdc614f2d0f4e48450c0,d4d37662207637a6,
image,Anthracnose,Anthracnose,/content/drive/MyDrive/Papaya_Leaf_Disease_Classification/BDPapayaLeaf/Original Images/Anthracnose/Anthracnose(122).jpg,BDPapayaLeaf/Original Images/Anthracnose/Anthracnose(122).jpg,Anthracnose(122).jpg,Anthracnose(122),anthracnose(122),.jpg,185933,False,640,480,e69d3fd868bda698525a7a189a6ac508eca30aee,a9cde11f49b8981b,
image,Anthracnose,Anthracnose,/content/drive/MyDrive/Papaya_Leaf_Disease_Classification/BDPapayaLeaf/Original Images/Anthracnose/Anthracnose(123).jpg,BDPapayaLeaf/Original Images/Anthracnose/Anthracnose(123).jpg,Anthracnose(123).jpg,Anthracnose(123),anthracnose(123),.jpg,169983,False,640,480,3e02963ada3bcc80978a3652b180bc816e6a8047,88eb12cfc183cfcc,
image,Anthracnose,Anthracnose,/content/drive/MyDrive/Papaya_Leaf_Disease_Classification/BDPapayaLeaf/Original Images/Anthracnose/Anthracnose(124).jpg,BDPapayaLeaf/Original Images/Anthracnose/Anthracnose(124).jpg,Anthracnose(124).jpg,Anthracnose(124),anthracnose(124),.jpg,184472,False,640,480,8eede6e9a82edc1f18244d07b913181ba58080e0,a5e585165d66a9a5,
image,Anthracnose,Anthracnose,/content/drive/MyDrive/Papaya_Leaf_Disease_Classification/BDPapayaLeaf/Original Images/Anthracnose/Anthracnose(125).jpg,BDPapayaLeaf/Original Images/Anthracnose/Anthracnose(125).jpg,Anthracnose(125).jpg,Anthracnose(125),anthracnose(125),.jpg,182901,False,640,480,039f675aa7268e04fd3a778a92906446bbd1682c,a99ab7071e6980de,
image,Anthracnose,Anthracnose,/content/drive/MyDrive/Papaya_Leaf_Disease_Classification/BDPapayaLeaf/Original Images/Anthracnose/Anthracnose(126).jpg,BDPapayaLeaf/Original Images/Anthracnose/Anthracnose(126).jpg,Anthracnose(126).jpg,Anthracnose(126),anthracnose(126),.jpg,155313,False,640,480,d392b7dbce6b2bae7c24b9e2046bd2f509583ccf,a0d45a8a29e4f67e,
image,Anthracnose,Anthracnose,/content/drive/MyDrive/Papaya_Leaf_Disease_Classification/BDPapayaLeaf/Original Images/Anthracnose/Anthracnose(127).jpg,BDPapayaLeaf/Original Images/Anthracnose/Anthracnose(127).jpg,Anthracnose(127).jpg,Anthracnose(127),anthracnose(127),.jpg,211335,False,640,480,12596718ca60537204a5ff9395dd7a1f67be4837,b78f2fb8cb29840a,
image,Anthracnose,Anthracnose,/content/drive/MyDrive/Papaya_Leaf_Disease_Classification/BDPapayaLeaf/Original Images/Anthracnose/Anthracnose(128).jpg,BDPapayaLeaf/Original Images/Anthracnose/Anthracnose(128).jpg,Anthracnose(128).jpg,Anthracnose(128),anthracnose(128),.jpg,202682,False,640,480,b69bbca0334a793c5cb51683bb4d737e440f2411,bdfa27c410535ae8,
image,Anthracnose,Anthracnose,/content/drive/MyDrive/Papaya_Leaf_Disease_Classification/BDPapayaLeaf/Original Images/Anthracnose/Anthracnose(129).jpg,BDPapayaLeaf/Original Images/Anthracnose/Anthracnose(129).jpg,Anthracnose(129).jpg,Anthracnose(129),anthracnose(129),.jpg,186889,False,640,480,1ad83e21ba56fa05f85fd6898435ad04a207ba4b,cfc780cffcdc8808,
image,Anthracnose,Anthracnose,/content/drive/MyDrive/Papaya_Leaf_Disease_Classification/BDPapayaLeaf/Original Images/Anthracnose/Anthracnose(13).jpg,BDPapayaLeaf/Original Images/Anthracnose/Anthracnose(13).jpg,Anthracnose(13).jpg,Anthracnose(13),anthracnose(13),.jpg,83445,False,640,480,64a195c59bf73df12ccb8ecce524ac91d64a68f5,aff050a252fb0579,
image,Anthracnose,Anthracnose,/content/drive/MyDrive/Papaya_Leaf_Disease_Classification/BDPapayaLeaf/Original Images/Anthracnose/Anthracnose(130).jpg,BDPapayaLeaf/Original Images/Anthracnose/Anthracnose(130).jpg,Anthracnose(130).jpg,Anthracnose(130),anthracnose(130),.jpg,187005,False,640,480,70aaba61163366aa003ba859131f0c7717b87a92,bfc0d4ea8a0afe28,
image,Anthracnose,Anthracnose,/content/drive/MyDrive/Papaya_Leaf_Disease_Classification/BDPapayaLeaf/Original Images/Anthracnose/Anthracnose(131).jpg,BDPapayaLeaf/Original Images/Anthracnose/Anthracnose(131).jpg,Anthracnose(131).jpg,Anthracnose(131),anthracnose(131),.jpg,175983,False,640,480,f3c2d2b90d314e21ae243b094eb0d4737f8ea019,abc18b6cdc1d189d,
image,Anthracnose,Anthracnose,/content/drive/MyDrive/Papaya_Leaf_Disease_Classification/BDPapayaLeaf/Original Images/Anthracnose/Anthracnose(132).jpg,BDPapayaLeaf/Original Images/Anthracnose/Anthracnose(132).jpg,Anthracnose(132).jpg,Anthracnose(132),anthracnose(132),.jpg,190231,False,640,480,c3842c766224b384dd33016eee07a785b6361b90,c8e4b1acb6a9a4b5,
image,Anthracnose,Anthracnose,/content/drive/MyDrive/Papaya_Leaf_Disease_Classification/BDPapayaLeaf/Original Images/Anthracnose/Anthracnose(133).jpg,BDPapayaLeaf/Original Images/Anthracnose/Anthracnose(133).jpg,Anthracnose(133).jpg,Anthracnose(133),anthracnose(133),.jpg,219561,False,640,480,c548d861ba6e6543a534062d0a63f835040a22b0,e0b81b19a3b757a1,
image,Anthracnose,Anthracnose,/content/drive/MyDrive/Papaya_Leaf_Disease_Classification/BDPapayaLeaf/Original Images/Anthracnose/Anthracnose(134).jpg,BDPapayaLeaf/Original Images/Anthracnose/Anthracnose(134).jpg,Anthracnose(134).jpg,Anthracnose(134),anthracnose(134),.jpg,164410,False,640,480,82f3e1963875a19dea6bb1698e707bf54ce009ed,8a3cc3c1f40fe56c,
image,Anthracnose,Anthracnose,/content/drive/MyDrive/Papaya_Leaf_Disease_Classification/BDPapayaLeaf/Original Images/Anthracnose/Anthracnose(135).jpg,BDPapayaLeaf/Original Images/Anthracnose/Anthracnose(135).jpg,Anthracnose(135).jpg,Anthracnose(135),anthracnose(135),.jpg,189259,False,640,480,4a0d764dc201d813ce32f0a8f29c8b7c391b99d1,a78fe4223523d43e,
image,Anthracnose,Anthracnose,/content/drive/MyDrive/Papaya_Leaf_Disease_Classification/BDPapayaLeaf/Original Images/Anthracnose/Anthracnose(136).jpg,BDPapayaLeaf/Original Images/Anthracnose/Anthracnose(136).jpg,Anthracnose(136).jpg,Anthracnose(136),anthracnose(136),.jpg,171307,False,640,480,ad3500a0ea7fcca1360505ab2dd28bafcf6e743e,adc0e2a1546f24fe,
image,Anthracnose,Anthracnose,/content/drive/MyDrive/Papaya_Leaf_Disease_Classification/BDPapayaLeaf/Original Images/Anthracnose/Anthracnose(137).jpg,BDPapayaLeaf/Original Images/Anthracnose/Anthracnose(137).jpg,Anthracnose(137).jpg,Anthracnose(137),anthracnose(137),.jpg,172936,False,640,480,0f63696c10d79fd68b3bf78d2eb47a7b6899d3fa,e8a6a23f514a4a5f,
image,Anthracnose,Anthracnose,/content/drive/MyDrive/Papaya_Leaf_Disease_Classification/BDPapayaLeaf/Original Images/Anthracnose/Anthracnose(138).jpg,BDPapayaLeaf/Original Images/Anthracnose/Anthracnose(138).jpg,Anthracnose(138).jpg,Anthracnose(138),anthracnose(138),.jpg,181468,False,640,480,ad9977d6d6325bb51e2ac97a8ba0974d623df88c,c5e5adb4d04ac82f,
image,Anthracnose,Anthracnose,/content/drive/MyDrive/Papaya_Leaf_Disease_Classification/BDPapayaLeaf/Original Images/Anthracnose/Anthracnose(139).jpg,BDPapayaLeaf/Original Images/Anthracnose/Anthracnose(139).jpg,Anthracnose(139).jpg,Anthracnose(139),anthracnose(139),.jpg,191816,False,640,480,9ebf0d422e36f8ff49069c9b971ea57ec52190f4,a5d85236f8e0e0dd,
image,Anthracnose,Anthracnose,/content/drive/MyDrive/Papaya_Leaf_Disease_Classification/BDPapayaLeaf/Original Images/Anthracnose/Anthracnose(14).jpg,BDPapayaLeaf/Original Images/Anthracnose/Anthracnose(14).jpg,Anthracnose(14).jpg,Anthracnose(14),anthracnose(14),.jpg,104714,False,640,480,ff657ef8584a132948f93c7b36ecff8af71f7d46,eeeace0680f3c076,
image,Anthracnose,Anthracnose,/content/drive/MyDrive/Papaya_Leaf_Disease_Classification/BDPapayaLeaf/Original Images/Anthracnose/Anthracnose(140).jpg,BDPapayaLeaf/Original Images/Anthracnose/Anthracnose(140).jpg,Anthracnose(140).jpg,Anthracnose(140),anthracnose(140),.jpg,206191,False,640,480,06beae8ca41d63c655fdf9b8c3c3d0b5c4c35216,b622abbd414b9c5a,
image,Anthracnose,Anthracnose,/content/drive/MyDrive/Papaya_Leaf_Disease_Classification/BDPapayaLeaf/Original Images/Anthracnose/Anthracnose(141).jpg,BDPapayaLeaf/Original Images/Anthracnose/Anthracnose(141).jpg,Anthracnose(141).jpg,Anthracnose(141),anthracnose(141),.jpg,199069,False,640,480,959f2f30ac25ce75ef9532f6e4e301772eac28f6,c7af100b2db6526e,
image,Anthracnose,Anthracnose,/content/drive/MyDrive/Papaya_Leaf_Disease_Classification/BDPapayaLeaf/Original Images/Anthracnose/Anthracnose(142).jpg,BDPapayaLeaf/Original Images/Anthracnose/Anthracnose(142).jpg,Anthracnose(142).jpg,Anthracnose(142),anthracnose(142),.jpg,205377,False,640,480,18c047a9054c2e1d881afa9063c70625575e830c,9394d86d1e0e2dd6,
image,Anthracnose,Anthracnose,/content/drive/MyDrive/Papaya_Leaf_Disease_Classification/BDPapayaLeaf/Original Images/Anthracnose/Anthracnose(143).jpg,BDPapayaLeaf/Original Images/Anthracnose/Anthracnose(143).jpg,Anthracnose(143).jpg,Anthracnose(143),anthracnose(143),.jpg,165847,False,640,480,fa86074661e91a467d61966a4ed6f3f73331b44a,cee5cb4e68c0618f,
image,Anthracnose,Anthracnose,/content/drive/MyDrive/Papaya_Leaf_Disease_Classification/BDPapayaLeaf/Original Images/Anthracnose/Anthracnose(144).jpg,BDPapayaLeaf/Original Images/Anthracnose/Anthracnose(144).jpg,Anthracnose(144).jpg,Anthracnose(144),anthracnose(144),.jpg,188572,False,640,480,e3981bc0edb4c92fc7a4093b351349ddf31e64b9,9aeea6fa6202e16a,
image,Anthracnose,Anthracnose,/content/drive/MyDrive/Papaya_Leaf_Disease_Classification/BDPapayaLeaf/Original Images/Anthracnose/Anthracnose(145).jpg,BDPapayaLeaf/Original Images/Anthracnose/Anthracnose(145).jpg,Anthracnose(145).jpg,Anthracnose(145),anthracnose(145),.jpg,181898,False,640,480,de70ef84c227748c819997c5314d1b23c4930457,bcca0eef3418d5c4,
image,Anthracnose,Anthracnose,/content/drive/MyDrive/Papaya_Leaf_Disease_Classification/BDPapayaLeaf/Original Images/Anthracnose/Anthracnose(146).jpg,BDPapayaLeaf/Original Images/Anthracnose/Anthracnose(146).jpg,Anthracnose(146).jpg,Anthracnose(146),anthracnose(146),.jpg,158721,False,640,480,c3dad4317cc538669ab3f7549e421ea48ad8e478,97edadd450073472,
image,Anthracnose,Anthracnose,/content/drive/MyDrive/Papaya_Leaf_Disease_Classification/BDPapayaLeaf/Original Images/Anthracnose/Anthracnose(147).jpg,BDPapayaLeaf/Original Images/Anthracnose/Anthracnose(147).jpg,Anthracnose(147).jpg,Anthracnose(147),anthracnose(147),.jpg,166169,False,640,480,1f71d0963de80fc727d9b462209dcfc3c090d2e5,f6ada5f629ac0642,
image,Anthracnose,Anthracnose,/content/drive/MyDrive/Papaya_Leaf_Disease_Classification/BDPapayaLeaf/Original Images/Anthracnose/Anthracnose(148).jpg,BDPapayaLeaf/Original Images/Anthracnose/Anthracnose(148).jpg,Anthracnose(148).jpg,Anthracnose(148),anthracnose(148),.jpg,172256,False,640,480,5b0600763235a423e8d50f399d1eba87e8e2d51c,c0ff7ffa091e0211,
image,Anthracnose,Anthracnose,/content/drive/MyDrive/Papaya_Leaf_Disease_Classification/BDPapayaLeaf/Original Images/Anthracnose/Anthracnose(149).jpg,BDPapayaLeaf/Original Images/Anthracnose/Anthracnose(149).jpg,Anthracnose(149).jpg,Anthracnose(149),anthracnose(149),.jpg,179854,False,640,480,c936be0d782dbc30a4d64fdd7434f659832aebfe,d59bfd02165c2b26,
image,Anthracnose,Anthracnose,/content/drive/MyDrive/Papaya_Leaf_Disease_Classification/BDPapayaLeaf/Original Images/Anthracnose/Anthracnose(15).jpg,BDPapayaLeaf/Original Images/Anthracnose/Anthracnose(15).jpg,Anthracnose(15).jpg,Anthracnose(15),anthracnose(15),.jpg,107001,False,640,480,263e51ff20f209dbb7fb53973669e09528231393,e7e00b3f144bbd42,
image,Anthracnose,Anthracnose,/content/drive/MyDrive/Papaya_Leaf_Disease_Classification/BDPapayaLeaf/Original Images/Anthracnose/Anthracnose(150).jpg,BDPapayaLeaf/Original Images/Anthracnose/Anthracnose(150).jpg,Anthracnose(150).jpg,Anthracnose(150),anthracnose(150),.jpg,171156,False,640,480,3afb4ef63388961334a0a125770bf39c4566d25f,97f0c9ccc64602df,
image,Anthracnose,Anthracnose,/content/drive/MyDrive/Papaya_Leaf_Disease_Classification/BDPapayaLeaf/Original Images/Anthracnose/Anthracnose(151).jpg,BDPapayaLeaf/Original Images/Anthracnose/Anthracnose(151).jpg,Anthracnose(151).jpg,Anthracnose(151),anthracnose(151),.jpg,152833,False,640,480,aadbb46e5fef8453762a48d5025852ec1cc04dec,92aab3644dcdd236,
image,Anthracnose,Anthracnose,/content/drive/MyDrive/Papaya_Leaf_Disease_Classification/BDPapayaLeaf/Original Images/Anthracnose/Anthracnose(152).jpg,BDPapayaLeaf/Original Images/Anthracnose/Anthracnose(152).jpg,Anthracnose(152).jpg,Anthracnose(152),anthracnose(152),.jpg,118507,False,640,480,8aade5bd45017e2d1ba2c3f62e051b5374b5b9da,d96623748dce9962,
image,Anthracnose,Anthracnose,/content/drive/MyDrive/Papaya_Leaf_Disease_Classification/BDPapayaLeaf/Original Images/Anthracnose/Anthracnose(153).jpg,BDPapayaLeaf/Original Images/Anthracnose/Anthracnose(153).jpg,Anthracnose(153).jpg,Anthracnose(153),anthracnose(153),.jpg,124269,False,640,480,77d5815a12694cb8ecdfec6d6569652c3b224ff1,9aa56f98a5257692,
image,Anthracnose,Anthracnose,/content/drive/MyDrive/Papaya_Leaf_Disease_Classification/BDPapayaLeaf/Original Images/Anthracnose/Anthracnose(154).jpg,BDPapayaLeaf/Original Images/Anthracnose/Anthracnose(154).jpg,Anthracnose(154).jpg,Anthracnose(154),anthracnose(154),.jpg,140959,False,640,480,ff8b89a22c57f31ea18acf49813920cfe1d0679c,998a168666dd7dc8,
image,Anthracnose,Anthracnose,/content/drive/MyDrive/Papaya_Leaf_Disease_Classification/BDPapayaLeaf/Original Images/Anthracnose/Anthracnose(155).jpg,BDPapayaLeaf/Original Images/Anthracnose/Anthracnose(155).jpg,Anthracnose(155).jpg,Anthracnose(155),anthracnose(155),.jpg,141499,False,640,480,4b82ce71d9043835ef5dbce14065be9e1d08e364,c2ec331033bbc4e7,
image,Anthracnose,Anthracnose,/content/drive/MyDrive/Papaya_Leaf_Disease_Classification/BDPapayaLeaf/Original Images/Anthracnose/Anthracnose(156).jpg,BDPapayaLeaf/Original Images/Anthracnose/Anthracnose(156).jpg,Anthracnose(156).jpg,Anthracnose(156),anthracnose(156),.jpg,139178,False,640,480,a4f83a88a1d94b51ad08ee3265396d846184f683,cb68364b2eeec944,
image,Anthracnose,Anthracnose,/content/drive/MyDrive/Papaya_Leaf_Disease_Classification/BDPapayaLeaf/Original Images/Anthracnose/Anthracnose(157).jpg,BDPapayaLeaf/Original Images/Anthracnose/Anthracnose(157).jpg,Anthracnose(157).jpg,Anthracnose(157),anthracnose(157),.jpg,131171,False,640,480,d3c0ae37a602f1c5ae8a23750a44e5322963f18b,c03f6c131ac6c6dd,
image,Anthracnose,Anthracnose,/content/drive/MyDrive/Papaya_Leaf_Disease_Classification/BDPapayaLeaf/Original Images/Anthracnose/Anthracnose(158).jpg,BDPapayaLeaf/Original Images/Anthracnose/Anthracnose(158).jpg,Anthracnose(158).jpg,Anthracnose(158),anthracnose(158),.jpg,148163,False,640,480,214ba66ca75e2eff4ebc7bb68f5bc4d380af0609,8fcf6442694c6675,
image,Anthracnose,Anthracnose,/content/drive/MyDrive/Papaya_Leaf_Disease_Classification/BDPapayaLeaf/Original Images/Anthracnose/Anthracnose(159).jpg,BDPapayaLeaf/Original Images/Anthracnose/Anthracnose(159).jpg,Anthracnose(159).jpg,Anthracnose(159),anthracnose(159),.jpg,128658,False,640,480,ba1377284293a461065a3878b61235fc4e4643c0,8f886482596da7b7,
image,Anthracnose,Anthracnose,/content/drive/MyDrive/Papaya_Leaf_Disease_Classification/BDPapayaLeaf/Original Images/Anthracnose/Anthracnose(16).jpg,BDPapayaLeaf/Original Images/Anthracnose/Anthracnose(16).jpg,Anthracnose(16).jpg,Anthracnose(16),anthracnose(16),.jpg,121152,False,640,480,d4162eca42938e90cefc80eae64ad5a76d14babd,8a3f96b117c2bd12,
image,Anthracnose,Anthracnose,/content/drive/MyDrive/Papaya_Leaf_Disease_Classification/BDPapayaLeaf/Original Images/Anthracnose/Anthracnose(160).jpg,BDPapayaLeaf/Original Images/Anthracnose/Anthracnose(160).jpg,Anthracnose(160).jpg,Anthracnose(160),anthracnose(160),.jpg,176970,False,640,480,2ad1112f1b3aaa6200676ed7d331e8b9ec2e740e,87cd37881b1caa79,
image,Anthracnose,Anthracnose,/content/drive/MyDrive/Papaya_Leaf_Disease_Classification/BDPapayaLeaf/Original Images/Anthracnose/Anthracnose(161).jpg,BDPapayaLeaf/Original Images/Anthracnose/Anthracnose(161).jpg,Anthracnose(161).jpg,Anthracnose(161),anthracnose(161),.jpg,184537,False,640,480,d1b0e09b330e03cadda9e59cae096158bf48b997,8198d37748ad96d9,
image,Anthracnose,Anthracnose,/content/drive/MyDrive/Papaya_Leaf_Disease_Classification/BDPapayaLeaf/Original Images/Anthracnose/Anthracnose(162).jpg,BDPapayaLeaf/Original Images/Anthracnose/Anthracnose(162).jpg,Anthracnose(162).jpg,Anthracnose(162),anthracnose(162),.jpg,181705,False,640,480,8b70c8e1a268db5a08c1cb517a4ddd4919e27a6a,cbb550da95a8545e,
image,Anthracnose,Anthracnose,/content/drive/MyDrive/Papaya_Leaf_Disease_Classification/BDPapayaLeaf/Original Images/Anthracnose/Anthracnose(163).jpg,BDPapayaLeaf/Original Images/Anthracnose/Anthracnose(163).jpg,Anthracnose(163).jpg,Anthracnose(163),anthracnose(163),.jpg,196905,False,640,480,483377a7aa329cc4542314da37098694e37154e7,cfb165519db64289,
image,Anthracnose,Anthracnose,/content/drive/MyDrive/Papaya_Leaf_Disease_Classification/BDPapayaLeaf/Original Images/Anthracnose/Anthracnose(164).jpg,BDPapayaLeaf/Original Images/Anthracnose/Anthracnose(164).jpg,Anthracnose(164).jpg,Anthracnose(164),anthracnose(164),.jpg,162540,False,640,480,a91319e2c68dbccf019c83cf17e06116b1af533e,8bbbc4d03a3f614c,
image,Anthracnose,Anthracnose,/content/drive/MyDrive/Papaya_Leaf_Disease_Classification/BDPapayaLeaf/Original Images/Anthracnose/Anthracnose(165).jpg,BDPapayaLeaf/Original Images/Anthracnose/Anthracnose(165).jpg,Anthracnose(165).jpg,Anthracnose(165),anthracnose(165),.jpg,160438,False,640,480,5e2ba0ca87955fe2a127cb5fe7a99236b345a054,81b5568af83d25e5,
image,Anthracnose,Anthracnose,/content/drive/MyDrive/Papaya_Leaf_Disease_Classification/BDPapayaLeaf/Original Images/Anthracnose/Anthracnose(166).jpg,BDPapayaLeaf/Original Images/Anthracnose/Anthracnose(166).jpg,Anthracnose(166).jpg,Anthracnose(166),anthracnose(166),.jpg,177904,False,640,480,a9435ad3f895dd5cedfa490a0ba8555971f910b5,b43ae594c18ff8e0,
image,Anthracnose,Anthracnose,/content/drive/MyDrive/Papaya_Leaf_Disease_Classification/BDPapayaLeaf/Original Images/Anthracnose/Anthracnose(167).jpg,BDPapayaLeaf/Original Images/Anthracnose/Anthracnose(167).jpg,Anthracnose(167).jpg,Anthracnose(167),anthracnose(167),.jpg,185457,False,640,480,1aead9c8554c0aa79b05340d78371c17a3aa941f,ab2e78d79a95e0c0,
image,Anthracnose,Anthracnose,/content/drive/MyDrive/Papaya_Leaf_Disease_Classification/BDPapayaLeaf/Original Images/Anthracnose/Anthracnose(168).jpg,BDPapayaLeaf/Original Images/Anthracnose/Anthracnose(168).jpg,Anthracnose(168).jpg,Anthracnose(168),anthracnose(168),.jpg,197283,False,640,480,13d731d86d725e8a5d4f0d976960fcf9127d2666,a9ae41d5de1d2568,
image,Anthracnose,Anthracnose,/content/drive/MyDrive/Papaya_Leaf_Disease_Classification/BDPapayaLeaf/Original Images/Anthracnose/Anthracnose(169).jpg,BDPapayaLeaf/Original Images/Anthracnose/Anthracnose(169).jpg,Anthracnose(169).jpg,Anthracnose(169),anthracnose(169),.jpg,183374,False,640,480,746b69205beb60035d77475973c3c9ee4174ca1e,cccd74221ca8bdf4,
image,Anthracnose,Anthracnose,/content/drive/MyDrive/Papaya_Leaf_Disease_Classification/BDPapayaLeaf/Original Images/Anthracnose/Anthracnose(17).jpg,BDPapayaLeaf/Original Images/Anthracnose/Anthracnose(17).jpg,Anthracnose(17).jpg,Anthracnose(17),anthracnose(17),.jpg,119519,False,640,480,d83a6272d79851e8498f6b6c4b672778e90923ee,cd1c31768a7b4d8c,
image,Anthracnose,Anthracnose,/content/drive/MyDrive/Papaya_Leaf_Disease_Classification/BDPapayaLeaf/Original Images/Anthracnose/Anthracnose(170).jpg,BDPapayaLeaf/Original Images/Anthracnose/Anthracnose(170).jpg,Anthracnose(170).jpg,Anthracnose(170),anthracnose(170),.jpg,171974,False,640,480,de91674c63568efacf208aa520576d83d6c84b92,c7f9d6d3088c5748,
image,Anthracnose,Anthracnose,/content/drive/MyDrive/Papaya_Leaf_Disease_Classification/BDPapayaLeaf/Original Images/Anthracnose/Anthracnose(171).jpg,BDPapayaLeaf/Original Images/Anthracnose/Anthracnose(171).jpg,Anthracnose(171).jpg,Anthracnose(171),anthracnose(171),.jpg,201705,False,640,480,b01db16e38f82e18bcfd4cb049b74d4dac455275,e50e913df9876889,
image,Anthracnose,Anthracnose,/content/drive/MyDrive/Papaya_Leaf_Disease_Classification/BDPapayaLeaf/Original Images/Anthracnose/Anthracnose(172).jpg,BDPapayaLeaf/Original Images/Anthracnose/Anthracnose(172).jpg,Anthracnose(172).jpg,Anthracnose(172),anthracnose(172),.jpg,184011,False,640,480,544d082f2d57fe706986b8ebb9e96c6d66ac1a87,9bf27a2b26f0609c,
image,Anthracnose,Anthracnose,/content/drive/MyDrive/Papaya_Leaf_Disease_Classification/BDPapayaLeaf/Original Images/Anthracnose/Anthracnose(173).jpg,BDPapayaLeaf/Original Images/Anthracnose/Anthracnose(173).jpg,Anthracnose(173).jpg,Anthracnose(173),anthracnose(173),.jpg,171699,False,640,480,8b0463198b6d07c4ee803512cee94994e5417003,9fd972c27901079e,
image,Anthracnose,Anthracnose,/content/drive/MyDrive/Papaya_Leaf_Disease_Classification/BDPapayaLeaf/Original Images/Anthracnose/Anthracnose(174).jpg,BDPapayaLeaf/Original Images/Anthracnose/Anthracnose(174).jpg,Anthracnose(174).jpg,Anthracnose(174),anthracnose(174),.jpg,150354,False,640,480,d37139c50c07ce0d50a21fe59ee37792842fb80c,f98e965189ceea42,
image,Anthracnose,Anthracnose,/content/drive/MyDrive/Papaya_Leaf_Disease_Classification/BDPapayaLeaf/Original Images/Anthracnose/Anthracnose(175).jpg,BDPapayaLeaf/Original Images/Anthracnose/Anthracnose(175).jpg,Anthracnose(175).jpg,Anthracnose(175),anthracnose(175),.jpg,135657,False,640,480,f98fe7426ab80485379470878de4db8d4d6490af,f286193019d7f7b0,
image,Anthracnose,Anthracnose,/content/drive/MyDrive/Papaya_Leaf_Disease_Classification/BDPapayaLeaf/Original Images/Anthracnose/Anthracnose(176).jpg,BDPapayaLeaf/Original Images/Anthracnose/Anthracnose(176).jpg,Anthracnose(176).jpg,Anthracnose(176),anthracnose(176),.jpg,175693,False,640,480,633272342796f18b3903b04a1f5334ee5d283aad,cab72995b73c40e1,
image,Anthracnose,Anthracnose,/content/drive/MyDrive/Papaya_Leaf_Disease_Classification/BDPapayaLeaf/Original Images/Anthracnose/Anthracnose(177).jpg,BDPapayaLeaf/Original Images/Anthracnose/Anthracnose(177).jpg,Anthracnose(177).jpg,Anthracnose(177),anthracnose(177),.jpg,169697,False,640,480,b34d8952f63331587d3d5532bb8ac21ee9a2dc18,dcac56ad30946cb3,
image,Anthracnose,Anthracnose,/content/drive/MyDrive/Papaya_Leaf_Disease_Classification/BDPapayaLeaf/Original Images/Anthracnose/Anthracnose(178).jpg,BDPapayaLeaf/Original Images/Anthracnose/Anthracnose(178).jpg,Anthracnose(178).jpg,Anthracnose(178),anthracnose(178),.jpg,185691,False,640,480,104afbff2cf849a8dcb0fe4ecd577fe51049d455,99efe8ceccc4301a,
image,Anthracnose,Anthracnose,/content/drive/MyDrive/Papaya_Leaf_Disease_Classification/BDPapayaLeaf/Original Images/Anthracnose/Anthracnose(179).jpg,BDPapayaLeaf/Original Images/Anthracnose/Anthracnose(179).jpg,Anthracnose(179).jpg,Anthracnose(179),anthracnose(179),.jpg,152612,False,640,480,63eb84731bdbbcfc5db9a515380271e3ff93ec06,d5a9d16bc31638f0,
image,Anthracnose,Anthracnose,/content/drive/MyDrive/Papaya_Leaf_Disease_Classification/BDPapayaLeaf/Original Images/Anthracnose/Anthracnose(18).jpg,BDPapayaLeaf/Original Images/Anthracnose/Anthracnose(18).jpg,Anthracnose(18).jpg,Anthracnose(18),anthracnose(18),.jpg,113632,False,640,480,7d98d7a2f1275ab1daf301c0a78cb98d7032ba72,9639261dc574fe28,
image,Anthracnose,Anthracnose,/content/drive/MyDrive/Papaya_Leaf_Disease_Classification/BDPapayaLeaf/Original Images/Anthracnose/Anthracnose(180).jpg,BDPapayaLeaf/Original Images/Anthracnose/Anthracnose(180).jpg,Anthracnose(180).jpg,Anthracnose(180),anthracnose(180),.jpg,187342,False,640,480,c30622065294d5b64c8f2258dc1d074ef2d30cbc,c889b5d66af8f091,
image,Anthracnose,Anthracnose,/content/drive/MyDrive/Papaya_Leaf_Disease_Classification/BDPapayaLeaf/Original Images/Anthracnose/Anthracnose(181).jpg,BDPapayaLeaf/Original Images/Anthracnose/Anthracnose(181).jpg,Anthracnose(181).jpg,Anthracnose(181),anthracnose(181),.jpg,167897,False,640,480,f08350e10e323fec8ced8658d713c1fdcd2abdc6,964268ab8d6ff544,
image,Anthracnose,Anthracnose,/content/drive/MyDrive/Papaya_Leaf_Disease_Classification/BDPapayaLeaf/Original Images/Anthracnose/Anthracnose(182).jpg,BDPapayaLeaf/Original Images/Anthracnose/Anthracnose(182).jpg,Anthracnose(182).jpg,Anthracnose(182),anthracnose(182),.jpg,168244,False,640,480,f7c2cb10a07dc33a5c9a3717295a19f9d084f54d,935a8abadaa68726,
image,Anthracnose,Anthracnose,/content/drive/MyDrive/Papaya_Leaf_Disease_Classification/BDPapayaLeaf/Original Images/Anthracnose/Anthracnose(183).jpg,BDPapayaLeaf/Original Images/Anthracnose/Anthracnose(183).jpg,Anthracnose(183).jpg,Anthracnose(183),anthracnose(183),.jpg,197351,False,640,480,42856c73c1d561dc39b8c175711d1861067cf410,8d6d66cb79069097,
image,Anthracnose,Anthracnose,/content/drive/MyDrive/Papaya_Leaf_Disease_Classification/BDPapayaLeaf/Original Images/Anthracnose/Anthracnose(184).jpg,BDPapayaLeaf/Original Images/Anthracnose/Anthracnose(184).jpg,Anthracnose(184).jpg,Anthracnose(184),anthracnose(184),.jpg,145050,False,640,480,556a116c7be6020dbc96bd0e200d265e71899987,9c85b71ec262e535,
image,Anthracnose,Anthracnose,/content/drive/MyDrive/Papaya_Leaf_Disease_Classification/BDPapayaLeaf/Original Images/Anthracnose/Anthracnose(185).jpg,BDPapayaLeaf/Original Images/Anthracnose/Anthracnose(185).jpg,Anthracnose(185).jpg,Anthracnose(185),anthracnose(185),.jpg,176621,False,640,480,1d53ed665beea70a7500ab31284cdc4dfd404ce9,dcc1348797dc7a11,
image,Anthracnose,Anthracnose,/content/drive/MyDrive/Papaya_Leaf_Disease_Classification/BDPapayaLeaf/Original Images/Anthracnose/Anthracnose(186).jpg,BDPapayaLeaf/Original Images/Anthracnose/Anthracnose(186).jpg,Anthracnose(186).jpg,Anthracnose(186),anthracnose(186),.jpg,170413,False,640,480,d3eaae296f961d721d3a7a2c2098de2bc48947e4,dcf2bda1550e9498,
image,Anthracnose,Anthracnose,/content/drive/MyDrive/Papaya_Leaf_Disease_Classification/BDPapayaLeaf/Original Images/Anthracnose/Anthracnose(187).jpg,BDPapayaLeaf/Original Images/Anthracnose/Anthracnose(187).jpg,Anthracnose(187).jpg,Anthracnose(187),anthracnose(187),.jpg,201543,False,640,480,1f4ceb545074e5d6907c8a29372bc940831027dd,dab29608a7fc3187,
image,Anthracnose,Anthracnose,/content/drive/MyDrive/Papaya_Leaf_Disease_Classification/BDPapayaLeaf/Original Images/Anthracnose/Anthracnose(188).jpg,BDPapayaLeaf/Original Images/Anthracnose/Anthracnose(188).jpg,Anthracnose(188).jpg,Anthracnose(188),anthracnose(188),.jpg,191129,False,640,480,c6366a71952c6534985547896219c8f5a828753e,dd962a8c20f1efc1,
image,Anthracnose,Anthracnose,/content/drive/MyDrive/Papaya_Leaf_Disease_Classification/BDPapayaLeaf/Original Images/Anthracnose/Anthracnose(189).jpg,BDPapayaLeaf/Original Images/Anthracnose/Anthracnose(189).jpg,Anthracnose(189).jpg,Anthracnose(189),anthracnose(189),.jpg,191837,False,640,480,365ffb8192d5a96c7e7bdc0b1862b5a712285490,dbb6c041b173e253,
image,Anthracnose,Anthracnose,/content/drive/MyDrive/Papaya_Leaf_Disease_Classification/BDPapayaLeaf/Original Images/Anthracnose/Anthracnose(19).jpg,BDPapayaLeaf/Original Images/Anthracnose/Anthracnose(19).jpg,Anthracnose(19).jpg,Anthracnose(19),anthracnose(19),.jpg,91892,False,640,480,9890c2c6f5e80e41524a3ff17b5638768affa376,a57f87bac9938209,
image,Anthracnose,Anthracnose,/content/drive/MyDrive/Papaya_Leaf_Disease_Classification/BDPapayaLeaf/Original Images/Anthracnose/Anthracnose(190).jpg,BDPapayaLeaf/Original Images/Anthracnose/Anthracnose(190).jpg,Anthracnose(190).jpg,Anthracnose(190),anthracnose(190),.jpg,196434,False,640,480,87ca0f05a7100a9cecaee5d7edd22e78a6d09a3d,96a5e107ce83dbc2,
image,Anthracnose,Anthracnose,/content/drive/MyDrive/Papaya_Leaf_Disease_Classification/BDPapayaLeaf/Original Images/Anthracnose/Anthracnose(191).jpg,BDPapayaLeaf/Original Images/Anthracnose/Anthracnose(191).jpg,Anthracnose(191).jpg,Anthracnose(191),anthracnose(191),.jpg,189698,False,640,480,90e8bca21889d93a7c35887aea623b21474d16c8,c99a733629e2478b,
image,Anthracnose,Anthracnose,/content/drive/MyDrive/Papaya_Leaf_Disease_Classification/BDPapayaLeaf/Original Images/Anthracnose/Anthracnose(192).jpg,BDPapayaLeaf/Original Images/Anthracnose/Anthracnose(192).jpg,Anthracnose(192).jpg,Anthracnose(192),anthracnose(192),.jpg,169473,False,640,480,dfac8aad30cbf45c09d5ba217f3a0d5a8a501f7c,c9b37824b73293d2,
image,Anthracnose,Anthracnose,/content/drive/MyDrive/Papaya_Leaf_Disease_Classification/BDPapayaLeaf/Original Images/Anthracnose/Anthracnose(193).jpg,BDPapayaLeaf/Original Images/Anthracnose/Anthracnose(193).jpg,Anthracnose(193).jpg,Anthracnose(193),anthracnose(193),.jpg,160528,False,640,480,4ac0085ba7f08160d268cfdab911b830917296b8,cde2301cfef94c03,
image,Anthracnose,Anthracnose,/content/drive/MyDrive/Papaya_Leaf_Disease_Classification/BDPapayaLeaf/Original Images/Anthracnose/Anthracnose(194).jpg,BDPapayaLeaf/Original Images/Anthracnose/Anthracnose(194).jpg,Anthracnose(194).jpg,Anthracnose(194),anthracnose(194),.jpg,174911,False,640,480,f7dca222d1956227c89e849b235f10bb5d5da77c,cde2a187b3a58197,
image,Anthracnose,Anthracnose,/content/drive/MyDrive/Papaya_Leaf_Disease_Classification/BDPapayaLeaf/Original Images/Anthracnose/Anthracnose(195).jpg,BDPapayaLeaf/Original Images/Anthracnose/Anthracnose(195).jpg,Anthracnose(195).jpg,Anthracnose(195),anthracnose(195),.jpg,144260,False,640,480,f24ffcd1e8223d0867c8934cb88ac966269c98b4,c9f0bc8f019ce72a,
image,Anthracnose,Anthracnose,/content/drive/MyDrive/Papaya_Leaf_Disease_Classification/BDPapayaLeaf/Original Images/Anthracnose/Anthracnose(196).jpg,BDPapayaLeaf/Original Images/Anthracnose/Anthracnose(196).jpg,Anthracnose(196).jpg,Anthracnose(196),anthracnose(196),.jpg,157235,False,640,480,1a7f148d44edb2777db54aa4c70940f5a633dc6a,c0f89d809ba5fe89,
image,Anthracnose,Anthracnose,/content/drive/MyDrive/Papaya_Leaf_Disease_Classification/BDPapayaLeaf/Original Images/Anthracnose/Anthracnose(197).jpg,BDPapayaLeaf/Original Images/Anthracnose/Anthracnose(197).jpg,Anthracnose(197).jpg,Anthracnose(197),anthracnose(197),.jpg,188560,False,640,480,bfc722319eeb26e3dcfef886bbf0f2e46dec92bd,e6b1f429a94c5696,
image,Anthracnose,Anthracnose,/content/drive/MyDrive/Papaya_Leaf_Disease_Classification/BDPapayaLeaf/Original Images/Anthracnose/Anthracnose(198).jpg,BDPapayaLeaf/Original Images/Anthracnose/Anthracnose(198).jpg,Anthracnose(198).jpg,Anthracnose(198),anthracnose(198),.jpg,127004,False,640,480,d06ec5488be4a638f8f6b215d986280eb3257556,f5811aa40efcd578,
image,Anthracnose,Anthracnose,/content/drive/MyDrive/Papaya_Leaf_Disease_Classification/BDPapayaLeaf/Original Images/Anthracnose/Anthracnose(199).jpg,BDPapayaLeaf/Original Images/Anthracnose/Anthracnose(199).jpg,Anthracnose(199).jpg,Anthracnose(199),anthracnose(199),.jpg,123320,False,640,480,718bd9e62a66e0184d71562fc78ce156368b1671,d59f2ac01d619af1,
image,Anthracnose,Anthracnose,/content/drive/MyDrive/Papaya_Leaf_Disease_Classification/BDPapayaLeaf/Original Images/Anthracnose/Anthracnose(2).jpg,BDPapayaLeaf/Original Images/Anthracnose/Anthracnose(2).jpg,Anthracnose(2).jpg,Anthracnose(2),anthracnose(2),.jpg,102394,False,640,480,7e23c3001bf31eca5972af0cb6ae322a25645f2a,e35070d48bbe096f,
image,Anthracnose,Anthracnose,/content/drive/MyDrive/Papaya_Leaf_Disease_Classification/BDPapayaLeaf/Original Images/Anthracnose/Anthracnose(20).jpg,BDPapayaLeaf/Original Images/Anthracnose/Anthracnose(20).jpg,Anthracnose(20).jpg,Anthracnose(20),anthracnose(20),.jpg,90165,False,640,480,edf2b0037877b69cb8399f89c91bc1120623ee80,e9e2a719474da946,
image,Anthracnose,Anthracnose,/content/drive/MyDrive/Papaya_Leaf_Disease_Classification/BDPapayaLeaf/Original Images/Anthracnose/Anthracnose(200).jpg,BDPapayaLeaf/Original Images/Anthracnose/Anthracnose(200).jpg,Anthracnose(200).jpg,Anthracnose(200),anthracnose(200),.jpg,132332,False,640,480,98e923b0470c50bddc64eb3f80dce49614cb313c,fae31cf007e205bc,
image,Anthracnose,Anthracnose,/content/drive/MyDrive/Papaya_Leaf_Disease_Classification/BDPapayaLeaf/Original Images/Anthracnose/Anthracnose(201).jpg,BDPapayaLeaf/Original Images/Anthracnose/Anthracnose(201).jpg,Anthracnose(201).jpg,Anthracnose(201),anthracnose(201),.jpg,138613,False,640,480,b958a5af446c6241b33ff4b566a8260cf0bf4d73,edd21ef09696e828,
image,Anthracnose,Anthracnose,/content/drive/MyDrive/Papaya_Leaf_Disease_Classification/BDPapayaLeaf/Original Images/Anthracnose/Anthracnose(202).jpg,BDPapayaLeaf/Original Images/Anthracnose/Anthracnose(202).jpg,Anthracnose(202).jpg,Anthracnose(202),anthracnose(202),.jpg,134344,False,640,480,4b41be2bdbe3d2cf72cb6dcb01813146629606d7,effc80a003c69b9b,
image,Anthracnose,Anthracnose,/content/drive/MyDrive/Papaya_Leaf_Disease_Classification/BDPapayaLeaf/Original Images/Anthracnose/Anthracnose(203).jpg,BDPapayaLeaf/Original Images/Anthracnose/Anthracnose(203).jpg,Anthracnose(203).jpg,Anthracnose(203),anthracnose(203),.jpg,126817,False,640,480,9536762ef403117a587814b2e8d93bcfcef6c36c,fc91071f405b3b33,
image,Anthracnose,Anthracnose,/content/drive/MyDrive/Papaya_Leaf_Disease_Classification/BDPapayaLeaf/Original Images/Anthracnose/Anthracnose(204).jpg,BDPapayaLeaf/Original Images/Anthracnose/Anthracnose(204).jpg,Anthracnose(204).jpg,Anthracnose(204),anthracnose(204),.jpg,129727,False,640,480,8aaac3e2c43a391167b2d2920968945ecd9ed78f,ecd105ef1cd85a62,
image,Anthracnose,Anthracnose,/content/drive/MyDrive/Papaya_Leaf_Disease_Classification/BDPapayaLeaf/Original Images/Anthracnose/Anthracnose(205).jpg,BDPapayaLeaf/Original Images/Anthracnose/Anthracnose(205).jpg,Anthracnose(205).jpg,Anthracnose(205),anthracnose(205),.jpg,151344,False,640,480,bfa2044f6a02931ab033c64ef0aa735993474249,bcfa15ff0a066113,
image,Anthracnose,Anthracnose,/content/drive/MyDrive/Papaya_Leaf_Disease_Classification/BDPapayaLeaf/Original Images/Anthracnose/Anthracnose(206).jpg,BDPapayaLeaf/Original Images/Anthracnose/Anthracnose(206).jpg,Anthracnose(206).jpg,Anthracnose(206),anthracnose(206),.jpg,142497,False,640,480,b6888255d9500d5e65275f2729eeb43d121f92be,a3e5071480e2ff9d,
image,Anthracnose,Anthracnose,/content/drive/MyDrive/Papaya_Leaf_Disease_Classification/BDPapayaLeaf/Original Images/Anthracnose/Anthracnose(207).jpg,BDPapayaLeaf/Original Images/Anthracnose/Anthracnose(207).jpg,Anthracnose(207).jpg,Anthracnose(207),anthracnose(207),.jpg,139979,False,640,480,55adbf44f04468dd35ebd8a2cb6bc4a7291a1efb,e3e61cc21efda304,
image,Anthracnose,Anthracnose,/content/drive/MyDrive/Papaya_Leaf_Disease_Classification/BDPapayaLeaf/Original Images/Anthracnose/Anthracnose(208).jpg,BDPapayaLeaf/Original Images/Anthracnose/Anthracnose(208).jpg,Anthracnose(208).jpg,Anthracnose(208),anthracnose(208),.jpg,133732,False,640,480,7020af589eb4e94009a6c72f11a525b8be65110d,b539dde8a1aee014,
image,Anthracnose,Anthracnose,/content/drive/MyDrive/Papaya_Leaf_Disease_Classification/BDPapayaLeaf/Original Images/Anthracnose/Anthracnose(209).jpg,BDPapayaLeaf/Original Images/Anthracnose/Anthracnose(209).jpg,Anthracnose(209).jpg,Anthracnose(209),anthracnose(209),.jpg,130642,False,640,480,aeb363a60f0a9ef9fced3e9dd01ed9223e0cf23b,b31dfbe8a0861b54,
image,Anthracnose,Anthracnose,/content/drive/MyDrive/Papaya_Leaf_Disease_Classification/BDPapayaLeaf/Original Images/Anthracnose/Anthracnose(21).jpg,BDPapayaLeaf/Original Images/Anthracnose/Anthracnose(21).jpg,Anthracnose(21).jpg,Anthracnose(21),anthracnose(21),.jpg,92076,False,640,480,ae7b9c9d533f6951eff35f7d502c1ce51e7788b1,9bb9c868e4e129e5,
image,Anthracnose,Anthracnose,/content/drive/MyDrive/Papaya_Leaf_Disease_Classification/BDPapayaLeaf/Original Images/Anthracnose/Anthracnose(210).jpg,BDPapayaLeaf/Original Images/Anthracnose/Anthracnose(210).jpg,Anthracnose(210).jpg,Anthracnose(210),anthracnose(210),.jpg,131240,False,640,480,e65c4534e0534cbc66c25ec06784adc9e8dd149c,aa834c9d985cbada,
image,Anthracnose,Anthracnose,/content/drive/MyDrive/Papaya_Leaf_Disease_Classification/BDPapayaLeaf/Original Images/Anthracnose/Anthracnose(211).jpg,BDPapayaLeaf/Original Images/Anthracnose/Anthracnose(211).jpg,Anthracnose(211).jpg,Anthracnose(211),anthracnose(211),.jpg,124691,False,640,480,909f1b2d44e9ed0c1c552ff80531dd44a78eb495,aa8b975c598b712c,
image,Anthracnose,Anthracnose,/content/drive/MyDrive/Papaya_Leaf_Disease_Classification/BDPapayaLeaf/Original Images/Anthracnose/Anthracnose(212).jpg,BDPapayaLeaf/Original Images/Anthracnose/Anthracnose(212).jpg,Anthracnose(212).jpg,Anthracnose(212),anthracnose(212),.jpg,126380,False,640,480,487b052d0ed4b94e51ec6abdf43f9af5cf032447,a482a54bd6cbb669,
image,Anthracnose,Anthracnose,/content/drive/MyDrive/Papaya_Leaf_Disease_Classification/BDPapayaLeaf/Original Images/Anthracnose/Anthracnose(213).jpg,BDPapayaLeaf/Original Images/Anthracnose/Anthracnose(213).jpg,Anthracnose(213).jpg,Anthracnose(213),anthracnose(213),.jpg,133726,False,640,480,8e4d82b1886930633ff5b5d108536eef323fb45d,92e4bfe130027e5b,
image,Anthracnose,Anthracnose,/content/drive/MyDrive/Papaya_Leaf_Disease_Classification/BDPapayaLeaf/Original Images/Anthracnose/Anthracnose(214).jpg,BDPapayaLeaf/Original Images/Anthracnose/Anthracnose(214).jpg,Anthracnose(214).jpg,Anthracnose(214),anthracnose(214),.jpg,115379,False,640,480,32db12229e26efa3e8ed1beffca422b6bf6879ac,d2e3b455d6984399,
image,Anthracnose,Anthracnose,/content/drive/MyDrive/Papaya_Leaf_Disease_Classification/BDPapayaLeaf/Original Images/Anthracnose/Anthracnose(215).jpg,BDPapayaLeaf/Original Images/Anthracnose/Anthracnose(215).jpg,Anthracnose(215).jpg,Anthracnose(215),anthracnose(215),.jpg,129988,False,640,480,8478d4e5e9981971b39a4678c55e92c4ecb7b615,d6e5a4b89a4acb89,
image,Anthracnose,Anthracnose,/content/drive/MyDrive/Papaya_Leaf_Disease_Classification/BDPapayaLeaf/Original Images/Anthracnose/Anthracnose(216).jpg,BDPapayaLeaf/Original Images/Anthracnose/Anthracnose(216).jpg,Anthracnose(216).jpg,Anthracnose(216),anthracnose(216),.jpg,142887,False,640,480,735ae930e375d3e03327c8aff37452641cf8415a,9be4b4813f4c742e,
image,Anthracnose,Anthracnose,/content/drive/MyDrive/Papaya_Leaf_Disease_Classification/BDPapayaLeaf/Original Images/Anthracnose/Anthracnose(217).jpg,BDPapayaLeaf/Original Images/Anthracnose/Anthracnose(217).jpg,Anthracnose(217).jpg,Anthracnose(217),anthracnose(217),.jpg,115377,False,640,480,2fb21bcb8abc9b3b60f008f5c37ec6db0a31bfc7,96af6d500dc8dc1d,
image,Anthracnose,Anthracnose,/content/drive/MyDrive/Papaya_Leaf_Disease_Classification/BDPapayaLeaf/Original Images/Anthracnose/Anthracnose(218).jpg,BDPapayaLeaf/Original Images/Anthracnose/Anthracnose(218).jpg,Anthracnose(218).jpg,Anthracnose(218),anthracnose(218),.jpg,126435,False,640,480,bfd510cc0275dbbbde397d00c388316b459e39c5,96ab529cf8ad0dd0,
image,Anthracnose,Anthracnose,/content/drive/MyDrive/Papaya_Leaf_Disease_Classification/BDPapayaLeaf/Original Images/Anthracnose/Anthracnose(219).jpg,BDPapayaLeaf/Original Images/Anthracnose/Anthracnose(219).jpg,Anthracnose(219).jpg,Anthracnose(219),anthracnose(219),.jpg,128708,False,640,480,c1d16fc0e6d437b9b0f54f62438e398a341a9518,b8c7953cc9323d8c,
image,Anthracnose,Anthracnose,/content/drive/MyDrive/Papaya_Leaf_Disease_Classification/BDPapayaLeaf/Original Images/Anthracnose/Anthracnose(22).jpg,BDPapayaLeaf/Original Images/Anthracnose/Anthracnose(22).jpg,Anthracnose(22).jpg,Anthracnose(22),anthracnose(22),.jpg,109248,False,640,480,0583ea893dc88d8c5198a0673ae4bbe412f6ae1e,a597da98505bab58,
image,Anthracnose,Anthracnose,/content/drive/MyDrive/Papaya_Leaf_Disease_Classification/BDPapayaLeaf/Original Images/Anthracnose/Anthracnose(220).jpg,BDPapayaLeaf/Original Images/Anthracnose/Anthracnose(220).jpg,Anthracnose(220).jpg,Anthracnose(220),anthracnose(220),.jpg,146183,False,640,480,0a8c6ab2592e3c9d0b93732e867f1ba298e3dd2f,b8c3e21c0b0d5e7e,
image,Anthracnose,Anthracnose,/content/drive/MyDrive/Papaya_Leaf_Disease_Classification/BDPapayaLeaf/Original Images/Anthracnose/Anthracnose(221).jpg,BDPapayaLeaf/Original Images/Anthracnose/Anthracnose(221).jpg,Anthracnose(221).jpg,Anthracnose(221),anthracnose(221),.jpg,133936,False,640,480,04b2e5e6f39f2d2a1a8e6df2a04fdcc928b7c74f,b1c21c9efa31033f,
image,Anthracnose,Anthracnose,/content/drive/MyDrive/Papaya_Leaf_Disease_Classification/BDPapayaLeaf/Original Images/Anthracnose/Anthracnose(222).jpg,BDPapayaLeaf/Original Images/Anthracnose/Anthracnose(222).jpg,Anthracnose(222).jpg,Anthracnose(222),anthracnose(222),.jpg,159353,False,640,480,910376a7721ed91edd26bd02257098556de17236,acd1f00a0f9bc1be,
image,Anthracnose,Anthracnose,/content/drive/MyDrive/Papaya_Leaf_Disease_Classification/BDPapayaLeaf/Original Images/Anthracnose/Anthracnose(223).jpg,BDPapayaLeaf/Original Images/Anthracnose/Anthracnose(223).jpg,Anthracnose(223).jpg,Anthracnose(223),anthracnose(223),.jpg,143645,False,640,480,a9f8b3b586a5bf5a61ae09f18673f3c924ea4f23,dca59f4755161a58,
image,Anthracnose,Anthracnose,/content/drive/MyDrive/Papaya_Leaf_Disease_Classification/BDPapayaLeaf/Original Images/Anthracnose/Anthracnose(224).jpg,BDPapayaLeaf/Original Images/Anthracnose/Anthracnose(224).jpg,Anthracnose(224).jpg,Anthracnose(224),anthracnose(224),.jpg,152724,False,640,480,cb284637fb7f1a4589baeb43e6fd530ad5cb5059,c7ced0dbd8416d24,
image,Anthracnose,Anthracnose,/content/drive/MyDrive/Papaya_Leaf_Disease_Classification/BDPapayaLeaf/Original Images/Anthracnose/Anthracnose(225).jpg,BDPapayaLeaf/Original Images/Anthracnose/Anthracnose(225).jpg,Anthracnose(225).jpg,Anthracnose(225),anthracnose(225),.jpg,169724,False,640,480,917025e8890355d30dcd8c9925684a446a60edae,cecc93da4d6fa090,
image,Anthracnose,Anthracnose,/content/drive/MyDrive/Papaya_Leaf_Disease_Classification/BDPapayaLeaf/Original Images/Anthracnose/Anthracnose(226).jpg,BDPapayaLeaf/Original Images/Anthracnose/Anthracnose(226).jpg,Anthracnose(226).jpg,Anthracnose(226),anthracnose(226),.jpg,151775,False,640,480,def8e5d0addbd1ba199a0eeaaec8a8bf78f52b7b,d4c54844b1edfd19,
image,Anthracnose,Anthracnose,/content/drive/MyDrive/Papaya_Leaf_Disease_Classification/BDPapayaLeaf/Original Images/Anthracnose/Anthracnose(227).jpg,BDPapayaLeaf/Original Images/Anthracnose/Anthracnose(227).jpg,Anthracnose(227).jpg,Anthracnose(227),anthracnose(227),.jpg,133850,False,640,480,160e42864e5cd916918390d7216fade693eb632a,f8fa68110b4fc1d3,
image,Anthracnose,Anthracnose,/content/drive/MyDrive/Papaya_Leaf_Disease_Classification/BDPapayaLeaf/Original Images/Anthracnose/Anthracnose(228).jpg,BDPapayaLeaf/Original Images/Anthracnose/Anthracnose(228).jpg,Anthracnose(228).jpg,Anthracnose(228),anthracnose(228),.jpg,157453,False,640,480,7e2868441c0c908f8684b14eccc9106529079697,d5ada0c51953db16,
image,Anthracnose,Anthracnose,/content/drive/MyDrive/Papaya_Leaf_Disease_Classification/BDPapayaLeaf/Original Images/Anthracnose/Anthracnose(229).jpg,BDPapayaLeaf/Original Images/Anthracnose/Anthracnose(229).jpg,Anthracnose(229).jpg,Anthracnose(229),anthracnose(229),.jpg,140036,False,640,480,5765d69499ff72026f7b17d1c6c8889a1fe87c7d,e98bca92bca1b193,
image,Anthracnose,Anthracnose,/content/drive/MyDrive/Papaya_Leaf_Disease_Classification/BDPapayaLeaf/Original Images/Anthracnose/Anthracnose(23).jpg,BDPapayaLeaf/Original Images/Anthracnose/Anthracnose(23).jpg,Anthracnose(23).jpg,Anthracnose(23),anthracnose(23),.jpg,109888,False,640,480,7af5967e9063245cdb0989200781562d8c7e528b,b28e99f1ae1865f0,
image,Anthracnose,Anthracnose,/content/drive/MyDrive/Papaya_Leaf_Disease_Classification/BDPapayaLeaf/Original Images/Anthracnose/Anthracnose(230).jpg,BDPapayaLeaf/Original Images/Anthracnose/Anthracnose(230).jpg,Anthracnose(230).jpg,Anthracnose(230),anthracnose(230),.jpg,146972,False,640,480,53cf5c1b1667670dc6635ecca0433f80be2e0d78,c28d35e2af412fb4,
image,Anthracnose,Anthracnose,/content/drive/MyDrive/Papaya_Leaf_Disease_Classification/BDPapayaLeaf/Original Images/Anthracnose/Anthracnose(231).jpg,BDPapayaLeaf/Original Images/Anthracnose/Anthracnose(231).jpg,Anthracnose(231).jpg,Anthracnose(231),anthracnose(231),.jpg,180160,False,640,480,6840db078bed67b9c282047ae2eb4ac4fefc7d4d,c2bda5a6e8041dfc,
image,Anthracnose,Anthracnose,/content/drive/MyDrive/Papaya_Leaf_Disease_Classification/BDPapayaLeaf/Original Images/Anthracnose/Anthracnose(232).jpg,BDPapayaLeaf/Original Images/Anthracnose/Anthracnose(232).jpg,Anthracnose(232).jpg,Anthracnose(232),anthracnose(232),.jpg,200045,False,640,480,1d41ccc413c6c4883025a555cf561a29a13a8eef,b699916b4829f3ca,
image,Anthracnose,Anthracnose,/content/drive/MyDrive/Papaya_Leaf_Disease_Classification/BDPapayaLeaf/Original Images/Anthracnose/Anthracnose(233).jpg,BDPapayaLeaf/Original Images/Anthracnose/Anthracnose(233).jpg,Anthracnose(233).jpg,Anthracnose(233),anthracnose(233),.jpg,159544,False,640,480,cc5a02cb12a3803e634fd4786f3b4a8ed38a3680,ecbf65c7d3a22050,
image,Anthracnose,Anthracnose,/content/drive/MyDrive/Papaya_Leaf_Disease_Classification/BDPapayaLeaf/Original Images/Anthracnose/Anthracnose(234).jpg,BDPapayaLeaf/Original Images/Anthracnose/Anthracnose(234).jpg,Anthracnose(234).jpg,Anthracnose(234),anthracnose(234),.jpg,180698,False,640,480,a6743389d4fab67589b41047524cda420f5a70d5,c5b668a46fa8ab4a,
image,Anthracnose,Anthracnose,/content/drive/MyDrive/Papaya_Leaf_Disease_Classification/BDPapayaLeaf/Original Images/Anthracnose/Anthracnose(235).jpg,BDPapayaLeaf/Original Images/Anthracnose/Anthracnose(235).jpg,Anthracnose(235).jpg,Anthracnose(235),anthracnose(235),.jpg,182984,False,640,480,6fe43cfa40ec1777501cf1f306dfe13972451959,aba65a168b1b6ac3,
image,Anthracnose,Anthracnose,/content/drive/MyDrive/Papaya_Leaf_Disease_Classification/BDPapayaLeaf/Original Images/Anthracnose/Anthracnose(236).jpg,BDPapayaLeaf/Original Images/Anthracnose/Anthracnose(236).jpg,Anthracnose(236).jpg,Anthracnose(236),anthracnose(236),.jpg,186656,False,640,480,edd5faa7924f28caaf87b30498097c0f143e24b3,abb7a696440b4a7a,
image,Anthracnose,Anthracnose,/content/drive/MyDrive/Papaya_Leaf_Disease_Classification/BDPapayaLeaf/Original Images/Anthracnose/Anthracnose(237).jpg,BDPapayaLeaf/Original Images/Anthracnose/Anthracnose(237).jpg,Anthracnose(237).jpg,Anthracnose(237),anthracnose(237),.jpg,185741,False,640,480,f47004f343ef29ba6eca1023d41a04a017588f72,aca5413ca9167e8f,
image,Anthracnose,Anthracnose,/content/drive/MyDrive/Papaya_Leaf_Disease_Classification/BDPapayaLeaf/Original Images/Anthracnose/Anthracnose(238).jpg,BDPapayaLeaf/Original Images/Anthracnose/Anthracnose(238).jpg,Anthracnose(238).jpg,Anthracnose(238),anthracnose(238),.jpg,178958,False,640,480,54cb737a04ea31f7823c77a68830d60c4daeb992,f8d41249b776072e,
image,Anthracnose,Anthracnose,/content/drive/MyDrive/Papaya_Leaf_Disease_Classification/BDPapayaLeaf/Original Images/Anthracnose/Anthracnose(239).jpg,BDPapayaLeaf/Original Images/Anthracnose/Anthracnose(239).jpg,Anthracnose(239).jpg,Anthracnose(239),anthracnose(239),.jpg,179457,False,640,480,1d7dfcc1febd27ac0c652ac697bde6aa8c0f82ba,a7f64935841383bd,
image,Anthracnose,Anthracnose,/content/drive/MyDrive/Papaya_Leaf_Disease_Classification/BDPapayaLeaf/Original Images/Anthracnose/Anthracnose(24).jpg,BDPapayaLeaf/Original Images/Anthracnose/Anthracnose(24).jpg,Anthracnose(24).jpg,Anthracnose(24),anthracnose(24),.jpg,111984,False,640,480,c0285a07aa19b3168c580cdf5dfea69bed118a27,9be4e966906d0a8f,
image,Anthracnose,Anthracnose,/content/drive/MyDrive/Papaya_Leaf_Disease_Classification/BDPapayaLeaf/Original Images/Anthracnose/Anthracnose(240).jpg,BDPapayaLeaf/Original Images/Anthracnose/Anthracnose(240).jpg,Anthracnose(240).jpg,Anthracnose(240),anthracnose(240),.jpg,141184,False,640,480,9af902ba6bfa4c8a888be5f37bca805016d884b1,999cb4f2bef8c021,
image,Anthracnose,Anthracnose,/content/drive/MyDrive/Papaya_Leaf_Disease_Classification/BDPapayaLeaf/Original Images/Anthracnose/Anthracnose(241).jpg,BDPapayaLeaf/Original Images/Anthracnose/Anthracnose(241).jpg,Anthracnose(241).jpg,Anthracnose(241),anthracnose(241),.jpg,112721,False,640,480,0c99d1ec90c5783ad7126e02f67fde1f42f44f57,f8dc9829db5a1159,
image,Anthracnose,Anthracnose,/content/drive/MyDrive/Papaya_Leaf_Disease_Classification/BDPapayaLeaf/Original Images/Anthracnose/Anthracnose(242).jpg,BDPapayaLeaf/Original Images/Anthracnose/Anthracnose(242).jpg,Anthracnose(242).jpg,Anthracnose(242),anthracnose(242),.jpg,131567,False,640,480,f09c9fd5cd0bb828b5684e09daa9b9caa515aab7,fc98870ac0a5dbc7,
image,Anthracnose,Anthracnose,/content/drive/MyDrive/Papaya_Leaf_Disease_Classification/BDPapayaLeaf/Original Images/Anthracnose/Anthracnose(243).jpg,BDPapayaLeaf/Original Images/Anthracnose/Anthracnose(243).jpg,Anthracnose(243).jpg,Anthracnose(243),anthracnose(243),.jpg,135987,False,640,480,f419cc40eec82c953df76e5c79fe8e235fbe4e73,dee1d2a5d80b856a,
image,Anthracnose,Anthracnose,/content/drive/MyDrive/Papaya_Leaf_Disease_Classification/BDPapayaLeaf/Original Images/Anthracnose/Anthracnose(244).jpg,BDPapayaLeaf/Original Images/Anthracnose/Anthracnose(244).jpg,Anthracnose(244).jpg,Anthracnose(244),anthracnose(244),.jpg,142334,False,640,480,c829f9111309e8fd485fd71eba9f8923404d4f4b,fae0f5f6b21a4c04,
image,Anthracnose,Anthracnose,/content/drive/MyDrive/Papaya_Leaf_Disease_Classification/BDPapayaLeaf/Original Images/Anthracnose/Anthracnose(245).jpg,BDPapayaLeaf/Original Images/Anthracnose/Anthracnose(245).jpg,Anthracnose(245).jpg,Anthracnose(245),anthracnose(245),.jpg,148857,False,640,480,d7561e02e11213daf28bed3772433b6617d9ec98,e3a1a3977bc1c078,
image,Anthracnose,Anthracnose,/content/drive/MyDrive/Papaya_Leaf_Disease_Classification/BDPapayaLeaf/Original Images/Anthracnose/Anthracnose(246).jpg,BDPapayaLeaf/Original Images/Anthracnose/Anthracnose(246).jpg,Anthracnose(246).jpg,Anthracnose(246),anthracnose(246),.jpg,156973,False,640,480,54cb4ef6f8c5010ec8f07f17e8cde5e8f3c420cf,eb7894c55998ab4a,
image,Anthracnose,Anthracnose,/content/drive/MyDrive/Papaya_Leaf_Disease_Classification/BDPapayaLeaf/Original Images/Anthracnose/Anthracnose(247).jpg,BDPapayaLeaf/Original Images/Anthracnose/Anthracnose(247).jpg,Anthracnose(247).jpg,Anthracnose(247),anthracnose(247),.jpg,136211,False,640,480,f10f463c7f3f6d1b788354064c180762efb3e3a6,f2e96a42fcd8c04b,
image,Anthracnose,Anthracnose,/content/drive/MyDrive/Papaya_Leaf_Disease_Classification/BDPapayaLeaf/Original Images/Anthracnose/Anthracnose(248).jpg,BDPapayaLeaf/Original Images/Anthracnose/Anthracnose(248).jpg,Anthracnose(248).jpg,Anthracnose(248),anthracnose(248),.jpg,155446,False,640,480,59a8ae8ff6ba8f7eca9f4517f5e0665d2bed4d71,bb4217e6db13aa0a,
image,Anthracnose,Anthracnose,/content/drive/MyDrive/Papaya_Leaf_Disease_Classification/BDPapayaLeaf/Original Images/Anthracnose/Anthracnose(249).jpg,BDPapayaLeaf/Original Images/Anthracnose/Anthracnose(249).jpg,Anthracnose(249).jpg,Anthracnose(249),anthracnose(249),.jpg,162243,False,640,480,7477ad920920548268409899858d41127aa046d0,92e1e5c275e4c23b,
image,Anthracnose,Anthracnose,/content/drive/MyDrive/Papaya_Leaf_Disease_Classification/BDPapayaLeaf/Original Images/Anthracnose/Anthracnose(25).jpg,BDPapayaLeaf/Original Images/Anthracnose/Anthracnose(25).jpg,Anthracnose(25).jpg,Anthracnose(25),anthracnose(25),.jpg,110030,False,640,480,c49bd4bdb3df97e733cbd46cc0f4bf75c44fcf00,8caccaf36702a65e,
image,Anthracnose,Anthracnose,/content/drive/MyDrive/Papaya_Leaf_Disease_Classification/BDPapayaLeaf/Original Images/Anthracnose/Anthracnose(250).jpg,BDPapayaLeaf/Original Images/Anthracnose/Anthracnose(250).jpg,Anthracnose(250).jpg,Anthracnose(250),anthracnose(250),.jpg,199292,False,640,480,713cb4073b1311398d21cb0831484b25d3fb0ddf,f0c7ca8c96d79c18,
image,Anthracnose,Anthracnose,/content/drive/MyDrive/Papaya_Leaf_Disease_Classification/BDPapayaLeaf/Original Images/Anthracnose/Anthracnose(251).jpg,BDPapayaLeaf/Original Images/Anthracnose/Anthracnose(251).jpg,Anthracnose(251).jpg,Anthracnose(251),anthracnose(251),.jpg,177647,False,640,480,a61fceb649c2937679a498ecdd51e941698510fc,898dbe81829fd5d2,
image,Anthracnose,Anthracnose,/content/drive/MyDrive/Papaya_Leaf_Disease_Classification/BDPapayaLeaf/Original Images/Anthracnose/Anthracnose(252).jpg,BDPapayaLeaf/Original Images/Anthracnose/Anthracnose(252).jpg,Anthracnose(252).jpg,Anthracnose(252),anthracnose(252),.jpg,174970,False,640,480,9465c355f226925dc943d3bf4f72a74061e89f6d,e6944e7d6fa4400f,
image,Anthracnose,Anthracnose,/content/drive/MyDrive/Papaya_Leaf_Disease_Classification/BDPapayaLeaf/Original Images/Anthracnose/Anthracnose(253).jpg,BDPapayaLeaf/Original Images/Anthracnose/Anthracnose(253).jpg,Anthracnose(253).jpg,Anthracnose(253),anthracnose(253),.jpg,183887,False,640,480,36de656179e160da21f2c9fa09f118dfd115fc4e,de4e369f0f180c2d,
image,Anthracnose,Anthracnose,/content/drive/MyDrive/Papaya_Leaf_Disease_Classification/BDPapayaLeaf/Original Images/Anthracnose/Anthracnose(254).jpg,BDPapayaLeaf/Original Images/Anthracnose/Anthracnose(254).jpg,Anthracnose(254).jpg,Anthracnose(254),anthracnose(254),.jpg,183122,False,640,480,220b775485a0c98dce101e26e514c5073cea95ea,d98b7472a0b49d1d,
image,Anthracnose,Anthracnose,/content/drive/MyDrive/Papaya_Leaf_Disease_Classification/BDPapayaLeaf/Original Images/Anthracnose/Anthracnose(255).jpg,BDPapayaLeaf/Original Images/Anthracnose/Anthracnose(255).jpg,Anthracnose(255).jpg,Anthracnose(255),anthracnose(255),.jpg,200253,False,640,480,6f2ed3fa0fb70754f18895f455277cf9c80cc18f,ccb9cfd381648b62,
image,Anthracnose,Anthracnose,/content/drive/MyDrive/Papaya_Leaf_Disease_Classification/BDPapayaLeaf/Original Images/Anthracnose/Anthracnose(256).jpg,BDPapayaLeaf/Original Images/Anthracnose/Anthracnose(256).jpg,Anthracnose(256).jpg,Anthracnose(256),anthracnose(256),.jpg,135755,False,640,480,861ef0b478dc1d912e72b2c8032d7e57f0af2d5e,fac284e6acb0a9f8,
image,Anthracnose,Anthracnose,/content/drive/MyDrive/Papaya_Leaf_Disease_Classification/BDPapayaLeaf/Original Images/Anthracnose/Anthracnose(257).jpg,BDPapayaLeaf/Original Images/Anthracnose/Anthracnose(257).jpg,Anthracnose(257).jpg,Anthracnose(257),anthracnose(257),.jpg,109541,False,640,480,037934be5096f3c8c5a4442821761d3c53637b54,f9dc80b384b4b978,
image,Anthracnose,Anthracnose,/content/drive/MyDrive/Papaya_Leaf_Disease_Classification/BDPapayaLeaf/Original Images/Anthracnose/Anthracnose(258).jpg,BDPapayaLeaf/Original Images/Anthracnose/Anthracnose(258).jpg,Anthracnose(258).jpg,Anthracnose(258),anthracnose(258),.jpg,126503,False,640,480,965a4faaa82f7a374df76a2b64ba45e99ee17584,c4d707d47dd190ac,
image,Anthracnose,Anthracnose,/content/drive/MyDrive/Papaya_Leaf_Disease_Classification/BDPapayaLeaf/Original Images/Anthracnose/Anthracnose(259).jpg,BDPapayaLeaf/Original Images/Anthracnose/Anthracnose(259).jpg,Anthracnose(259).jpg,Anthracnose(259),anthracnose(259),.jpg,125400,False,640,480,4dd12c264b37a34ec56ba381a20ed26ea4d6f518,e0a93da597c4437a,
image,Anthracnose,Anthracnose,/content/drive/MyDrive/Papaya_Leaf_Disease_Classification/BDPapayaLeaf/Original Images/Anthracnose/Anthracnose(26).jpg,BDPapayaLeaf/Original Images/Anthracnose/Anthracnose(26).jpg,Anthracnose(26).jpg,Anthracnose(26),anthracnose(26),.jpg,93724,False,640,480,42fb655c46cf068bd52a0140617b39a77bc55b26,88cf949c5f58f04b,
image,Anthracnose,Anthracnose,/content/drive/MyDrive/Papaya_Leaf_Disease_Classification/BDPapayaLeaf/Original Images/Anthracnose/Anthracnose(260).jpg,BDPapayaLeaf/Original Images/Anthracnose/Anthracnose(260).jpg,Anthracnose(260).jpg,Anthracnose(260),anthracnose(260),.jpg,130108,False,640,480,c06462b437b2ab10c496b3400b956d0f268b4a5e,f0fd0848cf4d3867,
image,Anthracnose,Anthracnose,/content/drive/MyDrive/Papaya_Leaf_Disease_Classification/BDPapayaLeaf/Original Images/Anthracnose/Anthracnose(261).jpg,BDPapayaLeaf/Original Images/Anthracnose/Anthracnose(261).jpg,Anthracnose(261).jpg,Anthracnose(261),anthracnose(261),.jpg,104853,False,640,480,7fb35057ce0476ea0afa5dab4534ca6c2d5de037,ee8f076741642f07,
image,Anthracnose,Anthracnose,/content/drive/MyDrive/Papaya_Leaf_Disease_Classification/BDPapayaLeaf/Original Images/Anthracnose/Anthracnose(262).jpg,BDPapayaLeaf/Original Images/Anthracnose/Anthracnose(262).jpg,Anthracnose(262).jpg,Anthracnose(262),anthracnose(262),.jpg,124309,False,640,480,16fa9df418b3f8736826b9019a42233cb2dd8145,f1d869b789b1a0c5,
image,Anthracnose,Anthracnose,/content/drive/MyDrive/Papaya_Leaf_Disease_Classification/BDPapayaLeaf/Original Images/Anthracnose/Anthracnose(263).jpg,BDPapayaLeaf/Original Images/Anthracnose/Anthracnose(263).jpg,Anthracnose(263).jpg,Anthracnose(263),anthracnose(263),.jpg,115317,False,640,480,340ae6a9f52f336fb7588818cfdaf03f07110556,fef6293d8ca08d06,
image,Anthracnose,Anthracnose,/content/drive/MyDrive/Papaya_Leaf_Disease_Classification/BDPapayaLeaf/Original Images/Anthracnose/Anthracnose(264).jpg,BDPapayaLeaf/Original Images/Anthracnose/Anthracnose(264).jpg,Anthracnose(264).jpg,Anthracnose(264),anthracnose(264),.jpg,167728,False,640,480,7e7da0c8836d280abb1ab307b4adcb550bc6377f,b8e8909f839f1e62,
image,Anthracnose,Anthracnose,/content/drive/MyDrive/Papaya_Leaf_Disease_Classification/BDPapayaLeaf/Original Images/Anthracnose/Anthracnose(265).jpg,BDPapayaLeaf/Original Images/Anthracnose/Anthracnose(265).jpg,Anthracnose(265).jpg,Anthracnose(265),anthracnose(265),.jpg,124422,False,640,480,44a0f5010ea76598c54ee9dfd67ba7e119c223b2,adf03a3e39217d50,
image,Anthracnose,Anthracnose,/content/drive/MyDrive/Papaya_Leaf_Disease_Classification/BDPapayaLeaf/Original Images/Anthracnose/Anthracnose(266).jpg,BDPapayaLeaf/Original Images/Anthracnose/Anthracnose(266).jpg,Anthracnose(266).jpg,Anthracnose(266),anthracnose(266),.jpg,156855,False,640,480,4e086d07298eb53a3f84d43b69ebdbbd6b49eb80,8bc684c72f3b1c9c,
image,Anthracnose,Anthracnose,/content/drive/MyDrive/Papaya_Leaf_Disease_Classification/BDPapayaLeaf/Original Images/Anthracnose/Anthracnose(267).jpg,BDPapayaLeaf/Original Images/Anthracnose/Anthracnose(267).jpg,Anthracnose(267).jpg,Anthracnose(267),anthracnose(267),.jpg,131710,False,640,480,5e256532d33dabad259ac9abd1e1214940a3f68a,87e5734ce2dabc80,
image,Anthracnose,Anthracnose,/content/drive/MyDrive/Papaya_Leaf_Disease_Classification/BDPapayaLeaf/Original Images/Anthracnose/Anthracnose(268).jpg,BDPapayaLeaf/Original Images/Anthracnose/Anthracnose(268).jpg,Anthracnose(268).jpg,Anthracnose(268),anthracnose(268),.jpg,128608,False,640,480,c1914b1ae87e9ead45c1f97614e52cc93206f1e0,f2c6a4f6edb0a0d0,
image,Anthracnose,Anthracnose,/content/drive/MyDrive/Papaya_Leaf_Disease_Classification/BDPapayaLeaf/Original Images/Anthracnose/Anthracnose(269).jpg,BDPapayaLeaf/Original Images/Anthracnose/Anthracnose(269).jpg,Anthracnose(269).jpg,Anthracnose(269),anthracnose(269),.jpg,139646,False,640,480,9e2dd423720515bce23913b44ae753600bfbfcde,a8fdcf0a80db5ad0,
image,Anthracnose,Anthracnose,/content/drive/MyDrive/Papaya_Leaf_Disease_Classification/BDPapayaLeaf/Original Images/Anthracnose/Anthracnose(27).jpg,BDPapayaLeaf/Original Images/Anthracnose/Anthracnose(27).jpg,Anthracnose(27).jpg,Anthracnose(27),anthracnose(27),.jpg,113538,False,640,480,abd19da73814d1092b325a77ba208ce91105d9a9,f8cc9501c066e3fd,
image,Anthracnose,Anthracnose,/content/drive/MyDrive/Papaya_Leaf_Disease_Classification/BDPapayaLeaf/Original Images/Anthracnose/Anthracnose(270).jpg,BDPapayaLeaf/Original Images/Anthracnose/Anthracnose(270).jpg,Anthracnose(270).jpg,Anthracnose(270),anthracnose(270),.jpg,139529,False,640,480,b838017f41838e9f8cefffb68eddf615327b4f05,e0ff16706d62521d,
image,Anthracnose,Anthracnose,/content/drive/MyDrive/Papaya_Leaf_Disease_Classification/BDPapayaLeaf/Original Images/Anthracnose/Anthracnose(271).jpg,BDPapayaLeaf/Original Images/Anthracnose/Anthracnose(271).jpg,Anthracnose(271).jpg,Anthracnose(271),anthracnose(271),.jpg,141077,False,640,480,1d270788808df9036dcbd7ba682ed04f717f132d,bd83ada909194b4f,
image,Anthracnose,Anthracnose,/content/drive/MyDrive/Papaya_Leaf_Disease_Classification/BDPapayaLeaf/Original Images/Anthracnose/Anthracnose(272).jpg,BDPapayaLeaf/Original Images/Anthracnose/Anthracnose(272).jpg,Anthracnose(272).jpg,Anthracnose(272),anthracnose(272),.jpg,129510,False,640,480,0a35c70c138147312bcf39c3edfff24c1d78cff9,f0a5e9ae8801576f,
image,Anthracnose,Anthracnose,/content/drive/MyDrive/Papaya_Leaf_Disease_Classification/BDPapayaLeaf/Original Images/Anthracnose/Anthracnose(273).jpg,BDPapayaLeaf/Original Images/Anthracnose/Anthracnose(273).jpg,Anthracnose(273).jpg,Anthracnose(273),anthracnose(273),.jpg,138538,False,640,480,2560f7c3252033891159589c5b62d5082c8c1fb3,e6f6860c7d82af09,
image,Anthracnose,Anthracnose,/content/drive/MyDrive/Papaya_Leaf_Disease_Classification/BDPapayaLeaf/Original Images/Anthracnose/Anthracnose(274).jpg,BDPapayaLeaf/Original Images/Anthracnose/Anthracnose(274).jpg,Anthracnose(274).jpg,Anthracnose(274),anthracnose(274),.jpg,137445,False,640,480,a489687f5fe56f704530077b28e0f2feb4807a38,f2a4573047cf444f,
image,Anthracnose,Anthracnose,/content/drive/MyDrive/Papaya_Leaf_Disease_Classification/BDPapayaLeaf/Original Images/Anthracnose/Anthracnose(275).jpg,BDPapayaLeaf/Original Images/Anthracnose/Anthracnose(275).jpg,Anthracnose(275).jpg,Anthracnose(275),anthracnose(275),.jpg,150978,False,640,480,9a624559a10e7880b784e5a6f504553d00fa49b3,82fcc40a7ffc098b,
image,Anthracnose,Anthracnose,/content/drive/MyDrive/Papaya_Leaf_Disease_Classification/BDPapayaLeaf/Original Images/Anthracnose/Anthracnose(276).jpg,BDPapayaLeaf/Original Images/Anthracnose/Anthracnose(276).jpg,Anthracnose(276).jpg,Anthracnose(276),anthracnose(276),.jpg,162403,False,640,480,024ee69eb504ac88b72d74eb89a08d79c69f31e5,f49af8e30c696929,
image,Anthracnose,Anthracnose,/content/drive/MyDrive/Papaya_Leaf_Disease_Classification/BDPapayaLeaf/Original Images/Anthracnose/Anthracnose(277).jpg,BDPapayaLeaf/Original Images/Anthracnose/Anthracnose(277).jpg,Anthracnose(277).jpg,Anthracnose(277),anthracnose(277),.jpg,161188,False,640,480,7967975845a8dc24e42153cc4768350b7855d3b1,cbff07c4bc983031,
image,Anthracnose,Anthracnose,/content/drive/MyDrive/Papaya_Leaf_Disease_Classification/BDPapayaLeaf/Original Images/Anthracnose/Anthracnose(278).jpg,BDPapayaLeaf/Original Images/Anthracnose/Anthracnose(278).jpg,Anthracnose(278).jpg,Anthracnose(278),anthracnose(278),.jpg,161821,False,640,480,7d8ebbab591a8db5f764522fd170b8515d42d23a,cc9025b289affb43,
image,Anthracnose,Anthracnose,/content/drive/MyDrive/Papaya_Leaf_Disease_Classification/BDPapayaLeaf/Original Images/Anthracnose/Anthracnose(279).jpg,BDPapayaLeaf/Original Images/Anthracnose/Anthracnose(279).jpg,Anthracnose(279).jpg,Anthracnose(279),anthracnose(279),.jpg,169473,False,640,480,68020e5324f0ff16b2a627361ab8e9770c614946,90cf7cc22b473d23,
image,Anthracnose,Anthracnose,/content/drive/MyDrive/Papaya_Leaf_Disease_Classification/BDPapayaLeaf/Original Images/Anthracnose/Anthracnose(28).jpg,BDPapayaLeaf/Original Images/Anthracnose/Anthracnose(28).jpg,Anthracnose(28).jpg,Anthracnose(28),anthracnose(28),.jpg,119263,False,640,480,bd4c1e6f2d963ae9fabf16b6bfe337a249e50596,c28a51daaf734d52,
image,Anthracnose,Anthracnose,/content/drive/MyDrive/Papaya_Leaf_Disease_Classification/BDPapayaLeaf/Original Images/Anthracnose/Anthracnose(280).jpg,BDPapayaLeaf/Original Images/Anthracnose/Anthracnose(280).jpg,Anthracnose(280).jpg,Anthracnose(280),anthracnose(280),.jpg,178547,False,640,480,6ff9d1ac80c91d6f6a623a6312a8f23641e4f8b0,abd9afe412ac5264,
image,Anthracnose,Anthracnose,/content/drive/MyDrive/Papaya_Leaf_Disease_Classification/BDPapayaLeaf/Original Images/Anthracnose/Anthracnose(281).jpg,BDPapayaLeaf/Original Images/Anthracnose/Anthracnose(281).jpg,Anthracnose(281).jpg,Anthracnose(281),anthracnose(281),.jpg,162059,False,640,480,5861985c5420da5c44b2cf87480050baab170dc3,83e07fa425937556,
image,Anthracnose,Anthracnose,/content/drive/MyDrive/Papaya_Leaf_Disease_Classification/BDPapayaLeaf/Original Images/Anthracnose/Anthracnose(282).jpg,BDPapayaLeaf/Original Images/Anthracnose/Anthracnose(282).jpg,Anthracnose(282).jpg,Anthracnose(282),anthracnose(282),.jpg,175183,False,640,480,39ff55f1ad06a42a6bae4a28f5b01bcbbebfb063,bf9833f042d26786,
image,Anthracnose,Anthracnose,/content/drive/MyDrive/Papaya_Leaf_Disease_Classification/BDPapayaLeaf/Original Images/Anthracnose/Anthracnose(283).jpg,BDPapayaLeaf/Original Images/Anthracnose/Anthracnose(283).jpg,Anthracnose(283).jpg,Anthracnose(283),anthracnose(283),.jpg,155377,False,640,480,981c8c71ee1417bddba65b4ac4a3da61fc08a377,a2860527671fbef0,
image,Anthracnose,Anthracnose,/content/drive/MyDrive/Papaya_Leaf_Disease_Classification/BDPapayaLeaf/Original Images/Anthracnose/Anthracnose(284).jpg,BDPapayaLeaf/Original Images/Anthracnose/Anthracnose(284).jpg,Anthracnose(284).jpg,Anthracnose(284),anthracnose(284),.jpg,162861,False,640,480,007fcd8904cb41818a924f78033aa9272b1a58a2,eeac77ce40deb020,
image,Anthracnose,Anthracnose,/content/drive/MyDrive/Papaya_Leaf_Disease_Classification/BDPapayaLeaf/Original Images/Anthracnose/Anthracnose(285).jpg,BDPapayaLeaf/Original Images/Anthracnose/Anthracnose(285).jpg,Anthracnose(285).jpg,Anthracnose(285),anthracnose(285),.jpg,170870,False,640,480,130ba1e61daaf75bd21095b9029c638ba56d66f7,83f0709079fdbc52,
image,Anthracnose,Anthracnose,/content/drive/MyDrive/Papaya_Leaf_Disease_Classification/BDPapayaLeaf/Original Images/Anthracnose/Anthracnose(286).jpg,BDPapayaLeaf/Original Images/Anthracnose/Anthracnose(286).jpg,Anthracnose(286).jpg,Anthracnose(286),anthracnose(286),.jpg,175111,False,640,480,2877897748b9b564c3c5557941c100504307c72c,98cff06207b75ad0,
image,Anthracnose,Anthracnose,/content/drive/MyDrive/Papaya_Leaf_Disease_Classification/BDPapayaLeaf/Original Images/Anthracnose/Anthracnose(287).jpg,BDPapayaLeaf/Original Images/Anthracnose/Anthracnose(287).jpg,Anthracnose(287).jpg,Anthracnose(287),anthracnose(287),.jpg,170569,False,640,480,fa202db520cdd3e367cf54357ccbb0e26196587d,b7d9b6daaa3060b0,
image,Anthracnose,Anthracnose,/content/drive/MyDrive/Papaya_Leaf_Disease_Classification/BDPapayaLeaf/Original Images/Anthracnose/Anthracnose(288).jpg,BDPapayaLeaf/Original Images/Anthracnose/Anthracnose(288).jpg,Anthracnose(288).jpg,Anthracnose(288),anthracnose(288),.jpg,127799,False,640,480,fe600677d99c59828b4e82005cf5345ea89b810a,af98e2ec9872cd12,
image,Anthracnose,Anthracnose,/content/drive/MyDrive/Papaya_Leaf_Disease_Classification/BDPapayaLeaf/Original Images/Anthracnose/Anthracnose(289).jpg,BDPapayaLeaf/Original Images/Anthracnose/Anthracnose(289).jpg,Anthracnose(289).jpg,Anthracnose(289),anthracnose(289),.jpg,161959,False,640,480,2d0f330d6d47d6c3e727c80f9970bc771df58a47,bcb75451d09398cb,
image,Anthracnose,Anthracnose,/content/drive/MyDrive/Papaya_Leaf_Disease_Classification/BDPapayaLeaf/Original Images/Anthracnose/Anthracnose(29).jpg,BDPapayaLeaf/Original Images/Anthracnose/Anthracnose(29).jpg,Anthracnose(29).jpg,Anthracnose(29),anthracnose(29),.jpg,108483,False,640,480,204a816ae9938615df058d49aab29238669c74d7,89c4664bed6b4b4a,
image,Anthracnose,Anthracnose,/content/drive/MyDrive/Papaya_Leaf_Disease_Classification/BDPapayaLeaf/Original Images/Anthracnose/Anthracnose(290).jpg,BDPapayaLeaf/Original Images/Anthracnose/Anthracnose(290).jpg,Anthracnose(290).jpg,Anthracnose(290),anthracnose(290),.jpg,160551,False,640,480,9dce28fb0920d6825ac186398cf24da0f8510874,abece3c0b0a69c35,
image,Anthracnose,Anthracnose,/content/drive/MyDrive/Papaya_Leaf_Disease_Classification/BDPapayaLeaf/Original Images/Anthracnose/Anthracnose(291).jpg,BDPapayaLeaf/Original Images/Anthracnose/Anthracnose(291).jpg,Anthracnose(291).jpg,Anthracnose(291),anthracnose(291),.jpg,128117,False,640,480,a4dd52048ff71b739ecd21efb6e0ae7b2804167f,c4cf124af0bbe5c8,
image,Anthracnose,Anthracnose,/content/drive/MyDrive/Papaya_Leaf_Disease_Classification/BDPapayaLeaf/Original Images/Anthracnose/Anthracnose(292).jpg,BDPapayaLeaf/Original Images/Anthracnose/Anthracnose(292).jpg,Anthracnose(292).jpg,Anthracnose(292),anthracnose(292),.jpg,146377,False,640,480,4541c246c91528bce2451d7bd7309c7303fdff43,c4c2f9f98474d546,
image,Anthracnose,Anthracnose,/content/drive/MyDrive/Papaya_Leaf_Disease_Classification/BDPapayaLeaf/Original Images/Anthracnose/Anthracnose(293).jpg,BDPapayaLeaf/Original Images/Anthracnose/Anthracnose(293).jpg,Anthracnose(293).jpg,Anthracnose(293),anthracnose(293),.jpg,124217,False,640,480,a1b73f83d3dc846e5e6cf523106730c47885506c,d7d94e60b59c0b68,
image,Anthracnose,Anthracnose,/content/drive/MyDrive/Papaya_Leaf_Disease_Classification/BDPapayaLeaf/Original Images/Anthracnose/Anthracnose(294).jpg,BDPapayaLeaf/Original Images/Anthracnose/Anthracnose(294).jpg,Anthracnose(294).jpg,Anthracnose(294),anthracnose(294),.jpg,109946,False,640,480,1a7b916bf5f686f6660e48cd8fb5064b822a7420,cf9d87d07a482cac,
image,Anthracnose,Anthracnose,/content/drive/MyDrive/Papaya_Leaf_Disease_Classification/BDPapayaLeaf/Original Images/Anthracnose/Anthracnose(295).jpg,BDPapayaLeaf/Original Images/Anthracnose/Anthracnose(295).jpg,Anthracnose(295).jpg,Anthracnose(295),anthracnose(295),.jpg,175049,False,640,480,5c28bf4e6e3a87a3baac11a688c61f238f95a558,ae9d3cd2d117c20d,
image,Anthracnose,Anthracnose,/content/drive/MyDrive/Papaya_Leaf_Disease_Classification/BDPapayaLeaf/Original Images/Anthracnose/Anthracnose(296).jpg,BDPapayaLeaf/Original Images/Anthracnose/Anthracnose(296).jpg,Anthracnose(296).jpg,Anthracnose(296),anthracnose(296),.jpg,142479,False,640,480,2d93947767cc218b9ac44f443c61f6a0cdbfdb7b,be945a6ed4c6d2c0,
image,Anthracnose,Anthracnose,/content/drive/MyDrive/Papaya_Leaf_Disease_Classification/BDPapayaLeaf/Original Images/Anthracnose/Anthracnose(297).jpg,BDPapayaLeaf/Original Images/Anthracnose/Anthracnose(297).jpg,Anthracnose(297).jpg,Anthracnose(297),anthracnose(297),.jpg,163357,False,640,480,973bc66650a85db67e89db52d52866bdcf54dbf7,bad484aecbc0a357,
image,Anthracnose,Anthracnose,/content/drive/MyDrive/Papaya_Leaf_Disease_Classification/BDPapayaLeaf/Original Images/Anthracnose/Anthracnose(298).jpg,BDPapayaLeaf/Original Images/Anthracnose/Anthracnose(298).jpg,Anthracnose(298).jpg,Anthracnose(298),anthracnose(298),.jpg,138758,False,640,480,33f6c0968f18330fde7e914a23e88298a8008391,bbc88296dc379871,
image,Anthracnose,Anthracnose,/content/drive/MyDrive/Papaya_Leaf_Disease_Classification/BDPapayaLeaf/Original Images/Anthracnose/Anthracnose(299).jpg,BDPapayaLeaf/Original Images/Anthracnose/Anthracnose(299).jpg,Anthracnose(299).jpg,Anthracnose(299),anthracnose(299),.jpg,159327,False,640,480,771874b010ff0aedd143695a29c105e8e2e446b3,acece2021637b537,
image,Anthracnose,Anthracnose,/content/drive/MyDrive/Papaya_Leaf_Disease_Classification/BDPapayaLeaf/Original Images/Anthracnose/Anthracnose(3).jpg,BDPapayaLeaf/Original Images/Anthracnose/Anthracnose(3).jpg,Anthracnose(3).jpg,Anthracnose(3),anthracnose(3),.jpg,93347,False,640,480,74525cd12cb6efd46d7001476cad0f9135f9c2fa,ad966f9623e5120d,
image,Anthracnose,Anthracnose,/content/drive/MyDrive/Papaya_Leaf_Disease_Classification/BDPapayaLeaf/Original Images/Anthracnose/Anthracnose(30).jpg,BDPapayaLeaf/Original Images/Anthracnose/Anthracnose(30).jpg,Anthracnose(30).jpg,Anthracnose(30),anthracnose(30),.jpg,138893,False,640,480,5c86df390cfeda95bda351eeb87ea3c837fa9ae1,8cd40af2d92dbc78,
image,Anthracnose,Anthracnose,/content/drive/MyDrive/Papaya_Leaf_Disease_Classification/BDPapayaLeaf/Original Images/Anthracnose/Anthracnose(300).jpg,BDPapayaLeaf/Original Images/Anthracnose/Anthracnose(300).jpg,Anthracnose(300).jpg,Anthracnose(300),anthracnose(300),.jpg,172884,False,640,480,b467d0700d6b2eb1d47756483804ebbc36d9b971,ecd259b4d60a2576,
image,Anthracnose,Anthracnose,/content/drive/MyDrive/Papaya_Leaf_Disease_Classification/BDPapayaLeaf/Original Images/Anthracnose/Anthracnose(301).jpg,BDPapayaLeaf/Original Images/Anthracnose/Anthracnose(301).jpg,Anthracnose(301).jpg,Anthracnose(301),anthracnose(301),.jpg,166148,False,640,480,fdf5a76e2e3834986d4460e0c9272fa189641a45,c6c39bae96906c6c,
image,Anthracnose,Anthracnose,/content/drive/MyDrive/Papaya_Leaf_Disease_Classification/BDPapayaLeaf/Original Images/Anthracnose/Anthracnose(302).jpg,BDPapayaLeaf/Original Images/Anthracnose/Anthracnose(302).jpg,Anthracnose(302).jpg,Anthracnose(302),anthracnose(302),.jpg,161459,False,640,480,ad149e3c1ea4e9d7449ef9fda75af4c2f1a8494d,9c9983c88ac7e64f,
image,Anthracnose,Anthracnose,/content/drive/MyDrive/Papaya_Leaf_Disease_Classification/BDPapayaLeaf/Original Images/Anthracnose/Anthracnose(303).jpg,BDPapayaLeaf/Original Images/Anthracnose/Anthracnose(303).jpg,Anthracnose(303).jpg,Anthracnose(303),anthracnose(303),.jpg,163812,False,640,480,27549c46832a05ffb4e948237ee4b256c52efcab,ffbcb2a3c8e48230,
image,Anthracnose,Anthracnose,/content/drive/MyDrive/Papaya_Leaf_Disease_Classification/BDPapayaLeaf/Original Images/Anthracnose/Anthracnose(304).jpg,BDPapayaLeaf/Original Images/Anthracnose/Anthracnose(304).jpg,Anthracnose(304).jpg,Anthracnose(304),anthracnose(304),.jpg,143470,False,640,480,ab9b26beff9f023d957ad6c098a0534bc2274a7c,f2e9b8aeb8303315,
image,Anthracnose,Anthracnose,/content/drive/MyDrive/Papaya_Leaf_Disease_Classification/BDPapayaLeaf/Original Images/Anthracnose/Anthracnose(305).jpg,BDPapayaLeaf/Original Images/Anthracnose/Anthracnose(305).jpg,Anthracnose(305).jpg,Anthracnose(305),anthracnose(305),.jpg,160089,False,640,480,f271ce9db7f235ba126caf4da0938a4d88c5798a,b3a494b1acae2f16,
image,Anthracnose,Anthracnose,/content/drive/MyDrive/Papaya_Leaf_Disease_Classification/BDPapayaLeaf/Original Images/Anthracnose/Anthracnose(306).jpg,BDPapayaLeaf/Original Images/Anthracnose/Anthracnose(306).jpg,Anthracnose(306).jpg,Anthracnose(306),anthracnose(306),.jpg,165431,False,640,480,b02ca23e8fc240d6c4c49c2d574065019846de3d,a0a09ca9eaf67e25,
image,Anthracnose,Anthracnose,/content/drive/MyDrive/Papaya_Leaf_Disease_Classification/BDPapayaLeaf/Original Images/Anthracnose/Anthracnose(307).jpg,BDPapayaLeaf/Original Images/Anthracnose/Anthracnose(307).jpg,Anthracnose(307).jpg,Anthracnose(307),anthracnose(307),.jpg,162137,False,640,480,ba0e9a4a864847b0096a7ca04d0545540ee8ac6a,e03a97dd4d662235,
image,Anthracnose,Anthracnose,/content/drive/MyDrive/Papaya_Leaf_Disease_Classification/BDPapayaLeaf/Original Images/Anthracnose/Anthracnose(308).jpg,BDPapayaLeaf/Original Images/Anthracnose/Anthracnose(308).jpg,Anthracnose(308).jpg,Anthracnose(308),anthracnose(308),.jpg,157175,False,640,480,97bdccc6a2bbf69c80314a4f4f465c8457fc7ed6,e9bd199a8e06f125,
image,Anthracnose,Anthracnose,/content/drive/MyDrive/Papaya_Leaf_Disease_Classification/BDPapayaLeaf/Original Images/Anthracnose/Anthracnose(309).jpg,BDPapayaLeaf/Original Images/Anthracnose/Anthracnose(309).jpg,Anthracnose(309).jpg,Anthracnose(309),anthracnose(309),.jpg,162692,False,640,480,802da71bdf3341a46f3749daa95a47fbf6fe3559,e999c5d2cc657542,
image,Anthracnose,Anthracnose,/content/drive/MyDrive/Papaya_Leaf_Disease_Classification/BDPapayaLeaf/Original Images/Anthracnose/Anthracnose(31).jpg,BDPapayaLeaf/Original Images/Anthracnose/Anthracnose(31).jpg,Anthracnose(31).jpg,Anthracnose(31),anthracnose(31),.jpg,143228,False,640,480,92d3ccd9356bbd760c8aff318596a83d63403769,acd5e483db8d5438,
image,Anthracnose,Anthracnose,/content/drive/MyDrive/Papaya_Leaf_Disease_Classification/BDPapayaLeaf/Original Images/Anthracnose/Anthracnose(310).jpg,BDPapayaLeaf/Original Images/Anthracnose/Anthracnose(310).jpg,Anthracnose(310).jpg,Anthracnose(310),anthracnose(310),.jpg,177728,False,640,480,5769c06a033525aacb25d01236869827dbdb2be8,fba890cba7be0a24,
image,Anthracnose,Anthracnose,/content/drive/MyDrive/Papaya_Leaf_Disease_Classification/BDPapayaLeaf/Original Images/Anthracnose/Anthracnose(311).jpg,BDPapayaLeaf/Original Images/Anthracnose/Anthracnose(311).jpg,Anthracnose(311).jpg,Anthracnose(311),anthracnose(311),.jpg,155781,False,640,480,b2d932ff8e9c917d47c590827b4c44194a3fd1ff,e5800ebed2d2a4f5,
image,Anthracnose,Anthracnose,/content/drive/MyDrive/Papaya_Leaf_Disease_Classification/BDPapayaLeaf/Original Images/Anthracnose/Anthracnose(312).jpg,BDPapayaLeaf/Original Images/Anthracnose/Anthracnose(312).jpg,Anthracnose(312).jpg,Anthracnose(312),anthracnose(312),.jpg,145467,False,640,480,26ad1722a271f117b82c52c3a3426670c9fbb3c5,b1bc6c42fae00edc,
image,Anthracnose,Anthracnose,/content/drive/MyDrive/Papaya_Leaf_Disease_Classification/BDPapayaLeaf/Original Images/Anthracnose/Anthracnose(313).jpg,BDPapayaLeaf/Original Images/Anthracnose/Anthracnose(313).jpg,Anthracnose(313).jpg,Anthracnose(313),anthracnose(313),.jpg,152414,False,640,480,76ba77196169667fbd79dd6d981e4819eb3054ed,afcab045a991daa3,
image,Anthracnose,Anthracnose,/content/drive/MyDrive/Papaya_Leaf_Disease_Classification/BDPapayaLeaf/Original Images/Anthracnose/Anthracnose(314).jpg,BDPapayaLeaf/Original Images/Anthracnose/Anthracnose(314).jpg,Anthracnose(314).jpg,Anthracnose(314),anthracnose(314),.jpg,176937,False,640,480,fd35332c6cd56656e09de55b9d9d7d4f882468f2,acf4d1475959478a,
image,Anthracnose,Anthracnose,/content/drive/MyDrive/Papaya_Leaf_Disease_Classification/BDPapayaLeaf/Original Images/Anthracnose/Anthracnose(315).jpg,BDPapayaLeaf/Original Images/Anthracnose/Anthracnose(315).jpg,Anthracnose(315).jpg,Anthracnose(315),anthracnose(315),.jpg,169799,False,640,480,e1b4a02b2fc112b8b38d283dbfd38484a7fccc1f,b891bc1838ab73a7,
image,Anthracnose,Anthracnose,/content/drive/MyDrive/Papaya_Leaf_Disease_Classification/BDPapayaLeaf/Original Images/Anthracnose/Anthracnose(316).jpg,BDPapayaLeaf/Original Images/Anthracnose/Anthracnose(316).jpg,Anthracnose(316).jpg,Anthracnose(316),anthracnose(316),.jpg,198750,False,640,480,b9f7feb14fd097ca69c7bb1d3a371472feb482ac,e4cb34528fb4c06f,
image,Anthracnose,Anthracnose,/content/drive/MyDrive/Papaya_Leaf_Disease_Classification/BDPapayaLeaf/Original Images/Anthracnose/Anthracnose(317).jpg,BDPapayaLeaf/Original Images/Anthracnose/Anthracnose(317).jpg,Anthracnose(317).jpg,Anthracnose(317),anthracnose(317),.jpg,191638,False,640,480,e95aa4b82fb84f24d68e786a3a1102f877a11951,a68fc8a67399ca8c,
image,Anthracnose,Anthracnose,/content/drive/MyDrive/Papaya_Leaf_Disease_Classification/BDPapayaLeaf/Original Images/Anthracnose/Anthracnose(318).jpg,BDPapayaLeaf/Original Images/Anthracnose/Anthracnose(318).jpg,Anthracnose(318).jpg,Anthracnose(318),anthracnose(318),.jpg,160930,False,640,480,eea753ec353a471a73a979dc9b0c63707b61aff4,9c93f686dc1e5858,
image,Anthracnose,Anthracnose,/content/drive/MyDrive/Papaya_Leaf_Disease_Classification/BDPapayaLeaf/Original Images/Anthracnose/Anthracnose(319).jpg,BDPapayaLeaf/Original Images/Anthracnose/Anthracnose(319).jpg,Anthracnose(319).jpg,Anthracnose(319),anthracnose(319),.jpg,163001,False,640,480,7dc61521cac2c8d2695774354f883ea7051fd805,9db2cf1c38f870e0,
image,Anthracnose,Anthracnose,/content/drive/MyDrive/Papaya_Leaf_Disease_Classification/BDPapayaLeaf/Original Images/Anthracnose/Anthracnose(32).jpg,BDPapayaLeaf/Original Images/Anthracnose/Anthracnose(32).jpg,Anthracnose(32).jpg,Anthracnose(32),anthracnose(32),.jpg,128666,False,640,480,3c65a80d34b99210a5b5c3744b44f35d1ef7b663,8cd99212dbad4a6e,
image,Anthracnose,Anthracnose,/content/drive/MyDrive/Papaya_Leaf_Disease_Classification/BDPapayaLeaf/Original Images/Anthracnose/Anthracnose(320).jpg,BDPapayaLeaf/Original Images/Anthracnose/Anthracnose(320).jpg,Anthracnose(320).jpg,Anthracnose(320),anthracnose(320),.jpg,155297,False,640,480,d026289a7b1963f5ca3bf9d95215ac7611de7e30,bfc0211fc11f21bb,
image,Anthracnose,Anthracnose,/content/drive/MyDrive/Papaya_Leaf_Disease_Classification/BDPapayaLeaf/Original Images/Anthracnose/Anthracnose(321).jpg,BDPapayaLeaf/Original Images/Anthracnose/Anthracnose(321).jpg,Anthracnose(321).jpg,Anthracnose(321),anthracnose(321),.jpg,179738,False,640,480,5397199e2fdd6d84e1c52eb23425d37e61107ea1,a8cd075e0ea75a0f,
image,Anthracnose,Anthracnose,/content/drive/MyDrive/Papaya_Leaf_Disease_Classification/BDPapayaLeaf/Original Images/Anthracnose/Anthracnose(322).jpg,BDPapayaLeaf/Original Images/Anthracnose/Anthracnose(322).jpg,Anthracnose(322).jpg,Anthracnose(322),anthracnose(322),.jpg,188442,False,640,480,7d2f3bb43fdb49fd78b5c1bc19ad5219bf472a5a,fcd3ccf041477a18,
image,Anthracnose,Anthracnose,/content/drive/MyDrive/Papaya_Leaf_Disease_Classification/BDPapayaLeaf/Original Images/Anthracnose/Anthracnose(323).jpg,BDPapayaLeaf/Original Images/Anthracnose/Anthracnose(323).jpg,Anthracnose(323).jpg,Anthracnose(323),anthracnose(323),.jpg,184058,False,640,480,d48091214072453ff88870445ed98f1eddc217bb,8d93daba38a51535,
image,Anthracnose,Anthracnose,/content/drive/MyDrive/Papaya_Leaf_Disease_Classification/BDPapayaLeaf/Original Images/Anthracnose/Anthracnose(324).jpg,BDPapayaLeaf/Original Images/Anthracnose/Anthracnose(324).jpg,Anthracnose(324).jpg,Anthracnose(324),anthracnose(324),.jpg,189923,False,640,480,80618c9a79c93a144b916bd3a448dba9f94ef3cc,dc796562b9b51341,
image,Anthracnose,Anthracnose,/content/drive/MyDrive/Papaya_Leaf_Disease_Classification/BDPapayaLeaf/Original Images/Anthracnose/Anthracnose(325).jpg,BDPapayaLeaf/Original Images/Anthracnose/Anthracnose(325).jpg,Anthracnose(325).jpg,Anthracnose(325),anthracnose(325),.jpg,206194,False,640,480,104fe18ff1f393936ed8cd62022a5b3a8e318cdc,9c9b654648dd9713,
image,Anthracnose,Anthracnose,/content/drive/MyDrive/Papaya_Leaf_Disease_Classification/BDPapayaLeaf/Original Images/Anthracnose/Anthracnose(326).jpg,BDPapayaLeaf/Original Images/Anthracnose/Anthracnose(326).jpg,Anthracnose(326).jpg,Anthracnose(326),anthracnose(326),.jpg,169649,False,640,480,60859a6a0df9d87529fadb0b0b6031faab197a6c,8a9c4a2984fafb65,
image,Anthracnose,Anthracnose,/content/drive/MyDrive/Papaya_Leaf_Disease_Classification/BDPapayaLeaf/Original Images/Anthracnose/Anthracnose(327).jpg,BDPapayaLeaf/Original Images/Anthracnose/Anthracnose(327).jpg,Anthracnose(327).jpg,Anthracnose(327),anthracnose(327),.jpg,174943,False,640,480,90ba2c2bba6894b8e546f812bc38749cadb8a2d8,a2dbeb25868cf431,
image,Anthracnose,Anthracnose,/content/drive/MyDrive/Papaya_Leaf_Disease_Classification/BDPapayaLeaf/Original Images/Anthracnose/Anthracnose(328).jpg,BDPapayaLeaf/Original Images/Anthracnose/Anthracnose(328).jpg,Anthracnose(328).jpg,Anthracnose(328),anthracnose(328),.jpg,183271,False,640,480,e4c7049e4b6c41a0a7c1f78bee7bb982c03b917c,a1deab2d848eb516,
image,Anthracnose,Anthracnose,/content/drive/MyDrive/Papaya_Leaf_Disease_Classification/BDPapayaLeaf/Original Images/Anthracnose/Anthracnose(329).jpg,BDPapayaLeaf/Original Images/Anthracnose/Anthracnose(329).jpg,Anthracnose(329).jpg,Anthracnose(329),anthracnose(329),.jpg,171008,False,640,480,8aed353491d344c7c013bffef719366a1999731f,e639e38c013e71ab,
image,Anthracnose,Anthracnose,/content/drive/MyDrive/Papaya_Leaf_Disease_Classification/BDPapayaLeaf/Original Images/Anthracnose/Anthracnose(33).jpg,BDPapayaLeaf/Original Images/Anthracnose/Anthracnose(33).jpg,Anthracnose(33).jpg,Anthracnose(33),anthracnose(33),.jpg,100562,False,640,480,cde8fbb9ac7706f0927a292c24ffd69acdcd9b8a,cbbdb0e3ec814750,
image,Anthracnose,Anthracnose,/content/drive/MyDrive/Papaya_Leaf_Disease_Classification/BDPapayaLeaf/Original Images/Anthracnose/Anthracnose(330).jpg,BDPapayaLeaf/Original Images/Anthracnose/Anthracnose(330).jpg,Anthracnose(330).jpg,Anthracnose(330),anthracnose(330),.jpg,171606,False,640,480,39939bd5aaf46838018e3b73ceeca6b8ebb4bd86,f3d95a69847e7300,
image,Anthracnose,Anthracnose,/content/drive/MyDrive/Papaya_Leaf_Disease_Classification/BDPapayaLeaf/Original Images/Anthracnose/Anthracnose(331).jpg,BDPapayaLeaf/Original Images/Anthracnose/Anthracnose(331).jpg,Anthracnose(331).jpg,Anthracnose(331),anthracnose(331),.jpg,189258,False,640,480,88598d79f45fa2b16a7303162a08f0e9af1a9006,cacfab5ef880522a,
image,Anthracnose,Anthracnose,/content/drive/MyDrive/Papaya_Leaf_Disease_Classification/BDPapayaLeaf/Original Images/Anthracnose/Anthracnose(332).jpg,BDPapayaLeaf/Original Images/Anthracnose/Anthracnose(332).jpg,Anthracnose(332).jpg,Anthracnose(332),anthracnose(332),.jpg,177224,False,640,480,72d422f806a155ea79728b48964302d1f1f6df4c,90c793cd4d638d59,
image,Anthracnose,Anthracnose,/content/drive/MyDrive/Papaya_Leaf_Disease_Classification/BDPapayaLeaf/Original Images/Anthracnose/Anthracnose(333).jpg,BDPapayaLeaf/Original Images/Anthracnose/Anthracnose(333).jpg,Anthracnose(333).jpg,Anthracnose(333),anthracnose(333),.jpg,183450,False,640,480,6b910013e2780d88dfb9e8050e4e3c953d260603,c0e073694577b13b,
image,Anthracnose,Anthracnose,/content/drive/MyDrive/Papaya_Leaf_Disease_Classification/BDPapayaLeaf/Original Images/Anthracnose/Anthracnose(334).jpg,BDPapayaLeaf/Original Images/Anthracnose/Anthracnose(334).jpg,Anthracnose(334).jpg,Anthracnose(334),anthracnose(334),.jpg,220589,False,640,480,42085b6a49342c0a23a0cc5fc53f0fda9381c0c6,93cd60e361e3a752,
image,Anthracnose,Anthracnose,/content/drive/MyDrive/Papaya_Leaf_Disease_Classification/BDPapayaLeaf/Original Images/Anthracnose/Anthracnose(335).jpg,BDPapayaLeaf/Original Images/Anthracnose/Anthracnose(335).jpg,Anthracnose(335).jpg,Anthracnose(335),anthracnose(335),.jpg,159709,False,640,480,6642dae4567009b7ae9b1d38ef1db265c55b1e9c,c9cd132becd4c0d3,
image,Anthracnose,Anthracnose,/content/drive/MyDrive/Papaya_Leaf_Disease_Classification/BDPapayaLeaf/Original Images/Anthracnose/Anthracnose(336).jpg,BDPapayaLeaf/Original Images/Anthracnose/Anthracnose(336).jpg,Anthracnose(336).jpg,Anthracnose(336),anthracnose(336),.jpg,188923,False,640,480,f134d438f410d54519910408894b4ea77c8aa3f9,cc4e1f97c28bbd10,
image,Anthracnose,Anthracnose,/content/drive/MyDrive/Papaya_Leaf_Disease_Classification/BDPapayaLeaf/Original Images/Anthracnose/Anthracnose(337).jpg,BDPapayaLeaf/Original Images/Anthracnose/Anthracnose(337).jpg,Anthracnose(337).jpg,Anthracnose(337),anthracnose(337),.jpg,177604,False,640,480,d4a63ecec98bd397f2dc8d3de41f350cd8de7dc2,d17e83438eb4cc53,
image,Anthracnose,Anthracnose,/content/drive/MyDrive/Papaya_Leaf_Disease_Classification/BDPapayaLeaf/Original Images/Anthracnose/Anthracnose(338).jpg,BDPapayaLeaf/Original Images/Anthracnose/Anthracnose(338).jpg,Anthracnose(338).jpg,Anthracnose(338),anthracnose(338),.jpg,179453,False,640,480,ff183b9ec1ba72592be3e944f22825d859bba22a,df60bc2718b3148f,
image,Anthracnose,Anthracnose,/content/drive/MyDrive/Papaya_Leaf_Disease_Classification/BDPapayaLeaf/Original Images/Anthracnose/Anthracnose(339).jpg,BDPapayaLeaf/Original Images/Anthracnose/Anthracnose(339).jpg,Anthracnose(339).jpg,Anthracnose(339),anthracnose(339),.jpg,191345,False,640,480,097531ae0bda3f5ee921be5ce90da2e8c44a10c0,dfe18c4eb0174873,
image,Anthracnose,Anthracnose,/content/drive/MyDrive/Papaya_Leaf_Disease_Classification/BDPapayaLeaf/Original Images/Anthracnose/Anthracnose(34).jpg,BDPapayaLeaf/Original Images/Anthracnose/Anthracnose(34).jpg,Anthracnose(34).jpg,Anthracnose(34),anthracnose(34),.jpg,119491,False,640,480,c88b7888ecd5c67ead7d42638763763066e44c1d,ce8983be909879ad,
image,Anthracnose,Anthracnose,/content/drive/MyDrive/Papaya_Leaf_Disease_Classification/BDPapayaLeaf/Original Images/Anthracnose/Anthracnose(340).jpg,BDPapayaLeaf/Original Images/Anthracnose/Anthracnose(340).jpg,Anthracnose(340).jpg,Anthracnose(340),anthracnose(340),.jpg,195345,False,640,480,c1d7ad5b8a9662a1d5357626cd8c298bf8b3f6ea,8cd952ebad560a55,
image,Anthracnose,Anthracnose,/content/drive/MyDrive/Papaya_Leaf_Disease_Classification/BDPapayaLeaf/Original Images/Anthracnose/Anthracnose(341).jpg,BDPapayaLeaf/Original Images/Anthracnose/Anthracnose(341).jpg,Anthracnose(341).jpg,Anthracnose(341),anthracnose(341),.jpg,185349,False,640,480,f83cf2188cdcc7639c2c722c6114c02d210977d9,aae696ccf9a68c84,
image,Anthracnose,Anthracnose,/content/drive/MyDrive/Papaya_Leaf_Disease_Classification/BDPapayaLeaf/Original Images/Anthracnose/Anthracnose(342).jpg,BDPapayaLeaf/Original Images/Anthracnose/Anthracnose(342).jpg,Anthracnose(342).jpg,Anthracnose(342),anthracnose(342),.jpg,193604,False,640,480,7cf59def3d5a7d32966f9bdd34477b6ada72daff,a3469eb9c1ab2e34,
image,Anthracnose,Anthracnose,/content/drive/MyDrive/Papaya_Leaf_Disease_Classification/BDPapayaLeaf/Original Images/Anthracnose/Anthracnose(343).jpg,BDPapayaLeaf/Original Images/Anthracnose/Anthracnose(343).jpg,Anthracnose(343).jpg,Anthracnose(343),anthracnose(343),.jpg,182060,False,640,480,1e65b9af3d284e3533f5ed91383bbd2a131143c8,83c4db69946ca35b,
image,Anthracnose,Anthracnose,/content/drive/MyDrive/Papaya_Leaf_Disease_Classification/BDPapayaLeaf/Original Images/Anthracnose/Anthracnose(344).jpg,BDPapayaLeaf/Original Images/Anthracnose/Anthracnose(344).jpg,Anthracnose(344).jpg,Anthracnose(344),anthracnose(344),.jpg,184271,False,640,480,af33785c364d7fd927d191598a2cd0d5e6d29f11,a6788b22abaac68f,
image,Anthracnose,Anthracnose,/content/drive/MyDrive/Papaya_Leaf_Disease_Classification/BDPapayaLeaf/Original Images/Anthracnose/Anthracnose(345).jpg,BDPapayaLeaf/Original Images/Anthracnose/Anthracnose(345).jpg,Anthracnose(345).jpg,Anthracnose(345),anthracnose(345),.jpg,185018,False,640,480,6e27725963635f4a0b15aae5836993e7fcd0f37b,b6c523598b5b5274,
image,Anthracnose,Anthracnose,/content/drive/MyDrive/Papaya_Leaf_Disease_Classification/BDPapayaLeaf/Original Images/Anthracnose/Anthracnose(346).jpg,BDPapayaLeaf/Original Images/Anthracnose/Anthracnose(346).jpg,Anthracnose(346).jpg,Anthracnose(346),anthracnose(346),.jpg,210601,False,640,480,ef5486273ec3e538788e53a1290c6d0eae04ebae,ac58a56af22f3986,
image,Anthracnose,Anthracnose,/content/drive/MyDrive/Papaya_Leaf_Disease_Classification/BDPapayaLeaf/Original Images/Anthracnose/Anthracnose(347).jpg,BDPapayaLeaf/Original Images/Anthracnose/Anthracnose(347).jpg,Anthracnose(347).jpg,Anthracnose(347),anthracnose(347),.jpg,151381,False,640,480,cd4b79c421224b530a36521f6c34e237df171d5c,9996eab71b1d1e80,
image,Anthracnose,Anthracnose,/content/drive/MyDrive/Papaya_Leaf_Disease_Classification/BDPapayaLeaf/Original Images/Anthracnose/Anthracnose(348).jpg,BDPapayaLeaf/Original Images/Anthracnose/Anthracnose(348).jpg,Anthracnose(348).jpg,Anthracnose(348),anthracnose(348),.jpg,175904,False,640,480,2098c901582ce43288a057065c9b890a22fbe935,d0ce9dd094c39f1c,
image,Anthracnose,Anthracnose,/content/drive/MyDrive/Papaya_Leaf_Disease_Classification/BDPapayaLeaf/Original Images/Anthracnose/Anthracnose(349).jpg,BDPapayaLeaf/Original Images/Anthracnose/Anthracnose(349).jpg,Anthracnose(349).jpg,Anthracnose(349),anthracnose(349),.jpg,167745,False,640,480,7da7b03db408f5d0a844aaa3ef74c2f717c012d0,c5d0ddec88a195dc,
image,Anthracnose,Anthracnose,/content/drive/MyDrive/Papaya_Leaf_Disease_Classification/BDPapayaLeaf/Original Images/Anthracnose/Anthracnose(35).jpg,BDPapayaLeaf/Original Images/Anthracnose/Anthracnose(35).jpg,Anthracnose(35).jpg,Anthracnose(35),anthracnose(35),.jpg,107525,False,640,480,39f015f472a06242f5a4ee252c487ea7574ffe69,8c945382e3faad5c,
image,Anthracnose,Anthracnose,/content/drive/MyDrive/Papaya_Leaf_Disease_Classification/BDPapayaLeaf/Original Images/Anthracnose/Anthracnose(350).jpg,BDPapayaLeaf/Original Images/Anthracnose/Anthracnose(350).jpg,Anthracnose(350).jpg,Anthracnose(350),anthracnose(350),.jpg,182291,False,640,480,96ab778ff4943aebaa99543d0354a9ab0504a8db,f3c6c20b0e88bdd5,
image,Anthracnose,Anthracnose,/content/drive/MyDrive/Papaya_Leaf_Disease_Classification/BDPapayaLeaf/Original Images/Anthracnose/Anthracnose(351).jpg,BDPapayaLeaf/Original Images/Anthracnose/Anthracnose(351).jpg,Anthracnose(351).jpg,Anthracnose(351),anthracnose(351),.jpg,194913,False,640,480,95cc843e349bb49dec11966f49834fc916da0119,f99780cd9c783a43,
image,Anthracnose,Anthracnose,/content/drive/MyDrive/Papaya_Leaf_Disease_Classification/BDPapayaLeaf/Original Images/Anthracnose/Anthracnose(352).jpg,BDPapayaLeaf/Original Images/Anthracnose/Anthracnose(352).jpg,Anthracnose(352).jpg,Anthracnose(352),anthracnose(352),.jpg,172881,False,640,480,8a93d5a46225e90c44dcc2306e420d52cc8e2d88,b397d4c4cfc88c98,
image,Anthracnose,Anthracnose,/content/drive/MyDrive/Papaya_Leaf_Disease_Classification/BDPapayaLeaf/Original Images/Anthracnose/Anthracnose(353).jpg,BDPapayaLeaf/Original Images/Anthracnose/Anthracnose(353).jpg,Anthracnose(353).jpg,Anthracnose(353),anthracnose(353),.jpg,183830,False,640,480,373eb048864c954bd097a3a013794ca9dcc8baff,979d0c0b3a15f963,
image,Anthracnose,Anthracnose,/content/drive/MyDrive/Papaya_Leaf_Disease_Classification/BDPapayaLeaf/Original Images/Anthracnose/Anthracnose(354).jpg,BDPapayaLeaf/Original Images/Anthracnose/Anthracnose(354).jpg,Anthracnose(354).jpg,Anthracnose(354),anthracnose(354),.jpg,225504,False,640,480,d8f0431efde634c4301dc1fb306dcbd5ce5dfd1f,912126e9fade1f21,
image,Anthracnose,Anthracnose,/content/drive/MyDrive/Papaya_Leaf_Disease_Classification/BDPapayaLeaf/Original Images/Anthracnose/Anthracnose(355).jpg,BDPapayaLeaf/Original Images/Anthracnose/Anthracnose(355).jpg,Anthracnose(355).jpg,Anthracnose(355),anthracnose(355),.jpg,155858,False,640,480,dc45d0991a215e7517c65b2abb49f73a78c10cfa,a2c27c3cde0fa15a,
image,Anthracnose,Anthracnose,/content/drive/MyDrive/Papaya_Leaf_Disease_Classification/BDPapayaLeaf/Original Images/Anthracnose/Anthracnose(36).jpg,BDPapayaLeaf/Original Images/Anthracnose/Anthracnose(36).jpg,Anthracnose(36).jpg,Anthracnose(36),anthracnose(36),.jpg,121524,False,640,480,7fdd35a5ae63438640656ddf93b6482950d9b321,c3c8ce60dcfa50f1,
image,Anthracnose,Anthracnose,/content/drive/MyDrive/Papaya_Leaf_Disease_Classification/BDPapayaLeaf/Original Images/Anthracnose/Anthracnose(37).jpg,BDPapayaLeaf/Original Images/Anthracnose/Anthracnose(37).jpg,Anthracnose(37).jpg,Anthracnose(37),anthracnose(37),.jpg,121157,False,640,480,e191767dff521ca0c560c745fbdbcd0796fb72ad,cc23acdb731eb508,
image,Anthracnose,Anthracnose,/content/drive/MyDrive/Papaya_Leaf_Disease_Classification/BDPapayaLeaf/Original Images/Anthracnose/Anthracnose(38).jpg,BDPapayaLeaf/Original Images/Anthracnose/Anthracnose(38).jpg,Anthracnose(38).jpg,Anthracnose(38),anthracnose(38),.jpg,105523,False,640,480,5ca9e0eb51146b2a5c860ff8c8d769866684f40d,a9bdb605d99981d4,
image,Anthracnose,Anthracnose,/content/drive/MyDrive/Papaya_Leaf_Disease_Classification/BDPapayaLeaf/Original Images/Anthracnose/Anthracnose(39).jpg,BDPapayaLeaf/Original Images/Anthracnose/Anthracnose(39).jpg,Anthracnose(39).jpg,Anthracnose(39),anthracnose(39),.jpg,121684,False,640,480,006f7dce9d85aaed762ff561feb2789668f0718a,f432a3c389554ec7,
image,Anthracnose,Anthracnose,/content/drive/MyDrive/Papaya_Leaf_Disease_Classification/BDPapayaLeaf/Original Images/Anthracnose/Anthracnose(4).jpg,BDPapayaLeaf/Original Images/Anthracnose/Anthracnose(4).jpg,Anthracnose(4).jpg,Anthracnose(4),anthracnose(4),.jpg,96171,False,640,480,2f480a4019b35e63ceb59fb446c69989c8296a53,8f959cd6e5799802,
image,Anthracnose,Anthracnose,/content/drive/MyDrive/Papaya_Leaf_Disease_Classification/BDPapayaLeaf/Original Images/Anthracnose/Anthracnose(40).jpg,BDPapayaLeaf/Original Images/Anthracnose/Anthracnose(40).jpg,Anthracnose(40).jpg,Anthracnose(40),anthracnose(40),.jpg,88519,False,640,480,c17f97004f41e1168a8e97e8803e0d267bb65b6f,b085b7f0c9555e1a,
image,Anthracnose,Anthracnose,/content/drive/MyDrive/Papaya_Leaf_Disease_Classification/BDPapayaLeaf/Original Images/Anthracnose/Anthracnose(41).jpg,BDPapayaLeaf/Original Images/Anthracnose/Anthracnose(41).jpg,Anthracnose(41).jpg,Anthracnose(41),anthracnose(41),.jpg,105415,False,640,480,596ea6e15f225f70b2f08378a639b41b48c66a7c,e3935aaba44ba515,
image,Anthracnose,Anthracnose,/content/drive/MyDrive/Papaya_Leaf_Disease_Classification/BDPapayaLeaf/Original Images/Anthracnose/Anthracnose(42).jpg,BDPapayaLeaf/Original Images/Anthracnose/Anthracnose(42).jpg,Anthracnose(42).jpg,Anthracnose(42),anthracnose(42),.jpg,82839,False,640,480,0a84556eaaaf3bc8fc2740b053af7d789859002e,bbc31337c411770e,
image,Anthracnose,Anthracnose,/content/drive/MyDrive/Papaya_Leaf_Disease_Classification/BDPapayaLeaf/Original Images/Anthracnose/Anthracnose(43).jpg,BDPapayaLeaf/Original Images/Anthracnose/Anthracnose(43).jpg,Anthracnose(43).jpg,Anthracnose(43),anthracnose(43),.jpg,88406,False,640,480,d9f2610ddd013236ca8f282c0c3f0924cba92241,87a2f2161b9fe119,
image,Anthracnose,Anthracnose,/content/drive/MyDrive/Papaya_Leaf_Disease_Classification/BDPapayaLeaf/Original Images/Anthracnose/Anthracnose(44).jpg,BDPapayaLeaf/Original Images/Anthracnose/Anthracnose(44).jpg,Anthracnose(44).jpg,Anthracnose(44),anthracnose(44),.jpg,90253,False,640,480,0516a30e8fc63f1b40e03013a6dcd7c5c8533def,b8cc1be3e6c83307,
image,Anthracnose,Anthracnose,/content/drive/MyDrive/Papaya_Leaf_Disease_Classification/BDPapayaLeaf/Original Images/Anthracnose/Anthracnose(45).jpg,BDPapayaLeaf/Original Images/Anthracnose/Anthracnose(45).jpg,Anthracnose(45).jpg,Anthracnose(45),anthracnose(45),.jpg,104689,False,640,480,6199b35cdc834841ea719809672d15682dd22ae5,e2d9cc87d3167a28,
image,Anthracnose,Anthracnose,/content/drive/MyDrive/Papaya_Leaf_Disease_Classification/BDPapayaLeaf/Original Images/Anthracnose/Anthracnose(46).jpg,BDPapayaLeaf/Original Images/Anthracnose/Anthracnose(46).jpg,Anthracnose(46).jpg,Anthracnose(46),anthracnose(46),.jpg,89346,False,640,480,a5adba8f9b1aba420fc4c51f16340f83eb4606bd,b40866fec89a6b2d,
image,Anthracnose,Anthracnose,/content/drive/MyDrive/Papaya_Leaf_Disease_Classification/BDPapayaLeaf/Original Images/Anthracnose/Anthracnose(47).jpg,BDPapayaLeaf/Original Images/Anthracnose/Anthracnose(47).jpg,Anthracnose(47).jpg,Anthracnose(47),anthracnose(47),.jpg,74563,False,640,480,6bc2ce60ea760b5b7aef467e67c279a35a2415be,d9ebe5c5048ccc5c,
image,Anthracnose,Anthracnose,/content/drive/MyDrive/Papaya_Leaf_Disease_Classification/BDPapayaLeaf/Original Images/Anthracnose/Anthracnose(48).jpg,BDPapayaLeaf/Original Images/Anthracnose/Anthracnose(48).jpg,Anthracnose(48).jpg,Anthracnose(48),anthracnose(48),.jpg,107154,False,640,480,5616aac6d7380b3b2ab0e975e950c6d39f3b6ec7,a9f8e6e43d152307,
image,Anthracnose,Anthracnose,/content/drive/MyDrive/Papaya_Leaf_Disease_Classification/BDPapayaLeaf/Original Images/Anthracnose/Anthracnose(49).jpg,BDPapayaLeaf/Original Images/Anthracnose/Anthracnose(49).jpg,Anthracnose(49).jpg,Anthracnose(49),anthracnose(49),.jpg,92339,False,640,480,ca4213d06cafc5f95435f0031ed96587f83c4028,99a0b926061b7dbb,
image,Anthracnose,Anthracnose,/content/drive/MyDrive/Papaya_Leaf_Disease_Classification/BDPapayaLeaf/Original Images/Anthracnose/Anthracnose(5).jpg,BDPapayaLeaf/Original Images/Anthracnose/Anthracnose(5).jpg,Anthracnose(5).jpg,Anthracnose(5),anthracnose(5),.jpg,115230,False,640,480,2d6b8b91b491cfd79bfd619fca7d2cf20aa4f908,cf6cf98984b08b95,
image,Anthracnose,Anthracnose,/content/drive/MyDrive/Papaya_Leaf_Disease_Classification/BDPapayaLeaf/Original Images/Anthracnose/Anthracnose(50).jpg,BDPapayaLeaf/Original Images/Anthracnose/Anthracnose(50).jpg,Anthracnose(50).jpg,Anthracnose(50),anthracnose(50),.jpg,74226,False,640,480,7be879caf2338df19fb6ec2061b7291bfa6ce7dc,ded45b6e69123509,
image,Anthracnose,Anthracnose,/content/drive/MyDrive/Papaya_Leaf_Disease_Classification/BDPapayaLeaf/Original Images/Anthracnose/Anthracnose(51).jpg,BDPapayaLeaf/Original Images/Anthracnose/Anthracnose(51).jpg,Anthracnose(51).jpg,Anthracnose(51),anthracnose(51),.jpg,86468,False,640,480,3437c86c7aa7b8179114fa69b89fedeae9e0ea94,96c80b6bed4db452,
image,Anthracnose,Anthracnose,/content/drive/MyDrive/Papaya_Leaf_Disease_Classification/BDPapayaLeaf/Original Images/Anthracnose/Anthracnose(52).jpg,BDPapayaLeaf/Original Images/Anthracnose/Anthracnose(52).jpg,Anthracnose(52).jpg,Anthracnose(52),anthracnose(52),.jpg,82249,False,640,480,3292349c17cf20af09bd962971ec83cad99c6962,83d14f38a8a1a79f,
image,Anthracnose,Anthracnose,/content/drive/MyDrive/Papaya_Leaf_Disease_Classification/BDPapayaLeaf/Original Images/Anthracnose/Anthracnose(53).jpg,BDPapayaLeaf/Original Images/Anthracnose/Anthracnose(53).jpg,Anthracnose(53).jpg,Anthracnose(53),anthracnose(53),.jpg,90873,False,640,480,14363e16697eec27e6be74318bdfb98870d140ec,d1195e4643312bfd,
image,Anthracnose,Anthracnose,/content/drive/MyDrive/Papaya_Leaf_Disease_Classification/BDPapayaLeaf/Original Images/Anthracnose/Anthracnose(54).jpg,BDPapayaLeaf/Original Images/Anthracnose/Anthracnose(54).jpg,Anthracnose(54).jpg,Anthracnose(54),anthracnose(54),.jpg,77739,False,640,480,e2fb9ba3248f9474d5d02518bee378e79cf58523,bd1f82847887bc3a,
image,Anthracnose,Anthracnose,/content/drive/MyDrive/Papaya_Leaf_Disease_Classification/BDPapayaLeaf/Original Images/Anthracnose/Anthracnose(55).jpg,BDPapayaLeaf/Original Images/Anthracnose/Anthracnose(55).jpg,Anthracnose(55).jpg,Anthracnose(55),anthracnose(55),.jpg,87681,False,640,480,c1cbfef2e20834154f8b4edaf6986c936c1d372e,8cfcf602ec1612e7,
image,Anthracnose,Anthracnose,/content/drive/MyDrive/Papaya_Leaf_Disease_Classification/BDPapayaLeaf/Original Images/Anthracnose/Anthracnose(56).jpg,BDPapayaLeaf/Original Images/Anthracnose/Anthracnose(56).jpg,Anthracnose(56).jpg,Anthracnose(56),anthracnose(56),.jpg,118461,False,640,480,c900be8e7c3c7ec10c64b608c534f492d09e5e03,f7b51452e888f307,
image,Anthracnose,Anthracnose,/content/drive/MyDrive/Papaya_Leaf_Disease_Classification/BDPapayaLeaf/Original Images/Anthracnose/Anthracnose(57).jpg,BDPapayaLeaf/Original Images/Anthracnose/Anthracnose(57).jpg,Anthracnose(57).jpg,Anthracnose(57),anthracnose(57),.jpg,109632,False,640,480,548c5e699a4b56fc15cba5af5d6a4b2295cad0e9,8659a9ce03ef109f,
image,Anthracnose,Anthracnose,/content/drive/MyDrive/Papaya_Leaf_Disease_Classification/BDPapayaLeaf/Original Images/Anthracnose/Anthracnose(58).jpg,BDPapayaLeaf/Original Images/Anthracnose/Anthracnose(58).jpg,Anthracnose(58).jpg,Anthracnose(58),anthracnose(58),.jpg,112220,False,640,480,8518fde8e932fec87d2e2875903e82f9f71ada8d,c1cf36130f35f2c1,
image,Anthracnose,Anthracnose,/content/drive/MyDrive/Papaya_Leaf_Disease_Classification/BDPapayaLeaf/Original Images/Anthracnose/Anthracnose(59).jpg,BDPapayaLeaf/Original Images/Anthracnose/Anthracnose(59).jpg,Anthracnose(59).jpg,Anthracnose(59),anthracnose(59),.jpg,83577,False,640,480,a8d6ddad323a6ea74307442ef0a69588964eb0c7,d4c2855aa9505aff,
image,Anthracnose,Anthracnose,/content/drive/MyDrive/Papaya_Leaf_Disease_Classification/BDPapayaLeaf/Original Images/Anthracnose/Anthracnose(6).jpg,BDPapayaLeaf/Original Images/Anthracnose/Anthracnose(6).jpg,Anthracnose(6).jpg,Anthracnose(6),anthracnose(6),.jpg,95947,False,640,480,1013058f9bf377f3c62a4f2eac07d3826b2bd941,ccd81cd2411eee9b,
image,Anthracnose,Anthracnose,/content/drive/MyDrive/Papaya_Leaf_Disease_Classification/BDPapayaLeaf/Original Images/Anthracnose/Anthracnose(60).jpg,BDPapayaLeaf/Original Images/Anthracnose/Anthracnose(60).jpg,Anthracnose(60).jpg,Anthracnose(60),anthracnose(60),.jpg,113388,False,640,480,c85fb386d315f3896c24f6445ad6a69810a006f0,bd02ea1c5b1257ec,
image,Anthracnose,Anthracnose,/content/drive/MyDrive/Papaya_Leaf_Disease_Classification/BDPapayaLeaf/Original Images/Anthracnose/Anthracnose(61).jpg,BDPapayaLeaf/Original Images/Anthracnose/Anthracnose(61).jpg,Anthracnose(61).jpg,Anthracnose(61),anthracnose(61),.jpg,105557,False,640,480,4036d16a1a6b9f2e2a19eee49041fb34adeff006,8de1eb95da295d40,
image,Anthracnose,Anthracnose,/content/drive/MyDrive/Papaya_Leaf_Disease_Classification/BDPapayaLeaf/Original Images/Anthracnose/Anthracnose(62).jpg,BDPapayaLeaf/Original Images/Anthracnose/Anthracnose(62).jpg,Anthracnose(62).jpg,Anthracnose(62),anthracnose(62),.jpg,113837,False,640,480,73217377629bbc603d5b096d7806993c1f87616c,c34eb40707172b5f,
image,Anthracnose,Anthracnose,/content/drive/MyDrive/Papaya_Leaf_Disease_Classification/BDPapayaLeaf/Original Images/Anthracnose/Anthracnose(63).jpg,BDPapayaLeaf/Original Images/Anthracnose/Anthracnose(63).jpg,Anthracnose(63).jpg,Anthracnose(63),anthracnose(63),.jpg,107587,False,640,480,b92db95f916154c4012084d8236bc1756efbfd63,d9dce4c34447a794,
image,Anthracnose,Anthracnose,/content/drive/MyDrive/Papaya_Leaf_Disease_Classification/BDPapayaLeaf/Original Images/Anthracnose/Anthracnose(64).jpg,BDPapayaLeaf/Original Images/Anthracnose/Anthracnose(64).jpg,Anthracnose(64).jpg,Anthracnose(64),anthracnose(64),.jpg,115740,False,640,480,745f6aab47d59b806c44bff9693506f49ced08eb,8cde43cbc1e9c349,
image,Anthracnose,Anthracnose,/content/drive/MyDrive/Papaya_Leaf_Disease_Classification/BDPapayaLeaf/Original Images/Anthracnose/Anthracnose(65).jpg,BDPapayaLeaf/Original Images/Anthracnose/Anthracnose(65).jpg,Anthracnose(65).jpg,Anthracnose(65),anthracnose(65),.jpg,111937,False,640,480,b1f84fcc8f93180991a50850706f337ec8948565,c7c609eea2aca6aa,
image,Anthracnose,Anthracnose,/content/drive/MyDrive/Papaya_Leaf_Disease_Classification/BDPapayaLeaf/Original Images/Anthracnose/Anthracnose(66).jpg,BDPapayaLeaf/Original Images/Anthracnose/Anthracnose(66).jpg,Anthracnose(66).jpg,Anthracnose(66),anthracnose(66),.jpg,103240,False,640,480,ad30b4a15b91633252909e9275d2ca435a9a62c5,bc9aef008f0ecc1d,
image,Anthracnose,Anthracnose,/content/drive/MyDrive/Papaya_Leaf_Disease_Classification/BDPapayaLeaf/Original Images/Anthracnose/Anthracnose(67).jpg,BDPapayaLeaf/Original Images/Anthracnose/Anthracnose(67).jpg,Anthracnose(67).jpg,Anthracnose(67),anthracnose(67),.jpg,89754,False,640,480,91af76ec72171bcbb418d423be3b42da46db3dd2,ff6a2086036bbdd0,
image,Anthracnose,Anthracnose,/content/drive/MyDrive/Papaya_Leaf_Disease_Classification/BDPapayaLeaf/Original Images/Anthracnose/Anthracnose(68).jpg,BDPapayaLeaf/Original Images/Anthracnose/Anthracnose(68).jpg,Anthracnose(68).jpg,Anthracnose(68),anthracnose(68),.jpg,86043,False,640,480,d5004652a2ab040db478e6626b69491c2ee366fa,c8475fb9b4422a67,
image,Anthracnose,Anthracnose,/content/drive/MyDrive/Papaya_Leaf_Disease_Classification/BDPapayaLeaf/Original Images/Anthracnose/Anthracnose(69).jpg,BDPapayaLeaf/Original Images/Anthracnose/Anthracnose(69).jpg,Anthracnose(69).jpg,Anthracnose(69),anthracnose(69),.jpg,87564,False,640,480,e57e5f06106668efafe26d82012f4d9a236253b0,c0dea0ed8fbcd881,
image,Anthracnose,Anthracnose,/content/drive/MyDrive/Papaya_Leaf_Disease_Classification/BDPapayaLeaf/Original Images/Anthracnose/Anthracnose(7).jpg,BDPapayaLeaf/Original Images/Anthracnose/Anthracnose(7).jpg,Anthracnose(7).jpg,Anthracnose(7),anthracnose(7),.jpg,116944,False,640,480,5ad22acf9621d86067374653ed8d298b42f85fd8,cc99be8aacb485b8,
image,Anthracnose,Anthracnose,/content/drive/MyDrive/Papaya_Leaf_Disease_Classification/BDPapayaLeaf/Original Images/Anthracnose/Anthracnose(70).jpg,BDPapayaLeaf/Original Images/Anthracnose/Anthracnose(70).jpg,Anthracnose(70).jpg,Anthracnose(70),anthracnose(70),.jpg,133117,False,640,480,be0d222ead15020efaa0944711f5fc3b4c149520,b59e42603e5f0f13,
image,Anthracnose,Anthracnose,/content/drive/MyDrive/Papaya_Leaf_Disease_Classification/BDPapayaLeaf/Original Images/Anthracnose/Anthracnose(71).jpg,BDPapayaLeaf/Original Images/Anthracnose/Anthracnose(71).jpg,Anthracnose(71).jpg,Anthracnose(71),anthracnose(71),.jpg,120339,False,640,480,9326c6ea11f4e0b1881db8caa14206de6d1875cd,abd3f5e280aca81d,
image,Anthracnose,Anthracnose,/content/drive/MyDrive/Papaya_Leaf_Disease_Classification/BDPapayaLeaf/Original Images/Anthracnose/Anthracnose(72).jpg,BDPapayaLeaf/Original Images/Anthracnose/Anthracnose(72).jpg,Anthracnose(72).jpg,Anthracnose(72),anthracnose(72),.jpg,117783,False,640,480,29fc5347875e653e3cac2a2c97e11b79097fdccc,c94aa8a5f3c85877,
image,Anthracnose,Anthracnose,/content/drive/MyDrive/Papaya_Leaf_Disease_Classification/BDPapayaLeaf/Original Images/Anthracnose/Anthracnose(73).jpg,BDPapayaLeaf/Original Images/Anthracnose/Anthracnose(73).jpg,Anthracnose(73).jpg,Anthracnose(73),anthracnose(73),.jpg,114787,False,640,480,a47d34d43824bc092e81474029b6c1c7f287464e,ede5d4420e94f5a4,
image,Anthracnose,Anthracnose,/content/drive/MyDrive/Papaya_Leaf_Disease_Classification/BDPapayaLeaf/Original Images/Anthracnose/Anthracnose(74).jpg,BDPapayaLeaf/Original Images/Anthracnose/Anthracnose(74).jpg,Anthracnose(74).jpg,Anthracnose(74),anthracnose(74),.jpg,115421,False,640,480,d77491f74df4e8ced2eadeadf2e31e2ce7c6ccdc,aac88acffc011df8,
image,Anthracnose,Anthracnose,/content/drive/MyDrive/Papaya_Leaf_Disease_Classification/BDPapayaLeaf/Original Images/Anthracnose/Anthracnose(75).jpg,BDPapayaLeaf/Original Images/Anthracnose/Anthracnose(75).jpg,Anthracnose(75).jpg,Anthracnose(75),anthracnose(75),.jpg,102495,False,640,480,e6a044e46d483ebe74ae602bb614ef84f335bfbd,c9f53ca8d11652cb,
image,Anthracnose,Anthracnose,/content/drive/MyDrive/Papaya_Leaf_Disease_Classification/BDPapayaLeaf/Original Images/Anthracnose/Anthracnose(76).jpg,BDPapayaLeaf/Original Images/Anthracnose/Anthracnose(76).jpg,Anthracnose(76).jpg,Anthracnose(76),anthracnose(76),.jpg,113945,False,640,480,e3b4a2a6fd9e1c0aaf2d1ab0e587586561137e1f,dc85545eec744b54,
image,Anthracnose,Anthracnose,/content/drive/MyDrive/Papaya_Leaf_Disease_Classification/BDPapayaLeaf/Original Images/Anthracnose/Anthracnose(77).jpg,BDPapayaLeaf/Original Images/Anthracnose/Anthracnose(77).jpg,Anthracnose(77).jpg,Anthracnose(77),anthracnose(77),.jpg,125485,False,640,480,b65993bfc8075090afc54c284fea5edaf9a72a7c,ba50587aba98596b,
image,Anthracnose,Anthracnose,/content/drive/MyDrive/Papaya_Leaf_Disease_Classification/BDPapayaLeaf/Original Images/Anthracnose/Anthracnose(78).jpg,BDPapayaLeaf/Original Images/Anthracnose/Anthracnose(78).jpg,Anthracnose(78).jpg,Anthracnose(78),anthracnose(78),.jpg,107044,False,640,480,c010bcc8413f1a228fb73b8a4251870bf1453d6e,aeda30aa7255f1e0,
image,Anthracnose,Anthracnose,/content/drive/MyDrive/Papaya_Leaf_Disease_Classification/BDPapayaLeaf/Original Images/Anthracnose/Anthracnose(79).jpg,BDPapayaLeaf/Original Images/Anthracnose/Anthracnose(79).jpg,Anthracnose(79).jpg,Anthracnose(79),anthracnose(79),.jpg,120409,False,640,480,6e4d98843775c2d09b72240b0eef888f0fa396fe,b38b055e6c82a9bd,
image,Anthracnose,Anthracnose,/content/drive/MyDrive/Papaya_Leaf_Disease_Classification/BDPapayaLeaf/Original Images/Anthracnose/Anthracnose(8).jpg,BDPapayaLeaf/Original Images/Anthracnose/Anthracnose(8).jpg,Anthracnose(8).jpg,Anthracnose(8),anthracnose(8),.jpg,66730,False,640,480,a53e78d4b42a79f3e9d3aa86128075957f66dfe5,cebbb2151ceac143,
image,Anthracnose,Anthracnose,/content/drive/MyDrive/Papaya_Leaf_Disease_Classification/BDPapayaLeaf/Original Images/Anthracnose/Anthracnose(80).jpg,BDPapayaLeaf/Original Images/Anthracnose/Anthracnose(80).jpg,Anthracnose(80).jpg,Anthracnose(80),anthracnose(80),.jpg,101412,False,640,480,d7d55bd8d20deec0312ae32f7ac41e9d66fb5583,a518bcbcf17256a8,
image,Anthracnose,Anthracnose,/content/drive/MyDrive/Papaya_Leaf_Disease_Classification/BDPapayaLeaf/Original Images/Anthracnose/Anthracnose(81).jpg,BDPapayaLeaf/Original Images/Anthracnose/Anthracnose(81).jpg,Anthracnose(81).jpg,Anthracnose(81),anthracnose(81),.jpg,118941,False,640,480,164ef2d5eae259d3f4bf5669ad60ce2dde87e86a,fcb11709db00c3f9,
image,Anthracnose,Anthracnose,/content/drive/MyDrive/Papaya_Leaf_Disease_Classification/BDPapayaLeaf/Original Images/Anthracnose/Anthracnose(82).jpg,BDPapayaLeaf/Original Images/Anthracnose/Anthracnose(82).jpg,Anthracnose(82).jpg,Anthracnose(82),anthracnose(82),.jpg,103777,False,640,480,eccae2956e2d768c86fae3f049be3297f69de84a,a588d26955b5b5b2,
image,Anthracnose,Anthracnose,/content/drive/MyDrive/Papaya_Leaf_Disease_Classification/BDPapayaLeaf/Original Images/Anthracnose/Anthracnose(83).jpg,BDPapayaLeaf/Original Images/Anthracnose/Anthracnose(83).jpg,Anthracnose(83).jpg,Anthracnose(83),anthracnose(83),.jpg,100610,False,640,480,a942487f8c4d2cdfd0b58ceb86c801e4de45799f,dbd4851e28e1fe60,
image,Anthracnose,Anthracnose,/content/drive/MyDrive/Papaya_Leaf_Disease_Classification/BDPapayaLeaf/Original Images/Anthracnose/Anthracnose(84).jpg,BDPapayaLeaf/Original Images/Anthracnose/Anthracnose(84).jpg,Anthracnose(84).jpg,Anthracnose(84),anthracnose(84),.jpg,94278,False,640,480,919b46660652e69e0ba0097a326ce2dbe7becc34,9afce08a0bfcaa31,
image,Anthracnose,Anthracnose,/content/drive/MyDrive/Papaya_Leaf_Disease_Classification/BDPapayaLeaf/Original Images/Anthracnose/Anthracnose(85).jpg,BDPapayaLeaf/Original Images/Anthracnose/Anthracnose(85).jpg,Anthracnose(85).jpg,Anthracnose(85),anthracnose(85),.jpg,95654,False,640,480,fdd2092cdab62cab0383345e23059acebe4c1dc8,addad065953d9542,
image,Anthracnose,Anthracnose,/content/drive/MyDrive/Papaya_Leaf_Disease_Classification/BDPapayaLeaf/Original Images/Anthracnose/Anthracnose(86).jpg,BDPapayaLeaf/Original Images/Anthracnose/Anthracnose(86).jpg,Anthracnose(86).jpg,Anthracnose(86),anthracnose(86),.jpg,106083,False,640,480,e9369b115879c464d5e2739cecb6e2db0993b328,88c657baaa9ff00a,
image,Anthracnose,Anthracnose,/content/drive/MyDrive/Papaya_Leaf_Disease_Classification/BDPapayaLeaf/Original Images/Anthracnose/Anthracnose(87).jpg,BDPapayaLeaf/Original Images/Anthracnose/Anthracnose(87).jpg,Anthracnose(87).jpg,Anthracnose(87),anthracnose(87),.jpg,98465,False,640,480,76d379ceb05fedb54ce2c31217f213392446cbf3,caa59495d5fa58e0,
image,Anthracnose,Anthracnose,/content/drive/MyDrive/Papaya_Leaf_Disease_Classification/BDPapayaLeaf/Original Images/Anthracnose/Anthracnose(88).jpg,BDPapayaLeaf/Original Images/Anthracnose/Anthracnose(88).jpg,Anthracnose(88).jpg,Anthracnose(88),anthracnose(88),.jpg,87081,False,640,480,c2d0aa0c191a63b2963593ebe5480b02e3f4b6fb,88c0a514fae517fe,
image,Anthracnose,Anthracnose,/content/drive/MyDrive/Papaya_Leaf_Disease_Classification/BDPapayaLeaf/Original Images/Anthracnose/Anthracnose(89).jpg,BDPapayaLeaf/Original Images/Anthracnose/Anthracnose(89).jpg,Anthracnose(89).jpg,Anthracnose(89),anthracnose(89),.jpg,105759,False,640,480,b1a28e0e6c78dfaf40896a65982c29ae41712019,ad83f31075247e72,
image,Anthracnose,Anthracnose,/content/drive/MyDrive/Papaya_Leaf_Disease_Classification/BDPapayaLeaf/Original Images/Anthracnose/Anthracnose(9).jpg,BDPapayaLeaf/Original Images/Anthracnose/Anthracnose(9).jpg,Anthracnose(9).jpg,Anthracnose(9),anthracnose(9),.jpg,95183,False,640,480,d437ba493159970271cd7abb7f6ca0e107b39fcb,e3926a2d7a86856e,
image,Anthracnose,Anthracnose,/content/drive/MyDrive/Papaya_Leaf_Disease_Classification/BDPapayaLeaf/Original Images/Anthracnose/Anthracnose(90).jpg,BDPapayaLeaf/Original Images/Anthracnose/Anthracnose(90).jpg,Anthracnose(90).jpg,Anthracnose(90),anthracnose(90),.jpg,123872,False,640,480,6b9424ae2b87afbb1c488d863ec501ee6156478c,ee9e9111f7199314,
image,Anthracnose,Anthracnose,/content/drive/MyDrive/Papaya_Leaf_Disease_Classification/BDPapayaLeaf/Original Images/Anthracnose/Anthracnose(91).jpg,BDPapayaLeaf/Original Images/Anthracnose/Anthracnose(91).jpg,Anthracnose(91).jpg,Anthracnose(91),anthracnose(91),.jpg,129374,False,640,480,6be8533555af0e1d192e43a33eff197d0ef636eb,88d9962f65c3bc34,
image,Anthracnose,Anthracnose,/content/drive/MyDrive/Papaya_Leaf_Disease_Classification/BDPapayaLeaf/Original Images/Anthracnose/Anthracnose(92).jpg,BDPapayaLeaf/Original Images/Anthracnose/Anthracnose(92).jpg,Anthracnose(92).jpg,Anthracnose(92),anthracnose(92),.jpg,114033,False,640,480,a84b0133b8b1154fcea6e626efa1eeed21d6e796,8ea80b6db0b543fc,
image,Anthracnose,Anthracnose,/content/drive/MyDrive/Papaya_Leaf_Disease_Classification/BDPapayaLeaf/Original Images/Anthracnose/Anthracnose(93).jpg,BDPapayaLeaf/Original Images/Anthracnose/Anthracnose(93).jpg,Anthracnose(93).jpg,Anthracnose(93),anthracnose(93),.jpg,112040,False,640,480,a6b1edb762b5695722fa2d845dbaa334fa4f07e4,adfaa59533f0003e,
image,Anthracnose,Anthracnose,/content/drive/MyDrive/Papaya_Leaf_Disease_Classification/BDPapayaLeaf/Original Images/Anthracnose/Anthracnose(94).jpg,BDPapayaLeaf/Original Images/Anthracnose/Anthracnose(94).jpg,Anthracnose(94).jpg,Anthracnose(94),anthracnose(94),.jpg,110350,False,640,480,6182c5359579a4132558aef853eed8b49cadb32b,bec01f4f0012fde6,
image,Anthracnose,Anthracnose,/content/drive/MyDrive/Papaya_Leaf_Disease_Classification/BDPapayaLeaf/Original Images/Anthracnose/Anthracnose(95).jpg,BDPapayaLeaf/Original Images/Anthracnose/Anthracnose(95).jpg,Anthracnose(95).jpg,Anthracnose(95),anthracnose(95),.jpg,121621,False,640,480,a51f8c67ee0380db3b92742e952750b1c8e72204,cedc06dae502fd06,
image,Anthracnose,Anthracnose,/content/drive/MyDrive/Papaya_Leaf_Disease_Classification/BDPapayaLeaf/Original Images/Anthracnose/Anthracnose(96).jpg,BDPapayaLeaf/Original Images/Anthracnose/Anthracnose(96).jpg,Anthracnose(96).jpg,Anthracnose(96),anthracnose(96),.jpg,216306,False,640,480,a09920a534862856f239a9a36d21974f66d43c3f,8d8996d69e5ad10b,
image,Anthracnose,Anthracnose,/content/drive/MyDrive/Papaya_Leaf_Disease_Classification/BDPapayaLeaf/Original Images/Anthracnose/Anthracnose(97).jpg,BDPapayaLeaf/Original Images/Anthracnose/Anthracnose(97).jpg,Anthracnose(97).jpg,Anthracnose(97),anthracnose(97),.jpg,214041,False,640,480,56b0a8f92f45064d325f119d5e6ab6be60298f7a,acad15de3d92ca50,
image,Anthracnose,Anthracnose,/content/drive/MyDrive/Papaya_Leaf_Disease_Classification/BDPapayaLeaf/Original Images/Anthracnose/Anthracnose(98).jpg,BDPapayaLeaf/Original Images/Anthracnose/Anthracnose(98).jpg,Anthracnose(98).jpg,Anthracnose(98),anthracnose(98),.jpg,206979,False,640,480,42dd369c4283113c11fe9b219d649a274adc56e1,ff96856de0cb28c0,
image,Anthracnose,Anthracnose,/content/drive/MyDrive/Papaya_Leaf_Disease_Classification/BDPapayaLeaf/Original Images/Anthracnose/Anthracnose(99).jpg,BDPapayaLeaf/Original Images/Anthracnose/Anthracnose(99).jpg,Anthracnose(99).jpg,Anthracnose(99),anthracnose(99),.jpg,247026,False,640,480,e58357ff83db72b0f4564c5a1abc8c6217314231,9cd37536030789f5,
image,BacterialSpot,BacterialSpot,/content/drive/MyDrive/Papaya_Leaf_Disease_Classification/BDPapayaLeaf/Original Images/BacterialSpot/BacterialSpot(1).jpg,BDPapayaLeaf/Original Images/BacterialSpot/BacterialSpot(1).jpg,BacterialSpot(1).jpg,BacterialSpot(1),bacterialspot(1),.jpg,100497,False,640,480,d78d13ea7da523d2bab42677d998c182398de853,fcb1536c965a6065,
image,BacterialSpot,BacterialSpot,/content/drive/MyDrive/Papaya_Leaf_Disease_Classification/BDPapayaLeaf/Original Images/BacterialSpot/BacterialSpot(10).jpg,BDPapayaLeaf/Original Images/BacterialSpot/BacterialSpot(10).jpg,BacterialSpot(10).jpg,BacterialSpot(10),bacterialspot(10),.jpg,111128,False,640,480,395c8dc7f25d8ed043e51004c44ddbc87d708505,f8983d81b7079c5a,
image,BacterialSpot,BacterialSpot,/content/drive/MyDrive/Papaya_Leaf_Disease_Classification/BDPapayaLeaf/Original Images/BacterialSpot/BacterialSpot(100).jpg,BDPapayaLeaf/Original Images/BacterialSpot/BacterialSpot(100).jpg,BacterialSpot(100).jpg,BacterialSpot(100),bacterialspot(100),.jpg,99437,False,640,480,e6164a6dd7a7c3a08ce91abf9163d5e1e147b2eb,f0b3b320cf4e41c7,
image,BacterialSpot,BacterialSpot,/content/drive/MyDrive/Papaya_Leaf_Disease_Classification/BDPapayaLeaf/Original Images/BacterialSpot/BacterialSpot(101).jpg,BDPapayaLeaf/Original Images/BacterialSpot/BacterialSpot(101).jpg,BacterialSpot(101).jpg,BacterialSpot(101),bacterialspot(101),.jpg,120985,False,640,480,1366061f5337fd2dd1dc9cd3d8234ca58475c080,d4584ba906bd3cf1,
image,BacterialSpot,BacterialSpot,/content/drive/MyDrive/Papaya_Leaf_Disease_Classification/BDPapayaLeaf/Original Images/BacterialSpot/BacterialSpot(102).jpg,BDPapayaLeaf/Original Images/BacterialSpot/BacterialSpot(102).jpg,BacterialSpot(102).jpg,BacterialSpot(102),bacterialspot(102),.jpg,94631,False,640,480,d64799044fac78fbcd28ca3214a5852b29b27fa9,c378053ce1873eb6,
image,BacterialSpot,BacterialSpot,/content/drive/MyDrive/Papaya_Leaf_Disease_Classification/BDPapayaLeaf/Original Images/BacterialSpot/BacterialSpot(103).jpg,BDPapayaLeaf/Original Images/BacterialSpot/BacterialSpot(103).jpg,BacterialSpot(103).jpg,BacterialSpot(103),bacterialspot(103),.jpg,117198,False,640,480,35075aabcdfdce38797a29e546d2b9872291f87f,834e39e3f059c783,
image,BacterialSpot,BacterialSpot,/content/drive/MyDrive/Papaya_Leaf_Disease_Classification/BDPapayaLeaf/Original Images/BacterialSpot/BacterialSpot(104).jpg,BDPapayaLeaf/Original Images/BacterialSpot/BacterialSpot(104).jpg,BacterialSpot(104).jpg,BacterialSpot(104),bacterialspot(104),.jpg,80236,False,640,480,6d3e117ce087c4e374df76559b0dd8796aec3eef,a79fb42112e4dacc,
image,BacterialSpot,BacterialSpot,/content/drive/MyDrive/Papaya_Leaf_Disease_Classification/BDPapayaLeaf/Original Images/BacterialSpot/BacterialSpot(105).jpg,BDPapayaLeaf/Original Images/BacterialSpot/BacterialSpot(105).jpg,BacterialSpot(105).jpg,BacterialSpot(105),bacterialspot(105),.jpg,143859,False,640,480,3fa6a7e540f36b5fd8b19f0ffcf98e5a22f1d9e6,aea85df5e052f580,
image,BacterialSpot,BacterialSpot,/content/drive/MyDrive/Papaya_Leaf_Disease_Classification/BDPapayaLeaf/Original Images/BacterialSpot/BacterialSpot(106).jpg,BDPapayaLeaf/Original Images/BacterialSpot/BacterialSpot(106).jpg,BacterialSpot(106).jpg,BacterialSpot(106),bacterialspot(106),.jpg,144974,False,640,480,b2eae94cbb93c386a0d6cc00737194a94485a6d7,a20dd9c2c996c5fa,
image,BacterialSpot,BacterialSpot,/content/drive/MyDrive/Papaya_Leaf_Disease_Classification/BDPapayaLeaf/Original Images/BacterialSpot/BacterialSpot(107).jpg,BDPapayaLeaf/Original Images/BacterialSpot/BacterialSpot(107).jpg,BacterialSpot(107).jpg,BacterialSpot(107),bacterialspot(107),.jpg,123215,False,640,480,4678f26e5108d70f99141f5c5d703bc7c35aa325,acb6ea29a5a59652,
image,BacterialSpot,BacterialSpot,/content/drive/MyDrive/Papaya_Leaf_Disease_Classification/BDPapayaLeaf/Original Images/BacterialSpot/BacterialSpot(108).jpg,BDPapayaLeaf/Original Images/BacterialSpot/BacterialSpot(108).jpg,BacterialSpot(108).jpg,BacterialSpot(108),bacterialspot(108),.jpg,114713,False,640,480,8a214fccbbd923048fafa5ad5f2b4e9588b29631,9e69d698628c916f,
image,BacterialSpot,BacterialSpot,/content/drive/MyDrive/Papaya_Leaf_Disease_Classification/BDPapayaLeaf/Original Images/BacterialSpot/BacterialSpot(109).jpg,BDPapayaLeaf/Original Images/BacterialSpot/BacterialSpot(109).jpg,BacterialSpot(109).jpg,BacterialSpot(109),bacterialspot(109),.jpg,124611,False,640,480,11ac2c9827bd162ed108d34c80c9795ba5bcbed4,edac89e5155d405e,
image,BacterialSpot,BacterialSpot,/content/drive/MyDrive/Papaya_Leaf_Disease_Classification/BDPapayaLeaf/Original Images/BacterialSpot/BacterialSpot(11).jpg,BDPapayaLeaf/Original Images/BacterialSpot/BacterialSpot(11).jpg,BacterialSpot(11).jpg,BacterialSpot(11),bacterialspot(11),.jpg,120845,False,640,480,38bdfe5d59f0e93747aa00ab156726faeade682a,aed2ea1de4c20b4e,
image,BacterialSpot,BacterialSpot,/content/drive/MyDrive/Papaya_Leaf_Disease_Classification/BDPapayaLeaf/Original Images/BacterialSpot/BacterialSpot(110).jpg,BDPapayaLeaf/Original Images/BacterialSpot/BacterialSpot(110).jpg,BacterialSpot(110).jpg,BacterialSpot(110),bacterialspot(110),.jpg,125568,False,640,480,6573a964b79804c139fae961a2352234800c9844,a9edd1d1a12d1c1e,
image,BacterialSpot,BacterialSpot,/content/drive/MyDrive/Papaya_Leaf_Disease_Classification/BDPapayaLeaf/Original Images/BacterialSpot/BacterialSpot(111).jpg,BDPapayaLeaf/Original Images/BacterialSpot/BacterialSpot(111).jpg,BacterialSpot(111).jpg,BacterialSpot(111),bacterialspot(111),.jpg,133607,False,640,480,0815e98707136f2799c787e9fc53a4b9c013baf3,af44a984279f44eb,
image,BacterialSpot,BacterialSpot,/content/drive/MyDrive/Papaya_Leaf_Disease_Classification/BDPapayaLeaf/Original Images/BacterialSpot/BacterialSpot(112).jpg,BDPapayaLeaf/Original Images/BacterialSpot/BacterialSpot(112).jpg,BacterialSpot(112).jpg,BacterialSpot(112),bacterialspot(112),.jpg,139797,False,640,480,f65d2daa888bc27406fe6bd877f2b2b54b994ba1,eaae8aa987632bd0,
image,BacterialSpot,BacterialSpot,/content/drive/MyDrive/Papaya_Leaf_Disease_Classification/BDPapayaLeaf/Original Images/BacterialSpot/BacterialSpot(113).jpg,BDPapayaLeaf/Original Images/BacterialSpot/BacterialSpot(113).jpg,BacterialSpot(113).jpg,BacterialSpot(113),bacterialspot(113),.jpg,129568,False,640,480,198bea09fae2977bb1ee645d4526cd8b878b260b,8c5b2aabe505bd94,
image,BacterialSpot,BacterialSpot,/content/drive/MyDrive/Papaya_Leaf_Disease_Classification/BDPapayaLeaf/Original Images/BacterialSpot/BacterialSpot(114).jpg,BDPapayaLeaf/Original Images/BacterialSpot/BacterialSpot(114).jpg,BacterialSpot(114).jpg,BacterialSpot(114),bacterialspot(114),.jpg,136609,False,640,480,8fc3c990143193a5b60c04f27a49f307b7885997,b407a602d35dadab,
image,BacterialSpot,BacterialSpot,/content/drive/MyDrive/Papaya_Leaf_Disease_Classification/BDPapayaLeaf/Original Images/BacterialSpot/BacterialSpot(115).jpg,BDPapayaLeaf/Original Images/BacterialSpot/BacterialSpot(115).jpg,BacterialSpot(115).jpg,BacterialSpot(115),bacterialspot(115),.jpg,67765,False,640,480,d4b9b56f8298dfc8fd1264663384c743068b7460,95c583845d88bafe,
image,BacterialSpot,BacterialSpot,/content/drive/MyDrive/Papaya_Leaf_Disease_Classification/BDPapayaLeaf/Original Images/BacterialSpot/BacterialSpot(116).jpg,BDPapayaLeaf/Original Images/BacterialSpot/BacterialSpot(116).jpg,BacterialSpot(116).jpg,BacterialSpot(116),bacterialspot(116),.jpg,95377,False,640,480,eaa452fac24fdf02532b5ef05501be58994ed356,94dcb117fae34960,
image,BacterialSpot,BacterialSpot,/content/drive/MyDrive/Papaya_Leaf_Disease_Classification/BDPapayaLeaf/Original Images/BacterialSpot/BacterialSpot(117).jpg,BDPapayaLeaf/Original Images/BacterialSpot/BacterialSpot(117).jpg,BacterialSpot(117).jpg,BacterialSpot(117),bacterialspot(117),.jpg,111310,False,640,480,5eac9a572d5df3b5a2df5ba622c5a39d60b74472,adbbd4d5bda04310,
image,BacterialSpot,BacterialSpot,/content/drive/MyDrive/Papaya_Leaf_Disease_Classification/BDPapayaLeaf/Original Images/BacterialSpot/BacterialSpot(118).jpg,BDPapayaLeaf/Original Images/BacterialSpot/BacterialSpot(118).jpg,BacterialSpot(118).jpg,BacterialSpot(118),bacterialspot(118),.jpg,108016,False,640,480,bed3112091572955444215293f8d991e9cc76eec,e706160ef06f78b2,
image,BacterialSpot,BacterialSpot,/content/drive/MyDrive/Papaya_Leaf_Disease_Classification/BDPapayaLeaf/Original Images/BacterialSpot/BacterialSpot(119).jpg,BDPapayaLeaf/Original Images/BacterialSpot/BacterialSpot(119).jpg,BacterialSpot(119).jpg,BacterialSpot(119),bacterialspot(119),.jpg,100048,False,640,480,0f5c9685baf61fb6f433a04c035a870bb7e328de,97a859a6599d6255,
image,BacterialSpot,BacterialSpot,/content/drive/MyDrive/Papaya_Leaf_Disease_Classification/BDPapayaLeaf/Original Images/BacterialSpot/BacterialSpot(12).jpg,BDPapayaLeaf/Original Images/BacterialSpot/BacterialSpot(12).jpg,BacterialSpot(12).jpg,BacterialSpot(12),bacterialspot(12),.jpg,135270,False,640,480,f002e06f1016c67acb2222004f1bfbc71488aeef,c5d2492ffcc45e14,
image,BacterialSpot,BacterialSpot,/content/drive/MyDrive/Papaya_Leaf_Disease_Classification/BDPapayaLeaf/Original Images/BacterialSpot/BacterialSpot(120).jpg,BDPapayaLeaf/Original Images/BacterialSpot/BacterialSpot(120).jpg,BacterialSpot(120).jpg,BacterialSpot(120),bacterialspot(120),.jpg,94147,False,640,480,86252107d4d076acf8aad52be48ad89ebfe0ea2a,ecc6ea06a5fa7109,
image,BacterialSpot,BacterialSpot,/content/drive/MyDrive/Papaya_Leaf_Disease_Classification/BDPapayaLeaf/Original Images/BacterialSpot/BacterialSpot(121).jpg,BDPapayaLeaf/Original Images/BacterialSpot/BacterialSpot(121).jpg,BacterialSpot(121).jpg,BacterialSpot(121),bacterialspot(121),.jpg,115358,False,640,480,300718173b20765f824dd811db43d53c1c407568,80a49b8bdded6272,
image,BacterialSpot,BacterialSpot,/content/drive/MyDrive/Papaya_Leaf_Disease_Classification/BDPapayaLeaf/Original Images/BacterialSpot/BacterialSpot(122).jpg,BDPapayaLeaf/Original Images/BacterialSpot/BacterialSpot(122).jpg,BacterialSpot(122).jpg,BacterialSpot(122),bacterialspot(122),.jpg,121105,False,640,480,0096f514d97050122afa4bd0edb60a51e5bd2937,cd85028395ba1fcf,
image,BacterialSpot,BacterialSpot,/content/drive/MyDrive/Papaya_Leaf_Disease_Classification/BDPapayaLeaf/Original Images/BacterialSpot/BacterialSpot(123).jpg,BDPapayaLeaf/Original Images/BacterialSpot/BacterialSpot(123).jpg,BacterialSpot(123).jpg,BacterialSpot(123),bacterialspot(123),.jpg,107108,False,640,480,301fde70de9319caad502e9550c9bafb0b68b499,aeb6d1545a8c2f52,
image,BacterialSpot,BacterialSpot,/content/drive/MyDrive/Papaya_Leaf_Disease_Classification/BDPapayaLeaf/Original Images/BacterialSpot/BacterialSpot(124).jpg,BDPapayaLeaf/Original Images/BacterialSpot/BacterialSpot(124).jpg,BacterialSpot(124).jpg,BacterialSpot(124),bacterialspot(124),.jpg,114801,False,640,480,75ae50eec0b945873254bc2ccd0fcebc8c6ddcae,8ecc2b2dd4f514b8,
image,BacterialSpot,BacterialSpot,/content/drive/MyDrive/Papaya_Leaf_Disease_Classification/BDPapayaLeaf/Original Images/BacterialSpot/BacterialSpot(125).jpg,BDPapayaLeaf/Original Images/BacterialSpot/BacterialSpot(125).jpg,BacterialSpot(125).jpg,BacterialSpot(125),bacterialspot(125),.jpg,117989,False,640,480,cf4388aa53b274d25702d1bec9ba758c3797195f,cdc8a11cd4f1865f,
image,BacterialSpot,BacterialSpot,/content/drive/MyDrive/Papaya_Leaf_Disease_Classification/BDPapayaLeaf/Original Images/BacterialSpot/BacterialSpot(126).jpg,BDPapayaLeaf/Original Images/BacterialSpot/BacterialSpot(126).jpg,BacterialSpot(126).jpg,BacterialSpot(126),bacterialspot(126),.jpg,123935,False,640,480,a63ffb8c50f9610bfd76aa3478aa1be99ee36860,edc0ad9550bf50aa,
image,BacterialSpot,BacterialSpot,/content/drive/MyDrive/Papaya_Leaf_Disease_Classification/BDPapayaLeaf/Original Images/BacterialSpot/BacterialSpot(127).jpg,BDPapayaLeaf/Original Images/BacterialSpot/BacterialSpot(127).jpg,BacterialSpot(127).jpg,BacterialSpot(127),bacterialspot(127),.jpg,153822,False,640,480,4e3ed24f6da9f0e167f2325f9618c5961d67d27f,83873ab3b58a8d4e,
image,BacterialSpot,BacterialSpot,/content/drive/MyDrive/Papaya_Leaf_Disease_Classification/BDPapayaLeaf/Original Images/BacterialSpot/BacterialSpot(128).jpg,BDPapayaLeaf/Original Images/BacterialSpot/BacterialSpot(128).jpg,BacterialSpot(128).jpg,BacterialSpot(128),bacterialspot(128),.jpg,123484,False,640,480,33b4b8bf9d3c67de5c5c27d36a69f2583a8f98fa,8e81544f5357e3aa,
image,BacterialSpot,BacterialSpot,/content/drive/MyDrive/Papaya_Leaf_Disease_Classification/BDPapayaLeaf/Original Images/BacterialSpot/BacterialSpot(129).jpg,BDPapayaLeaf/Original Images/BacterialSpot/BacterialSpot(129).jpg,BacterialSpot(129).jpg,BacterialSpot(129),bacterialspot(129),.jpg,106141,False,640,480,75b37ffb3ed3a3abfe3e2862386981963f019fd7,9545d0369acb733c,
image,BacterialSpot,BacterialSpot,/content/drive/MyDrive/Papaya_Leaf_Disease_Classification/BDPapayaLeaf/Original Images/BacterialSpot/BacterialSpot(13).jpg,BDPapayaLeaf/Original Images/BacterialSpot/BacterialSpot(13).jpg,BacterialSpot(13).jpg,BacterialSpot(13),bacterialspot(13),.jpg,113259,False,640,480,1522785478c1fa774deed7b554e660a1d58320b1,b5923271030bab7f,
image,BacterialSpot,BacterialSpot,/content/drive/MyDrive/Papaya_Leaf_Disease_Classification/BDPapayaLeaf/Original Images/BacterialSpot/BacterialSpot(130).jpg,BDPapayaLeaf/Original Images/BacterialSpot/BacterialSpot(130).jpg,BacterialSpot(130).jpg,BacterialSpot(130),bacterialspot(130),.jpg,105499,False,640,480,0be1812f5516d909cb8a2831b55a9dbe6c511c80,a989d889f865361f,
image,BacterialSpot,BacterialSpot,/content/drive/MyDrive/Papaya_Leaf_Disease_Classification/BDPapayaLeaf/Original Images/BacterialSpot/BacterialSpot(131).jpg,BDPapayaLeaf/Original Images/BacterialSpot/BacterialSpot(131).jpg,BacterialSpot(131).jpg,BacterialSpot(131),bacterialspot(131),.jpg,102835,False,640,480,2c6f4be4e9403042ac2684496d739d6a0e6593e6,b989001ff8aaf5c3,
image,BacterialSpot,BacterialSpot,/content/drive/MyDrive/Papaya_Leaf_Disease_Classification/BDPapayaLeaf/Original Images/BacterialSpot/BacterialSpot(132).jpg,BDPapayaLeaf/Original Images/BacterialSpot/BacterialSpot(132).jpg,BacterialSpot(132).jpg,BacterialSpot(132),bacterialspot(132),.jpg,95532,False,640,480,ec5fc977039e86d2ed8d82e7a90dae27bcc5aff2,e38a8d9f3f090c8e,
image,BacterialSpot,BacterialSpot,/content/drive/MyDrive/Papaya_Leaf_Disease_Classification/BDPapayaLeaf/Original Images/BacterialSpot/BacterialSpot(133).jpg,BDPapayaLeaf/Original Images/BacterialSpot/BacterialSpot(133).jpg,BacterialSpot(133).jpg,BacterialSpot(133),bacterialspot(133),.jpg,96086,False,640,480,9be4d2445fd543ff1101f890a53695c380781ab7,be807fb01153955b,
image,BacterialSpot,BacterialSpot,/content/drive/MyDrive/Papaya_Leaf_Disease_Classification/BDPapayaLeaf/Original Images/BacterialSpot/BacterialSpot(134).jpg,BDPapayaLeaf/Original Images/BacterialSpot/BacterialSpot(134).jpg,BacterialSpot(134).jpg,BacterialSpot(134),bacterialspot(134),.jpg,109561,False,640,480,f3ac9a036afee49cf526ecff698b0b4e94ae4121,9abd97d04b432716,
image,BacterialSpot,BacterialSpot,/content/drive/MyDrive/Papaya_Leaf_Disease_Classification/BDPapayaLeaf/Original Images/BacterialSpot/BacterialSpot(135).jpg,BDPapayaLeaf/Original Images/BacterialSpot/BacterialSpot(135).jpg,BacterialSpot(135).jpg,BacterialSpot(135),bacterialspot(135),.jpg,94545,False,640,480,643f866108bb31945a03b3de1d59de6d735e6aed,fc7d585aa015d0da,
image,BacterialSpot,BacterialSpot,/content/drive/MyDrive/Papaya_Leaf_Disease_Classification/BDPapayaLeaf/Original Images/BacterialSpot/BacterialSpot(136).jpg,BDPapayaLeaf/Original Images/BacterialSpot/BacterialSpot(136).jpg,BacterialSpot(136).jpg,BacterialSpot(136),bacterialspot(136),.jpg,102507,False,640,480,1e79d24a8aeb11ac71ec448ff5ca14dcfa3fb140,87e433355149cadd,
image,BacterialSpot,BacterialSpot,/content/drive/MyDrive/Papaya_Leaf_Disease_Classification/BDPapayaLeaf/Original Images/BacterialSpot/BacterialSpot(137).jpg,BDPapayaLeaf/Original Images/BacterialSpot/BacterialSpot(137).jpg,BacterialSpot(137).jpg,BacterialSpot(137),bacterialspot(137),.jpg,103970,False,640,480,62d553b49eb275e692c84d2103f7376bce993a2b,c881f0c347ae1d5f,
image,BacterialSpot,BacterialSpot,/content/drive/MyDrive/Papaya_Leaf_Disease_Classification/BDPapayaLeaf/Original Images/BacterialSpot/BacterialSpot(138).jpg,BDPapayaLeaf/Original Images/BacterialSpot/BacterialSpot(138).jpg,BacterialSpot(138).jpg,BacterialSpot(138),bacterialspot(138),.jpg,86719,False,640,480,c93e0cbee17b9e4d2eb77ef5203be0048a65542c,8bed270eaa9454a7,
image,BacterialSpot,BacterialSpot,/content/drive/MyDrive/Papaya_Leaf_Disease_Classification/BDPapayaLeaf/Original Images/BacterialSpot/BacterialSpot(139).jpg,BDPapayaLeaf/Original Images/BacterialSpot/BacterialSpot(139).jpg,BacterialSpot(139).jpg,BacterialSpot(139),bacterialspot(139),.jpg,101522,False,640,480,cf03958c6879fbdd3b385c226cf077779400bc23,8e985ae98442ba7f,
image,BacterialSpot,BacterialSpot,/content/drive/MyDrive/Papaya_Leaf_Disease_Classification/BDPapayaLeaf/Original Images/BacterialSpot/BacterialSpot(14).jpg,BDPapayaLeaf/Original Images/BacterialSpot/BacterialSpot(14).jpg,BacterialSpot(14).jpg,BacterialSpot(14),bacterialspot(14),.jpg,119969,False,640,480,4f0fa5b8ac0de82be6aced2914004c62f938e43b,b4825b19bc7849bd,
image,BacterialSpot,BacterialSpot,/content/drive/MyDrive/Papaya_Leaf_Disease_Classification/BDPapayaLeaf/Original Images/BacterialSpot/BacterialSpot(140).jpg,BDPapayaLeaf/Original Images/BacterialSpot/BacterialSpot(140).jpg,BacterialSpot(140).jpg,BacterialSpot(140),bacterialspot(140),.jpg,84748,False,640,480,44b3e40993a80c29930968f2149c8343ba69aea6,bef4490596692db2,
image,BacterialSpot,BacterialSpot,/content/drive/MyDrive/Papaya_Leaf_Disease_Classification/BDPapayaLeaf/Original Images/BacterialSpot/BacterialSpot(141).jpg,BDPapayaLeaf/Original Images/BacterialSpot/BacterialSpot(141).jpg,BacterialSpot(141).jpg,BacterialSpot(141),bacterialspot(141),.jpg,90036,False,640,480,46ab0cd9d949fb529fc7e4befe86c3dc8585b0e7,d8c68acea81daba3,
image,BacterialSpot,BacterialSpot,/content/drive/MyDrive/Papaya_Leaf_Disease_Classification/BDPapayaLeaf/Original Images/BacterialSpot/BacterialSpot(142).jpg,BDPapayaLeaf/Original Images/BacterialSpot/BacterialSpot(142).jpg,BacterialSpot(142).jpg,BacterialSpot(142),bacterialspot(142),.jpg,108357,False,640,480,51654cf33f68bd8a1ce85c98c0d0aa895d051c1c,aa9687eaa9e1d291,
image,BacterialSpot,BacterialSpot,/content/drive/MyDrive/Papaya_Leaf_Disease_Classification/BDPapayaLeaf/Original Images/BacterialSpot/BacterialSpot(143).jpg,BDPapayaLeaf/Original Images/BacterialSpot/BacterialSpot(143).jpg,BacterialSpot(143).jpg,BacterialSpot(143),bacterialspot(143),.jpg,108002,False,640,480,5b8c71e591124ea7acc0ad0dc6fcc9f073817dd7,add229afa5556505,
image,BacterialSpot,BacterialSpot,/content/drive/MyDrive/Papaya_Leaf_Disease_Classification/BDPapayaLeaf/Original Images/BacterialSpot/BacterialSpot(144).jpg,BDPapayaLeaf/Original Images/BacterialSpot/BacterialSpot(144).jpg,BacterialSpot(144).jpg,BacterialSpot(144),bacterialspot(144),.jpg,66801,False,640,480,c8cebf0967f102ac47293ff57c2bd33a7a50c9eb,9aeaaaa1adb98525,
image,BacterialSpot,BacterialSpot,/content/drive/MyDrive/Papaya_Leaf_Disease_Classification/BDPapayaLeaf/Original Images/BacterialSpot/BacterialSpot(145).jpg,BDPapayaLeaf/Original Images/BacterialSpot/BacterialSpot(145).jpg,BacterialSpot(145).jpg,BacterialSpot(145),bacterialspot(145),.jpg,79181,False,640,480,f84e34e9e3f38607a414cef997d8c06974b47277,82d65da6671269b9,
image,BacterialSpot,BacterialSpot,/content/drive/MyDrive/Papaya_Leaf_Disease_Classification/BDPapayaLeaf/Original Images/BacterialSpot/BacterialSpot(146).jpg,BDPapayaLeaf/Original Images/BacterialSpot/BacterialSpot(146).jpg,BacterialSpot(146).jpg,BacterialSpot(146),bacterialspot(146),.jpg,90518,False,640,480,8973f23b2ddaa6db7b71db19dd86e92ffa96007a,a2cc999b3f761a14,
image,BacterialSpot,BacterialSpot,/content/drive/MyDrive/Papaya_Leaf_Disease_Classification/BDPapayaLeaf/Original Images/BacterialSpot/BacterialSpot(147).jpg,BDPapayaLeaf/Original Images/BacterialSpot/BacterialSpot(147).jpg,BacterialSpot(147).jpg,BacterialSpot(147),bacterialspot(147),.jpg,109679,False,640,480,5923cd99936ca26345090b6001b031f2347e9507,acc0d7b552aa55ca,
image,BacterialSpot,BacterialSpot,/content/drive/MyDrive/Papaya_Leaf_Disease_Classification/BDPapayaLeaf/Original Images/BacterialSpot/BacterialSpot(148).jpg,BDPapayaLeaf/Original Images/BacterialSpot/BacterialSpot(148).jpg,BacterialSpot(148).jpg,BacterialSpot(148),bacterialspot(148),.jpg,103776,False,640,480,8bd1943e64cc9a0c6d4060b37ecb1d1da2f2846d,add442d4c61ece6c,
image,BacterialSpot,BacterialSpot,/content/drive/MyDrive/Papaya_Leaf_Disease_Classification/BDPapayaLeaf/Original Images/BacterialSpot/BacterialSpot(149).jpg,BDPapayaLeaf/Original Images/BacterialSpot/BacterialSpot(149).jpg,BacterialSpot(149).jpg,BacterialSpot(149),bacterialspot(149),.jpg,96139,False,640,480,5fdc929ec5157b95b66cf81cfa9a2a4aab6ee0f3,afd45c5a136b4a92,
image,BacterialSpot,BacterialSpot,/content/drive/MyDrive/Papaya_Leaf_Disease_Classification/BDPapayaLeaf/Original Images/BacterialSpot/BacterialSpot(15).jpg,BDPapayaLeaf/Original Images/BacterialSpot/BacterialSpot(15).jpg,BacterialSpot(15).jpg,BacterialSpot(15),bacterialspot(15),.jpg,131338,False,640,480,4ccad997a9ee046833821ceed06703efd1d77018,fd88b852c7f02a0f,
image,BacterialSpot,BacterialSpot,/content/drive/MyDrive/Papaya_Leaf_Disease_Classification/BDPapayaLeaf/Original Images/BacterialSpot/BacterialSpot(150).jpg,BDPapayaLeaf/Original Images/BacterialSpot/BacterialSpot(150).jpg,BacterialSpot(150).jpg,BacterialSpot(150),bacterialspot(150),.jpg,100013,False,640,480,b52e4252cb57c2e445e0f44392fe0a63baa951d5,a8b2d6d2a6adb454,
image,BacterialSpot,BacterialSpot,/content/drive/MyDrive/Papaya_Leaf_Disease_Classification/BDPapayaLeaf/Original Images/BacterialSpot/BacterialSpot(151).jpg,BDPapayaLeaf/Original Images/BacterialSpot/BacterialSpot(151).jpg,BacterialSpot(151).jpg,BacterialSpot(151),bacterialspot(151),.jpg,97870,False,640,480,2f13809667c8f0711fa7e161b8492bfe7668d75c,abe17f023f05321b,
image,BacterialSpot,BacterialSpot,/content/drive/MyDrive/Papaya_Leaf_Disease_Classification/BDPapayaLeaf/Original Images/BacterialSpot/BacterialSpot(152).jpg,BDPapayaLeaf/Original Images/BacterialSpot/BacterialSpot(152).jpg,BacterialSpot(152).jpg,BacterialSpot(152),bacterialspot(152),.jpg,106233,False,640,480,a8f49503002a9ce15828281094407d25b88e08e1,9ccf0f6865f5e006,
image,BacterialSpot,BacterialSpot,/content/drive/MyDrive/Papaya_Leaf_Disease_Classification/BDPapayaLeaf/Original Images/BacterialSpot/BacterialSpot(153).jpg,BDPapayaLeaf/Original Images/BacterialSpot/BacterialSpot(153).jpg,BacterialSpot(153).jpg,BacterialSpot(153),bacterialspot(153),.jpg,98304,False,640,480,047eadb094f47c3e33b41c0e15892deaef1b5124,869ef704bd13d1c8,
image,BacterialSpot,BacterialSpot,/content/drive/MyDrive/Papaya_Leaf_Disease_Classification/BDPapayaLeaf/Original Images/BacterialSpot/BacterialSpot(154).jpg,BDPapayaLeaf/Original Images/BacterialSpot/BacterialSpot(154).jpg,BacterialSpot(154).jpg,BacterialSpot(154),bacterialspot(154),.jpg,70536,False,640,480,1f65785c95ce84d272d0a923bf5f7a8edc987387,eacad281511317bf,
image,BacterialSpot,BacterialSpot,/content/drive/MyDrive/Papaya_Leaf_Disease_Classification/BDPapayaLeaf/Original Images/BacterialSpot/BacterialSpot(155).jpg,BDPapayaLeaf/Original Images/BacterialSpot/BacterialSpot(155).jpg,BacterialSpot(155).jpg,BacterialSpot(155),bacterialspot(155),.jpg,82595,False,640,480,0260e76b8106f8956ac3c37704e19df4a9995475,92cdd5d445d05eb2,
image,BacterialSpot,BacterialSpot,/content/drive/MyDrive/Papaya_Leaf_Disease_Classification/BDPapayaLeaf/Original Images/BacterialSpot/BacterialSpot(156).jpg,BDPapayaLeaf/Original Images/BacterialSpot/BacterialSpot(156).jpg,BacterialSpot(156).jpg,BacterialSpot(156),bacterialspot(156),.jpg,97685,False,640,480,9622f82416c92e42dc5baa73425363ad43741fb2,a488cbb5d55d68d4,
image,BacterialSpot,BacterialSpot,/content/drive/MyDrive/Papaya_Leaf_Disease_Classification/BDPapayaLeaf/Original Images/BacterialSpot/BacterialSpot(157).jpg,BDPapayaLeaf/Original Images/BacterialSpot/BacterialSpot(157).jpg,BacterialSpot(157).jpg,BacterialSpot(157),bacterialspot(157),.jpg,91378,False,640,480,1dd0cb4054bc3cbc3f9c6bee3ae5e447f0c2a5ec,bbac93c04a1be837,
image,BacterialSpot,BacterialSpot,/content/drive/MyDrive/Papaya_Leaf_Disease_Classification/BDPapayaLeaf/Original Images/BacterialSpot/BacterialSpot(158).jpg,BDPapayaLeaf/Original Images/BacterialSpot/BacterialSpot(158).jpg,BacterialSpot(158).jpg,BacterialSpot(158),bacterialspot(158),.jpg,105475,False,640,480,9bd47a75435c7f6ddba61fa14bebd11593ea8616,bdb0915343a7ce49,
image,BacterialSpot,BacterialSpot,/content/drive/MyDrive/Papaya_Leaf_Disease_Classification/BDPapayaLeaf/Original Images/BacterialSpot/BacterialSpot(159).jpg,BDPapayaLeaf/Original Images/BacterialSpot/BacterialSpot(159).jpg,BacterialSpot(159).jpg,BacterialSpot(159),bacterialspot(159),.jpg,101266,False,640,480,15639a40224619018234ac43217bd0c6750bf173,a1e0da9665d16e8b,
image,BacterialSpot,BacterialSpot,/content/drive/MyDrive/Papaya_Leaf_Disease_Classification/BDPapayaLeaf/Original Images/BacterialSpot/BacterialSpot(16).jpg,BDPapayaLeaf/Original Images/BacterialSpot/BacterialSpot(16).jpg,BacterialSpot(16).jpg,BacterialSpot(16),bacterialspot(16),.jpg,114620,False,640,480,abead92029108c05f4fe26d631b113e8fcf82380,f012534d649f1adb,
image,BacterialSpot,BacterialSpot,/content/drive/MyDrive/Papaya_Leaf_Disease_Classification/BDPapayaLeaf/Original Images/BacterialSpot/BacterialSpot(160).jpg,BDPapayaLeaf/Original Images/BacterialSpot/BacterialSpot(160).jpg,BacterialSpot(160).jpg,BacterialSpot(160),bacterialspot(160),.jpg,87710,False,640,480,0de74a68040e62115952677e16343ea28570c8b2,bce896b54a25e952,
image,BacterialSpot,BacterialSpot,/content/drive/MyDrive/Papaya_Leaf_Disease_Classification/BDPapayaLeaf/Original Images/BacterialSpot/BacterialSpot(161).jpg,BDPapayaLeaf/Original Images/BacterialSpot/BacterialSpot(161).jpg,BacterialSpot(161).jpg,BacterialSpot(161),bacterialspot(161),.jpg,96570,False,640,480,0c1b4cf19326b028fae82e98e9296ac7d542887e,a8d4e56d0b12beac,
image,BacterialSpot,BacterialSpot,/content/drive/MyDrive/Papaya_Leaf_Disease_Classification/BDPapayaLeaf/Original Images/BacterialSpot/BacterialSpot(162).jpg,BDPapayaLeaf/Original Images/BacterialSpot/BacterialSpot(162).jpg,BacterialSpot(162).jpg,BacterialSpot(162),bacterialspot(162),.jpg,100737,False,640,480,4c6d86b8830f9d0226c181cfe33414d8ed2174a7,aa6bceae9458c896,
image,BacterialSpot,BacterialSpot,/content/drive/MyDrive/Papaya_Leaf_Disease_Classification/BDPapayaLeaf/Original Images/BacterialSpot/BacterialSpot(163).jpg,BDPapayaLeaf/Original Images/BacterialSpot/BacterialSpot(163).jpg,BacterialSpot(163).jpg,BacterialSpot(163),bacterialspot(163),.jpg,95624,False,640,480,e1278f9a6cad639b71dd815bf615f221f5034e88,aad296425ba9a5ad,
image,BacterialSpot,BacterialSpot,/content/drive/MyDrive/Papaya_Leaf_Disease_Classification/BDPapayaLeaf/Original Images/BacterialSpot/BacterialSpot(164).jpg,BDPapayaLeaf/Original Images/BacterialSpot/BacterialSpot(164).jpg,BacterialSpot(164).jpg,BacterialSpot(164),bacterialspot(164),.jpg,76783,False,640,480,bf5d83077541b4c8ad486575a2ce77c78d1ecfbf,ac16d46bcf595494,
image,BacterialSpot,BacterialSpot,/content/drive/MyDrive/Papaya_Leaf_Disease_Classification/BDPapayaLeaf/Original Images/BacterialSpot/BacterialSpot(165).jpg,BDPapayaLeaf/Original Images/BacterialSpot/BacterialSpot(165).jpg,BacterialSpot(165).jpg,BacterialSpot(165),bacterialspot(165),.jpg,91124,False,640,480,13eb52889265c4676095549db8cecb53b3fac0fa,ea47aba1157186b6,
image,BacterialSpot,BacterialSpot,/content/drive/MyDrive/Papaya_Leaf_Disease_Classification/BDPapayaLeaf/Original Images/BacterialSpot/BacterialSpot(166).jpg,BDPapayaLeaf/Original Images/BacterialSpot/BacterialSpot(166).jpg,BacterialSpot(166).jpg,BacterialSpot(166),bacterialspot(166),.jpg,90913,False,640,480,274786d5e4fc4af673c578312c4ebf4ae7cd53d7,cae64a25d2e5b592,
image,BacterialSpot,BacterialSpot,/content/drive/MyDrive/Papaya_Leaf_Disease_Classification/BDPapayaLeaf/Original Images/BacterialSpot/BacterialSpot(167).jpg,BDPapayaLeaf/Original Images/BacterialSpot/BacterialSpot(167).jpg,BacterialSpot(167).jpg,BacterialSpot(167),bacterialspot(167),.jpg,76979,False,640,480,82d6601c4ecb0fd370841d6e013c8688b920e6e8,a7d2f561bca09255,
image,BacterialSpot,BacterialSpot,/content/drive/MyDrive/Papaya_Leaf_Disease_Classification/BDPapayaLeaf/Original Images/BacterialSpot/BacterialSpot(168).jpg,BDPapayaLeaf/Original Images/BacterialSpot/BacterialSpot(168).jpg,BacterialSpot(168).jpg,BacterialSpot(168),bacterialspot(168),.jpg,96259,False,640,480,796f65ad40847165d272fa35ff1591ddd79f5038,cb92b685deacc03c,
image,BacterialSpot,BacterialSpot,/content/drive/MyDrive/Papaya_Leaf_Disease_Classification/BDPapayaLeaf/Original Images/BacterialSpot/BacterialSpot(169).jpg,BDPapayaLeaf/Original Images/BacterialSpot/BacterialSpot(169).jpg,BacterialSpot(169).jpg,BacterialSpot(169),bacterialspot(169),.jpg,110813,False,640,480,4a7eae4d6c0ca26308c8c662d2edb1433ff5834f,978f927491252f87,
image,BacterialSpot,BacterialSpot,/content/drive/MyDrive/Papaya_Leaf_Disease_Classification/BDPapayaLeaf/Original Images/BacterialSpot/BacterialSpot(17).jpg,BDPapayaLeaf/Original Images/BacterialSpot/BacterialSpot(17).jpg,BacterialSpot(17).jpg,BacterialSpot(17),bacterialspot(17),.jpg,131284,False,640,480,c6aa5f163f8f839ae138e992db32e5ba73ca3abb,99dcf8d278871ea0,
image,BacterialSpot,BacterialSpot,/content/drive/MyDrive/Papaya_Leaf_Disease_Classification/BDPapayaLeaf/Original Images/BacterialSpot/BacterialSpot(170).jpg,BDPapayaLeaf/Original Images/BacterialSpot/BacterialSpot(170).jpg,BacterialSpot(170).jpg,BacterialSpot(170),bacterialspot(170),.jpg,99956,False,640,480,7e4e9c993c1fee3ee7714b1398a1160f465ede20,b5cda5d641f94186,
image,BacterialSpot,BacterialSpot,/content/drive/MyDrive/Papaya_Leaf_Disease_Classification/BDPapayaLeaf/Original Images/BacterialSpot/BacterialSpot(171).jpg,BDPapayaLeaf/Original Images/BacterialSpot/BacterialSpot(171).jpg,BacterialSpot(171).jpg,BacterialSpot(171),bacterialspot(171),.jpg,84405,False,640,480,532483678daf2c4a481de6581e8a747d2ea33519,aaf1c4ecf141aa17,
image,BacterialSpot,BacterialSpot,/content/drive/MyDrive/Papaya_Leaf_Disease_Classification/BDPapayaLeaf/Original Images/BacterialSpot/BacterialSpot(172).jpg,BDPapayaLeaf/Original Images/BacterialSpot/BacterialSpot(172).jpg,BacterialSpot(172).jpg,BacterialSpot(172),bacterialspot(172),.jpg,72909,False,640,480,81b5a1b9ad15a9f65563d95a40008c4c20bf8923,acb596a2556ab8a3,
image,BacterialSpot,BacterialSpot,/content/drive/MyDrive/Papaya_Leaf_Disease_Classification/BDPapayaLeaf/Original Images/BacterialSpot/BacterialSpot(173).jpg,BDPapayaLeaf/Original Images/BacterialSpot/BacterialSpot(173).jpg,BacterialSpot(173).jpg,BacterialSpot(173),bacterialspot(173),.jpg,92282,False,640,480,be1454530cc62d9ba0aae5f039c1d67b8524eafc,cc540bffc27d2815,
image,BacterialSpot,BacterialSpot,/content/drive/MyDrive/Papaya_Leaf_Disease_Classification/BDPapayaLeaf/Original Images/BacterialSpot/BacterialSpot(174).jpg,BDPapayaLeaf/Original Images/BacterialSpot/BacterialSpot(174).jpg,BacterialSpot(174).jpg,BacterialSpot(174),bacterialspot(174),.jpg,105823,False,640,480,74c40a88bb487296a00b938f2a597bd91b6ed8fb,9c4265367297f532,
image,BacterialSpot,BacterialSpot,/content/drive/MyDrive/Papaya_Leaf_Disease_Classification/BDPapayaLeaf/Original Images/BacterialSpot/BacterialSpot(175).jpg,BDPapayaLeaf/Original Images/BacterialSpot/BacterialSpot(175).jpg,BacterialSpot(175).jpg,BacterialSpot(175),bacterialspot(175),.jpg,102037,False,640,480,c0b1aa6de85937b6b1cc8b1cd86c175472d461c0,8cf5d24a2d78b28b,
image,BacterialSpot,BacterialSpot,/content/drive/MyDrive/Papaya_Leaf_Disease_Classification/BDPapayaLeaf/Original Images/BacterialSpot/BacterialSpot(176).jpg,BDPapayaLeaf/Original Images/BacterialSpot/BacterialSpot(176).jpg,BacterialSpot(176).jpg,BacterialSpot(176),bacterialspot(176),.jpg,89841,False,640,480,f48b7463ae1d7f756178faa1096cbc95176ede96,8c7e527a5a6a4a95,
image,BacterialSpot,BacterialSpot,/content/drive/MyDrive/Papaya_Leaf_Disease_Classification/BDPapayaLeaf/Original Images/BacterialSpot/BacterialSpot(177).jpg,BDPapayaLeaf/Original Images/BacterialSpot/BacterialSpot(177).jpg,BacterialSpot(177).jpg,BacterialSpot(177),bacterialspot(177),.jpg,111179,False,640,480,8cb66a983bf17e3282e0e39da79b9957964e999e,ef878486565ee819,
image,BacterialSpot,BacterialSpot,/content/drive/MyDrive/Papaya_Leaf_Disease_Classification/BDPapayaLeaf/Original Images/BacterialSpot/BacterialSpot(178).jpg,BDPapayaLeaf/Original Images/BacterialSpot/BacterialSpot(178).jpg,BacterialSpot(178).jpg,BacterialSpot(178),bacterialspot(178),.jpg,103291,False,640,480,e5d5471e592296e51ed62497a8547e780f269c37,ac4107bcf945f538,
image,BacterialSpot,BacterialSpot,/content/drive/MyDrive/Papaya_Leaf_Disease_Classification/BDPapayaLeaf/Original Images/BacterialSpot/BacterialSpot(179).jpg,BDPapayaLeaf/Original Images/BacterialSpot/BacterialSpot(179).jpg,BacterialSpot(179).jpg,BacterialSpot(179),bacterialspot(179),.jpg,92751,False,640,480,ded5f86ea2e10a0964f965ca186854b5946aaff3,be86c1ec3d2b3704,
image,BacterialSpot,BacterialSpot,/content/drive/MyDrive/Papaya_Leaf_Disease_Classification/BDPapayaLeaf/Original Images/BacterialSpot/BacterialSpot(18).jpg,BDPapayaLeaf/Original Images/BacterialSpot/BacterialSpot(18).jpg,BacterialSpot(18).jpg,BacterialSpot(18),bacterialspot(18),.jpg,134321,False,640,480,01a7e72bc281d93635134aa1943275bc2b5a3f61,eca78550c38f7c49,
image,BacterialSpot,BacterialSpot,/content/drive/MyDrive/Papaya_Leaf_Disease_Classification/BDPapayaLeaf/Original Images/BacterialSpot/BacterialSpot(180).jpg,BDPapayaLeaf/Original Images/BacterialSpot/BacterialSpot(180).jpg,BacterialSpot(180).jpg,BacterialSpot(180),bacterialspot(180),.jpg,102405,False,640,480,2adf874e3493160811d02c2eaa9728efee914a4e,ab8ca3b0545da8ed,
image,BacterialSpot,BacterialSpot,/content/drive/MyDrive/Papaya_Leaf_Disease_Classification/BDPapayaLeaf/Original Images/BacterialSpot/BacterialSpot(181).jpg,BDPapayaLeaf/Original Images/BacterialSpot/BacterialSpot(181).jpg,BacterialSpot(181).jpg,BacterialSpot(181),bacterialspot(181),.jpg,119250,False,640,480,1aa98c6a0cd36f4d4fc57f923ac64ebf9845f5e2,a4618b5f1d3e5958,
image,BacterialSpot,BacterialSpot,/content/drive/MyDrive/Papaya_Leaf_Disease_Classification/BDPapayaLeaf/Original Images/BacterialSpot/BacterialSpot(182).jpg,BDPapayaLeaf/Original Images/BacterialSpot/BacterialSpot(182).jpg,BacterialSpot(182).jpg,BacterialSpot(182),bacterialspot(182),.jpg,145922,False,640,480,30470e0ae145f730b75ca0217a5e863221317649,b9f3c6cf021cba28,
image,BacterialSpot,BacterialSpot,/content/drive/MyDrive/Papaya_Leaf_Disease_Classification/BDPapayaLeaf/Original Images/BacterialSpot/BacterialSpot(183).jpg,BDPapayaLeaf/Original Images/BacterialSpot/BacterialSpot(183).jpg,BacterialSpot(183).jpg,BacterialSpot(183),bacterialspot(183),.jpg,129961,False,640,480,90cf4af886b06f029606047d61c696d0f8344402,91b8f185022f97de,
image,BacterialSpot,BacterialSpot,/content/drive/MyDrive/Papaya_Leaf_Disease_Classification/BDPapayaLeaf/Original Images/BacterialSpot/BacterialSpot(184).jpg,BDPapayaLeaf/Original Images/BacterialSpot/BacterialSpot(184).jpg,BacterialSpot(184).jpg,BacterialSpot(184),bacterialspot(184),.jpg,87884,False,640,480,6aa9774e6d5facc7dc474a6bf13a7a00f57d9592,f88aa56b4ab56a1a,
image,BacterialSpot,BacterialSpot,/content/drive/MyDrive/Papaya_Leaf_Disease_Classification/BDPapayaLeaf/Original Images/BacterialSpot/BacterialSpot(185).jpg,BDPapayaLeaf/Original Images/BacterialSpot/BacterialSpot(185).jpg,BacterialSpot(185).jpg,BacterialSpot(185),bacterialspot(185),.jpg,111751,False,640,480,678e1b270170bb8b1945657eddaaf13c3afa9d62,bba4db3be49a4824,
image,BacterialSpot,BacterialSpot,/content/drive/MyDrive/Papaya_Leaf_Disease_Classification/BDPapayaLeaf/Original Images/BacterialSpot/BacterialSpot(186).jpg,BDPapayaLeaf/Original Images/BacterialSpot/BacterialSpot(186).jpg,BacterialSpot(186).jpg,BacterialSpot(186),bacterialspot(186),.jpg,103398,False,640,480,1a72450e45683c7931285439b37e3fd934486325,90976a49d56a2db5,
image,BacterialSpot,BacterialSpot,/content/drive/MyDrive/Papaya_Leaf_Disease_Classification/BDPapayaLeaf/Original Images/BacterialSpot/BacterialSpot(187).jpg,BDPapayaLeaf/Original Images/BacterialSpot/BacterialSpot(187).jpg,BacterialSpot(187).jpg,BacterialSpot(187),bacterialspot(187),.jpg,110120,False,640,480,1d76c0c1bb42c0d25d22fc677e0613dfec214cfa,99b1faab01bebd00,
image,BacterialSpot,BacterialSpot,/content/drive/MyDrive/Papaya_Leaf_Disease_Classification/BDPapayaLeaf/Original Images/BacterialSpot/BacterialSpot(188).jpg,BDPapayaLeaf/Original Images/BacterialSpot/BacterialSpot(188).jpg,BacterialSpot(188).jpg,BacterialSpot(188),bacterialspot(188),.jpg,135222,False,640,480,a27f56816062c3de3ccbc49e94bd94b6a9395340,bbf0a0b26ba0e53c,
image,BacterialSpot,BacterialSpot,/content/drive/MyDrive/Papaya_Leaf_Disease_Classification/BDPapayaLeaf/Original Images/BacterialSpot/BacterialSpot(189).jpg,BDPapayaLeaf/Original Images/BacterialSpot/BacterialSpot(189).jpg,BacterialSpot(189).jpg,BacterialSpot(189),bacterialspot(189),.jpg,130864,False,640,480,3ca12198cf76030439f97a162f4eb0770a255562,ed280485172dfbdc,
image,BacterialSpot,BacterialSpot,/content/drive/MyDrive/Papaya_Leaf_Disease_Classification/BDPapayaLeaf/Original Images/BacterialSpot/BacterialSpot(19).jpg,BDPapayaLeaf/Original Images/BacterialSpot/BacterialSpot(19).jpg,BacterialSpot(19).jpg,BacterialSpot(19),bacterialspot(19),.jpg,130305,False,640,480,91a5b7662065919acbf792fdb1f4287580a03a6d,efac015556727c52,
image,BacterialSpot,BacterialSpot,/content/drive/MyDrive/Papaya_Leaf_Disease_Classification/BDPapayaLeaf/Original Images/BacterialSpot/BacterialSpot(190).jpg,BDPapayaLeaf/Original Images/BacterialSpot/BacterialSpot(190).jpg,BacterialSpot(190).jpg,BacterialSpot(190),bacterialspot(190),.jpg,125089,False,640,480,e94e4c6ab3f1ff83f6f2b8cd6f65ad1f7c80f17e,bec000ff5af0bb06,
image,BacterialSpot,BacterialSpot,/content/drive/MyDrive/Papaya_Leaf_Disease_Classification/BDPapayaLeaf/Original Images/BacterialSpot/BacterialSpot(191).jpg,BDPapayaLeaf/Original Images/BacterialSpot/BacterialSpot(191).jpg,BacterialSpot(191).jpg,BacterialSpot(191),bacterialspot(191),.jpg,125186,False,640,480,f4c86fcb9eff3a9af21ee22fa772fd7ad6fc6561,b892b8f885e87da2,
image,BacterialSpot,BacterialSpot,/content/drive/MyDrive/Papaya_Leaf_Disease_Classification/BDPapayaLeaf/Original Images/BacterialSpot/BacterialSpot(192).jpg,BDPapayaLeaf/Original Images/BacterialSpot/BacterialSpot(192).jpg,BacterialSpot(192).jpg,BacterialSpot(192),bacterialspot(192),.jpg,113932,False,640,480,dfd39ae43f5e4a800e674533faa2086a4f5e1365,aaf1e1d1f2c281e6,
image,BacterialSpot,BacterialSpot,/content/drive/MyDrive/Papaya_Leaf_Disease_Classification/BDPapayaLeaf/Original Images/BacterialSpot/BacterialSpot(193).jpg,BDPapayaLeaf/Original Images/BacterialSpot/BacterialSpot(193).jpg,BacterialSpot(193).jpg,BacterialSpot(193),bacterialspot(193),.jpg,105404,False,640,480,a7d28eb8035be7c666c2f09f90445bb5605b82ff,bbb5e4e4d40ea40e,
image,BacterialSpot,BacterialSpot,/content/drive/MyDrive/Papaya_Leaf_Disease_Classification/BDPapayaLeaf/Original Images/BacterialSpot/BacterialSpot(194).jpg,BDPapayaLeaf/Original Images/BacterialSpot/BacterialSpot(194).jpg,BacterialSpot(194).jpg,BacterialSpot(194),bacterialspot(194),.jpg,113467,False,640,480,5d28d5b4562ea4b4f6cef0e071c18c613614348a,fe6d1a249c4e10f6,
image,BacterialSpot,BacterialSpot,/content/drive/MyDrive/Papaya_Leaf_Disease_Classification/BDPapayaLeaf/Original Images/BacterialSpot/BacterialSpot(195).jpg,BDPapayaLeaf/Original Images/BacterialSpot/BacterialSpot(195).jpg,BacterialSpot(195).jpg,BacterialSpot(195),bacterialspot(195),.jpg,104182,False,640,480,2e79ca6c46151d0a02363f3093185e4fa8b3430b,e9a189e154b097d7,
image,BacterialSpot,BacterialSpot,/content/drive/MyDrive/Papaya_Leaf_Disease_Classification/BDPapayaLeaf/Original Images/BacterialSpot/BacterialSpot(196).jpg,BDPapayaLeaf/Original Images/BacterialSpot/BacterialSpot(196).jpg,BacterialSpot(196).jpg,BacterialSpot(196),bacterialspot(196),.jpg,122270,False,640,480,8fb4f9442b79ac993dc8d54daa99f54ebee9fab5,95f56e9cc0410fae,
image,BacterialSpot,BacterialSpot,/content/drive/MyDrive/Papaya_Leaf_Disease_Classification/BDPapayaLeaf/Original Images/BacterialSpot/BacterialSpot(197).jpg,BDPapayaLeaf/Original Images/BacterialSpot/BacterialSpot(197).jpg,BacterialSpot(197).jpg,BacterialSpot(197),bacterialspot(197),.jpg,108445,False,640,480,20a522ba1561bddc570a6008b2ac3c48fe54358d,ee8c14e8b8f4d296,
image,BacterialSpot,BacterialSpot,/content/drive/MyDrive/Papaya_Leaf_Disease_Classification/BDPapayaLeaf/Original Images/BacterialSpot/BacterialSpot(198).jpg,BDPapayaLeaf/Original Images/BacterialSpot/BacterialSpot(198).jpg,BacterialSpot(198).jpg,BacterialSpot(198),bacterialspot(198),.jpg,118448,False,640,480,8e21d7bf186c262aefad92ac383c56bf44b4c46b,8df2e4a18d3df8c0,
image,BacterialSpot,BacterialSpot,/content/drive/MyDrive/Papaya_Leaf_Disease_Classification/BDPapayaLeaf/Original Images/BacterialSpot/BacterialSpot(199).jpg,BDPapayaLeaf/Original Images/BacterialSpot/BacterialSpot(199).jpg,BacterialSpot(199).jpg,BacterialSpot(199),bacterialspot(199),.jpg,99780,False,640,480,084aa1c46155dd9b7179b8a9d1b9c6358118a8b4,bbc005f6e40abef0,
image,BacterialSpot,BacterialSpot,/content/drive/MyDrive/Papaya_Leaf_Disease_Classification/BDPapayaLeaf/Original Images/BacterialSpot/BacterialSpot(2).jpg,BDPapayaLeaf/Original Images/BacterialSpot/BacterialSpot(2).jpg,BacterialSpot(2).jpg,BacterialSpot(2),bacterialspot(2),.jpg,134544,False,640,480,ddfca2017da5ac0603cc84cd44ce59922d74cfe8,e68b8c749264fae1,
image,BacterialSpot,BacterialSpot,/content/drive/MyDrive/Papaya_Leaf_Disease_Classification/BDPapayaLeaf/Original Images/BacterialSpot/BacterialSpot(20).jpg,BDPapayaLeaf/Original Images/BacterialSpot/BacterialSpot(20).jpg,BacterialSpot(20).jpg,BacterialSpot(20),bacterialspot(20),.jpg,118730,False,640,480,b50b84b9b857352189e6a84e062792697b914d5a,c9aa52293d90eaed,
image,BacterialSpot,BacterialSpot,/content/drive/MyDrive/Papaya_Leaf_Disease_Classification/BDPapayaLeaf/Original Images/BacterialSpot/BacterialSpot(200).jpg,BDPapayaLeaf/Original Images/BacterialSpot/BacterialSpot(200).jpg,BacterialSpot(200).jpg,BacterialSpot(200),bacterialspot(200),.jpg,116305,False,640,480,9d386725d842f186a1e59eaf1d5588596d2a99ec,886a4da5b5b4e2ae,
image,BacterialSpot,BacterialSpot,/content/drive/MyDrive/Papaya_Leaf_Disease_Classification/BDPapayaLeaf/Original Images/BacterialSpot/BacterialSpot(201).jpg,BDPapayaLeaf/Original Images/BacterialSpot/BacterialSpot(201).jpg,BacterialSpot(201).jpg,BacterialSpot(201),bacterialspot(201),.jpg,115793,False,640,480,f53f730fbfaf5f09c35a463d56805ab012d7f9d4,b555aab4f4a9a14a,
image,BacterialSpot,BacterialSpot,/content/drive/MyDrive/Papaya_Leaf_Disease_Classification/BDPapayaLeaf/Original Images/BacterialSpot/BacterialSpot(202).jpg,BDPapayaLeaf/Original Images/BacterialSpot/BacterialSpot(202).jpg,BacterialSpot(202).jpg,BacterialSpot(202),bacterialspot(202),.jpg,133599,False,640,480,1bc9895177a1c5ee6654e5369e75828bef75e597,d8c38698b971634f,
image,BacterialSpot,BacterialSpot,/content/drive/MyDrive/Papaya_Leaf_Disease_Classification/BDPapayaLeaf/Original Images/BacterialSpot/BacterialSpot(203).jpg,BDPapayaLeaf/Original Images/BacterialSpot/BacterialSpot(203).jpg,BacterialSpot(203).jpg,BacterialSpot(203),bacterialspot(203),.jpg,120331,False,640,480,552eeaf0579ce5a0a7a2407fc938a320ffc6bae4,a0a161d55edb686b,
image,BacterialSpot,BacterialSpot,/content/drive/MyDrive/Papaya_Leaf_Disease_Classification/BDPapayaLeaf/Original Images/BacterialSpot/BacterialSpot(204).jpg,BDPapayaLeaf/Original Images/BacterialSpot/BacterialSpot(204).jpg,BacterialSpot(204).jpg,BacterialSpot(204),bacterialspot(204),.jpg,108425,False,640,480,6614c6895fb444792bc8029152b388c73c0ecc4f,8fc2c0693cb74ec3,
image,BacterialSpot,BacterialSpot,/content/drive/MyDrive/Papaya_Leaf_Disease_Classification/BDPapayaLeaf/Original Images/BacterialSpot/BacterialSpot(205).jpg,BDPapayaLeaf/Original Images/BacterialSpot/BacterialSpot(205).jpg,BacterialSpot(205).jpg,BacterialSpot(205),bacterialspot(205),.jpg,128359,False,640,480,015d6c9b99c5d513ae1aeff7830df72842577882,8a599396093ef587,
image,BacterialSpot,BacterialSpot,/content/drive/MyDrive/Papaya_Leaf_Disease_Classification/BDPapayaLeaf/Original Images/BacterialSpot/BacterialSpot(206).jpg,BDPapayaLeaf/Original Images/BacterialSpot/BacterialSpot(206).jpg,BacterialSpot(206).jpg,BacterialSpot(206),bacterialspot(206),.jpg,155561,False,640,480,a6d798a069174197de090bfb751efed6221dc069,a0ce2afdf4038f43,
image,BacterialSpot,BacterialSpot,/content/drive/MyDrive/Papaya_Leaf_Disease_Classification/BDPapayaLeaf/Original Images/BacterialSpot/BacterialSpot(207).jpg,BDPapayaLeaf/Original Images/BacterialSpot/BacterialSpot(207).jpg,BacterialSpot(207).jpg,BacterialSpot(207),bacterialspot(207),.jpg,96782,False,640,480,4b68280906a55ab9ce56102c58740806b65c79f0,a1c98284abe7e1e7,
image,BacterialSpot,BacterialSpot,/content/drive/MyDrive/Papaya_Leaf_Disease_Classification/BDPapayaLeaf/Original Images/BacterialSpot/BacterialSpot(208).jpg,BDPapayaLeaf/Original Images/BacterialSpot/BacterialSpot(208).jpg,BacterialSpot(208).jpg,BacterialSpot(208),bacterialspot(208),.jpg,124911,False,640,480,7eb2e1292c2bcd98304b1890ca9f0717672b5c1f,fad4ccd1861ca0f3,
image,BacterialSpot,BacterialSpot,/content/drive/MyDrive/Papaya_Leaf_Disease_Classification/BDPapayaLeaf/Original Images/BacterialSpot/BacterialSpot(209).jpg,BDPapayaLeaf/Original Images/BacterialSpot/BacterialSpot(209).jpg,BacterialSpot(209).jpg,BacterialSpot(209),bacterialspot(209),.jpg,104621,False,640,480,6de06ab0db1808ccd87fd57cd342ae9f5318aaa0,fa69a01e89ff0ae0,
image,BacterialSpot,BacterialSpot,/content/drive/MyDrive/Papaya_Leaf_Disease_Classification/BDPapayaLeaf/Original Images/BacterialSpot/BacterialSpot(21).jpg,BDPapayaLeaf/Original Images/BacterialSpot/BacterialSpot(21).jpg,BacterialSpot(21).jpg,BacterialSpot(21),bacterialspot(21),.jpg,123773,False,640,480,63c6ee2fa2fbcf1ad30890c3829bb288eef0f229,99dbea830703175e,
image,BacterialSpot,BacterialSpot,/content/drive/MyDrive/Papaya_Leaf_Disease_Classification/BDPapayaLeaf/Original Images/BacterialSpot/BacterialSpot(210).jpg,BDPapayaLeaf/Original Images/BacterialSpot/BacterialSpot(210).jpg,BacterialSpot(210).jpg,BacterialSpot(210),bacterialspot(210),.jpg,82901,False,640,480,c5dd1c27804071e42975a807c5c30e3a99f9e1f7,8ed0b88fb4521f5a,
image,BacterialSpot,BacterialSpot,/content/drive/MyDrive/Papaya_Leaf_Disease_Classification/BDPapayaLeaf/Original Images/BacterialSpot/BacterialSpot(211).jpg,BDPapayaLeaf/Original Images/BacterialSpot/BacterialSpot(211).jpg,BacterialSpot(211).jpg,BacterialSpot(211),bacterialspot(211),.jpg,93032,False,640,480,9df2bca29dc8b211c15c80357d07778210d88574,a2f5bd5aa6ba5201,
image,BacterialSpot,BacterialSpot,/content/drive/MyDrive/Papaya_Leaf_Disease_Classification/BDPapayaLeaf/Original Images/BacterialSpot/BacterialSpot(212).jpg,BDPapayaLeaf/Original Images/BacterialSpot/BacterialSpot(212).jpg,BacterialSpot(212).jpg,BacterialSpot(212),bacterialspot(212),.jpg,121833,False,640,480,b6e7841ec7d30a7b58d46a54bd54e27301dcf8da,95a51215566ba9cf,
image,BacterialSpot,BacterialSpot,/content/drive/MyDrive/Papaya_Leaf_Disease_Classification/BDPapayaLeaf/Original Images/BacterialSpot/BacterialSpot(213).jpg,BDPapayaLeaf/Original Images/BacterialSpot/BacterialSpot(213).jpg,BacterialSpot(213).jpg,BacterialSpot(213),bacterialspot(213),.jpg,113245,False,640,480,ce828105dcf486f5cf6466127fd46ff972242ee3,a4ad5eb14aaaaaaa,
image,BacterialSpot,BacterialSpot,/content/drive/MyDrive/Papaya_Leaf_Disease_Classification/BDPapayaLeaf/Original Images/BacterialSpot/BacterialSpot(214).jpg,BDPapayaLeaf/Original Images/BacterialSpot/BacterialSpot(214).jpg,BacterialSpot(214).jpg,BacterialSpot(214),bacterialspot(214),.jpg,104392,False,640,480,7858656b6710c22bbec3699fee8549bba4c2f742,92ad95c3af14523e,
image,BacterialSpot,BacterialSpot,/content/drive/MyDrive/Papaya_Leaf_Disease_Classification/BDPapayaLeaf/Original Images/BacterialSpot/BacterialSpot(215).jpg,BDPapayaLeaf/Original Images/BacterialSpot/BacterialSpot(215).jpg,BacterialSpot(215).jpg,BacterialSpot(215),bacterialspot(215),.jpg,108757,False,640,480,ca4b39b746cd38ae013641b12c9a7d9ced1666ec,c9db165cf14d30e2,
image,BacterialSpot,BacterialSpot,/content/drive/MyDrive/Papaya_Leaf_Disease_Classification/BDPapayaLeaf/Original Images/BacterialSpot/BacterialSpot(216).jpg,BDPapayaLeaf/Original Images/BacterialSpot/BacterialSpot(216).jpg,BacterialSpot(216).jpg,BacterialSpot(216),bacterialspot(216),.jpg,105615,False,640,480,ce55827e99353fd6aab2a8fb76f016a033cd44dd,ebb81dc8e0176476,
image,BacterialSpot,BacterialSpot,/content/drive/MyDrive/Papaya_Leaf_Disease_Classification/BDPapayaLeaf/Original Images/BacterialSpot/BacterialSpot(217).jpg,BDPapayaLeaf/Original Images/BacterialSpot/BacterialSpot(217).jpg,BacterialSpot(217).jpg,BacterialSpot(217),bacterialspot(217),.jpg,105881,False,640,480,91ed84c3321913834138530345c16e9b739c78a9,a6d4100bfae115bf,
image,BacterialSpot,BacterialSpot,/content/drive/MyDrive/Papaya_Leaf_Disease_Classification/BDPapayaLeaf/Original Images/BacterialSpot/BacterialSpot(218).jpg,BDPapayaLeaf/Original Images/BacterialSpot/BacterialSpot(218).jpg,BacterialSpot(218).jpg,BacterialSpot(218),bacterialspot(218),.jpg,80346,False,640,480,0a3971b09ca730ebdeac5e03d704e0124f817839,9bd1cbcc881545fc,
image,BacterialSpot,BacterialSpot,/content/drive/MyDrive/Papaya_Leaf_Disease_Classification/BDPapayaLeaf/Original Images/BacterialSpot/BacterialSpot(219).jpg,BDPapayaLeaf/Original Images/BacterialSpot/BacterialSpot(219).jpg,BacterialSpot(219).jpg,BacterialSpot(219),bacterialspot(219),.jpg,110187,False,640,480,640f31b9494547ef69ea4458553fabdc7a08aac7,84f0fa812f7fe00b,
image,BacterialSpot,BacterialSpot,/content/drive/MyDrive/Papaya_Leaf_Disease_Classification/BDPapayaLeaf/Original Images/BacterialSpot/BacterialSpot(22).jpg,BDPapayaLeaf/Original Images/BacterialSpot/BacterialSpot(22).jpg,BacterialSpot(22).jpg,BacterialSpot(22),bacterialspot(22),.jpg,121314,False,640,480,544cd9983166b080b64995a778453b6b167f0e76,c9fba18550ee4c8e,
image,BacterialSpot,BacterialSpot,/content/drive/MyDrive/Papaya_Leaf_Disease_Classification/BDPapayaLeaf/Original Images/BacterialSpot/BacterialSpot(220).jpg,BDPapayaLeaf/Original Images/BacterialSpot/BacterialSpot(220).jpg,BacterialSpot(220).jpg,BacterialSpot(220),bacterialspot(220),.jpg,80496,False,640,480,108eee050f1cb35630f4dc8595c8c9d78571176f,abada1a8ad55f520,
image,BacterialSpot,BacterialSpot,/content/drive/MyDrive/Papaya_Leaf_Disease_Classification/BDPapayaLeaf/Original Images/BacterialSpot/BacterialSpot(221).jpg,BDPapayaLeaf/Original Images/BacterialSpot/BacterialSpot(221).jpg,BacterialSpot(221).jpg,BacterialSpot(221),bacterialspot(221),.jpg,86314,False,640,480,96301f2db6bbce7a692090681b8d64927965a54b,a4970b54a5ba54af,
image,BacterialSpot,BacterialSpot,/content/drive/MyDrive/Papaya_Leaf_Disease_Classification/BDPapayaLeaf/Original Images/BacterialSpot/BacterialSpot(222).jpg,BDPapayaLeaf/Original Images/BacterialSpot/BacterialSpot(222).jpg,BacterialSpot(222).jpg,BacterialSpot(222),bacterialspot(222),.jpg,95397,False,640,480,277462730308e9d1c758f62b6529af0545bfad65,88fbbf40459f488b,
image,BacterialSpot,BacterialSpot,/content/drive/MyDrive/Papaya_Leaf_Disease_Classification/BDPapayaLeaf/Original Images/BacterialSpot/BacterialSpot(223).jpg,BDPapayaLeaf/Original Images/BacterialSpot/BacterialSpot(223).jpg,BacterialSpot(223).jpg,BacterialSpot(223),bacterialspot(223),.jpg,115365,False,640,480,f5c9214815924fca0d9b08ca9a43b372ae8cff8e,beb0c69b32d91c4c,
image,BacterialSpot,BacterialSpot,/content/drive/MyDrive/Papaya_Leaf_Disease_Classification/BDPapayaLeaf/Original Images/BacterialSpot/BacterialSpot(224).jpg,BDPapayaLeaf/Original Images/BacterialSpot/BacterialSpot(224).jpg,BacterialSpot(224).jpg,BacterialSpot(224),bacterialspot(224),.jpg,87921,False,640,480,66c1681a3c32640375e5a9faa35cb9667eece135,ab122dcb566915ea,
image,BacterialSpot,BacterialSpot,/content/drive/MyDrive/Papaya_Leaf_Disease_Classification/BDPapayaLeaf/Original Images/BacterialSpot/BacterialSpot(225).jpg,BDPapayaLeaf/Original Images/BacterialSpot/BacterialSpot(225).jpg,BacterialSpot(225).jpg,BacterialSpot(225),bacterialspot(225),.jpg,92675,False,640,480,3ebc90ebd7e0078863e0159e8279c123c33d2399,91ead52dca28f4a5,
image,BacterialSpot,BacterialSpot,/content/drive/MyDrive/Papaya_Leaf_Disease_Classification/BDPapayaLeaf/Original Images/BacterialSpot/BacterialSpot(226).jpg,BDPapayaLeaf/Original Images/BacterialSpot/BacterialSpot(226).jpg,BacterialSpot(226).jpg,BacterialSpot(226),bacterialspot(226),.jpg,96571,False,640,480,4f1c4e9340807a16089d257772afc846205f7714,bdb0bca0808ce76f,
image,BacterialSpot,BacterialSpot,/content/drive/MyDrive/Papaya_Leaf_Disease_Classification/BDPapayaLeaf/Original Images/BacterialSpot/BacterialSpot(227).jpg,BDPapayaLeaf/Original Images/BacterialSpot/BacterialSpot(227).jpg,BacterialSpot(227).jpg,BacterialSpot(227),bacterialspot(227),.jpg,95720,False,640,480,c6ce286db5264e1a51afcade6c97ffa90ed05c7d,b0ef01befc40f415,
image,BacterialSpot,BacterialSpot,/content/drive/MyDrive/Papaya_Leaf_Disease_Classification/BDPapayaLeaf/Original Images/BacterialSpot/BacterialSpot(228).jpg,BDPapayaLeaf/Original Images/BacterialSpot/BacterialSpot(228).jpg,BacterialSpot(228).jpg,BacterialSpot(228),bacterialspot(228),.jpg,102966,False,640,480,ec8c2951719f97fac6041cfad7de2b6a5c26fbd2,fba68bf68434087a,
image,BacterialSpot,BacterialSpot,/content/drive/MyDrive/Papaya_Leaf_Disease_Classification/BDPapayaLeaf/Original Images/BacterialSpot/BacterialSpot(229).jpg,BDPapayaLeaf/Original Images/BacterialSpot/BacterialSpot(229).jpg,BacterialSpot(229).jpg,BacterialSpot(229),bacterialspot(229),.jpg,105052,False,640,480,6cd10e9f98741ae202007b98e8f4a550abeb6688,f86ba15455d555c2,
image,BacterialSpot,BacterialSpot,/content/drive/MyDrive/Papaya_Leaf_Disease_Classification/BDPapayaLeaf/Original Images/BacterialSpot/BacterialSpot(23).jpg,BDPapayaLeaf/Original Images/BacterialSpot/BacterialSpot(23).jpg,BacterialSpot(23).jpg,BacterialSpot(23),bacterialspot(23),.jpg,133917,False,640,480,62d98cfadf9732cbaff675a113b805e0ba630753,e68697d6510e4ae5,
image,BacterialSpot,BacterialSpot,/content/drive/MyDrive/Papaya_Leaf_Disease_Classification/BDPapayaLeaf/Original Images/BacterialSpot/BacterialSpot(230).jpg,BDPapayaLeaf/Original Images/BacterialSpot/BacterialSpot(230).jpg,BacterialSpot(230).jpg,BacterialSpot(230),bacterialspot(230),.jpg,92478,False,640,480,ef49b45019587179d2eb7539fbe295fbe48504c4,b45ee8fdf0a20ba0,
image,BacterialSpot,BacterialSpot,/content/drive/MyDrive/Papaya_Leaf_Disease_Classification/BDPapayaLeaf/Original Images/BacterialSpot/BacterialSpot(231).jpg,BDPapayaLeaf/Original Images/BacterialSpot/BacterialSpot(231).jpg,BacterialSpot(231).jpg,BacterialSpot(231),bacterialspot(231),.jpg,88350,False,640,480,d96063d72ed2f67babe78571ae7c45aef3d389fc,b5834a0aa957b4bd,
image,BacterialSpot,BacterialSpot,/content/drive/MyDrive/Papaya_Leaf_Disease_Classification/BDPapayaLeaf/Original Images/BacterialSpot/BacterialSpot(232).jpg,BDPapayaLeaf/Original Images/BacterialSpot/BacterialSpot(232).jpg,BacterialSpot(232).jpg,BacterialSpot(232),bacterialspot(232),.jpg,71307,False,640,480,5fd802f08d0bd471e05070d5cce947a26d0937f2,b4fc48c7e0caf145,
image,BacterialSpot,BacterialSpot,/content/drive/MyDrive/Papaya_Leaf_Disease_Classification/BDPapayaLeaf/Original Images/BacterialSpot/BacterialSpot(233).jpg,BDPapayaLeaf/Original Images/BacterialSpot/BacterialSpot(233).jpg,BacterialSpot(233).jpg,BacterialSpot(233),bacterialspot(233),.jpg,73605,False,640,480,77c1c379feb99e41bdd12af4496f6a09a958cb8d,a2dff15149a074ba,
image,BacterialSpot,BacterialSpot,/content/drive/MyDrive/Papaya_Leaf_Disease_Classification/BDPapayaLeaf/Original Images/BacterialSpot/BacterialSpot(234).jpg,BDPapayaLeaf/Original Images/BacterialSpot/BacterialSpot(234).jpg,BacterialSpot(234).jpg,BacterialSpot(234),bacterialspot(234),.jpg,109573,False,640,480,29fefc02cedd89e2e7fd1ef34d5e32471bc8433b,a2e45f522a0bedd2,
image,BacterialSpot,BacterialSpot,/content/drive/MyDrive/Papaya_Leaf_Disease_Classification/BDPapayaLeaf/Original Images/BacterialSpot/BacterialSpot(235).jpg,BDPapayaLeaf/Original Images/BacterialSpot/BacterialSpot(235).jpg,BacterialSpot(235).jpg,BacterialSpot(235),bacterialspot(235),.jpg,115874,False,640,480,9430c032d118f98d69381d00023042e2ad19f7cb,890b5fc28f78c33c,
image,BacterialSpot,BacterialSpot,/content/drive/MyDrive/Papaya_Leaf_Disease_Classification/BDPapayaLeaf/Original Images/BacterialSpot/BacterialSpot(236).jpg,BDPapayaLeaf/Original Images/BacterialSpot/BacterialSpot(236).jpg,BacterialSpot(236).jpg,BacterialSpot(236),bacterialspot(236),.jpg,109548,False,640,480,db7764e9e599d251078175c953c46f56672667b4,a2e1494a7aad4bb5,
image,BacterialSpot,BacterialSpot,/content/drive/MyDrive/Papaya_Leaf_Disease_Classification/BDPapayaLeaf/Original Images/BacterialSpot/BacterialSpot(237).jpg,BDPapayaLeaf/Original Images/BacterialSpot/BacterialSpot(237).jpg,BacterialSpot(237).jpg,BacterialSpot(237),bacterialspot(237),.jpg,95870,False,640,480,83c3cdff31225fa96dd3230c8298aa3d8c0a4961,e122c8789e7f9705,
image,BacterialSpot,BacterialSpot,/content/drive/MyDrive/Papaya_Leaf_Disease_Classification/BDPapayaLeaf/Original Images/BacterialSpot/BacterialSpot(238).jpg,BDPapayaLeaf/Original Images/BacterialSpot/BacterialSpot(238).jpg,BacterialSpot(238).jpg,BacterialSpot(238),bacterialspot(238),.jpg,126301,False,640,480,1fba64203e594ea98c866a52f5e53b1c73784a10,ed77224707429f54,
image,BacterialSpot,BacterialSpot,/content/drive/MyDrive/Papaya_Leaf_Disease_Classification/BDPapayaLeaf/Original Images/BacterialSpot/BacterialSpot(239).jpg,BDPapayaLeaf/Original Images/BacterialSpot/BacterialSpot(239).jpg,BacterialSpot(239).jpg,BacterialSpot(239),bacterialspot(239),.jpg,111435,False,640,480,99c6c5a6e1d098b1da0372fdf2d8968200f34983,ac1d5925b29236fa,
image,BacterialSpot,BacterialSpot,/content/drive/MyDrive/Papaya_Leaf_Disease_Classification/BDPapayaLeaf/Original Images/BacterialSpot/BacterialSpot(24).jpg,BDPapayaLeaf/Original Images/BacterialSpot/BacterialSpot(24).jpg,BacterialSpot(24).jpg,BacterialSpot(24),bacterialspot(24),.jpg,120297,False,640,480,e430fd28771d1ab97975b3b39ff59a135cfe3dfb,8cb8d329ad96fe10,
image,BacterialSpot,BacterialSpot,/content/drive/MyDrive/Papaya_Leaf_Disease_Classification/BDPapayaLeaf/Original Images/BacterialSpot/BacterialSpot(240).jpg,BDPapayaLeaf/Original Images/BacterialSpot/BacterialSpot(240).jpg,BacterialSpot(240).jpg,BacterialSpot(240),bacterialspot(240),.jpg,109864,False,640,480,988c3f957e06014d884b564e45fb48c74a72f35d,9d9d2aedb561e500,
image,BacterialSpot,BacterialSpot,/content/drive/MyDrive/Papaya_Leaf_Disease_Classification/BDPapayaLeaf/Original Images/BacterialSpot/BacterialSpot(241).jpg,BDPapayaLeaf/Original Images/BacterialSpot/BacterialSpot(241).jpg,BacterialSpot(241).jpg,BacterialSpot(241),bacterialspot(241),.jpg,105866,False,640,480,8657b635c73e12a47721c42e4facfb31b70a16b0,8aed105a4be8f1b6,
image,BacterialSpot,BacterialSpot,/content/drive/MyDrive/Papaya_Leaf_Disease_Classification/BDPapayaLeaf/Original Images/BacterialSpot/BacterialSpot(242).jpg,BDPapayaLeaf/Original Images/BacterialSpot/BacterialSpot(242).jpg,BacterialSpot(242).jpg,BacterialSpot(242),bacterialspot(242),.jpg,111690,False,640,480,bd4a7962a31c83e9c82aafe7d56859fb76a56d6b,ce9556d36da2a2a2,
image,BacterialSpot,BacterialSpot,/content/drive/MyDrive/Papaya_Leaf_Disease_Classification/BDPapayaLeaf/Original Images/BacterialSpot/BacterialSpot(243).jpg,BDPapayaLeaf/Original Images/BacterialSpot/BacterialSpot(243).jpg,BacterialSpot(243).jpg,BacterialSpot(243),bacterialspot(243),.jpg,122355,False,640,480,ca44665aa0372b59cb26f59897301acf102053e8,f219efab87508a1a,
image,BacterialSpot,BacterialSpot,/content/drive/MyDrive/Papaya_Leaf_Disease_Classification/BDPapayaLeaf/Original Images/BacterialSpot/BacterialSpot(244).jpg,BDPapayaLeaf/Original Images/BacterialSpot/BacterialSpot(244).jpg,BacterialSpot(244).jpg,BacterialSpot(244),bacterialspot(244),.jpg,112838,False,640,480,332101bb839229c9d17919b564de794fe9523555,9c8c6ca660d2faf4,
image,BacterialSpot,BacterialSpot,/content/drive/MyDrive/Papaya_Leaf_Disease_Classification/BDPapayaLeaf/Original Images/BacterialSpot/BacterialSpot(245).jpg,BDPapayaLeaf/Original Images/BacterialSpot/BacterialSpot(245).jpg,BacterialSpot(245).jpg,BacterialSpot(245),bacterialspot(245),.jpg,112749,False,640,480,098330b00e36317c99237beab4e22e5befa6eb49,98bcf860e5a5526b,
image,BacterialSpot,BacterialSpot,/content/drive/MyDrive/Papaya_Leaf_Disease_Classification/BDPapayaLeaf/Original Images/BacterialSpot/BacterialSpot(246).jpg,BDPapayaLeaf/Original Images/BacterialSpot/BacterialSpot(246).jpg,BacterialSpot(246).jpg,BacterialSpot(246),bacterialspot(246),.jpg,118016,False,640,480,eddc0f8f1321fb52c44e366e1c02b24256fa5d08,8e8c0536f6db09b6,
image,BacterialSpot,BacterialSpot,/content/drive/MyDrive/Papaya_Leaf_Disease_Classification/BDPapayaLeaf/Original Images/BacterialSpot/BacterialSpot(247).jpg,BDPapayaLeaf/Original Images/BacterialSpot/BacterialSpot(247).jpg,BacterialSpot(247).jpg,BacterialSpot(247),bacterialspot(247),.jpg,111939,False,640,480,313c14444d0ed9e6fb796138887260f26f11cd4b,afc9501d9c31f692,
image,BacterialSpot,BacterialSpot,/content/drive/MyDrive/Papaya_Leaf_Disease_Classification/BDPapayaLeaf/Original Images/BacterialSpot/BacterialSpot(248).jpg,BDPapayaLeaf/Original Images/BacterialSpot/BacterialSpot(248).jpg,BacterialSpot(248).jpg,BacterialSpot(248),bacterialspot(248),.jpg,108039,False,640,480,e22cd59a48f4cb186360d479c65593c5ef8a6b45,bb83cc50835f70ce,
image,BacterialSpot,BacterialSpot,/content/drive/MyDrive/Papaya_Leaf_Disease_Classification/BDPapayaLeaf/Original Images/BacterialSpot/BacterialSpot(249).jpg,BDPapayaLeaf/Original Images/BacterialSpot/BacterialSpot(249).jpg,BacterialSpot(249).jpg,BacterialSpot(249),bacterialspot(249),.jpg,128756,False,640,480,e1037b1bbf5e16049502b7b0cd79dfcd50641f08,aba7c7b65a2150cc,
image,BacterialSpot,BacterialSpot,/content/drive/MyDrive/Papaya_Leaf_Disease_Classification/BDPapayaLeaf/Original Images/BacterialSpot/BacterialSpot(25).jpg,BDPapayaLeaf/Original Images/BacterialSpot/BacterialSpot(25).jpg,BacterialSpot(25).jpg,BacterialSpot(25),bacterialspot(25),.jpg,98708,False,640,480,46565c2329fba96f8f5b95d1683f4da8c843b4b9,8c6a57a9974c9d94,
image,BacterialSpot,BacterialSpot,/content/drive/MyDrive/Papaya_Leaf_Disease_Classification/BDPapayaLeaf/Original Images/BacterialSpot/BacterialSpot(250).jpg,BDPapayaLeaf/Original Images/BacterialSpot/BacterialSpot(250).jpg,BacterialSpot(250).jpg,BacterialSpot(250),bacterialspot(250),.jpg,112473,False,640,480,7750fc857bbaf8f737a28696e202cadf201eb176,faac82900c3bedb3,
image,BacterialSpot,BacterialSpot,/content/drive/MyDrive/Papaya_Leaf_Disease_Classification/BDPapayaLeaf/Original Images/BacterialSpot/BacterialSpot(251).jpg,BDPapayaLeaf/Original Images/BacterialSpot/BacterialSpot(251).jpg,BacterialSpot(251).jpg,BacterialSpot(251),bacterialspot(251),.jpg,115816,False,640,480,5665f1e701e3365794d3ad87edf9d2df81e1f22d,fb8e5858504bcd78,
image,BacterialSpot,BacterialSpot,/content/drive/MyDrive/Papaya_Leaf_Disease_Classification/BDPapayaLeaf/Original Images/BacterialSpot/BacterialSpot(252).jpg,BDPapayaLeaf/Original Images/BacterialSpot/BacterialSpot(252).jpg,BacterialSpot(252).jpg,BacterialSpot(252),bacterialspot(252),.jpg,118489,False,640,480,5843d45ca3c11597f99d8d209744273d7836efe6,dfacc5e49af84482,
image,BacterialSpot,BacterialSpot,/content/drive/MyDrive/Papaya_Leaf_Disease_Classification/BDPapayaLeaf/Original Images/BacterialSpot/BacterialSpot(253).jpg,BDPapayaLeaf/Original Images/BacterialSpot/BacterialSpot(253).jpg,BacterialSpot(253).jpg,BacterialSpot(253),bacterialspot(253),.jpg,109591,False,640,480,dfd40a7ce0e67f76c41b36914a2e645a4bd03457,e9b6908aff8096ac,
image,BacterialSpot,BacterialSpot,/content/drive/MyDrive/Papaya_Leaf_Disease_Classification/BDPapayaLeaf/Original Images/BacterialSpot/BacterialSpot(254).jpg,BDPapayaLeaf/Original Images/BacterialSpot/BacterialSpot(254).jpg,BacterialSpot(254).jpg,BacterialSpot(254),bacterialspot(254),.jpg,121078,False,640,480,3dc10f447f01b139c3f31c6f3d567366383a9200,9ea556aa053ff811,
image,BacterialSpot,BacterialSpot,/content/drive/MyDrive/Papaya_Leaf_Disease_Classification/BDPapayaLeaf/Original Images/BacterialSpot/BacterialSpot(255).jpg,BDPapayaLeaf/Original Images/BacterialSpot/BacterialSpot(255).jpg,BacterialSpot(255).jpg,BacterialSpot(255),bacterialspot(255),.jpg,116892,False,640,480,ffbeeff5d7586cbfddac37407f25af599ffde6f9,b889d5afd2ab41a1,
image,BacterialSpot,BacterialSpot,/content/drive/MyDrive/Papaya_Leaf_Disease_Classification/BDPapayaLeaf/Original Images/BacterialSpot/BacterialSpot(256).jpg,BDPapayaLeaf/Original Images/BacterialSpot/BacterialSpot(256).jpg,BacterialSpot(256).jpg,BacterialSpot(256),bacterialspot(256),.jpg,126832,False,640,480,3ad581547757916ec0ec071a772adb407b4cab37,f5f0bd91ad00a4b6,
image,BacterialSpot,BacterialSpot,/content/drive/MyDrive/Papaya_Leaf_Disease_Classification/BDPapayaLeaf/Original Images/BacterialSpot/BacterialSpot(257).jpg,BDPapayaLeaf/Original Images/BacterialSpot/BacterialSpot(257).jpg,BacterialSpot(257).jpg,BacterialSpot(257),bacterialspot(257),.jpg,109756,False,640,480,3db55512190e2659074ff9c7f3aed59dd00881dc,bdaa8db452876a61,
image,BacterialSpot,BacterialSpot,/content/drive/MyDrive/Papaya_Leaf_Disease_Classification/BDPapayaLeaf/Original Images/BacterialSpot/BacterialSpot(258).jpg,BDPapayaLeaf/Original Images/BacterialSpot/BacterialSpot(258).jpg,BacterialSpot(258).jpg,BacterialSpot(258),bacterialspot(258),.jpg,100960,False,640,480,543aac4e9ac5f802ea9777f592b374a7a90c57a7,f1524a1db4575768,
image,BacterialSpot,BacterialSpot,/content/drive/MyDrive/Papaya_Leaf_Disease_Classification/BDPapayaLeaf/Original Images/BacterialSpot/BacterialSpot(259).jpg,BDPapayaLeaf/Original Images/BacterialSpot/BacterialSpot(259).jpg,BacterialSpot(259).jpg,BacterialSpot(259),bacterialspot(259),.jpg,105407,False,640,480,a83b401739ff1c1ffb2065b20f3bbaaa9ef68d7e,aa0dfef0a034f1a3,
image,BacterialSpot,BacterialSpot,/content/drive/MyDrive/Papaya_Leaf_Disease_Classification/BDPapayaLeaf/Original Images/BacterialSpot/BacterialSpot(26).jpg,BDPapayaLeaf/Original Images/BacterialSpot/BacterialSpot(26).jpg,BacterialSpot(26).jpg,BacterialSpot(26),bacterialspot(26),.jpg,91438,False,640,480,47c9661c0a04c8d40e09bf090a9369e29692c8e0,c87556f0038fcf8c,
image,BacterialSpot,BacterialSpot,/content/drive/MyDrive/Papaya_Leaf_Disease_Classification/BDPapayaLeaf/Original Images/BacterialSpot/BacterialSpot(260).jpg,BDPapayaLeaf/Original Images/BacterialSpot/BacterialSpot(260).jpg,BacterialSpot(260).jpg,BacterialSpot(260),bacterialspot(260),.jpg,105620,False,640,480,df7a6c8c61162ed2d180b3d52b8ddda847c5fbd0,e8ae4a6db0f091b5,
image,BacterialSpot,BacterialSpot,/content/drive/MyDrive/Papaya_Leaf_Disease_Classification/BDPapayaLeaf/Original Images/BacterialSpot/BacterialSpot(261).jpg,BDPapayaLeaf/Original Images/BacterialSpot/BacterialSpot(261).jpg,BacterialSpot(261).jpg,BacterialSpot(261),bacterialspot(261),.jpg,105385,False,640,480,5105cba1944522a5a2c4531a980d278633bd23d3,89bc1aac93172e7a,
image,BacterialSpot,BacterialSpot,/content/drive/MyDrive/Papaya_Leaf_Disease_Classification/BDPapayaLeaf/Original Images/BacterialSpot/BacterialSpot(262).jpg,BDPapayaLeaf/Original Images/BacterialSpot/BacterialSpot(262).jpg,BacterialSpot(262).jpg,BacterialSpot(262),bacterialspot(262),.jpg,111254,False,640,480,b54300f9bd04dfcd5e2ed7beb3315ed06d9c8a74,bd49152dfef24112,
image,BacterialSpot,BacterialSpot,/content/drive/MyDrive/Papaya_Leaf_Disease_Classification/BDPapayaLeaf/Original Images/BacterialSpot/BacterialSpot(263).jpg,BDPapayaLeaf/Original Images/BacterialSpot/BacterialSpot(263).jpg,BacterialSpot(263).jpg,BacterialSpot(263),bacterialspot(263),.jpg,99930,False,640,480,1c35a39ba5251ba678c217cfe61d01564ab9bfcc,9869a9b5567a0b71,
image,BacterialSpot,BacterialSpot,/content/drive/MyDrive/Papaya_Leaf_Disease_Classification/BDPapayaLeaf/Original Images/BacterialSpot/BacterialSpot(264).jpg,BDPapayaLeaf/Original Images/BacterialSpot/BacterialSpot(264).jpg,BacterialSpot(264).jpg,BacterialSpot(264),bacterialspot(264),.jpg,86957,False,640,480,da5565bc125a5999a51c94283d8b389cc468943a,84c487a6871d5d7d,
image,BacterialSpot,BacterialSpot,/content/drive/MyDrive/Papaya_Leaf_Disease_Classification/BDPapayaLeaf/Original Images/BacterialSpot/BacterialSpot(265).jpg,BDPapayaLeaf/Original Images/BacterialSpot/BacterialSpot(265).jpg,BacterialSpot(265).jpg,BacterialSpot(265),bacterialspot(265),.jpg,120423,False,640,480,98387662d453a7efbf0d387bf44bc6a11dfe8fbc,8eb4a583eb0693ab,
image,BacterialSpot,BacterialSpot,/content/drive/MyDrive/Papaya_Leaf_Disease_Classification/BDPapayaLeaf/Original Images/BacterialSpot/BacterialSpot(266).jpg,BDPapayaLeaf/Original Images/BacterialSpot/BacterialSpot(266).jpg,BacterialSpot(266).jpg,BacterialSpot(266),bacterialspot(266),.jpg,117777,False,640,480,ab8a1b103c1b818cb3b298a89cd138003740435b,e6f4e2cb9824f30a,
image,BacterialSpot,BacterialSpot,/content/drive/MyDrive/Papaya_Leaf_Disease_Classification/BDPapayaLeaf/Original Images/BacterialSpot/BacterialSpot(267).jpg,BDPapayaLeaf/Original Images/BacterialSpot/BacterialSpot(267).jpg,BacterialSpot(267).jpg,BacterialSpot(267),bacterialspot(267),.jpg,111650,False,640,480,368f758fa28ac8c0d3d1d724169186cdb3e7d3bf,cecb56a5d5d8a828,
image,BacterialSpot,BacterialSpot,/content/drive/MyDrive/Papaya_Leaf_Disease_Classification/BDPapayaLeaf/Original Images/BacterialSpot/BacterialSpot(268).jpg,BDPapayaLeaf/Original Images/BacterialSpot/BacterialSpot(268).jpg,BacterialSpot(268).jpg,BacterialSpot(268),bacterialspot(268),.jpg,102933,False,640,480,9a5402ae7fca025859eb883ea25068b66c76e793,ddeb946860c595c3,
image,BacterialSpot,BacterialSpot,/content/drive/MyDrive/Papaya_Leaf_Disease_Classification/BDPapayaLeaf/Original Images/BacterialSpot/BacterialSpot(269).jpg,BDPapayaLeaf/Original Images/BacterialSpot/BacterialSpot(269).jpg,BacterialSpot(269).jpg,BacterialSpot(269),bacterialspot(269),.jpg,91462,False,640,480,19ca69b68a4da7753ac00d698d503774585180db,a3923dc4f70db868,
image,BacterialSpot,BacterialSpot,/content/drive/MyDrive/Papaya_Leaf_Disease_Classification/BDPapayaLeaf/Original Images/BacterialSpot/BacterialSpot(27).jpg,BDPapayaLeaf/Original Images/BacterialSpot/BacterialSpot(27).jpg,BacterialSpot(27).jpg,BacterialSpot(27),bacterialspot(27),.jpg,112863,False,640,480,53032741ef9562c5e89c37bb0c87d7fed8932ae1,ccc6f80116f6d369,
image,BacterialSpot,BacterialSpot,/content/drive/MyDrive/Papaya_Leaf_Disease_Classification/BDPapayaLeaf/Original Images/BacterialSpot/BacterialSpot(270).jpg,BDPapayaLeaf/Original Images/BacterialSpot/BacterialSpot(270).jpg,BacterialSpot(270).jpg,BacterialSpot(270),bacterialspot(270),.jpg,114978,False,640,480,3ef5501b3d0ec7cfe9bbaff258a5bfe759e49fb5,cec22ed001bf8bad,
image,BacterialSpot,BacterialSpot,/content/drive/MyDrive/Papaya_Leaf_Disease_Classification/BDPapayaLeaf/Original Images/BacterialSpot/BacterialSpot(271).jpg,BDPapayaLeaf/Original Images/BacterialSpot/BacterialSpot(271).jpg,BacterialSpot(271).jpg,BacterialSpot(271),bacterialspot(271),.jpg,125247,False,640,480,5b76021c81b40e5d63d667ba9e18e39303e70973,eeabaa8a181ebb88,
image,BacterialSpot,BacterialSpot,/content/drive/MyDrive/Papaya_Leaf_Disease_Classification/BDPapayaLeaf/Original Images/BacterialSpot/BacterialSpot(272).jpg,BDPapayaLeaf/Original Images/BacterialSpot/BacterialSpot(272).jpg,BacterialSpot(272).jpg,BacterialSpot(272),bacterialspot(272),.jpg,112615,False,640,480,076f0e693223bb59e42f44c8a637058cf806d834,fc8cd4955452c3d6,
image,BacterialSpot,BacterialSpot,/content/drive/MyDrive/Papaya_Leaf_Disease_Classification/BDPapayaLeaf/Original Images/BacterialSpot/BacterialSpot(273).jpg,BDPapayaLeaf/Original Images/BacterialSpot/BacterialSpot(273).jpg,BacterialSpot(273).jpg,BacterialSpot(273),bacterialspot(273),.jpg,114794,False,640,480,2aeeeeef50b1cd758c23b00dbea0581cdda3b2c6,fcf5bd96a4030583,
image,BacterialSpot,BacterialSpot,/content/drive/MyDrive/Papaya_Leaf_Disease_Classification/BDPapayaLeaf/Original Images/BacterialSpot/BacterialSpot(274).jpg,BDPapayaLeaf/Original Images/BacterialSpot/BacterialSpot(274).jpg,BacterialSpot(274).jpg,BacterialSpot(274),bacterialspot(274),.jpg,122844,False,640,480,7d4ab22ec4b9687e08058427a165041ee13999f4,a9da55bdc6435251,
image,BacterialSpot,BacterialSpot,/content/drive/MyDrive/Papaya_Leaf_Disease_Classification/BDPapayaLeaf/Original Images/BacterialSpot/BacterialSpot(275).jpg,BDPapayaLeaf/Original Images/BacterialSpot/BacterialSpot(275).jpg,BacterialSpot(275).jpg,BacterialSpot(275),bacterialspot(275),.jpg,115875,False,640,480,cefa6b18c23c412623e7cb1f3e2e13143ef16cdf,f7b083832b795c94,
image,BacterialSpot,BacterialSpot,/content/drive/MyDrive/Papaya_Leaf_Disease_Classification/BDPapayaLeaf/Original Images/BacterialSpot/BacterialSpot(276).jpg,BDPapayaLeaf/Original Images/BacterialSpot/BacterialSpot(276).jpg,BacterialSpot(276).jpg,BacterialSpot(276),bacterialspot(276),.jpg,108785,False,640,480,2b21146f6b25e1ce93e5b68c42390edd19321dd6,afcfcf8ed08a88c0,
image,BacterialSpot,BacterialSpot,/content/drive/MyDrive/Papaya_Leaf_Disease_Classification/BDPapayaLeaf/Original Images/BacterialSpot/BacterialSpot(277).jpg,BDPapayaLeaf/Original Images/BacterialSpot/BacterialSpot(277).jpg,BacterialSpot(277).jpg,BacterialSpot(277),bacterialspot(277),.jpg,102028,False,640,480,1044f3642e891456440496514b92f47b7f7203de,cfe2e9b5b4c18518,
image,BacterialSpot,BacterialSpot,/content/drive/MyDrive/Papaya_Leaf_Disease_Classification/BDPapayaLeaf/Original Images/BacterialSpot/BacterialSpot(278).jpg,BDPapayaLeaf/Original Images/BacterialSpot/BacterialSpot(278).jpg,BacterialSpot(278).jpg,BacterialSpot(278),bacterialspot(278),.jpg,88923,False,640,480,2374b74134d724616edd82d0abc2f7cf78519b7e,8afca3c537a95243,
image,BacterialSpot,BacterialSpot,/content/drive/MyDrive/Papaya_Leaf_Disease_Classification/BDPapayaLeaf/Original Images/BacterialSpot/BacterialSpot(279).jpg,BDPapayaLeaf/Original Images/BacterialSpot/BacterialSpot(279).jpg,BacterialSpot(279).jpg,BacterialSpot(279),bacterialspot(279),.jpg,92100,False,640,480,147fbbb22f5e5b758f6d76230f538be69e283894,a2bd5cb64b6a1bc0,
image,BacterialSpot,BacterialSpot,/content/drive/MyDrive/Papaya_Leaf_Disease_Classification/BDPapayaLeaf/Original Images/BacterialSpot/BacterialSpot(28).jpg,BDPapayaLeaf/Original Images/BacterialSpot/BacterialSpot(28).jpg,BacterialSpot(28).jpg,BacterialSpot(28),bacterialspot(28),.jpg,110860,False,640,480,7dcc3b0b90f0056ac45139c2bac963c38b86bb80,e78cccc4071f1e3a,
image,BacterialSpot,BacterialSpot,/content/drive/MyDrive/Papaya_Leaf_Disease_Classification/BDPapayaLeaf/Original Images/BacterialSpot/BacterialSpot(280).jpg,BDPapayaLeaf/Original Images/BacterialSpot/BacterialSpot(280).jpg,BacterialSpot(280).jpg,BacterialSpot(280),bacterialspot(280),.jpg,95911,False,640,480,a23d63aa89d78f707aa70e3982947cfb02e325bc,bbbf6242b0699790,
image,BacterialSpot,BacterialSpot,/content/drive/MyDrive/Papaya_Leaf_Disease_Classification/BDPapayaLeaf/Original Images/BacterialSpot/BacterialSpot(281).jpg,BDPapayaLeaf/Original Images/BacterialSpot/BacterialSpot(281).jpg,BacterialSpot(281).jpg,BacterialSpot(281),bacterialspot(281),.jpg,93783,False,640,480,38549d05d75c77975c9cc75a69da3cd25a81f221,ea9aba8ab26e6125,
image,BacterialSpot,BacterialSpot,/content/drive/MyDrive/Papaya_Leaf_Disease_Classification/BDPapayaLeaf/Original Images/BacterialSpot/BacterialSpot(282).jpg,BDPapayaLeaf/Original Images/BacterialSpot/BacterialSpot(282).jpg,BacterialSpot(282).jpg,BacterialSpot(282),bacterialspot(282),.jpg,117253,False,640,480,24701d984f4d1d1ac1695fc4b2ee7d0032419151,96664190366fedd1,
image,BacterialSpot,BacterialSpot,/content/drive/MyDrive/Papaya_Leaf_Disease_Classification/BDPapayaLeaf/Original Images/BacterialSpot/BacterialSpot(283).jpg,BDPapayaLeaf/Original Images/BacterialSpot/BacterialSpot(283).jpg,BacterialSpot(283).jpg,BacterialSpot(283),bacterialspot(283),.jpg,131038,False,640,480,880ea361727bbc4fadf1b035722deb69ae9123a7,f309e6fd42940bc3,
image,BacterialSpot,BacterialSpot,/content/drive/MyDrive/Papaya_Leaf_Disease_Classification/BDPapayaLeaf/Original Images/BacterialSpot/BacterialSpot(284).jpg,BDPapayaLeaf/Original Images/BacterialSpot/BacterialSpot(284).jpg,BacterialSpot(284).jpg,BacterialSpot(284),bacterialspot(284),.jpg,97221,False,640,480,117811c44de358844ccffbb051a1f8c414d14dc1,aa410f76fe0a1a79,
image,BacterialSpot,BacterialSpot,/content/drive/MyDrive/Papaya_Leaf_Disease_Classification/BDPapayaLeaf/Original Images/BacterialSpot/BacterialSpot(285).jpg,BDPapayaLeaf/Original Images/BacterialSpot/BacterialSpot(285).jpg,BacterialSpot(285).jpg,BacterialSpot(285),bacterialspot(285),.jpg,89203,False,640,480,a03dcba146734d09d2b23170354cd4f9e4c81598,cfdc74db64026c64,
image,BacterialSpot,BacterialSpot,/content/drive/MyDrive/Papaya_Leaf_Disease_Classification/BDPapayaLeaf/Original Images/BacterialSpot/BacterialSpot(286).jpg,BDPapayaLeaf/Original Images/BacterialSpot/BacterialSpot(286).jpg,BacterialSpot(286).jpg,BacterialSpot(286),bacterialspot(286),.jpg,121650,False,640,480,ce1879e026ead84844553dacd3a5b0c62b294559,ff846a99a825b5d0,
image,BacterialSpot,BacterialSpot,/content/drive/MyDrive/Papaya_Leaf_Disease_Classification/BDPapayaLeaf/Original Images/BacterialSpot/BacterialSpot(287).jpg,BDPapayaLeaf/Original Images/BacterialSpot/BacterialSpot(287).jpg,BacterialSpot(287).jpg,BacterialSpot(287),bacterialspot(287),.jpg,128029,False,640,480,4623a07471be73d001f2aa2af07f959709752bec,baebb539d82448cc,
image,BacterialSpot,BacterialSpot,/content/drive/MyDrive/Papaya_Leaf_Disease_Classification/BDPapayaLeaf/Original Images/BacterialSpot/BacterialSpot(288).jpg,BDPapayaLeaf/Original Images/BacterialSpot/BacterialSpot(288).jpg,BacterialSpot(288).jpg,BacterialSpot(288),bacterialspot(288),.jpg,129901,False,640,480,0512befc91de4de9a13a45842e18b03090ff7f54,abe849298d317d6a,
image,BacterialSpot,BacterialSpot,/content/drive/MyDrive/Papaya_Leaf_Disease_Classification/BDPapayaLeaf/Original Images/BacterialSpot/BacterialSpot(289).jpg,BDPapayaLeaf/Original Images/BacterialSpot/BacterialSpot(289).jpg,BacterialSpot(289).jpg,BacterialSpot(289),bacterialspot(289),.jpg,125946,False,640,480,5bd1aa996a5bdaa43238487d9c60309553b57b0c,8aaa931478e0f1ef,
image,BacterialSpot,BacterialSpot,/content/drive/MyDrive/Papaya_Leaf_Disease_Classification/BDPapayaLeaf/Original Images/BacterialSpot/BacterialSpot(29).jpg,BDPapayaLeaf/Original Images/BacterialSpot/BacterialSpot(29).jpg,BacterialSpot(29).jpg,BacterialSpot(29),bacterialspot(29),.jpg,115342,False,640,480,863aec16dc06386fb3407336ee5d651c41755766,d3ce8cd81912d9f2,
image,BacterialSpot,BacterialSpot,/content/drive/MyDrive/Papaya_Leaf_Disease_Classification/BDPapayaLeaf/Original Images/BacterialSpot/BacterialSpot(290).jpg,BDPapayaLeaf/Original Images/BacterialSpot/BacterialSpot(290).jpg,BacterialSpot(290).jpg,BacterialSpot(290),bacterialspot(290),.jpg,118137,False,640,480,b91a2dec3c96e690c38a695c83bbb800655eb2ea,e9b0e5f03e051755,
image,BacterialSpot,BacterialSpot,/content/drive/MyDrive/Papaya_Leaf_Disease_Classification/BDPapayaLeaf/Original Images/BacterialSpot/BacterialSpot(291).jpg,BDPapayaLeaf/Original Images/BacterialSpot/BacterialSpot(291).jpg,BacterialSpot(291).jpg,BacterialSpot(291),bacterialspot(291),.jpg,108737,False,640,480,a4018424e155a72c2e1e81f1deeadb92cd8b1a7e,9fc3494adad2d0b2,
image,BacterialSpot,BacterialSpot,/content/drive/MyDrive/Papaya_Leaf_Disease_Classification/BDPapayaLeaf/Original Images/BacterialSpot/BacterialSpot(292).jpg,BDPapayaLeaf/Original Images/BacterialSpot/BacterialSpot(292).jpg,BacterialSpot(292).jpg,BacterialSpot(292),bacterialspot(292),.jpg,123293,False,640,480,37bf0d500f4b64d0e81cfb1f54b320862ac714aa,8fc1365fe40700f7,
image,BacterialSpot,BacterialSpot,/content/drive/MyDrive/Papaya_Leaf_Disease_Classification/BDPapayaLeaf/Original Images/BacterialSpot/BacterialSpot(293).jpg,BDPapayaLeaf/Original Images/BacterialSpot/BacterialSpot(293).jpg,BacterialSpot(293).jpg,BacterialSpot(293),bacterialspot(293),.jpg,119254,False,640,480,f5474b15810782489adc8e24d2a74bcd6445beb3,85a6a368d6d30a9f,
image,BacterialSpot,BacterialSpot,/content/drive/MyDrive/Papaya_Leaf_Disease_Classification/BDPapayaLeaf/Original Images/BacterialSpot/BacterialSpot(294).jpg,BDPapayaLeaf/Original Images/BacterialSpot/BacterialSpot(294).jpg,BacterialSpot(294).jpg,BacterialSpot(294),bacterialspot(294),.jpg,105723,False,640,480,c6ee156e77b97ca2d2fd4479f916d50c41d36ea9,c7c49a480d2fbcba,
image,BacterialSpot,BacterialSpot,/content/drive/MyDrive/Papaya_Leaf_Disease_Classification/BDPapayaLeaf/Original Images/BacterialSpot/BacterialSpot(295).jpg,BDPapayaLeaf/Original Images/BacterialSpot/BacterialSpot(295).jpg,BacterialSpot(295).jpg,BacterialSpot(295),bacterialspot(295),.jpg,121457,False,640,480,22af4b20fe67cd5264122ca080a8691e2f13ccbf,efa1ccfff02003c4,
image,BacterialSpot,BacterialSpot,/content/drive/MyDrive/Papaya_Leaf_Disease_Classification/BDPapayaLeaf/Original Images/BacterialSpot/BacterialSpot(296).jpg,BDPapayaLeaf/Original Images/BacterialSpot/BacterialSpot(296).jpg,BacterialSpot(296).jpg,BacterialSpot(296),bacterialspot(296),.jpg,114499,False,640,480,0a0f386bad87633a74f2d145cd44c9546c9ffafa,eade5ca5cb82d070,
image,BacterialSpot,BacterialSpot,/content/drive/MyDrive/Papaya_Leaf_Disease_Classification/BDPapayaLeaf/Original Images/BacterialSpot/BacterialSpot(297).jpg,BDPapayaLeaf/Original Images/BacterialSpot/BacterialSpot(297).jpg,BacterialSpot(297).jpg,BacterialSpot(297),bacterialspot(297),.jpg,103168,False,640,480,8de41d3961ebfeba2da55f896c2e555ca054e5c9,ab5352eaa8abc0f2,
image,BacterialSpot,BacterialSpot,/content/drive/MyDrive/Papaya_Leaf_Disease_Classification/BDPapayaLeaf/Original Images/BacterialSpot/BacterialSpot(298).jpg,BDPapayaLeaf/Original Images/BacterialSpot/BacterialSpot(298).jpg,BacterialSpot(298).jpg,BacterialSpot(298),bacterialspot(298),.jpg,108269,False,640,480,efec11c7e802c68328175e87ebbf42bca17649b8,81b3155552daab5d,
image,BacterialSpot,BacterialSpot,/content/drive/MyDrive/Papaya_Leaf_Disease_Classification/BDPapayaLeaf/Original Images/BacterialSpot/BacterialSpot(299).jpg,BDPapayaLeaf/Original Images/BacterialSpot/BacterialSpot(299).jpg,BacterialSpot(299).jpg,BacterialSpot(299),bacterialspot(299),.jpg,122245,False,640,480,324a3de8ffa9236e0432a0f81fc554aa4f30398e,dcc805716b3a2aaf,
image,BacterialSpot,BacterialSpot,/content/drive/MyDrive/Papaya_Leaf_Disease_Classification/BDPapayaLeaf/Original Images/BacterialSpot/BacterialSpot(3).jpg,BDPapayaLeaf/Original Images/BacterialSpot/BacterialSpot(3).jpg,BacterialSpot(3).jpg,BacterialSpot(3),bacterialspot(3),.jpg,134290,False,640,480,2db31de78b7d75927c0c2aaa45cf6cd5e71fe444,ecc61baa89550ade,
image,BacterialSpot,BacterialSpot,/content/drive/MyDrive/Papaya_Leaf_Disease_Classification/BDPapayaLeaf/Original Images/BacterialSpot/BacterialSpot(30).jpg,BDPapayaLeaf/Original Images/BacterialSpot/BacterialSpot(30).jpg,BacterialSpot(30).jpg,BacterialSpot(30),bacterialspot(30),.jpg,122112,False,640,480,2cdaedb48958b213862d6cc25c5513a7b9fd1fc7,eed7e007892ca749,
image,BacterialSpot,BacterialSpot,/content/drive/MyDrive/Papaya_Leaf_Disease_Classification/BDPapayaLeaf/Original Images/BacterialSpot/BacterialSpot(300).jpg,BDPapayaLeaf/Original Images/BacterialSpot/BacterialSpot(300).jpg,BacterialSpot(300).jpg,BacterialSpot(300),bacterialspot(300),.jpg,131987,False,640,480,27790508ed63a707241307071281d74e9918c90d,a7b6d755505f4301,
image,BacterialSpot,BacterialSpot,/content/drive/MyDrive/Papaya_Leaf_Disease_Classification/BDPapayaLeaf/Original Images/BacterialSpot/BacterialSpot(301).jpg,BDPapayaLeaf/Original Images/BacterialSpot/BacterialSpot(301).jpg,BacterialSpot(301).jpg,BacterialSpot(301),bacterialspot(301),.jpg,121597,False,640,480,1094fb4153f3112460f05c0bbadb1f4fb8e3874b,8a92ffb801a12fe5,
image,BacterialSpot,BacterialSpot,/content/drive/MyDrive/Papaya_Leaf_Disease_Classification/BDPapayaLeaf/Original Images/BacterialSpot/BacterialSpot(302).jpg,BDPapayaLeaf/Original Images/BacterialSpot/BacterialSpot(302).jpg,BacterialSpot(302).jpg,BacterialSpot(302),bacterialspot(302),.jpg,131474,False,640,480,d3a1eb61b34da026a4fee9d2fed3f59fc4028076,b3e2d50a09275cbd,
image,BacterialSpot,BacterialSpot,/content/drive/MyDrive/Papaya_Leaf_Disease_Classification/BDPapayaLeaf/Original Images/BacterialSpot/BacterialSpot(303).jpg,BDPapayaLeaf/Original Images/BacterialSpot/BacterialSpot(303).jpg,BacterialSpot(303).jpg,BacterialSpot(303),bacterialspot(303),.jpg,132038,False,640,480,afcb2e1d59e96b224f2464b63827344596a868b0,9ac7d3b44944e9e4,
image,BacterialSpot,BacterialSpot,/content/drive/MyDrive/Papaya_Leaf_Disease_Classification/BDPapayaLeaf/Original Images/BacterialSpot/BacterialSpot(304).jpg,BDPapayaLeaf/Original Images/BacterialSpot/BacterialSpot(304).jpg,BacterialSpot(304).jpg,BacterialSpot(304),bacterialspot(304),.jpg,111611,False,640,480,055fda18294ee19ac6633f6b6b3864e6433cedc0,a741deb7a64c1c0b,
image,BacterialSpot,BacterialSpot,/content/drive/MyDrive/Papaya_Leaf_Disease_Classification/BDPapayaLeaf/Original Images/BacterialSpot/BacterialSpot(305).jpg,BDPapayaLeaf/Original Images/BacterialSpot/BacterialSpot(305).jpg,BacterialSpot(305).jpg,BacterialSpot(305),bacterialspot(305),.jpg,124257,False,640,480,3ee2e45f49af6eced12c8c7c9386b045bb078f0e,bcafd4e61230e2ca,
image,BacterialSpot,BacterialSpot,/content/drive/MyDrive/Papaya_Leaf_Disease_Classification/BDPapayaLeaf/Original Images/BacterialSpot/BacterialSpot(306).jpg,BDPapayaLeaf/Original Images/BacterialSpot/BacterialSpot(306).jpg,BacterialSpot(306).jpg,BacterialSpot(306),bacterialspot(306),.jpg,127541,False,640,480,c4a0c3bdbabb2b4c18ada15a4de0c75159a3bf70,a9fbe0ea5a86a4a1,
image,BacterialSpot,BacterialSpot,/content/drive/MyDrive/Papaya_Leaf_Disease_Classification/BDPapayaLeaf/Original Images/BacterialSpot/BacterialSpot(307).jpg,BDPapayaLeaf/Original Images/BacterialSpot/BacterialSpot(307).jpg,BacterialSpot(307).jpg,BacterialSpot(307),bacterialspot(307),.jpg,120105,False,640,480,1281858afc22b8e218b099a6301474d0f2f2a234,94f506bd516abc26,
image,BacterialSpot,BacterialSpot,/content/drive/MyDrive/Papaya_Leaf_Disease_Classification/BDPapayaLeaf/Original Images/BacterialSpot/BacterialSpot(308).jpg,BDPapayaLeaf/Original Images/BacterialSpot/BacterialSpot(308).jpg,BacterialSpot(308).jpg,BacterialSpot(308),bacterialspot(308),.jpg,135907,False,640,480,488aa913ee0b9d05c45097fd5064155a56108516,f98f0adccec73120,
image,BacterialSpot,BacterialSpot,/content/drive/MyDrive/Papaya_Leaf_Disease_Classification/BDPapayaLeaf/Original Images/BacterialSpot/BacterialSpot(309).jpg,BDPapayaLeaf/Original Images/BacterialSpot/BacterialSpot(309).jpg,BacterialSpot(309).jpg,BacterialSpot(309),bacterialspot(309),.jpg,127894,False,640,480,514a88ac0d4880f7f33c413a2bb1003384d3e1e1,af8604ef9fc014b6,
image,BacterialSpot,BacterialSpot,/content/drive/MyDrive/Papaya_Leaf_Disease_Classification/BDPapayaLeaf/Original Images/BacterialSpot/BacterialSpot(31).jpg,BDPapayaLeaf/Original Images/BacterialSpot/BacterialSpot(31).jpg,BacterialSpot(31).jpg,BacterialSpot(31),bacterialspot(31),.jpg,124279,False,640,480,f5dbb33dd9aab60dccddca12ec872186d8650c85,cc59d20b69a387dc,
image,BacterialSpot,BacterialSpot,/content/drive/MyDrive/Papaya_Leaf_Disease_Classification/BDPapayaLeaf/Original Images/BacterialSpot/BacterialSpot(310).jpg,BDPapayaLeaf/Original Images/BacterialSpot/BacterialSpot(310).jpg,BacterialSpot(310).jpg,BacterialSpot(310),bacterialspot(310),.jpg,108568,False,640,480,75f6350fba55f35f9c63a12b2fdd4aa1ad8f0b33,83b3830f9f4de4a4,
image,BacterialSpot,BacterialSpot,/content/drive/MyDrive/Papaya_Leaf_Disease_Classification/BDPapayaLeaf/Original Images/BacterialSpot/BacterialSpot(311).jpg,BDPapayaLeaf/Original Images/BacterialSpot/BacterialSpot(311).jpg,BacterialSpot(311).jpg,BacterialSpot(311),bacterialspot(311),.jpg,108711,False,640,480,2d442b19ddc1ff94ede64bac2bc60087ed155643,a18704165b9679fe,
image,BacterialSpot,BacterialSpot,/content/drive/MyDrive/Papaya_Leaf_Disease_Classification/BDPapayaLeaf/Original Images/BacterialSpot/BacterialSpot(312).jpg,BDPapayaLeaf/Original Images/BacterialSpot/BacterialSpot(312).jpg,BacterialSpot(312).jpg,BacterialSpot(312),bacterialspot(312),.jpg,107522,False,640,480,fcfa89cf2a464b5b5352d9a56e6484664dceab53,beee64922ab09595,
image,BacterialSpot,BacterialSpot,/content/drive/MyDrive/Papaya_Leaf_Disease_Classification/BDPapayaLeaf/Original Images/BacterialSpot/BacterialSpot(313).jpg,BDPapayaLeaf/Original Images/BacterialSpot/BacterialSpot(313).jpg,BacterialSpot(313).jpg,BacterialSpot(313),bacterialspot(313),.jpg,111499,False,640,480,30f4143f06956ee15b25ba9cb9b9bc5bb69801b2,e9b544dd928a8eca,
image,BacterialSpot,BacterialSpot,/content/drive/MyDrive/Papaya_Leaf_Disease_Classification/BDPapayaLeaf/Original Images/BacterialSpot/BacterialSpot(314).jpg,BDPapayaLeaf/Original Images/BacterialSpot/BacterialSpot(314).jpg,BacterialSpot(314).jpg,BacterialSpot(314),bacterialspot(314),.jpg,115226,False,640,480,34b806f8eda34c2de86d6984967de93ff338f68c,ffa1b0b5cb8c4258,
image,BacterialSpot,BacterialSpot,/content/drive/MyDrive/Papaya_Leaf_Disease_Classification/BDPapayaLeaf/Original Images/BacterialSpot/BacterialSpot(315).jpg,BDPapayaLeaf/Original Images/BacterialSpot/BacterialSpot(315).jpg,BacterialSpot(315).jpg,BacterialSpot(315),bacterialspot(315),.jpg,132317,False,640,480,e80c197b895d471c45e4e45f6703b72de019632e,a28d7dd1270a3e3a,
image,BacterialSpot,BacterialSpot,/content/drive/MyDrive/Papaya_Leaf_Disease_Classification/BDPapayaLeaf/Original Images/BacterialSpot/BacterialSpot(316).jpg,BDPapayaLeaf/Original Images/BacterialSpot/BacterialSpot(316).jpg,BacterialSpot(316).jpg,BacterialSpot(316),bacterialspot(316),.jpg,117471,False,640,480,8461f49301816bb77e571f6f001072e662d7c6a3,c3c4f4552d5a4d5a,
image,BacterialSpot,BacterialSpot,/content/drive/MyDrive/Papaya_Leaf_Disease_Classification/BDPapayaLeaf/Original Images/BacterialSpot/BacterialSpot(317).jpg,BDPapayaLeaf/Original Images/BacterialSpot/BacterialSpot(317).jpg,BacterialSpot(317).jpg,BacterialSpot(317),bacterialspot(317),.jpg,128159,False,640,480,b8d87dd9f6e48467c6b9f64db57f7b532392a07d,fb8c19cc1923baa3,
image,BacterialSpot,BacterialSpot,/content/drive/MyDrive/Papaya_Leaf_Disease_Classification/BDPapayaLeaf/Original Images/BacterialSpot/BacterialSpot(318).jpg,BDPapayaLeaf/Original Images/BacterialSpot/BacterialSpot(318).jpg,BacterialSpot(318).jpg,BacterialSpot(318),bacterialspot(318),.jpg,128202,False,640,480,5f2e7760e16fe01fcf5b7e4f1cc0bd527328c6f7,8edd72d56040ff82,
image,BacterialSpot,BacterialSpot,/content/drive/MyDrive/Papaya_Leaf_Disease_Classification/BDPapayaLeaf/Original Images/BacterialSpot/BacterialSpot(319).jpg,BDPapayaLeaf/Original Images/BacterialSpot/BacterialSpot(319).jpg,BacterialSpot(319).jpg,BacterialSpot(319),bacterialspot(319),.jpg,108753,False,640,480,d45209f41b8fa139ba51acad5439710720f52c2d,8ed740d6abb294aa,
image,BacterialSpot,BacterialSpot,/content/drive/MyDrive/Papaya_Leaf_Disease_Classification/BDPapayaLeaf/Original Images/BacterialSpot/BacterialSpot(32).jpg,BDPapayaLeaf/Original Images/BacterialSpot/BacterialSpot(32).jpg,BacterialSpot(32).jpg,BacterialSpot(32),bacterialspot(32),.jpg,131211,False,640,480,0415f8c10bd9ac5873e8ea7aed0ed06f996aa364,867d5a39ad968187,
image,BacterialSpot,BacterialSpot,/content/drive/MyDrive/Papaya_Leaf_Disease_Classification/BDPapayaLeaf/Original Images/BacterialSpot/BacterialSpot(320).jpg,BDPapayaLeaf/Original Images/BacterialSpot/BacterialSpot(320).jpg,BacterialSpot(320).jpg,BacterialSpot(320),bacterialspot(320),.jpg,109531,False,640,480,72aaaf39643841b73f27a54d5ce92f38a17c36ee,eb4d8189b99ab0ab,
image,BacterialSpot,BacterialSpot,/content/drive/MyDrive/Papaya_Leaf_Disease_Classification/BDPapayaLeaf/Original Images/BacterialSpot/BacterialSpot(321).jpg,BDPapayaLeaf/Original Images/BacterialSpot/BacterialSpot(321).jpg,BacterialSpot(321).jpg,BacterialSpot(321),bacterialspot(321),.jpg,96210,False,640,480,cb9f5a1ab984d264bfd7e2c2cdce77b8e07e4f16,a7561e3e387258c3,
image,BacterialSpot,BacterialSpot,/content/drive/MyDrive/Papaya_Leaf_Disease_Classification/BDPapayaLeaf/Original Images/BacterialSpot/BacterialSpot(322).jpg,BDPapayaLeaf/Original Images/BacterialSpot/BacterialSpot(322).jpg,BacterialSpot(322).jpg,BacterialSpot(322),bacterialspot(322),.jpg,101113,False,640,480,4bab2273d2df8f393c36b17996a58c863e395b7a,a41cf6e86a742a6d,
image,BacterialSpot,BacterialSpot,/content/drive/MyDrive/Papaya_Leaf_Disease_Classification/BDPapayaLeaf/Original Images/BacterialSpot/BacterialSpot(323).jpg,BDPapayaLeaf/Original Images/BacterialSpot/BacterialSpot(323).jpg,BacterialSpot(323).jpg,BacterialSpot(323),bacterialspot(323),.jpg,107468,False,640,480,e880af9cda155e39705045582327d7be60f078ca,8ff0e4d1412f1e1b,
image,BacterialSpot,BacterialSpot,/content/drive/MyDrive/Papaya_Leaf_Disease_Classification/BDPapayaLeaf/Original Images/BacterialSpot/BacterialSpot(324).jpg,BDPapayaLeaf/Original Images/BacterialSpot/BacterialSpot(324).jpg,BacterialSpot(324).jpg,BacterialSpot(324),bacterialspot(324),.jpg,120375,False,640,480,66f76d5da029bbca59c3fb8c28d1da7288784399,8ab1f401f6f8e13c,
image,BacterialSpot,BacterialSpot,/content/drive/MyDrive/Papaya_Leaf_Disease_Classification/BDPapayaLeaf/Original Images/BacterialSpot/BacterialSpot(325).jpg,BDPapayaLeaf/Original Images/BacterialSpot/BacterialSpot(325).jpg,BacterialSpot(325).jpg,BacterialSpot(325),bacterialspot(325),.jpg,116672,False,640,480,369b97f916a1714110e608c459bc47efbbc4b502,d9d0509262a7b7e6,
image,BacterialSpot,BacterialSpot,/content/drive/MyDrive/Papaya_Leaf_Disease_Classification/BDPapayaLeaf/Original Images/BacterialSpot/BacterialSpot(326).jpg,BDPapayaLeaf/Original Images/BacterialSpot/BacterialSpot(326).jpg,BacterialSpot(326).jpg,BacterialSpot(326),bacterialspot(326),.jpg,104726,False,640,480,cc392510c90da65f41995417a2e2781b56b9d521,94d494ada92e48bf,
image,BacterialSpot,BacterialSpot,/content/drive/MyDrive/Papaya_Leaf_Disease_Classification/BDPapayaLeaf/Original Images/BacterialSpot/BacterialSpot(327).jpg,BDPapayaLeaf/Original Images/BacterialSpot/BacterialSpot(327).jpg,BacterialSpot(327).jpg,BacterialSpot(327),bacterialspot(327),.jpg,111061,False,640,480,6feed009425da46ad9cdf1f033b23dd0a44c260a,b68dd19da0bab2a8,
image,BacterialSpot,BacterialSpot,/content/drive/MyDrive/Papaya_Leaf_Disease_Classification/BDPapayaLeaf/Original Images/BacterialSpot/BacterialSpot(328).jpg,BDPapayaLeaf/Original Images/BacterialSpot/BacterialSpot(328).jpg,BacterialSpot(328).jpg,BacterialSpot(328),bacterialspot(328),.jpg,119096,False,640,480,e8ff777a531f9bec56f6d480989688f6884babe5,ce190fe1fe4e2720,
image,BacterialSpot,BacterialSpot,/content/drive/MyDrive/Papaya_Leaf_Disease_Classification/BDPapayaLeaf/Original Images/BacterialSpot/BacterialSpot(329).jpg,BDPapayaLeaf/Original Images/BacterialSpot/BacterialSpot(329).jpg,BacterialSpot(329).jpg,BacterialSpot(329),bacterialspot(329),.jpg,115146,False,640,480,4132d8e7a6cdaa80773cee4906a6d21d7b9a1793,99a8e0e3add4de50,
image,BacterialSpot,BacterialSpot,/content/drive/MyDrive/Papaya_Leaf_Disease_Classification/BDPapayaLeaf/Original Images/BacterialSpot/BacterialSpot(33).jpg,BDPapayaLeaf/Original Images/BacterialSpot/BacterialSpot(33).jpg,BacterialSpot(33).jpg,BacterialSpot(33),bacterialspot(33),.jpg,113918,False,640,480,1c9f2473782cf2b774a00a8074af1f6e954286dd,b2e6edca2b213594,
image,BacterialSpot,BacterialSpot,/content/drive/MyDrive/Papaya_Leaf_Disease_Classification/BDPapayaLeaf/Original Images/BacterialSpot/BacterialSpot(330).jpg,BDPapayaLeaf/Original Images/BacterialSpot/BacterialSpot(330).jpg,BacterialSpot(330).jpg,BacterialSpot(330),bacterialspot(330),.jpg,117023,False,640,480,893a07e47a99206f936cb8c560c2000f884cb373,c18ccbdd9519ad91,
image,BacterialSpot,BacterialSpot,/content/drive/MyDrive/Papaya_Leaf_Disease_Classification/BDPapayaLeaf/Original Images/BacterialSpot/BacterialSpot(331).jpg,BDPapayaLeaf/Original Images/BacterialSpot/BacterialSpot(331).jpg,BacterialSpot(331).jpg,BacterialSpot(331),bacterialspot(331),.jpg,125324,False,640,480,2d0ce6c806c49767dbc5397b2315966510b2980c,fda7a8b9020817de,
image,BacterialSpot,BacterialSpot,/content/drive/MyDrive/Papaya_Leaf_Disease_Classification/BDPapayaLeaf/Original Images/BacterialSpot/BacterialSpot(332).jpg,BDPapayaLeaf/Original Images/BacterialSpot/BacterialSpot(332).jpg,BacterialSpot(332).jpg,BacterialSpot(332),bacterialspot(332),.jpg,129410,False,640,480,34dba181b764e20be672d962dd92f2f76adf8df9,f8e316cb9d66c888,
image,BacterialSpot,BacterialSpot,/content/drive/MyDrive/Papaya_Leaf_Disease_Classification/BDPapayaLeaf/Original Images/BacterialSpot/BacterialSpot(333).jpg,BDPapayaLeaf/Original Images/BacterialSpot/BacterialSpot(333).jpg,BacterialSpot(333).jpg,BacterialSpot(333),bacterialspot(333),.jpg,117837,False,640,480,41c7ad828d6744cd66477beb30be606c54ad98c0,efeec24751974888,
image,BacterialSpot,BacterialSpot,/content/drive/MyDrive/Papaya_Leaf_Disease_Classification/BDPapayaLeaf/Original Images/BacterialSpot/BacterialSpot(334).jpg,BDPapayaLeaf/Original Images/BacterialSpot/BacterialSpot(334).jpg,BacterialSpot(334).jpg,BacterialSpot(334),bacterialspot(334),.jpg,107023,False,640,480,43a980bba678a5c27a37660d153aaf14216ec207,aad2924955aba99b,
image,BacterialSpot,BacterialSpot,/content/drive/MyDrive/Papaya_Leaf_Disease_Classification/BDPapayaLeaf/Original Images/BacterialSpot/BacterialSpot(335).jpg,BDPapayaLeaf/Original Images/BacterialSpot/BacterialSpot(335).jpg,BacterialSpot(335).jpg,BacterialSpot(335),bacterialspot(335),.jpg,124615,False,640,480,44830bb20608dd87218bff9f05f72e6d87aa64c9,e2fe8c88bdc3a8a1,
image,BacterialSpot,BacterialSpot,/content/drive/MyDrive/Papaya_Leaf_Disease_Classification/BDPapayaLeaf/Original Images/BacterialSpot/BacterialSpot(336).jpg,BDPapayaLeaf/Original Images/BacterialSpot/BacterialSpot(336).jpg,BacterialSpot(336).jpg,BacterialSpot(336),bacterialspot(336),.jpg,116380,False,640,480,9ef1c86dc5297a525b17b67c001315c4b9431f16,a84d6434b3c4f787,
image,BacterialSpot,BacterialSpot,/content/drive/MyDrive/Papaya_Leaf_Disease_Classification/BDPapayaLeaf/Original Images/BacterialSpot/BacterialSpot(337).jpg,BDPapayaLeaf/Original Images/BacterialSpot/BacterialSpot(337).jpg,BacterialSpot(337).jpg,BacterialSpot(337),bacterialspot(337),.jpg,130166,False,640,480,f77fd2c408c65ac41b490c2d71e30503aaae19b3,a6c7944ae19fd81a,
image,BacterialSpot,BacterialSpot,/content/drive/MyDrive/Papaya_Leaf_Disease_Classification/BDPapayaLeaf/Original Images/BacterialSpot/BacterialSpot(338).jpg,BDPapayaLeaf/Original Images/BacterialSpot/BacterialSpot(338).jpg,BacterialSpot(338).jpg,BacterialSpot(338),bacterialspot(338),.jpg,125486,False,640,480,0b9f7a8046b0e5944a846bc3faf59bb6da22b0be,bcb478e0701be34e,
image,BacterialSpot,BacterialSpot,/content/drive/MyDrive/Papaya_Leaf_Disease_Classification/BDPapayaLeaf/Original Images/BacterialSpot/BacterialSpot(339).jpg,BDPapayaLeaf/Original Images/BacterialSpot/BacterialSpot(339).jpg,BacterialSpot(339).jpg,BacterialSpot(339),bacterialspot(339),.jpg,109143,False,640,480,779312211606e6d82bcbeda8c1626938179b386c,8ce1fa4f6dea8118,
image,BacterialSpot,BacterialSpot,/content/drive/MyDrive/Papaya_Leaf_Disease_Classification/BDPapayaLeaf/Original Images/BacterialSpot/BacterialSpot(34).jpg,BDPapayaLeaf/Original Images/BacterialSpot/BacterialSpot(34).jpg,BacterialSpot(34).jpg,BacterialSpot(34),bacterialspot(34),.jpg,120117,False,640,480,41ea49a5e54dc7785d841c5523d4af3426e1fcb4,a5164b2d92fb41d5,
image,BacterialSpot,BacterialSpot,/content/drive/MyDrive/Papaya_Leaf_Disease_Classification/BDPapayaLeaf/Original Images/BacterialSpot/BacterialSpot(340).jpg,BDPapayaLeaf/Original Images/BacterialSpot/BacterialSpot(340).jpg,BacterialSpot(340).jpg,BacterialSpot(340),bacterialspot(340),.jpg,114446,False,640,480,16a73d11a003e403267df25ace544d9372394c1c,8ef508ade00ff683,
image,BacterialSpot,BacterialSpot,/content/drive/MyDrive/Papaya_Leaf_Disease_Classification/BDPapayaLeaf/Original Images/BacterialSpot/BacterialSpot(341).jpg,BDPapayaLeaf/Original Images/BacterialSpot/BacterialSpot(341).jpg,BacterialSpot(341).jpg,BacterialSpot(341),bacterialspot(341),.jpg,106871,False,640,480,6e86fda8a49613fc8a726d0b68bd41953b57a6cb,acf2b5f24b056345,
image,BacterialSpot,BacterialSpot,/content/drive/MyDrive/Papaya_Leaf_Disease_Classification/BDPapayaLeaf/Original Images/BacterialSpot/BacterialSpot(342).jpg,BDPapayaLeaf/Original Images/BacterialSpot/BacterialSpot(342).jpg,BacterialSpot(342).jpg,BacterialSpot(342),bacterialspot(342),.jpg,123584,False,640,480,816c772e3da989c2ee1cdaa7db1fbaa32d83c3cc,acd90d2db4107af3,
image,BacterialSpot,BacterialSpot,/content/drive/MyDrive/Papaya_Leaf_Disease_Classification/BDPapayaLeaf/Original Images/BacterialSpot/BacterialSpot(343).jpg,BDPapayaLeaf/Original Images/BacterialSpot/BacterialSpot(343).jpg,BacterialSpot(343).jpg,BacterialSpot(343),bacterialspot(343),.jpg,116359,False,640,480,feb044ce8c0741a6dbfd74a8bc062ca562866b94,ae996892af7e9224,
image,BacterialSpot,BacterialSpot,/content/drive/MyDrive/Papaya_Leaf_Disease_Classification/BDPapayaLeaf/Original Images/BacterialSpot/BacterialSpot(344).jpg,BDPapayaLeaf/Original Images/BacterialSpot/BacterialSpot(344).jpg,BacterialSpot(344).jpg,BacterialSpot(344),bacterialspot(344),.jpg,126090,False,640,480,0656f1c6deb319907c07a3a29d7f8d47ff18af09,8cbdbb90715a4e94,
image,BacterialSpot,BacterialSpot,/content/drive/MyDrive/Papaya_Leaf_Disease_Classification/BDPapayaLeaf/Original Images/BacterialSpot/BacterialSpot(345).jpg,BDPapayaLeaf/Original Images/BacterialSpot/BacterialSpot(345).jpg,BacterialSpot(345).jpg,BacterialSpot(345),bacterialspot(345),.jpg,106439,False,640,480,2a466a877b7ba43a6352bf05e230733099f4c954,accc26a627e598d5,
image,BacterialSpot,BacterialSpot,/content/drive/MyDrive/Papaya_Leaf_Disease_Classification/BDPapayaLeaf/Original Images/BacterialSpot/BacterialSpot(346).jpg,BDPapayaLeaf/Original Images/BacterialSpot/BacterialSpot(346).jpg,BacterialSpot(346).jpg,BacterialSpot(346),bacterialspot(346),.jpg,111761,False,640,480,88eba08697f7552ff9e709160e490f389662a2cd,9fcb4a6854a670bc,
image,BacterialSpot,BacterialSpot,/content/drive/MyDrive/Papaya_Leaf_Disease_Classification/BDPapayaLeaf/Original Images/BacterialSpot/BacterialSpot(347).jpg,BDPapayaLeaf/Original Images/BacterialSpot/BacterialSpot(347).jpg,BacterialSpot(347).jpg,BacterialSpot(347),bacterialspot(347),.jpg,130275,False,640,480,e075d4d5eb6f7e9e8f46e9de3610f367f6514aac,fe80c0953d5e46b6,
image,BacterialSpot,BacterialSpot,/content/drive/MyDrive/Papaya_Leaf_Disease_Classification/BDPapayaLeaf/Original Images/BacterialSpot/BacterialSpot(348).jpg,BDPapayaLeaf/Original Images/BacterialSpot/BacterialSpot(348).jpg,BacterialSpot(348).jpg,BacterialSpot(348),bacterialspot(348),.jpg,95377,False,640,480,4b209003df6f81dc79938c6f89e030ad17704de4,eb8543ea22559755,
image,BacterialSpot,BacterialSpot,/content/drive/MyDrive/Papaya_Leaf_Disease_Classification/BDPapayaLeaf/Original Images/BacterialSpot/BacterialSpot(349).jpg,BDPapayaLeaf/Original Images/BacterialSpot/BacterialSpot(349).jpg,BacterialSpot(349).jpg,BacterialSpot(349),bacterialspot(349),.jpg,104637,False,640,480,0f30ea043225686565b70f16a819ee457c7a5dee,9ac5064b860e6faf,
image,BacterialSpot,BacterialSpot,/content/drive/MyDrive/Papaya_Leaf_Disease_Classification/BDPapayaLeaf/Original Images/BacterialSpot/BacterialSpot(35).jpg,BDPapayaLeaf/Original Images/BacterialSpot/BacterialSpot(35).jpg,BacterialSpot(35).jpg,BacterialSpot(35),bacterialspot(35),.jpg,132216,False,640,480,97342eb652acece1d08dd97b1bb05fa9747fe3e5,cb1df3a3264686cc,
image,BacterialSpot,BacterialSpot,/content/drive/MyDrive/Papaya_Leaf_Disease_Classification/BDPapayaLeaf/Original Images/BacterialSpot/BacterialSpot(350).jpg,BDPapayaLeaf/Original Images/BacterialSpot/BacterialSpot(350).jpg,BacterialSpot(350).jpg,BacterialSpot(350),bacterialspot(350),.jpg,138863,False,640,480,e4751e07772d8405f735621f9e29a6d59a6255a0,a981ad96722b3367,
image,BacterialSpot,BacterialSpot,/content/drive/MyDrive/Papaya_Leaf_Disease_Classification/BDPapayaLeaf/Original Images/BacterialSpot/BacterialSpot(351).jpg,BDPapayaLeaf/Original Images/BacterialSpot/BacterialSpot(351).jpg,BacterialSpot(351).jpg,BacterialSpot(351),bacterialspot(351),.jpg,119821,False,640,480,1eef794763f8498c20b2b7d6b5d84652e2c09897,b1c4d1999b126ee5,
image,BacterialSpot,BacterialSpot,/content/drive/MyDrive/Papaya_Leaf_Disease_Classification/BDPapayaLeaf/Original Images/BacterialSpot/BacterialSpot(352).jpg,BDPapayaLeaf/Original Images/BacterialSpot/BacterialSpot(352).jpg,BacterialSpot(352).jpg,BacterialSpot(352),bacterialspot(352),.jpg,124752,False,640,480,2273b4d091bd837f0092908e2487e849b9eab614,8fa0ff86f115944a,
image,BacterialSpot,BacterialSpot,/content/drive/MyDrive/Papaya_Leaf_Disease_Classification/BDPapayaLeaf/Original Images/BacterialSpot/BacterialSpot(353).jpg,BDPapayaLeaf/Original Images/BacterialSpot/BacterialSpot(353).jpg,BacterialSpot(353).jpg,BacterialSpot(353),bacterialspot(353),.jpg,124514,False,640,480,4567adf88aa50d0fc2ec0430c3f68e2d35a4f830,9e406a4d05da57fa,
image,BacterialSpot,BacterialSpot,/content/drive/MyDrive/Papaya_Leaf_Disease_Classification/BDPapayaLeaf/Original Images/BacterialSpot/BacterialSpot(354).jpg,BDPapayaLeaf/Original Images/BacterialSpot/BacterialSpot(354).jpg,BacterialSpot(354).jpg,BacterialSpot(354),bacterialspot(354),.jpg,116499,False,640,480,ba6b4beec22336e71c6e1631270a222c32d267eb,80e30b175ba8f0fd,
image,BacterialSpot,BacterialSpot,/content/drive/MyDrive/Papaya_Leaf_Disease_Classification/BDPapayaLeaf/Original Images/BacterialSpot/BacterialSpot(355).jpg,BDPapayaLeaf/Original Images/BacterialSpot/BacterialSpot(355).jpg,BacterialSpot(355).jpg,BacterialSpot(355),bacterialspot(355),.jpg,109929,False,640,480,0f4fc1c4e81cbbc4ef41172432831323ff44d653,dfd17b8b6a646440,
image,BacterialSpot,BacterialSpot,/content/drive/MyDrive/Papaya_Leaf_Disease_Classification/BDPapayaLeaf/Original Images/BacterialSpot/BacterialSpot(356).jpg,BDPapayaLeaf/Original Images/BacterialSpot/BacterialSpot(356).jpg,BacterialSpot(356).jpg,BacterialSpot(356),bacterialspot(356),.jpg,114090,False,640,480,50aa7aa2bed30a680a6a3efd79afd87e3008d180,97d3794407dcaf40,
image,BacterialSpot,BacterialSpot,/content/drive/MyDrive/Papaya_Leaf_Disease_Classification/BDPapayaLeaf/Original Images/BacterialSpot/BacterialSpot(357).jpg,BDPapayaLeaf/Original Images/BacterialSpot/BacterialSpot(357).jpg,BacterialSpot(357).jpg,BacterialSpot(357),bacterialspot(357),.jpg,118664,False,640,480,4fe5fe1e6669859ae14e1642ac67659cdc7f705a,acc4127aaabb7c38,
image,BacterialSpot,BacterialSpot,/content/drive/MyDrive/Papaya_Leaf_Disease_Classification/BDPapayaLeaf/Original Images/BacterialSpot/BacterialSpot(358).jpg,BDPapayaLeaf/Original Images/BacterialSpot/BacterialSpot(358).jpg,BacterialSpot(358).jpg,BacterialSpot(358),bacterialspot(358),.jpg,116958,False,640,480,d72be1aee5c03ea8eb2d9bd5bdf98e1ea2718188,aacaac0dd56aab15,
image,BacterialSpot,BacterialSpot,/content/drive/MyDrive/Papaya_Leaf_Disease_Classification/BDPapayaLeaf/Original Images/BacterialSpot/BacterialSpot(359).jpg,BDPapayaLeaf/Original Images/BacterialSpot/BacterialSpot(359).jpg,BacterialSpot(359).jpg,BacterialSpot(359),bacterialspot(359),.jpg,119897,False,640,480,c494dcda1e7c81f044ff54f1391e364742f5322b,ace8b552faeb2501,
image,BacterialSpot,BacterialSpot,/content/drive/MyDrive/Papaya_Leaf_Disease_Classification/BDPapayaLeaf/Original Images/BacterialSpot/BacterialSpot(36).jpg,BDPapayaLeaf/Original Images/BacterialSpot/BacterialSpot(36).jpg,BacterialSpot(36).jpg,BacterialSpot(36),bacterialspot(36),.jpg,138033,False,640,480,d8c2663752374f8d645bf2dc78d6e993aabecfbb,c04fb8bec369154e,
image,BacterialSpot,BacterialSpot,/content/drive/MyDrive/Papaya_Leaf_Disease_Classification/BDPapayaLeaf/Original Images/BacterialSpot/BacterialSpot(360).jpg,BDPapayaLeaf/Original Images/BacterialSpot/BacterialSpot(360).jpg,BacterialSpot(360).jpg,BacterialSpot(360),bacterialspot(360),.jpg,118253,False,640,480,48d5e4f99ae4dda113c25dc909dbbefcf793a9b2,aec045eb863455fa,
image,BacterialSpot,BacterialSpot,/content/drive/MyDrive/Papaya_Leaf_Disease_Classification/BDPapayaLeaf/Original Images/BacterialSpot/BacterialSpot(361).jpg,BDPapayaLeaf/Original Images/BacterialSpot/BacterialSpot(361).jpg,BacterialSpot(361).jpg,BacterialSpot(361),bacterialspot(361),.jpg,118968,False,640,480,6e511429336114a30a1111e10a9cab6a2269e3d1,afd2e0c2916be913,
image,BacterialSpot,BacterialSpot,/content/drive/MyDrive/Papaya_Leaf_Disease_Classification/BDPapayaLeaf/Original Images/BacterialSpot/BacterialSpot(362).jpg,BDPapayaLeaf/Original Images/BacterialSpot/BacterialSpot(362).jpg,BacterialSpot(362).jpg,BacterialSpot(362),bacterialspot(362),.jpg,117438,False,640,480,640dd83a5ae26dbbfe500b826bb3ccf2e0785f75,bcd0ca9f2be90075,
image,BacterialSpot,BacterialSpot,/content/drive/MyDrive/Papaya_Leaf_Disease_Classification/BDPapayaLeaf/Original Images/BacterialSpot/BacterialSpot(363).jpg,BDPapayaLeaf/Original Images/BacterialSpot/BacterialSpot(363).jpg,BacterialSpot(363).jpg,BacterialSpot(363),bacterialspot(363),.jpg,114290,False,640,480,e7400f3b929d9cc9804b75da06e07b77c579a32c,ff1f5d5182ce2098,
image,BacterialSpot,BacterialSpot,/content/drive/MyDrive/Papaya_Leaf_Disease_Classification/BDPapayaLeaf/Original Images/BacterialSpot/BacterialSpot(364).jpg,BDPapayaLeaf/Original Images/BacterialSpot/BacterialSpot(364).jpg,BacterialSpot(364).jpg,BacterialSpot(364),bacterialspot(364),.jpg,108418,False,640,480,21a8c1c6f1993e701dafb91effa3327b897deb36,eb97978e1ac0c523,
image,BacterialSpot,BacterialSpot,/content/drive/MyDrive/Papaya_Leaf_Disease_Classification/BDPapayaLeaf/Original Images/BacterialSpot/BacterialSpot(365).jpg,BDPapayaLeaf/Original Images/BacterialSpot/BacterialSpot(365).jpg,BacterialSpot(365).jpg,BacterialSpot(365),bacterialspot(365),.jpg,112514,False,640,480,59db11f866578aa6cb49e5dccfcd89382fc3b094,dcc003955a0bbf2f,
image,BacterialSpot,BacterialSpot,/content/drive/MyDrive/Papaya_Leaf_Disease_Classification/BDPapayaLeaf/Original Images/BacterialSpot/BacterialSpot(366).jpg,BDPapayaLeaf/Original Images/BacterialSpot/BacterialSpot(366).jpg,BacterialSpot(366).jpg,BacterialSpot(366),bacterialspot(366),.jpg,120743,False,640,480,30a2f8c4609ca0a6632e01ea16ec7e328194a847,f8d878d1f1211375,
image,BacterialSpot,BacterialSpot,/content/drive/MyDrive/Papaya_Leaf_Disease_Classification/BDPapayaLeaf/Original Images/BacterialSpot/BacterialSpot(367).jpg,BDPapayaLeaf/Original Images/BacterialSpot/BacterialSpot(367).jpg,BacterialSpot(367).jpg,BacterialSpot(367),bacterialspot(367),.jpg,86604,False,640,480,da512a19f60ff04a7edb92d379d9f3fec01c1e40,8b97b6092a0dbed4,
image,BacterialSpot,BacterialSpot,/content/drive/MyDrive/Papaya_Leaf_Disease_Classification/BDPapayaLeaf/Original Images/BacterialSpot/BacterialSpot(368).jpg,BDPapayaLeaf/Original Images/BacterialSpot/BacterialSpot(368).jpg,BacterialSpot(368).jpg,BacterialSpot(368),bacterialspot(368),.jpg,96261,False,640,480,c6fa07916f476bbe9a97646e85b8a6e9805aad9a,bbb8ea2bb8e046a4,
image,BacterialSpot,BacterialSpot,/content/drive/MyDrive/Papaya_Leaf_Disease_Classification/BDPapayaLeaf/Original Images/BacterialSpot/BacterialSpot(369).jpg,BDPapayaLeaf/Original Images/BacterialSpot/BacterialSpot(369).jpg,BacterialSpot(369).jpg,BacterialSpot(369),bacterialspot(369),.jpg,98979,False,640,480,95995b5a8bc5b1b57146fdf438a5ee33fb09715e,abf8a5420d3e10ef,
image,BacterialSpot,BacterialSpot,/content/drive/MyDrive/Papaya_Leaf_Disease_Classification/BDPapayaLeaf/Original Images/BacterialSpot/BacterialSpot(37).jpg,BDPapayaLeaf/Original Images/BacterialSpot/BacterialSpot(37).jpg,BacterialSpot(37).jpg,BacterialSpot(37),bacterialspot(37),.jpg,140679,False,640,480,b7f1359f9122a2b0d628f172f1eb3e27bb508f9d,ed5b99f10702f4e0,
image,BacterialSpot,BacterialSpot,/content/drive/MyDrive/Papaya_Leaf_Disease_Classification/BDPapayaLeaf/Original Images/BacterialSpot/BacterialSpot(370).jpg,BDPapayaLeaf/Original Images/BacterialSpot/BacterialSpot(370).jpg,BacterialSpot(370).jpg,BacterialSpot(370),bacterialspot(370),.jpg,107504,False,640,480,cda8a7c6d17aa90dac8e22c8500a471ef1cf0da6,c95d54f7f2f0a030,
image,BacterialSpot,BacterialSpot,/content/drive/MyDrive/Papaya_Leaf_Disease_Classification/BDPapayaLeaf/Original Images/BacterialSpot/BacterialSpot(371).jpg,BDPapayaLeaf/Original Images/BacterialSpot/BacterialSpot(371).jpg,BacterialSpot(371).jpg,BacterialSpot(371),bacterialspot(371),.jpg,81761,False,640,480,479c8cdb524a4aae1eaa85a860a3487022c6502f,8a9fb507464ab83d,
image,BacterialSpot,BacterialSpot,/content/drive/MyDrive/Papaya_Leaf_Disease_Classification/BDPapayaLeaf/Original Images/BacterialSpot/BacterialSpot(372).jpg,BDPapayaLeaf/Original Images/BacterialSpot/BacterialSpot(372).jpg,BacterialSpot(372).jpg,BacterialSpot(372),bacterialspot(372),.jpg,124769,False,640,480,c591edd99277f8fc5fc70f41f1bfe51d1fe1265c,f6938a6b48d69525,
image,BacterialSpot,BacterialSpot,/content/drive/MyDrive/Papaya_Leaf_Disease_Classification/BDPapayaLeaf/Original Images/BacterialSpot/BacterialSpot(373).jpg,BDPapayaLeaf/Original Images/BacterialSpot/BacterialSpot(373).jpg,BacterialSpot(373).jpg,BacterialSpot(373),bacterialspot(373),.jpg,122985,False,640,480,2defe29183dd93c2d2467ace311c1bf1db82ac6d,fee78091684e84bb,
image,BacterialSpot,BacterialSpot,/content/drive/MyDrive/Papaya_Leaf_Disease_Classification/BDPapayaLeaf/Original Images/BacterialSpot/BacterialSpot(374).jpg,BDPapayaLeaf/Original Images/BacterialSpot/BacterialSpot(374).jpg,BacterialSpot(374).jpg,BacterialSpot(374),bacterialspot(374),.jpg,127182,False,640,480,6ad7e87385fd777ddd7c5ec47533b608b69c3143,e7d790d2dc263780,
image,BacterialSpot,BacterialSpot,/content/drive/MyDrive/Papaya_Leaf_Disease_Classification/BDPapayaLeaf/Original Images/BacterialSpot/BacterialSpot(375).jpg,BDPapayaLeaf/Original Images/BacterialSpot/BacterialSpot(375).jpg,BacterialSpot(375).jpg,BacterialSpot(375),bacterialspot(375),.jpg,110317,False,640,480,526e79eb2ac8109c30c073c06c3f4e3abc4556df,c9b7a9fc84134b2c,
image,BacterialSpot,BacterialSpot,/content/drive/MyDrive/Papaya_Leaf_Disease_Classification/BDPapayaLeaf/Original Images/BacterialSpot/BacterialSpot(376).jpg,BDPapayaLeaf/Original Images/BacterialSpot/BacterialSpot(376).jpg,BacterialSpot(376).jpg,BacterialSpot(376),bacterialspot(376),.jpg,110169,False,640,480,fb3755726c4d962be2b2c330239357f1aaef9fba,eb8f15d0925318fc,
image,BacterialSpot,BacterialSpot,/content/drive/MyDrive/Papaya_Leaf_Disease_Classification/BDPapayaLeaf/Original Images/BacterialSpot/BacterialSpot(377).jpg,BDPapayaLeaf/Original Images/BacterialSpot/BacterialSpot(377).jpg,BacterialSpot(377).jpg,BacterialSpot(377),bacterialspot(377),.jpg,135748,False,640,480,ac16568bd3640b64d428a09a9f0047501e34605d,9ce843c1ff060bb6,
image,BacterialSpot,BacterialSpot,/content/drive/MyDrive/Papaya_Leaf_Disease_Classification/BDPapayaLeaf/Original Images/BacterialSpot/BacterialSpot(378).jpg,BDPapayaLeaf/Original Images/BacterialSpot/BacterialSpot(378).jpg,BacterialSpot(378).jpg,BacterialSpot(378),bacterialspot(378),.jpg,113498,False,640,480,7b19148042a6d46992b35fa9b67bb6e1bed6738b,f72f404051cfa94f,
image,BacterialSpot,BacterialSpot,/content/drive/MyDrive/Papaya_Leaf_Disease_Classification/BDPapayaLeaf/Original Images/BacterialSpot/BacterialSpot(379).jpg,BDPapayaLeaf/Original Images/BacterialSpot/BacterialSpot(379).jpg,BacterialSpot(379).jpg,BacterialSpot(379),bacterialspot(379),.jpg,122027,False,640,480,0b30766c16ae3579c6505534b9f4dded8094c260,d0e4940abad8ddf8,
image,BacterialSpot,BacterialSpot,/content/drive/MyDrive/Papaya_Leaf_Disease_Classification/BDPapayaLeaf/Original Images/BacterialSpot/BacterialSpot(38).jpg,BDPapayaLeaf/Original Images/BacterialSpot/BacterialSpot(38).jpg,BacterialSpot(38).jpg,BacterialSpot(38),bacterialspot(38),.jpg,124758,False,640,480,b378a9bfe78f5248ef4263f59a86a76773c316b6,d3a20b2ab7dd19a4,
image,BacterialSpot,BacterialSpot,/content/drive/MyDrive/Papaya_Leaf_Disease_Classification/BDPapayaLeaf/Original Images/BacterialSpot/BacterialSpot(380).jpg,BDPapayaLeaf/Original Images/BacterialSpot/BacterialSpot(380).jpg,BacterialSpot(380).jpg,BacterialSpot(380),bacterialspot(380),.jpg,123234,False,640,480,ab89f1cf9f9edf9284c0b5df2b7d6976ea7dfced,a4985d86d873ae59,
image,BacterialSpot,BacterialSpot,/content/drive/MyDrive/Papaya_Leaf_Disease_Classification/BDPapayaLeaf/Original Images/BacterialSpot/BacterialSpot(381).jpg,BDPapayaLeaf/Original Images/BacterialSpot/BacterialSpot(381).jpg,BacterialSpot(381).jpg,BacterialSpot(381),bacterialspot(381),.jpg,112540,False,640,480,c1d6d9411439119d04519643ed4c240fc534249a,8ee1e5071c92e9f4,
image,BacterialSpot,BacterialSpot,/content/drive/MyDrive/Papaya_Leaf_Disease_Classification/BDPapayaLeaf/Original Images/BacterialSpot/BacterialSpot(382).jpg,BDPapayaLeaf/Original Images/BacterialSpot/BacterialSpot(382).jpg,BacterialSpot(382).jpg,BacterialSpot(382),bacterialspot(382),.jpg,129295,False,640,480,26c4c06d1a276a40f9d3e44718899891efff12b4,894cce5eb83146be,
image,BacterialSpot,BacterialSpot,/content/drive/MyDrive/Papaya_Leaf_Disease_Classification/BDPapayaLeaf/Original Images/BacterialSpot/BacterialSpot(383).jpg,BDPapayaLeaf/Original Images/BacterialSpot/BacterialSpot(383).jpg,BacterialSpot(383).jpg,BacterialSpot(383),bacterialspot(383),.jpg,136410,False,640,480,4dcf65afb687c514628111d6ec495b9f3526dda0,a5b5d6f1b0268cd4,
image,BacterialSpot,BacterialSpot,/content/drive/MyDrive/Papaya_Leaf_Disease_Classification/BDPapayaLeaf/Original Images/BacterialSpot/BacterialSpot(384).jpg,BDPapayaLeaf/Original Images/BacterialSpot/BacterialSpot(384).jpg,BacterialSpot(384).jpg,BacterialSpot(384),bacterialspot(384),.jpg,110196,False,640,480,6cc643061e68f826e368b6251c61cce096ac1029,8fc3bcd5f062588a,
image,BacterialSpot,BacterialSpot,/content/drive/MyDrive/Papaya_Leaf_Disease_Classification/BDPapayaLeaf/Original Images/BacterialSpot/BacterialSpot(385).jpg,BDPapayaLeaf/Original Images/BacterialSpot/BacterialSpot(385).jpg,BacterialSpot(385).jpg,BacterialSpot(385),bacterialspot(385),.jpg,120475,False,640,480,8323b566385db5d9320faa8269f5624b64c79b9b,a6b385b0faa4b865,
image,BacterialSpot,BacterialSpot,/content/drive/MyDrive/Papaya_Leaf_Disease_Classification/BDPapayaLeaf/Original Images/BacterialSpot/BacterialSpot(386).jpg,BDPapayaLeaf/Original Images/BacterialSpot/BacterialSpot(386).jpg,BacterialSpot(386).jpg,BacterialSpot(386),bacterialspot(386),.jpg,108918,False,640,480,ba68c02ca84c6c1386cee38d5bfc491a4c4f4819,86a1d7f7e86516a0,
image,BacterialSpot,BacterialSpot,/content/drive/MyDrive/Papaya_Leaf_Disease_Classification/BDPapayaLeaf/Original Images/BacterialSpot/BacterialSpot(387).jpg,BDPapayaLeaf/Original Images/BacterialSpot/BacterialSpot(387).jpg,BacterialSpot(387).jpg,BacterialSpot(387),bacterialspot(387),.jpg,117492,False,640,480,8701208fd238e429a0b144e2e9e15c0d11dbc85d,eab64b02a6175bd1,
image,BacterialSpot,BacterialSpot,/content/drive/MyDrive/Papaya_Leaf_Disease_Classification/BDPapayaLeaf/Original Images/BacterialSpot/BacterialSpot(388).jpg,BDPapayaLeaf/Original Images/BacterialSpot/BacterialSpot(388).jpg,BacterialSpot(388).jpg,BacterialSpot(388),bacterialspot(388),.jpg,94716,False,640,480,6bb5a11a49c49cacffd8e968cef92f81e8766554,8251ebaa2fb584ae,
image,BacterialSpot,BacterialSpot,/content/drive/MyDrive/Papaya_Leaf_Disease_Classification/BDPapayaLeaf/Original Images/BacterialSpot/BacterialSpot(389).jpg,BDPapayaLeaf/Original Images/BacterialSpot/BacterialSpot(389).jpg,BacterialSpot(389).jpg,BacterialSpot(389),bacterialspot(389),.jpg,120466,False,640,480,4e5c2ecd7211493ad5d2acaee10ddc3c02b0967c,bfd50b579d80262c,
image,BacterialSpot,BacterialSpot,/content/drive/MyDrive/Papaya_Leaf_Disease_Classification/BDPapayaLeaf/Original Images/BacterialSpot/BacterialSpot(39).jpg,BDPapayaLeaf/Original Images/BacterialSpot/BacterialSpot(39).jpg,BacterialSpot(39).jpg,BacterialSpot(39),bacterialspot(39),.jpg,88599,False,640,480,f4090304062d613d34d51ee7535cb14887eaa396,fa1bc1e35787830a,
image,BacterialSpot,BacterialSpot,/content/drive/MyDrive/Papaya_Leaf_Disease_Classification/BDPapayaLeaf/Original Images/BacterialSpot/BacterialSpot(390).jpg,BDPapayaLeaf/Original Images/BacterialSpot/BacterialSpot(390).jpg,BacterialSpot(390).jpg,BacterialSpot(390),bacterialspot(390),.jpg,126609,False,640,480,170076dfe567e56c82f095ae8adee8cb2fe77d6f,a3ec5c285aae2eb2,
image,BacterialSpot,BacterialSpot,/content/drive/MyDrive/Papaya_Leaf_Disease_Classification/BDPapayaLeaf/Original Images/BacterialSpot/BacterialSpot(391).jpg,BDPapayaLeaf/Original Images/BacterialSpot/BacterialSpot(391).jpg,BacterialSpot(391).jpg,BacterialSpot(391),bacterialspot(391),.jpg,99499,False,640,480,3ad88f92eef8cfe4424008caf94a13428f0ed539,ee55a24a4b7d03ac,
image,BacterialSpot,BacterialSpot,/content/drive/MyDrive/Papaya_Leaf_Disease_Classification/BDPapayaLeaf/Original Images/BacterialSpot/BacterialSpot(392).jpg,BDPapayaLeaf/Original Images/BacterialSpot/BacterialSpot(392).jpg,BacterialSpot(392).jpg,BacterialSpot(392),bacterialspot(392),.jpg,99436,False,640,480,379980e2d8f235e8e3d5a37fba0ac6818802cdf9,beeb9a9d9500486d,
image,BacterialSpot,BacterialSpot,/content/drive/MyDrive/Papaya_Leaf_Disease_Classification/BDPapayaLeaf/Original Images/BacterialSpot/BacterialSpot(393).jpg,BDPapayaLeaf/Original Images/BacterialSpot/BacterialSpot(393).jpg,BacterialSpot(393).jpg,BacterialSpot(393),bacterialspot(393),.jpg,111309,False,640,480,23d7187dca1f01416977941e545008a54e9e7437,abc8812d5ebf283c,
image,BacterialSpot,BacterialSpot,/content/drive/MyDrive/Papaya_Leaf_Disease_Classification/BDPapayaLeaf/Original Images/BacterialSpot/BacterialSpot(394).jpg,BDPapayaLeaf/Original Images/BacterialSpot/BacterialSpot(394).jpg,BacterialSpot(394).jpg,BacterialSpot(394),bacterialspot(394),.jpg,108881,False,640,480,fccb94bc14cd997c2d8b7cc74c8f82b3af20a954,f1534f2e1e5808ee,
image,BacterialSpot,BacterialSpot,/content/drive/MyDrive/Papaya_Leaf_Disease_Classification/BDPapayaLeaf/Original Images/BacterialSpot/BacterialSpot(395).jpg,BDPapayaLeaf/Original Images/BacterialSpot/BacterialSpot(395).jpg,BacterialSpot(395).jpg,BacterialSpot(395),bacterialspot(395),.jpg,115702,False,640,480,e2c50aafc599f63516021cb1e88488b2857c4245,b0584a68fda5cb53,
image,BacterialSpot,BacterialSpot,/content/drive/MyDrive/Papaya_Leaf_Disease_Classification/BDPapayaLeaf/Original Images/BacterialSpot/BacterialSpot(396).jpg,BDPapayaLeaf/Original Images/BacterialSpot/BacterialSpot(396).jpg,BacterialSpot(396).jpg,BacterialSpot(396),bacterialspot(396),.jpg,90430,False,640,480,ce226e02c78ebcabe701a34cc8a23ae46a891795,aa95ac50567afaa1,
image,BacterialSpot,BacterialSpot,/content/drive/MyDrive/Papaya_Leaf_Disease_Classification/BDPapayaLeaf/Original Images/BacterialSpot/BacterialSpot(397).jpg,BDPapayaLeaf/Original Images/BacterialSpot/BacterialSpot(397).jpg,BacterialSpot(397).jpg,BacterialSpot(397),bacterialspot(397),.jpg,98983,False,640,480,641ce00d6498a6fb208bf7a9c777a7dba8b049ac,abbf94b24891274d,
image,BacterialSpot,BacterialSpot,/content/drive/MyDrive/Papaya_Leaf_Disease_Classification/BDPapayaLeaf/Original Images/BacterialSpot/BacterialSpot(398).jpg,BDPapayaLeaf/Original Images/BacterialSpot/BacterialSpot(398).jpg,BacterialSpot(398).jpg,BacterialSpot(398),bacterialspot(398),.jpg,113828,False,640,480,6c4d4d803ad988677cb0a03f3906435dbf06137a,a1fc5655d87a6a48,
image,BacterialSpot,BacterialSpot,/content/drive/MyDrive/Papaya_Leaf_Disease_Classification/BDPapayaLeaf/Original Images/BacterialSpot/BacterialSpot(399).jpg,BDPapayaLeaf/Original Images/BacterialSpot/BacterialSpot(399).jpg,BacterialSpot(399).jpg,BacterialSpot(399),bacterialspot(399),.jpg,129007,False,640,480,a7d8e5ed5b47aba55c50cffcf174b13d96f4ac12,a9832d071f6efac0,
image,BacterialSpot,BacterialSpot,/content/drive/MyDrive/Papaya_Leaf_Disease_Classification/BDPapayaLeaf/Original Images/BacterialSpot/BacterialSpot(4).jpg,BDPapayaLeaf/Original Images/BacterialSpot/BacterialSpot(4).jpg,BacterialSpot(4).jpg,BacterialSpot(4),bacterialspot(4),.jpg,130899,False,640,480,13d069510841510a422ca1ae7a9244fe5259a57a,d051eb85528f6f2c,
image,BacterialSpot,BacterialSpot,/content/drive/MyDrive/Papaya_Leaf_Disease_Classification/BDPapayaLeaf/Original Images/BacterialSpot/BacterialSpot(40).jpg,BDPapayaLeaf/Original Images/BacterialSpot/BacterialSpot(40).jpg,BacterialSpot(40).jpg,BacterialSpot(40),bacterialspot(40),.jpg,77252,False,640,480,ef83b0eb28ab1d73bf5bd3f924619f59ea9f4730,fac096a7e05d498b,
image,BacterialSpot,BacterialSpot,/content/drive/MyDrive/Papaya_Leaf_Disease_Classification/BDPapayaLeaf/Original Images/BacterialSpot/BacterialSpot(400).jpg,BDPapayaLeaf/Original Images/BacterialSpot/BacterialSpot(400).jpg,BacterialSpot(400).jpg,BacterialSpot(400),bacterialspot(400),.jpg,133054,False,640,480,e743bcd826c34debc36299a2a4061a9f04257dcc,daf92bcb80c3fe00,
image,BacterialSpot,BacterialSpot,/content/drive/MyDrive/Papaya_Leaf_Disease_Classification/BDPapayaLeaf/Original Images/BacterialSpot/BacterialSpot(401).jpg,BDPapayaLeaf/Original Images/BacterialSpot/BacterialSpot(401).jpg,BacterialSpot(401).jpg,BacterialSpot(401),bacterialspot(401),.jpg,123372,False,640,480,592a45dbc1198cf2d8c579a6533aa29c6c739f97,aeb4da40070f7d3c,
image,BacterialSpot,BacterialSpot,/content/drive/MyDrive/Papaya_Leaf_Disease_Classification/BDPapayaLeaf/Original Images/BacterialSpot/BacterialSpot(402).jpg,BDPapayaLeaf/Original Images/BacterialSpot/BacterialSpot(402).jpg,BacterialSpot(402).jpg,BacterialSpot(402),bacterialspot(402),.jpg,121817,False,640,480,897ac742fea356040cd716661066711d020d650d,a8c2d1d5311cf36d,
image,BacterialSpot,BacterialSpot,/content/drive/MyDrive/Papaya_Leaf_Disease_Classification/BDPapayaLeaf/Original Images/BacterialSpot/BacterialSpot(403).jpg,BDPapayaLeaf/Original Images/BacterialSpot/BacterialSpot(403).jpg,BacterialSpot(403).jpg,BacterialSpot(403),bacterialspot(403),.jpg,124100,False,640,480,c7224502e264edbba2dd4f86fa17ae534a51e3fd,f6a162e2870616bf,
image,BacterialSpot,BacterialSpot,/content/drive/MyDrive/Papaya_Leaf_Disease_Classification/BDPapayaLeaf/Original Images/BacterialSpot/BacterialSpot(404).jpg,BDPapayaLeaf/Original Images/BacterialSpot/BacterialSpot(404).jpg,BacterialSpot(404).jpg,BacterialSpot(404),bacterialspot(404),.jpg,119589,False,640,480,96b5cddbbefa7978c0965b4cc3ebab4d15f9c529,ae8ab7abd187d082,
image,BacterialSpot,BacterialSpot,/content/drive/MyDrive/Papaya_Leaf_Disease_Classification/BDPapayaLeaf/Original Images/BacterialSpot/BacterialSpot(405).jpg,BDPapayaLeaf/Original Images/BacterialSpot/BacterialSpot(405).jpg,BacterialSpot(405).jpg,BacterialSpot(405),bacterialspot(405),.jpg,112260,False,640,480,dbf2a82ed554f5312f2946e6568e0f0e554fd703,b6cad890b2e5e43c,
image,BacterialSpot,BacterialSpot,/content/drive/MyDrive/Papaya_Leaf_Disease_Classification/BDPapayaLeaf/Original Images/BacterialSpot/BacterialSpot(406).jpg,BDPapayaLeaf/Original Images/BacterialSpot/BacterialSpot(406).jpg,BacterialSpot(406).jpg,BacterialSpot(406),bacterialspot(406),.jpg,123446,False,640,480,e1d2830950c4883f1bbbf8ce5e4f235ea473b2ab,86cf3f6a5afd2200,
image,BacterialSpot,BacterialSpot,/content/drive/MyDrive/Papaya_Leaf_Disease_Classification/BDPapayaLeaf/Original Images/BacterialSpot/BacterialSpot(407).jpg,BDPapayaLeaf/Original Images/BacterialSpot/BacterialSpot(407).jpg,BacterialSpot(407).jpg,BacterialSpot(407),bacterialspot(407),.jpg,123525,False,640,480,c711df5067ad53f749f8c5ea8bca5a42c1d00444,f98d3494c28af2c7,
image,BacterialSpot,BacterialSpot,/content/drive/MyDrive/Papaya_Leaf_Disease_Classification/BDPapayaLeaf/Original Images/BacterialSpot/BacterialSpot(408).jpg,BDPapayaLeaf/Original Images/BacterialSpot/BacterialSpot(408).jpg,BacterialSpot(408).jpg,BacterialSpot(408),bacterialspot(408),.jpg,140022,False,640,480,5827657b9a42e953f1354e610fec68ceda900c9d,c32b5459ac9295db,
image,BacterialSpot,BacterialSpot,/content/drive/MyDrive/Papaya_Leaf_Disease_Classification/BDPapayaLeaf/Original Images/BacterialSpot/BacterialSpot(409).jpg,BDPapayaLeaf/Original Images/BacterialSpot/BacterialSpot(409).jpg,BacterialSpot(409).jpg,BacterialSpot(409),bacterialspot(409),.jpg,130279,False,640,480,da921ccfe529dd2508c31abd1cda8bbc915a12f8,e6dad4adbc0c051d,
image,BacterialSpot,BacterialSpot,/content/drive/MyDrive/Papaya_Leaf_Disease_Classification/BDPapayaLeaf/Original Images/BacterialSpot/BacterialSpot(41).jpg,BDPapayaLeaf/Original Images/BacterialSpot/BacterialSpot(41).jpg,BacterialSpot(41).jpg,BacterialSpot(41),bacterialspot(41),.jpg,93299,False,640,480,103314322c4ad2418b7c1ad410dba6760ddc04dc,b7097fe0028ef9e0,
image,BacterialSpot,BacterialSpot,/content/drive/MyDrive/Papaya_Leaf_Disease_Classification/BDPapayaLeaf/Original Images/BacterialSpot/BacterialSpot(410).jpg,BDPapayaLeaf/Original Images/BacterialSpot/BacterialSpot(410).jpg,BacterialSpot(410).jpg,BacterialSpot(410),bacterialspot(410),.jpg,128449,False,640,480,2ce3fc0931a6a2e598e115b1ffdd38e219c63236,abb17181b66d8656,
image,BacterialSpot,BacterialSpot,/content/drive/MyDrive/Papaya_Leaf_Disease_Classification/BDPapayaLeaf/Original Images/BacterialSpot/BacterialSpot(411).jpg,BDPapayaLeaf/Original Images/BacterialSpot/BacterialSpot(411).jpg,BacterialSpot(411).jpg,BacterialSpot(411),bacterialspot(411),.jpg,130137,False,640,480,f78de31395cfc432c4ec74fa2c0eba53e0dcd9ba,f5e9a1e1850faa8a,
image,BacterialSpot,BacterialSpot,/content/drive/MyDrive/Papaya_Leaf_Disease_Classification/BDPapayaLeaf/Original Images/BacterialSpot/BacterialSpot(412).jpg,BDPapayaLeaf/Original Images/BacterialSpot/BacterialSpot(412).jpg,BacterialSpot(412).jpg,BacterialSpot(412),bacterialspot(412),.jpg,89637,False,640,480,b28fb1666ec544af9706945ccd4dd47f97a78b2c,ad808b12ce5aafad,
image,BacterialSpot,BacterialSpot,/content/drive/MyDrive/Papaya_Leaf_Disease_Classification/BDPapayaLeaf/Original Images/BacterialSpot/BacterialSpot(413).jpg,BDPapayaLeaf/Original Images/BacterialSpot/BacterialSpot(413).jpg,BacterialSpot(413).jpg,BacterialSpot(413),bacterialspot(413),.jpg,95097,False,640,480,3a7a9cfaa899cc8ad674c493cb92f61a3e926fee,ac8ba54dbd5478c2,
image,BacterialSpot,BacterialSpot,/content/drive/MyDrive/Papaya_Leaf_Disease_Classification/BDPapayaLeaf/Original Images/BacterialSpot/BacterialSpot(414).jpg,BDPapayaLeaf/Original Images/BacterialSpot/BacterialSpot(414).jpg,BacterialSpot(414).jpg,BacterialSpot(414),bacterialspot(414),.jpg,95026,False,640,480,5f8d251b94e53ce59bbff450e0eed186dfc3a6f1,ae82b7d6d55a2168,
image,BacterialSpot,BacterialSpot,/content/drive/MyDrive/Papaya_Leaf_Disease_Classification/BDPapayaLeaf/Original Images/BacterialSpot/BacterialSpot(415).jpg,BDPapayaLeaf/Original Images/BacterialSpot/BacterialSpot(415).jpg,BacterialSpot(415).jpg,BacterialSpot(415),bacterialspot(415),.jpg,107994,False,640,480,1553d71a95f9f6d575e549e418fda2a01fb6b62e,afc0f85283b794b4,
image,BacterialSpot,BacterialSpot,/content/drive/MyDrive/Papaya_Leaf_Disease_Classification/BDPapayaLeaf/Original Images/BacterialSpot/BacterialSpot(416).jpg,BDPapayaLeaf/Original Images/BacterialSpot/BacterialSpot(416).jpg,BacterialSpot(416).jpg,BacterialSpot(416),bacterialspot(416),.jpg,118360,False,640,480,5358a5afc601bcab62f742fe01520b8dc2738e74,fc871a0b49a5a96e,
image,BacterialSpot,BacterialSpot,/content/drive/MyDrive/Papaya_Leaf_Disease_Classification/BDPapayaLeaf/Original Images/BacterialSpot/BacterialSpot(417).jpg,BDPapayaLeaf/Original Images/BacterialSpot/BacterialSpot(417).jpg,BacterialSpot(417).jpg,BacterialSpot(417),bacterialspot(417),.jpg,95768,False,640,480,71bbbbdb88d1cdec76430a59c73f40b77f303b4b,9a87569ae9ae3849,
image,BacterialSpot,BacterialSpot,/content/drive/MyDrive/Papaya_Leaf_Disease_Classification/BDPapayaLeaf/Original Images/BacterialSpot/BacterialSpot(418).jpg,BDPapayaLeaf/Original Images/BacterialSpot/BacterialSpot(418).jpg,BacterialSpot(418).jpg,BacterialSpot(418),bacterialspot(418),.jpg,108186,False,640,480,6d25d0cb1f02020139d09e4ff08c88405526999e,aed5e8e161a6c686,
image,BacterialSpot,BacterialSpot,/content/drive/MyDrive/Papaya_Leaf_Disease_Classification/BDPapayaLeaf/Original Images/BacterialSpot/BacterialSpot(419).jpg,BDPapayaLeaf/Original Images/BacterialSpot/BacterialSpot(419).jpg,BacterialSpot(419).jpg,BacterialSpot(419),bacterialspot(419),.jpg,112534,False,640,480,f6fb983cb5ae8304e688bb7226310b0eb5e4784b,a08b3f1e10e6ff41,
image,BacterialSpot,BacterialSpot,/content/drive/MyDrive/Papaya_Leaf_Disease_Classification/BDPapayaLeaf/Original Images/BacterialSpot/BacterialSpot(42).jpg,BDPapayaLeaf/Original Images/BacterialSpot/BacterialSpot(42).jpg,BacterialSpot(42).jpg,BacterialSpot(42),bacterialspot(42),.jpg,77734,False,640,480,d01035a3464f58a4c65ddc6abd1fa77661bc7638,8fc3aea852c3d585,
image,BacterialSpot,BacterialSpot,/content/drive/MyDrive/Papaya_Leaf_Disease_Classification/BDPapayaLeaf/Original Images/BacterialSpot/BacterialSpot(420).jpg,BDPapayaLeaf/Original Images/BacterialSpot/BacterialSpot(420).jpg,BacterialSpot(420).jpg,BacterialSpot(420),bacterialspot(420),.jpg,111932,False,640,480,9c89e587d541eabf725536ad8cfad12c54ac54f2,cafd2de081fbe900,
image,BacterialSpot,BacterialSpot,/content/drive/MyDrive/Papaya_Leaf_Disease_Classification/BDPapayaLeaf/Original Images/BacterialSpot/BacterialSpot(421).jpg,BDPapayaLeaf/Original Images/BacterialSpot/BacterialSpot(421).jpg,BacterialSpot(421).jpg,BacterialSpot(421),bacterialspot(421),.jpg,97063,False,640,480,1e1a7d9fe505afedc56994af3ce06db4d09ea8dd,a983b2e1f6f0c20f,
image,BacterialSpot,BacterialSpot,/content/drive/MyDrive/Papaya_Leaf_Disease_Classification/BDPapayaLeaf/Original Images/BacterialSpot/BacterialSpot(422).jpg,BDPapayaLeaf/Original Images/BacterialSpot/BacterialSpot(422).jpg,BacterialSpot(422).jpg,BacterialSpot(422),bacterialspot(422),.jpg,126979,False,640,480,bf3a7ffc83b80e3784ccc797197f2d83514fbcf2,a6a69a411f4a7e65,
image,BacterialSpot,BacterialSpot,/content/drive/MyDrive/Papaya_Leaf_Disease_Classification/BDPapayaLeaf/Original Images/BacterialSpot/BacterialSpot(423).jpg,BDPapayaLeaf/Original Images/BacterialSpot/BacterialSpot(423).jpg,BacterialSpot(423).jpg,BacterialSpot(423),bacterialspot(423),.jpg,129621,False,640,480,75260579a08546902b13176c9b1951079b7298db,ba8ae0db96364ac6,
image,BacterialSpot,BacterialSpot,/content/drive/MyDrive/Papaya_Leaf_Disease_Classification/BDPapayaLeaf/Original Images/BacterialSpot/BacterialSpot(424).jpg,BDPapayaLeaf/Original Images/BacterialSpot/BacterialSpot(424).jpg,BacterialSpot(424).jpg,BacterialSpot(424),bacterialspot(424),.jpg,119198,False,640,480,c10b580c52d75ff947d968b41b050695e12b97ed,b6a366a606161fdc,
image,BacterialSpot,BacterialSpot,/content/drive/MyDrive/Papaya_Leaf_Disease_Classification/BDPapayaLeaf/Original Images/BacterialSpot/BacterialSpot(425).jpg,BDPapayaLeaf/Original Images/BacterialSpot/BacterialSpot(425).jpg,BacterialSpot(425).jpg,BacterialSpot(425),bacterialspot(425),.jpg,111793,False,640,480,5d85c09ec7a9db8f7fc61f2a11ac34beb0a975b4,eaffa22a38e9f001,
image,BacterialSpot,BacterialSpot,/content/drive/MyDrive/Papaya_Leaf_Disease_Classification/BDPapayaLeaf/Original Images/BacterialSpot/BacterialSpot(426).jpg,BDPapayaLeaf/Original Images/BacterialSpot/BacterialSpot(426).jpg,BacterialSpot(426).jpg,BacterialSpot(426),bacterialspot(426),.jpg,116758,False,640,480,2d1cbd6f5c267edd0ef956d6aa6728ca38f46668,eaf9c202c8651dfa,
image,BacterialSpot,BacterialSpot,/content/drive/MyDrive/Papaya_Leaf_Disease_Classification/BDPapayaLeaf/Original Images/BacterialSpot/BacterialSpot(427).jpg,BDPapayaLeaf/Original Images/BacterialSpot/BacterialSpot(427).jpg,BacterialSpot(427).jpg,BacterialSpot(427),bacterialspot(427),.jpg,112026,False,640,480,319c3109fe48e78b07a4e28f976844517a90fcb1,9ca4593df0c30bf8,
image,BacterialSpot,BacterialSpot,/content/drive/MyDrive/Papaya_Leaf_Disease_Classification/BDPapayaLeaf/Original Images/BacterialSpot/BacterialSpot(428).jpg,BDPapayaLeaf/Original Images/BacterialSpot/BacterialSpot(428).jpg,BacterialSpot(428).jpg,BacterialSpot(428),bacterialspot(428),.jpg,119136,False,640,480,0a9099bdbec5d7ecfec6715cd033ca2f18d6e336,b8e2631a48af2eba,
image,BacterialSpot,BacterialSpot,/content/drive/MyDrive/Papaya_Leaf_Disease_Classification/BDPapayaLeaf/Original Images/BacterialSpot/BacterialSpot(429).jpg,BDPapayaLeaf/Original Images/BacterialSpot/BacterialSpot(429).jpg,BacterialSpot(429).jpg,BacterialSpot(429),bacterialspot(429),.jpg,109479,False,640,480,a8984d8ebb4b3551ffc2bf18381d0435c1ec2de2,eedd7594d2c28446,
image,BacterialSpot,BacterialSpot,/content/drive/MyDrive/Papaya_Leaf_Disease_Classification/BDPapayaLeaf/Original Images/BacterialSpot/BacterialSpot(43).jpg,BDPapayaLeaf/Original Images/BacterialSpot/BacterialSpot(43).jpg,BacterialSpot(43).jpg,BacterialSpot(43),bacterialspot(43),.jpg,89570,False,640,480,dc891cec0f4ec748ec5b7b2ee40ba7b9a28df928,953e695acf880d65,
image,BacterialSpot,BacterialSpot,/content/drive/MyDrive/Papaya_Leaf_Disease_Classification/BDPapayaLeaf/Original Images/BacterialSpot/BacterialSpot(430).jpg,BDPapayaLeaf/Original Images/BacterialSpot/BacterialSpot(430).jpg,BacterialSpot(430).jpg,BacterialSpot(430),bacterialspot(430),.jpg,95578,False,640,480,61f00632e1328e1c16ed66d50c24c391c94bd9c1,bfcefd48e9412105,
image,BacterialSpot,BacterialSpot,/content/drive/MyDrive/Papaya_Leaf_Disease_Classification/BDPapayaLeaf/Original Images/BacterialSpot/BacterialSpot(431).jpg,BDPapayaLeaf/Original Images/BacterialSpot/BacterialSpot(431).jpg,BacterialSpot(431).jpg,BacterialSpot(431),bacterialspot(431),.jpg,112126,False,640,480,819a96187c8b6654300b83de68a58728a0be7b43,a6d8170727d1f067,
image,BacterialSpot,BacterialSpot,/content/drive/MyDrive/Papaya_Leaf_Disease_Classification/BDPapayaLeaf/Original Images/BacterialSpot/BacterialSpot(432).jpg,BDPapayaLeaf/Original Images/BacterialSpot/BacterialSpot(432).jpg,BacterialSpot(432).jpg,BacterialSpot(432),bacterialspot(432),.jpg,104820,False,640,480,f30b85fe7f78212cdc7c7130777fa5c63f008323,8bb0439678e34f3c,
image,BacterialSpot,BacterialSpot,/content/drive/MyDrive/Papaya_Leaf_Disease_Classification/BDPapayaLeaf/Original Images/BacterialSpot/BacterialSpot(433).jpg,BDPapayaLeaf/Original Images/BacterialSpot/BacterialSpot(433).jpg,BacterialSpot(433).jpg,BacterialSpot(433),bacterialspot(433),.jpg,109115,False,640,480,58be9f1a8b732208916be86e0fa252bb1c12044e,d3f44152c587a7aa,
image,BacterialSpot,BacterialSpot,/content/drive/MyDrive/Papaya_Leaf_Disease_Classification/BDPapayaLeaf/Original Images/BacterialSpot/BacterialSpot(434).jpg,BDPapayaLeaf/Original Images/BacterialSpot/BacterialSpot(434).jpg,BacterialSpot(434).jpg,BacterialSpot(434),bacterialspot(434),.jpg,115822,False,640,480,382768a0ac95ba3d4395867c6ff9abb3a069f55e,a2daac0a700ff4db,
image,BacterialSpot,BacterialSpot,/content/drive/MyDrive/Papaya_Leaf_Disease_Classification/BDPapayaLeaf/Original Images/BacterialSpot/BacterialSpot(435).jpg,BDPapayaLeaf/Original Images/BacterialSpot/BacterialSpot(435).jpg,BacterialSpot(435).jpg,BacterialSpot(435),bacterialspot(435),.jpg,108392,False,640,480,332af561fefcd2af4db054cd36394e1ec44f7b8a,ebc0dbda163089d3,
image,BacterialSpot,BacterialSpot,/content/drive/MyDrive/Papaya_Leaf_Disease_Classification/BDPapayaLeaf/Original Images/BacterialSpot/BacterialSpot(436).jpg,BDPapayaLeaf/Original Images/BacterialSpot/BacterialSpot(436).jpg,BacterialSpot(436).jpg,BacterialSpot(436),bacterialspot(436),.jpg,101153,False,640,480,07649ca2d20c96eacfd2a25e41049fcc088bb3e9,8dd55e4aab10f28b,
image,BacterialSpot,BacterialSpot,/content/drive/MyDrive/Papaya_Leaf_Disease_Classification/BDPapayaLeaf/Original Images/BacterialSpot/BacterialSpot(437).jpg,BDPapayaLeaf/Original Images/BacterialSpot/BacterialSpot(437).jpg,BacterialSpot(437).jpg,BacterialSpot(437),bacterialspot(437),.jpg,106860,False,640,480,dbb6dc5c8b06764102073551a1439a710450182e,f28ba5b0e0cc18df,
image,BacterialSpot,BacterialSpot,/content/drive/MyDrive/Papaya_Leaf_Disease_Classification/BDPapayaLeaf/Original Images/BacterialSpot/BacterialSpot(438).jpg,BDPapayaLeaf/Original Images/BacterialSpot/BacterialSpot(438).jpg,BacterialSpot(438).jpg,BacterialSpot(438),bacterialspot(438),.jpg,101750,False,640,480,00fbaf66c7c92b717090436da890ed101855a0da,9be0db848a2d7553,
image,BacterialSpot,BacterialSpot,/content/drive/MyDrive/Papaya_Leaf_Disease_Classification/BDPapayaLeaf/Original Images/BacterialSpot/BacterialSpot(439).jpg,BDPapayaLeaf/Original Images/BacterialSpot/BacterialSpot(439).jpg,BacterialSpot(439).jpg,BacterialSpot(439),bacterialspot(439),.jpg,95906,False,640,480,d726a2dd725ad997ffc04abcf9f196c6621f2a7e,8af5e1843e12c3f6,
image,BacterialSpot,BacterialSpot,/content/drive/MyDrive/Papaya_Leaf_Disease_Classification/BDPapayaLeaf/Original Images/BacterialSpot/BacterialSpot(44).jpg,BDPapayaLeaf/Original Images/BacterialSpot/BacterialSpot(44).jpg,BacterialSpot(44).jpg,BacterialSpot(44),bacterialspot(44),.jpg,94498,False,640,480,342828e4877eb5ebf51f57227f87d70712356c95,9536295adecb888d,
image,BacterialSpot,BacterialSpot,/content/drive/MyDrive/Papaya_Leaf_Disease_Classification/BDPapayaLeaf/Original Images/BacterialSpot/BacterialSpot(440).jpg,BDPapayaLeaf/Original Images/BacterialSpot/BacterialSpot(440).jpg,BacterialSpot(440).jpg,BacterialSpot(440),bacterialspot(440),.jpg,103333,False,640,480,c18cec6608457a6fe209bab0354de7ed66bc3576,bf56a83ac1a53592,
image,BacterialSpot,BacterialSpot,/content/drive/MyDrive/Papaya_Leaf_Disease_Classification/BDPapayaLeaf/Original Images/BacterialSpot/BacterialSpot(441).jpg,BDPapayaLeaf/Original Images/BacterialSpot/BacterialSpot(441).jpg,BacterialSpot(441).jpg,BacterialSpot(441),bacterialspot(441),.jpg,86937,False,640,480,3fd247cbbebe48c25a3106539c521782cf27e4c9,d63deab004d2c2fa,
image,BacterialSpot,BacterialSpot,/content/drive/MyDrive/Papaya_Leaf_Disease_Classification/BDPapayaLeaf/Original Images/BacterialSpot/BacterialSpot(442).jpg,BDPapayaLeaf/Original Images/BacterialSpot/BacterialSpot(442).jpg,BacterialSpot(442).jpg,BacterialSpot(442),bacterialspot(442),.jpg,119413,False,640,480,9186fb318525156f5b86b956ffb186de024eedcd,cae9a5f5f0020f9a,
image,BacterialSpot,BacterialSpot,/content/drive/MyDrive/Papaya_Leaf_Disease_Classification/BDPapayaLeaf/Original Images/BacterialSpot/BacterialSpot(443).jpg,BDPapayaLeaf/Original Images/BacterialSpot/BacterialSpot(443).jpg,BacterialSpot(443).jpg,BacterialSpot(443),bacterialspot(443),.jpg,111632,False,640,480,369942fd15a44377195e146d98ee98de1d817dbb,d98456024afdbf4a,
image,BacterialSpot,BacterialSpot,/content/drive/MyDrive/Papaya_Leaf_Disease_Classification/BDPapayaLeaf/Original Images/BacterialSpot/BacterialSpot(444).jpg,BDPapayaLeaf/Original Images/BacterialSpot/BacterialSpot(444).jpg,BacterialSpot(444).jpg,BacterialSpot(444),bacterialspot(444),.jpg,126151,False,640,480,41c128e838f076faee64ed8dee2b38d0752bc20b,afe9202f30a0f75a,
image,BacterialSpot,BacterialSpot,/content/drive/MyDrive/Papaya_Leaf_Disease_Classification/BDPapayaLeaf/Original Images/BacterialSpot/BacterialSpot(445).jpg,BDPapayaLeaf/Original Images/BacterialSpot/BacterialSpot(445).jpg,BacterialSpot(445).jpg,BacterialSpot(445),bacterialspot(445),.jpg,104877,False,640,480,4d076ebeb1c6a926585ccafff17bf58ff39565d3,aa0afa5afa69a8a8,
image,BacterialSpot,BacterialSpot,/content/drive/MyDrive/Papaya_Leaf_Disease_Classification/BDPapayaLeaf/Original Images/BacterialSpot/BacterialSpot(446).jpg,BDPapayaLeaf/Original Images/BacterialSpot/BacterialSpot(446).jpg,BacterialSpot(446).jpg,BacterialSpot(446),bacterialspot(446),.jpg,106207,False,640,480,76a0ed3c64ac3f628c60dc9f44f7edda03fb93b7,9ea978e1071e16b6,
image,BacterialSpot,BacterialSpot,/content/drive/MyDrive/Papaya_Leaf_Disease_Classification/BDPapayaLeaf/Original Images/BacterialSpot/BacterialSpot(447).jpg,BDPapayaLeaf/Original Images/BacterialSpot/BacterialSpot(447).jpg,BacterialSpot(447).jpg,BacterialSpot(447),bacterialspot(447),.jpg,89334,False,640,480,a6894a951aa8f7eb87c45c5947a4bab00461710f,8af14709adf51db0,
image,BacterialSpot,BacterialSpot,/content/drive/MyDrive/Papaya_Leaf_Disease_Classification/BDPapayaLeaf/Original Images/BacterialSpot/BacterialSpot(448).jpg,BDPapayaLeaf/Original Images/BacterialSpot/BacterialSpot(448).jpg,BacterialSpot(448).jpg,BacterialSpot(448),bacterialspot(448),.jpg,108770,False,640,480,578a3cde61a03aec926097f307ded59d576a2129,99b1564955ba4b5a,
image,BacterialSpot,BacterialSpot,/content/drive/MyDrive/Papaya_Leaf_Disease_Classification/BDPapayaLeaf/Original Images/BacterialSpot/BacterialSpot(449).jpg,BDPapayaLeaf/Original Images/BacterialSpot/BacterialSpot(449).jpg,BacterialSpot(449).jpg,BacterialSpot(449),bacterialspot(449),.jpg,116965,False,640,480,275542937377126f5cdce591007be2796c29d64b,bed41d5bad9980a1,
image,BacterialSpot,BacterialSpot,/content/drive/MyDrive/Papaya_Leaf_Disease_Classification/BDPapayaLeaf/Original Images/BacterialSpot/BacterialSpot(45).jpg,BDPapayaLeaf/Original Images/BacterialSpot/BacterialSpot(45).jpg,BacterialSpot(45).jpg,BacterialSpot(45),bacterialspot(45),.jpg,140034,False,640,480,e9985e6cb60ae002795ec69dd76d04d2dc841f92,88cda613ab6a6cec,
image,BacterialSpot,BacterialSpot,/content/drive/MyDrive/Papaya_Leaf_Disease_Classification/BDPapayaLeaf/Original Images/BacterialSpot/BacterialSpot(450).jpg,BDPapayaLeaf/Original Images/BacterialSpot/BacterialSpot(450).jpg,BacterialSpot(450).jpg,BacterialSpot(450),bacterialspot(450),.jpg,96924,False,640,480,a277530b2cdd0f466e6063386fe86f2fcc7ae577,bc8436786fe2031f,
image,BacterialSpot,BacterialSpot,/content/drive/MyDrive/Papaya_Leaf_Disease_Classification/BDPapayaLeaf/Original Images/BacterialSpot/BacterialSpot(451).jpg,BDPapayaLeaf/Original Images/BacterialSpot/BacterialSpot(451).jpg,BacterialSpot(451).jpg,BacterialSpot(451),bacterialspot(451),.jpg,90636,False,640,480,c0359df706bdd5c7d2e26abef2afa94329f6e0c5,bbca5a619195e4e8,
image,BacterialSpot,BacterialSpot,/content/drive/MyDrive/Papaya_Leaf_Disease_Classification/BDPapayaLeaf/Original Images/BacterialSpot/BacterialSpot(452).jpg,BDPapayaLeaf/Original Images/BacterialSpot/BacterialSpot(452).jpg,BacterialSpot(452).jpg,BacterialSpot(452),bacterialspot(452),.jpg,88363,False,640,480,da066fccf67c8e50143da9f0613f1e3a81ab0887,a9c40eb57efad022,
image,BacterialSpot,BacterialSpot,/content/drive/MyDrive/Papaya_Leaf_Disease_Classification/BDPapayaLeaf/Original Images/BacterialSpot/BacterialSpot(453).jpg,BDPapayaLeaf/Original Images/BacterialSpot/BacterialSpot(453).jpg,BacterialSpot(453).jpg,BacterialSpot(453),bacterialspot(453),.jpg,91949,False,640,480,2752fd93afdec6e0ece253e9473ed5029f02da80,c8a31dcf3fdc0095,
image,BacterialSpot,BacterialSpot,/content/drive/MyDrive/Papaya_Leaf_Disease_Classification/BDPapayaLeaf/Original Images/BacterialSpot/BacterialSpot(454).jpg,BDPapayaLeaf/Original Images/BacterialSpot/BacterialSpot(454).jpg,BacterialSpot(454).jpg,BacterialSpot(454),bacterialspot(454),.jpg,83666,False,640,480,79515e4a38d57fbdb98769c1b8d4ca6f13ab11e0,ba18f803fa4363ea,
image,BacterialSpot,BacterialSpot,/content/drive/MyDrive/Papaya_Leaf_Disease_Classification/BDPapayaLeaf/Original Images/BacterialSpot/BacterialSpot(455).jpg,BDPapayaLeaf/Original Images/BacterialSpot/BacterialSpot(455).jpg,BacterialSpot(455).jpg,BacterialSpot(455),bacterialspot(455),.jpg,84012,False,640,480,dacb6a0bc246b0a512048ef07da5a33ccaed3c53,8ac50bd7829e978b,
image,BacterialSpot,BacterialSpot,/content/drive/MyDrive/Papaya_Leaf_Disease_Classification/BDPapayaLeaf/Original Images/BacterialSpot/BacterialSpot(456).jpg,BDPapayaLeaf/Original Images/BacterialSpot/BacterialSpot(456).jpg,BacterialSpot(456).jpg,BacterialSpot(456),bacterialspot(456),.jpg,90577,False,640,480,19fa316dfa326e29c61181bddbf6cefe13868e8d,a1b059c6f2e35b25,
image,BacterialSpot,BacterialSpot,/content/drive/MyDrive/Papaya_Leaf_Disease_Classification/BDPapayaLeaf/Original Images/BacterialSpot/BacterialSpot(457).jpg,BDPapayaLeaf/Original Images/BacterialSpot/BacterialSpot(457).jpg,BacterialSpot(457).jpg,BacterialSpot(457),bacterialspot(457),.jpg,98163,False,640,480,01cef7bdf3f8ef6f206b7006e4c68a6b9c250b7d,d0a82bb556795a2b,
image,BacterialSpot,BacterialSpot,/content/drive/MyDrive/Papaya_Leaf_Disease_Classification/BDPapayaLeaf/Original Images/BacterialSpot/BacterialSpot(458).jpg,BDPapayaLeaf/Original Images/BacterialSpot/BacterialSpot(458).jpg,BacterialSpot(458).jpg,BacterialSpot(458),bacterialspot(458),.jpg,97735,False,640,480,191f3a7eff05fbd941ab1bd2eb381dbf639229f8,8b9443153df20f7c,
image,BacterialSpot,BacterialSpot,/content/drive/MyDrive/Papaya_Leaf_Disease_Classification/BDPapayaLeaf/Original Images/BacterialSpot/BacterialSpot(46).jpg,BDPapayaLeaf/Original Images/BacterialSpot/BacterialSpot(46).jpg,BacterialSpot(46).jpg,BacterialSpot(46),bacterialspot(46),.jpg,133000,False,640,480,b9473213a8700146465d23bdbb97c5eb6775f258,d3cc81d6e2e362c3,
image,BacterialSpot,BacterialSpot,/content/drive/MyDrive/Papaya_Leaf_Disease_Classification/BDPapayaLeaf/Original Images/BacterialSpot/BacterialSpot(47).jpg,BDPapayaLeaf/Original Images/BacterialSpot/BacterialSpot(47).jpg,BacterialSpot(47).jpg,BacterialSpot(47),bacterialspot(47),.jpg,127455,False,640,480,361241e996ee21c8219eb2c73bca5d07d841ecf3,d48587ee4a416e79,
image,BacterialSpot,BacterialSpot,/content/drive/MyDrive/Papaya_Leaf_Disease_Classification/BDPapayaLeaf/Original Images/BacterialSpot/BacterialSpot(48).jpg,BDPapayaLeaf/Original Images/BacterialSpot/BacterialSpot(48).jpg,BacterialSpot(48).jpg,BacterialSpot(48),bacterialspot(48),.jpg,131660,False,640,480,0aa9607e1604075efae0592677467bd21753f70a,c9876ce04374d34f,
image,BacterialSpot,BacterialSpot,/content/drive/MyDrive/Papaya_Leaf_Disease_Classification/BDPapayaLeaf/Original Images/BacterialSpot/BacterialSpot(49).jpg,BDPapayaLeaf/Original Images/BacterialSpot/BacterialSpot(49).jpg,BacterialSpot(49).jpg,BacterialSpot(49),bacterialspot(49),.jpg,130992,False,640,480,320a29369d97d6b369420e052b6b1d65b3df111d,ced804f6b3a80797,
image,BacterialSpot,BacterialSpot,/content/drive/MyDrive/Papaya_Leaf_Disease_Classification/BDPapayaLeaf/Original Images/BacterialSpot/BacterialSpot(5).jpg,BDPapayaLeaf/Original Images/BacterialSpot/BacterialSpot(5).jpg,BacterialSpot(5).jpg,BacterialSpot(5),bacterialspot(5),.jpg,127667,False,640,480,deb77236d1544951b236bd1388b91795013d2ee6,a776eb945ac4524a,
image,BacterialSpot,BacterialSpot,/content/drive/MyDrive/Papaya_Leaf_Disease_Classification/BDPapayaLeaf/Original Images/BacterialSpot/BacterialSpot(50).jpg,BDPapayaLeaf/Original Images/BacterialSpot/BacterialSpot(50).jpg,BacterialSpot(50).jpg,BacterialSpot(50),bacterialspot(50),.jpg,124525,False,640,480,9ab88ab3bb1e45a725c43222442046e430a41044,8c2c07f9517ced23,
image,BacterialSpot,BacterialSpot,/content/drive/MyDrive/Papaya_Leaf_Disease_Classification/BDPapayaLeaf/Original Images/BacterialSpot/BacterialSpot(51).jpg,BDPapayaLeaf/Original Images/BacterialSpot/BacterialSpot(51).jpg,BacterialSpot(51).jpg,BacterialSpot(51),bacterialspot(51),.jpg,124138,False,640,480,3e5baa1b5d1cc31307f4d15ced28da8ff26884e3,ea950b0d162ab3bb,
image,BacterialSpot,BacterialSpot,/content/drive/MyDrive/Papaya_Leaf_Disease_Classification/BDPapayaLeaf/Original Images/BacterialSpot/BacterialSpot(52).jpg,BDPapayaLeaf/Original Images/BacterialSpot/BacterialSpot(52).jpg,BacterialSpot(52).jpg,BacterialSpot(52),bacterialspot(52),.jpg,124664,False,640,480,4c882f6869ac6a5ad3b3d63788eb74a7b1760377,dc2097de0cbae954,
image,BacterialSpot,BacterialSpot,/content/drive/MyDrive/Papaya_Leaf_Disease_Classification/BDPapayaLeaf/Original Images/BacterialSpot/BacterialSpot(53).jpg,BDPapayaLeaf/Original Images/BacterialSpot/BacterialSpot(53).jpg,BacterialSpot(53).jpg,BacterialSpot(53),bacterialspot(53),.jpg,126899,False,640,480,7e5fa0d8b762f3004f93a39b46a768bf74075a04,c03b0f751e1aa7a6,
image,BacterialSpot,BacterialSpot,/content/drive/MyDrive/Papaya_Leaf_Disease_Classification/BDPapayaLeaf/Original Images/BacterialSpot/BacterialSpot(54).jpg,BDPapayaLeaf/Original Images/BacterialSpot/BacterialSpot(54).jpg,BacterialSpot(54).jpg,BacterialSpot(54),bacterialspot(54),.jpg,136984,False,640,480,f01ecb4f5d8269ba88fdddb0922d3e7f7a9defa1,89f4c60cf8f17706,
image,BacterialSpot,BacterialSpot,/content/drive/MyDrive/Papaya_Leaf_Disease_Classification/BDPapayaLeaf/Original Images/BacterialSpot/BacterialSpot(55).jpg,BDPapayaLeaf/Original Images/BacterialSpot/BacterialSpot(55).jpg,BacterialSpot(55).jpg,BacterialSpot(55),bacterialspot(55),.jpg,125859,False,640,480,3f8a3eac664082c7e70bd5b16b298b7729f776e5,c9ff160f3e0f1805,
image,BacterialSpot,BacterialSpot,/content/drive/MyDrive/Papaya_Leaf_Disease_Classification/BDPapayaLeaf/Original Images/BacterialSpot/BacterialSpot(56).jpg,BDPapayaLeaf/Original Images/BacterialSpot/BacterialSpot(56).jpg,BacterialSpot(56).jpg,BacterialSpot(56),bacterialspot(56),.jpg,89739,False,640,480,7dc9fad31226fc3a11a6d0eeece1d1ca892c773b,cd525052df16dcb2,
image,BacterialSpot,BacterialSpot,/content/drive/MyDrive/Papaya_Leaf_Disease_Classification/BDPapayaLeaf/Original Images/BacterialSpot/BacterialSpot(57).jpg,BDPapayaLeaf/Original Images/BacterialSpot/BacterialSpot(57).jpg,BacterialSpot(57).jpg,BacterialSpot(57),bacterialspot(57),.jpg,80123,False,640,480,1e4ff7b550e0dc4d40995576bce1c6b6763c8b67,958270403f3b7ceb,
image,BacterialSpot,BacterialSpot,/content/drive/MyDrive/Papaya_Leaf_Disease_Classification/BDPapayaLeaf/Original Images/BacterialSpot/BacterialSpot(58).jpg,BDPapayaLeaf/Original Images/BacterialSpot/BacterialSpot(58).jpg,BacterialSpot(58).jpg,BacterialSpot(58),bacterialspot(58),.jpg,118006,False,640,480,45c759f431d3435b1f08daabd3f955d657e6ab4e,99d05cd86b2f471c,
image,BacterialSpot,BacterialSpot,/content/drive/MyDrive/Papaya_Leaf_Disease_Classification/BDPapayaLeaf/Original Images/BacterialSpot/BacterialSpot(59).jpg,BDPapayaLeaf/Original Images/BacterialSpot/BacterialSpot(59).jpg,BacterialSpot(59).jpg,BacterialSpot(59),bacterialspot(59),.jpg,123897,False,640,480,2c0083e970ef0d891dcbc1304dd9178642260f8c,f80fcefc08ce7c40,
image,BacterialSpot,BacterialSpot,/content/drive/MyDrive/Papaya_Leaf_Disease_Classification/BDPapayaLeaf/Original Images/BacterialSpot/BacterialSpot(6).jpg,BDPapayaLeaf/Original Images/BacterialSpot/BacterialSpot(6).jpg,BacterialSpot(6).jpg,BacterialSpot(6),bacterialspot(6),.jpg,128798,False,640,480,898a5c5199540322e5a6ca0c8ebd3e194db469ab,cea9e4e0831f147e,
image,BacterialSpot,BacterialSpot,/content/drive/MyDrive/Papaya_Leaf_Disease_Classification/BDPapayaLeaf/Original Images/BacterialSpot/BacterialSpot(60).jpg,BDPapayaLeaf/Original Images/BacterialSpot/BacterialSpot(60).jpg,BacterialSpot(60).jpg,BacterialSpot(60),bacterialspot(60),.jpg,134410,False,640,480,2554ab2a47cecb4cff3b38abe98040515c4712ae,d9b3f2e8838525c6,
image,BacterialSpot,BacterialSpot,/content/drive/MyDrive/Papaya_Leaf_Disease_Classification/BDPapayaLeaf/Original Images/BacterialSpot/BacterialSpot(61).jpg,BDPapayaLeaf/Original Images/BacterialSpot/BacterialSpot(61).jpg,BacterialSpot(61).jpg,BacterialSpot(61),bacterialspot(61),.jpg,134484,False,640,480,9e57f7aa4a5ff0655dd0d5b281713a26a1500db6,c9ed222be3e8784a,
image,BacterialSpot,BacterialSpot,/content/drive/MyDrive/Papaya_Leaf_Disease_Classification/BDPapayaLeaf/Original Images/BacterialSpot/BacterialSpot(62).jpg,BDPapayaLeaf/Original Images/BacterialSpot/BacterialSpot(62).jpg,BacterialSpot(62).jpg,BacterialSpot(62),bacterialspot(62),.jpg,112305,False,640,480,309ad0f4f89d31a1d79481974aece8e1e472cdcc,dbe946e978c45268,
image,BacterialSpot,BacterialSpot,/content/drive/MyDrive/Papaya_Leaf_Disease_Classification/BDPapayaLeaf/Original Images/BacterialSpot/BacterialSpot(63).jpg,BDPapayaLeaf/Original Images/BacterialSpot/BacterialSpot(63).jpg,BacterialSpot(63).jpg,BacterialSpot(63),bacterialspot(63),.jpg,103629,False,640,480,2aaf4426e27e06e09b693941c78c4f7fcaf42270,adb4db8a02b85b9a,
image,BacterialSpot,BacterialSpot,/content/drive/MyDrive/Papaya_Leaf_Disease_Classification/BDPapayaLeaf/Original Images/BacterialSpot/BacterialSpot(64).jpg,BDPapayaLeaf/Original Images/BacterialSpot/BacterialSpot(64).jpg,BacterialSpot(64).jpg,BacterialSpot(64),bacterialspot(64),.jpg,118642,False,640,480,2eb3d16db6c390a88d32195ef03b9df69ce832b8,b63d71225e28336e,
image,BacterialSpot,BacterialSpot,/content/drive/MyDrive/Papaya_Leaf_Disease_Classification/BDPapayaLeaf/Original Images/BacterialSpot/BacterialSpot(65).jpg,BDPapayaLeaf/Original Images/BacterialSpot/BacterialSpot(65).jpg,BacterialSpot(65).jpg,BacterialSpot(65),bacterialspot(65),.jpg,111296,False,640,480,62b81cf4de94a9b01dbdccf0828782429c54630f,db85d47829272f45,
image,BacterialSpot,BacterialSpot,/content/drive/MyDrive/Papaya_Leaf_Disease_Classification/BDPapayaLeaf/Original Images/BacterialSpot/BacterialSpot(66).jpg,BDPapayaLeaf/Original Images/BacterialSpot/BacterialSpot(66).jpg,BacterialSpot(66).jpg,BacterialSpot(66),bacterialspot(66),.jpg,112337,False,640,480,a9932826dd9f7975577d80cdd4c475d3e16883ab,ced589c63784f4b0,
image,BacterialSpot,BacterialSpot,/content/drive/MyDrive/Papaya_Leaf_Disease_Classification/BDPapayaLeaf/Original Images/BacterialSpot/BacterialSpot(67).jpg,BDPapayaLeaf/Original Images/BacterialSpot/BacterialSpot(67).jpg,BacterialSpot(67).jpg,BacterialSpot(67),bacterialspot(67),.jpg,131853,False,640,480,711f8701199b1da23356e5f22880951ee31a9f2d,85d809f5464efea8,
image,BacterialSpot,BacterialSpot,/content/drive/MyDrive/Papaya_Leaf_Disease_Classification/BDPapayaLeaf/Original Images/BacterialSpot/BacterialSpot(68).jpg,BDPapayaLeaf/Original Images/BacterialSpot/BacterialSpot(68).jpg,BacterialSpot(68).jpg,BacterialSpot(68),bacterialspot(68),.jpg,104715,False,640,480,962d2675bb27bb37fe4a91b7b7f7ca9f7ecb8952,8ff390835ab54b46,
image,BacterialSpot,BacterialSpot,/content/drive/MyDrive/Papaya_Leaf_Disease_Classification/BDPapayaLeaf/Original Images/BacterialSpot/BacterialSpot(69).jpg,BDPapayaLeaf/Original Images/BacterialSpot/BacterialSpot(69).jpg,BacterialSpot(69).jpg,BacterialSpot(69),bacterialspot(69),.jpg,101423,False,640,480,521cfac65a8c23e2d8e49c172801bbdce1d764c5,a79469f8c526272e,
image,BacterialSpot,BacterialSpot,/content/drive/MyDrive/Papaya_Leaf_Disease_Classification/BDPapayaLeaf/Original Images/BacterialSpot/BacterialSpot(7).jpg,BDPapayaLeaf/Original Images/BacterialSpot/BacterialSpot(7).jpg,BacterialSpot(7).jpg,BacterialSpot(7),bacterialspot(7),.jpg,115150,False,640,480,910ce9a750f4e3c4ccef9de15e0236b815dafb54,abc50aa5147a59fa,
image,BacterialSpot,BacterialSpot,/content/drive/MyDrive/Papaya_Leaf_Disease_Classification/BDPapayaLeaf/Original Images/BacterialSpot/BacterialSpot(70).jpg,BDPapayaLeaf/Original Images/BacterialSpot/BacterialSpot(70).jpg,BacterialSpot(70).jpg,BacterialSpot(70),bacterialspot(70),.jpg,144950,False,640,480,cfb05ed4361e2c37b0864aba1ecdc2be8b5642f7,d698b991157a1b2b,
image,BacterialSpot,BacterialSpot,/content/drive/MyDrive/Papaya_Leaf_Disease_Classification/BDPapayaLeaf/Original Images/BacterialSpot/BacterialSpot(71).jpg,BDPapayaLeaf/Original Images/BacterialSpot/BacterialSpot(71).jpg,BacterialSpot(71).jpg,BacterialSpot(71),bacterialspot(71),.jpg,123532,False,640,480,0127fea3661c04a543b1f582fb38624a3caab621,c446b0dba8d6a8dd,
image,BacterialSpot,BacterialSpot,/content/drive/MyDrive/Papaya_Leaf_Disease_Classification/BDPapayaLeaf/Original Images/BacterialSpot/BacterialSpot(72).jpg,BDPapayaLeaf/Original Images/BacterialSpot/BacterialSpot(72).jpg,BacterialSpot(72).jpg,BacterialSpot(72),bacterialspot(72),.jpg,97438,False,640,480,ac9fef304e1a1a256b06d1f8a2a6368466819a00,a9b6a3cec0c1c8ed,
image,BacterialSpot,BacterialSpot,/content/drive/MyDrive/Papaya_Leaf_Disease_Classification/BDPapayaLeaf/Original Images/BacterialSpot/BacterialSpot(73).jpg,BDPapayaLeaf/Original Images/BacterialSpot/BacterialSpot(73).jpg,BacterialSpot(73).jpg,BacterialSpot(73),bacterialspot(73),.jpg,96983,False,640,480,e99623b1876c0b396860ce3de72678aa71e280f6,c9dc424ea7d3c385,
image,BacterialSpot,BacterialSpot,/content/drive/MyDrive/Papaya_Leaf_Disease_Classification/BDPapayaLeaf/Original Images/BacterialSpot/BacterialSpot(74).jpg,BDPapayaLeaf/Original Images/BacterialSpot/BacterialSpot(74).jpg,BacterialSpot(74).jpg,BacterialSpot(74),bacterialspot(74),.jpg,120367,False,640,480,e42ef78b56ad6156b95afcd4adf9c4a4f9006a9b,e83f81f751868b0d,
image,BacterialSpot,BacterialSpot,/content/drive/MyDrive/Papaya_Leaf_Disease_Classification/BDPapayaLeaf/Original Images/BacterialSpot/BacterialSpot(75).jpg,BDPapayaLeaf/Original Images/BacterialSpot/BacterialSpot(75).jpg,BacterialSpot(75).jpg,BacterialSpot(75),bacterialspot(75),.jpg,113393,False,640,480,e86396b39ac7a8476682e04f42a646f382a6e88c,a925967e135fd940,
image,BacterialSpot,BacterialSpot,/content/drive/MyDrive/Papaya_Leaf_Disease_Classification/BDPapayaLeaf/Original Images/BacterialSpot/BacterialSpot(76).jpg,BDPapayaLeaf/Original Images/BacterialSpot/BacterialSpot(76).jpg,BacterialSpot(76).jpg,BacterialSpot(76),bacterialspot(76),.jpg,130069,False,640,480,0ab81ec774be624fb3daad6a5675d38b7bf7a000,8ee03307cfc6eaa1,
image,BacterialSpot,BacterialSpot,/content/drive/MyDrive/Papaya_Leaf_Disease_Classification/BDPapayaLeaf/Original Images/BacterialSpot/BacterialSpot(77).jpg,BDPapayaLeaf/Original Images/BacterialSpot/BacterialSpot(77).jpg,BacterialSpot(77).jpg,BacterialSpot(77),bacterialspot(77),.jpg,133289,False,640,480,6d88838718577c3936bd5154f0f5c6e87c11e739,998ee4a73c1306ee,
image,BacterialSpot,BacterialSpot,/content/drive/MyDrive/Papaya_Leaf_Disease_Classification/BDPapayaLeaf/Original Images/BacterialSpot/BacterialSpot(78).jpg,BDPapayaLeaf/Original Images/BacterialSpot/BacterialSpot(78).jpg,BacterialSpot(78).jpg,BacterialSpot(78),bacterialspot(78),.jpg,121706,False,640,480,b32bbfb7b50031e10a5f498c5a1d2e92e61bcb72,8df5b2a2c54807ed,
image,BacterialSpot,BacterialSpot,/content/drive/MyDrive/Papaya_Leaf_Disease_Classification/BDPapayaLeaf/Original Images/BacterialSpot/BacterialSpot(79).jpg,BDPapayaLeaf/Original Images/BacterialSpot/BacterialSpot(79).jpg,BacterialSpot(79).jpg,BacterialSpot(79),bacterialspot(79),.jpg,131656,False,640,480,f4a27f07e1a78665a5788560650b11b618f6827f,ed1ab07a86c9d730,
image,BacterialSpot,BacterialSpot,/content/drive/MyDrive/Papaya_Leaf_Disease_Classification/BDPapayaLeaf/Original Images/BacterialSpot/BacterialSpot(8).jpg,BDPapayaLeaf/Original Images/BacterialSpot/BacterialSpot(8).jpg,BacterialSpot(8).jpg,BacterialSpot(8),bacterialspot(8),.jpg,123674,False,640,480,95fdfcf2cb840b51a4615f2da2308c5a9b40aad1,86fff40ba7a22d04,
image,BacterialSpot,BacterialSpot,/content/drive/MyDrive/Papaya_Leaf_Disease_Classification/BDPapayaLeaf/Original Images/BacterialSpot/BacterialSpot(80).jpg,BDPapayaLeaf/Original Images/BacterialSpot/BacterialSpot(80).jpg,BacterialSpot(80).jpg,BacterialSpot(80),bacterialspot(80),.jpg,130719,False,640,480,ccc735e61e9c0732241f7b920adc34f3af161524,ec4713ccfff00017,
image,BacterialSpot,BacterialSpot,/content/drive/MyDrive/Papaya_Leaf_Disease_Classification/BDPapayaLeaf/Original Images/BacterialSpot/BacterialSpot(81).jpg,BDPapayaLeaf/Original Images/BacterialSpot/BacterialSpot(81).jpg,BacterialSpot(81).jpg,BacterialSpot(81),bacterialspot(81),.jpg,137955,False,640,480,37171f4ffff9befe1f5bee6f04aba48a45773962,8ca2073dbef072e2,
image,BacterialSpot,BacterialSpot,/content/drive/MyDrive/Papaya_Leaf_Disease_Classification/BDPapayaLeaf/Original Images/BacterialSpot/BacterialSpot(82).jpg,BDPapayaLeaf/Original Images/BacterialSpot/BacterialSpot(82).jpg,BacterialSpot(82).jpg,BacterialSpot(82),bacterialspot(82),.jpg,134692,False,640,480,03879f28ce0871f76ab248818bba7ae34c02260a,c699c8a7162ebc72,
image,BacterialSpot,BacterialSpot,/content/drive/MyDrive/Papaya_Leaf_Disease_Classification/BDPapayaLeaf/Original Images/BacterialSpot/BacterialSpot(83).jpg,BDPapayaLeaf/Original Images/BacterialSpot/BacterialSpot(83).jpg,BacterialSpot(83).jpg,BacterialSpot(83),bacterialspot(83),.jpg,124251,False,640,480,97eb564f93aa0ab867dde7e844542e0761767ef0,f58c9c583b296167,
image,BacterialSpot,BacterialSpot,/content/drive/MyDrive/Papaya_Leaf_Disease_Classification/BDPapayaLeaf/Original Images/BacterialSpot/BacterialSpot(84).jpg,BDPapayaLeaf/Original Images/BacterialSpot/BacterialSpot(84).jpg,BacterialSpot(84).jpg,BacterialSpot(84),bacterialspot(84),.jpg,127157,False,640,480,ad0e2b22080ff725a8c297524d8b45dad907ccac,ffd3a3d61a80d290,
image,BacterialSpot,BacterialSpot,/content/drive/MyDrive/Papaya_Leaf_Disease_Classification/BDPapayaLeaf/Original Images/BacterialSpot/BacterialSpot(85).jpg,BDPapayaLeaf/Original Images/BacterialSpot/BacterialSpot(85).jpg,BacterialSpot(85).jpg,BacterialSpot(85),bacterialspot(85),.jpg,128887,False,640,480,f85b498a6e96b25cb92cdb4137716d64e6011aca,a2f3cc075a5ad2aa,
image,BacterialSpot,BacterialSpot,/content/drive/MyDrive/Papaya_Leaf_Disease_Classification/BDPapayaLeaf/Original Images/BacterialSpot/BacterialSpot(86).jpg,BDPapayaLeaf/Original Images/BacterialSpot/BacterialSpot(86).jpg,BacterialSpot(86).jpg,BacterialSpot(86),bacterialspot(86),.jpg,128032,False,640,480,9fcdcf186b955e889ff839205931062887f700ee,b1c6c62cd6d69c31,
image,BacterialSpot,BacterialSpot,/content/drive/MyDrive/Papaya_Leaf_Disease_Classification/BDPapayaLeaf/Original Images/BacterialSpot/BacterialSpot(87).jpg,BDPapayaLeaf/Original Images/BacterialSpot/BacterialSpot(87).jpg,BacterialSpot(87).jpg,BacterialSpot(87),bacterialspot(87),.jpg,101568,False,640,480,2ad980c61b09da3c73b06435daa20c3c7817bc2b,958a51f266ccd3c6,
image,BacterialSpot,BacterialSpot,/content/drive/MyDrive/Papaya_Leaf_Disease_Classification/BDPapayaLeaf/Original Images/BacterialSpot/BacterialSpot(88).jpg,BDPapayaLeaf/Original Images/BacterialSpot/BacterialSpot(88).jpg,BacterialSpot(88).jpg,BacterialSpot(88),bacterialspot(88),.jpg,81184,False,640,480,93f5908351dd62c947f5d73d77d280425472c8fb,e30f1c2c6149d9bb,
image,BacterialSpot,BacterialSpot,/content/drive/MyDrive/Papaya_Leaf_Disease_Classification/BDPapayaLeaf/Original Images/BacterialSpot/BacterialSpot(89).jpg,BDPapayaLeaf/Original Images/BacterialSpot/BacterialSpot(89).jpg,BacterialSpot(89).jpg,BacterialSpot(89),bacterialspot(89),.jpg,114721,False,640,480,7bcd86120d7d106a20bb268ec679e5cffcd6ef41,adbace619a5a5485,
image,BacterialSpot,BacterialSpot,/content/drive/MyDrive/Papaya_Leaf_Disease_Classification/BDPapayaLeaf/Original Images/BacterialSpot/BacterialSpot(9).jpg,BDPapayaLeaf/Original Images/BacterialSpot/BacterialSpot(9).jpg,BacterialSpot(9).jpg,BacterialSpot(9),bacterialspot(9),.jpg,121089,False,640,480,54f047c6af5465df9624a3da94828de22a244fd2,bbb2a445cae9351c,
image,BacterialSpot,BacterialSpot,/content/drive/MyDrive/Papaya_Leaf_Disease_Classification/BDPapayaLeaf/Original Images/BacterialSpot/BacterialSpot(90).jpg,BDPapayaLeaf/Original Images/BacterialSpot/BacterialSpot(90).jpg,BacterialSpot(90).jpg,BacterialSpot(90),bacterialspot(90),.jpg,99163,False,640,480,195a1232a3f8d45964082fc6a0a18a471bde4628,f9e3622f868ea225,
image,BacterialSpot,BacterialSpot,/content/drive/MyDrive/Papaya_Leaf_Disease_Classification/BDPapayaLeaf/Original Images/BacterialSpot/BacterialSpot(91).jpg,BDPapayaLeaf/Original Images/BacterialSpot/BacterialSpot(91).jpg,BacterialSpot(91).jpg,BacterialSpot(91),bacterialspot(91),.jpg,110453,False,640,480,1067d609488e3f926e29eb70fe8da1e86851164c,e75a48a49df66892,
image,BacterialSpot,BacterialSpot,/content/drive/MyDrive/Papaya_Leaf_Disease_Classification/BDPapayaLeaf/Original Images/BacterialSpot/BacterialSpot(92).jpg,BDPapayaLeaf/Original Images/BacterialSpot/BacterialSpot(92).jpg,BacterialSpot(92).jpg,BacterialSpot(92),bacterialspot(92),.jpg,133085,False,640,480,8a5bf348e44c8198b7a731a80229ad506f714b85,e6415aea2dd889bc,
image,BacterialSpot,BacterialSpot,/content/drive/MyDrive/Papaya_Leaf_Disease_Classification/BDPapayaLeaf/Original Images/BacterialSpot/BacterialSpot(93).jpg,BDPapayaLeaf/Original Images/BacterialSpot/BacterialSpot(93).jpg,BacterialSpot(93).jpg,BacterialSpot(93),bacterialspot(93),.jpg,126663,False,640,480,e08afcea72ce1b6333d961f0532968f4eab65449,8c15f3b22b9b81c7,
image,BacterialSpot,BacterialSpot,/content/drive/MyDrive/Papaya_Leaf_Disease_Classification/BDPapayaLeaf/Original Images/BacterialSpot/BacterialSpot(94).jpg,BDPapayaLeaf/Original Images/BacterialSpot/BacterialSpot(94).jpg,BacterialSpot(94).jpg,BacterialSpot(94),bacterialspot(94),.jpg,129695,False,640,480,465560d9f1a1f113a977ac312f9a66da938ecb2f,a59b53660ddce60c,
image,BacterialSpot,BacterialSpot,/content/drive/MyDrive/Papaya_Leaf_Disease_Classification/BDPapayaLeaf/Original Images/BacterialSpot/BacterialSpot(95).jpg,BDPapayaLeaf/Original Images/BacterialSpot/BacterialSpot(95).jpg,BacterialSpot(95).jpg,BacterialSpot(95),bacterialspot(95),.jpg,123268,False,640,480,c8414de47142bde70d95c12205199c8edf1cd8cb,a6d9d305c2dd1de0,
image,BacterialSpot,BacterialSpot,/content/drive/MyDrive/Papaya_Leaf_Disease_Classification/BDPapayaLeaf/Original Images/BacterialSpot/BacterialSpot(96).jpg,BDPapayaLeaf/Original Images/BacterialSpot/BacterialSpot(96).jpg,BacterialSpot(96).jpg,BacterialSpot(96),bacterialspot(96),.jpg,100469,False,640,480,e6a334829940cbdcc1090c91e42ddab9146026a0,d2e4070edd3925cd,
image,BacterialSpot,BacterialSpot,/content/drive/MyDrive/Papaya_Leaf_Disease_Classification/BDPapayaLeaf/Original Images/BacterialSpot/BacterialSpot(97).jpg,BDPapayaLeaf/Original Images/BacterialSpot/BacterialSpot(97).jpg,BacterialSpot(97).jpg,BacterialSpot(97),bacterialspot(97),.jpg,137454,False,640,480,0c78c5ab1890e6e86fd581749c55614cd01a698d,c9ef900abd573c06,
image,BacterialSpot,BacterialSpot,/content/drive/MyDrive/Papaya_Leaf_Disease_Classification/BDPapayaLeaf/Original Images/BacterialSpot/BacterialSpot(98).jpg,BDPapayaLeaf/Original Images/BacterialSpot/BacterialSpot(98).jpg,BacterialSpot(98).jpg,BacterialSpot(98),bacterialspot(98),.jpg,124627,False,640,480,c17656360580b2cf11205e3872bcdd4f90fd838a,d8e580439ff9855c,
image,BacterialSpot,BacterialSpot,/content/drive/MyDrive/Papaya_Leaf_Disease_Classification/BDPapayaLeaf/Original Images/BacterialSpot/BacterialSpot(99).jpg,BDPapayaLeaf/Original Images/BacterialSpot/BacterialSpot(99).jpg,BacterialSpot(99).jpg,BacterialSpot(99),bacterialspot(99),.jpg,108360,False,640,480,9f935bd41a359912235a0904494f641d86d02720,e59b1389249d6cad,
image,Curl,Curl,/content/drive/MyDrive/Papaya_Leaf_Disease_Classification/BDPapayaLeaf/Original Images/Curl/Curl(1).jpg,BDPapayaLeaf/Original Images/Curl/Curl(1).jpg,Curl(1).jpg,Curl(1),curl(1),.jpg,104819,False,640,480,81c2045bb0b1d6bc90d169595859e2fe958b7056,f3e6dcd1600363ca,
image,Curl,Curl,/content/drive/MyDrive/Papaya_Leaf_Disease_Classification/BDPapayaLeaf/Original Images/Curl/Curl(10).jpg,BDPapayaLeaf/Original Images/Curl/Curl(10).jpg,Curl(10).jpg,Curl(10),curl(10),.jpg,109068,False,640,480,16e955d126bc5b14fa39e12ea94a083364dff2e9,9bc071e595bd0a2b,
image,Curl,Curl,/content/drive/MyDrive/Papaya_Leaf_Disease_Classification/BDPapayaLeaf/Original Images/Curl/Curl(100).jpg,BDPapayaLeaf/Original Images/Curl/Curl(100).jpg,Curl(100).jpg,Curl(100),curl(100),.jpg,82697,False,640,480,a5e9cfc8388f5beda5608c0e24459fbabd8e1b50,bbdc21edd85a5144,
image,Curl,Curl,/content/drive/MyDrive/Papaya_Leaf_Disease_Classification/BDPapayaLeaf/Original Images/Curl/Curl(101).jpg,BDPapayaLeaf/Original Images/Curl/Curl(101).jpg,Curl(101).jpg,Curl(101),curl(101),.jpg,113627,False,640,480,d5da9b4299059bd4eb244dab63be41e3d80ba0a7,c4363f1d0d59cc95,
image,Curl,Curl,/content/drive/MyDrive/Papaya_Leaf_Disease_Classification/BDPapayaLeaf/Original Images/Curl/Curl(102).jpg,BDPapayaLeaf/Original Images/Curl/Curl(102).jpg,Curl(102).jpg,Curl(102),curl(102),.jpg,91201,False,640,480,b87213ba629da58a098a827288112ab0d7f6423f,c9ba3a0c0e7363f4,
image,Curl,Curl,/content/drive/MyDrive/Papaya_Leaf_Disease_Classification/BDPapayaLeaf/Original Images/Curl/Curl(103).jpg,BDPapayaLeaf/Original Images/Curl/Curl(103).jpg,Curl(103).jpg,Curl(103),curl(103),.jpg,94531,False,640,480,6adf8f423c64d3fc2fa771390c2b0139d5a7a296,94c81e1b31d4b6d7,
image,Curl,Curl,/content/drive/MyDrive/Papaya_Leaf_Disease_Classification/BDPapayaLeaf/Original Images/Curl/Curl(104).jpg,BDPapayaLeaf/Original Images/Curl/Curl(104).jpg,Curl(104).jpg,Curl(104),curl(104),.jpg,77323,False,640,480,cebe33defeb64db6b63e6aa060a8f230f5d3886f,ca939980879d9bad,
image,Curl,Curl,/content/drive/MyDrive/Papaya_Leaf_Disease_Classification/BDPapayaLeaf/Original Images/Curl/Curl(105).jpg,BDPapayaLeaf/Original Images/Curl/Curl(105).jpg,Curl(105).jpg,Curl(105),curl(105),.jpg,114618,False,640,480,aedaefed8b1b32dfb203645187a6fb3cbed6c945,bc877d6456580f19,
image,Curl,Curl,/content/drive/MyDrive/Papaya_Leaf_Disease_Classification/BDPapayaLeaf/Original Images/Curl/Curl(106).jpg,BDPapayaLeaf/Original Images/Curl/Curl(106).jpg,Curl(106).jpg,Curl(106),curl(106),.jpg,94374,False,640,480,b858f27a17f61411c055c458a4e0eee0ba7082a0,afdc76392d2a4849,
image,Curl,Curl,/content/drive/MyDrive/Papaya_Leaf_Disease_Classification/BDPapayaLeaf/Original Images/Curl/Curl(107).jpg,BDPapayaLeaf/Original Images/Curl/Curl(107).jpg,Curl(107).jpg,Curl(107),curl(107),.jpg,102371,False,640,480,6f8c5b369522d01707a5f3ba183f692cde30ff65,fc7761571642438b,
image,Curl,Curl,/content/drive/MyDrive/Papaya_Leaf_Disease_Classification/BDPapayaLeaf/Original Images/Curl/Curl(108).jpg,BDPapayaLeaf/Original Images/Curl/Curl(108).jpg,Curl(108).jpg,Curl(108),curl(108),.jpg,85931,False,640,480,264393132a11105bd2694ce5966de13596434fe8,dcc0861ae7959d96,
image,Curl,Curl,/content/drive/MyDrive/Papaya_Leaf_Disease_Classification/BDPapayaLeaf/Original Images/Curl/Curl(109).jpg,BDPapayaLeaf/Original Images/Curl/Curl(109).jpg,Curl(109).jpg,Curl(109),curl(109),.jpg,87491,False,640,480,274407e16817c087b39c2ad3e969fd29c0c7e506,dec9961be30033e6,
image,Curl,Curl,/content/drive/MyDrive/Papaya_Leaf_Disease_Classification/BDPapayaLeaf/Original Images/Curl/Curl(11).jpg,BDPapayaLeaf/Original Images/Curl/Curl(11).jpg,Curl(11).jpg,Curl(11),curl(11),.jpg,109445,False,640,480,e9430ff815332fd2737aaec34f994d6f778da21a,86cc73a75d116572,
image,Curl,Curl,/content/drive/MyDrive/Papaya_Leaf_Disease_Classification/BDPapayaLeaf/Original Images/Curl/Curl(110).jpg,BDPapayaLeaf/Original Images/Curl/Curl(110).jpg,Curl(110).jpg,Curl(110),curl(110),.jpg,101017,False,640,480,c17f4a8c1f47b4a17f42a50e68e517f5b6d923ff,cebfe00e59d2c914,
image,Curl,Curl,/content/drive/MyDrive/Papaya_Leaf_Disease_Classification/BDPapayaLeaf/Original Images/Curl/Curl(111).jpg,BDPapayaLeaf/Original Images/Curl/Curl(111).jpg,Curl(111).jpg,Curl(111),curl(111),.jpg,109307,False,640,480,80414703004baec8c741e29053da9a291cb253e9,d5fca186d923e170,
image,Curl,Curl,/content/drive/MyDrive/Papaya_Leaf_Disease_Classification/BDPapayaLeaf/Original Images/Curl/Curl(112).jpg,BDPapayaLeaf/Original Images/Curl/Curl(112).jpg,Curl(112).jpg,Curl(112),curl(112),.jpg,100605,False,640,480,13310b3cc11da7a055a2a7dab6a096ba6b05fd6d,c8f633071fda8195,
image,Curl,Curl,/content/drive/MyDrive/Papaya_Leaf_Disease_Classification/BDPapayaLeaf/Original Images/Curl/Curl(113).jpg,BDPapayaLeaf/Original Images/Curl/Curl(113).jpg,Curl(113).jpg,Curl(113),curl(113),.jpg,101458,False,640,480,e1fb6d765a2adb0df4babc4d05508a1976e245b0,86c24737f39c8ce1,
image,Curl,Curl,/content/drive/MyDrive/Papaya_Leaf_Disease_Classification/BDPapayaLeaf/Original Images/Curl/Curl(114).jpg,BDPapayaLeaf/Original Images/Curl/Curl(114).jpg,Curl(114).jpg,Curl(114),curl(114),.jpg,107067,False,640,480,db91b5a154a3485b4d582004005fd4a531b74a98,99c0e8cceaf2634e,
image,Curl,Curl,/content/drive/MyDrive/Papaya_Leaf_Disease_Classification/BDPapayaLeaf/Original Images/Curl/Curl(115).jpg,BDPapayaLeaf/Original Images/Curl/Curl(115).jpg,Curl(115).jpg,Curl(115),curl(115),.jpg,120595,False,640,480,787a92439ed6788c7ae4640ccd946ef6d39c9740,8c8b22b9a4baaf6a,
image,Curl,Curl,/content/drive/MyDrive/Papaya_Leaf_Disease_Classification/BDPapayaLeaf/Original Images/Curl/Curl(116).jpg,BDPapayaLeaf/Original Images/Curl/Curl(116).jpg,Curl(116).jpg,Curl(116),curl(116),.jpg,111378,False,640,480,e1d0767f697fae2ca9be336c6c68bff19fc4529a,ad87d7531029e99c,
image,Curl,Curl,/content/drive/MyDrive/Papaya_Leaf_Disease_Classification/BDPapayaLeaf/Original Images/Curl/Curl(117).jpg,BDPapayaLeaf/Original Images/Curl/Curl(117).jpg,Curl(117).jpg,Curl(117),curl(117),.jpg,111023,False,640,480,cf3fb4967daef6edd1919c701052ec2f884bee74,cc89097e3b27179a,
image,Curl,Curl,/content/drive/MyDrive/Papaya_Leaf_Disease_Classification/BDPapayaLeaf/Original Images/Curl/Curl(118).jpg,BDPapayaLeaf/Original Images/Curl/Curl(118).jpg,Curl(118).jpg,Curl(118),curl(118),.jpg,112791,False,640,480,7eb720ea8917c653f01e98c840ce2a2459cff1c6,ed6c3a3102374fc5,
image,Curl,Curl,/content/drive/MyDrive/Papaya_Leaf_Disease_Classification/BDPapayaLeaf/Original Images/Curl/Curl(119).jpg,BDPapayaLeaf/Original Images/Curl/Curl(119).jpg,Curl(119).jpg,Curl(119),curl(119),.jpg,124155,False,640,480,66c5fc690f5a133716c671d668771936e2c8b990,ccd9c9814cecdcc9,
image,Curl,Curl,/content/drive/MyDrive/Papaya_Leaf_Disease_Classification/BDPapayaLeaf/Original Images/Curl/Curl(12).jpg,BDPapayaLeaf/Original Images/Curl/Curl(12).jpg,Curl(12).jpg,Curl(12),curl(12),.jpg,84214,False,640,480,b5e0594b7ecc8c8e578300fcda458aebeacb111f,908f2f739b2e621a,
image,Curl,Curl,/content/drive/MyDrive/Papaya_Leaf_Disease_Classification/BDPapayaLeaf/Original Images/Curl/Curl(120).jpg,BDPapayaLeaf/Original Images/Curl/Curl(120).jpg,Curl(120).jpg,Curl(120),curl(120),.jpg,114015,False,640,480,60b911f33a118388f885e725d9a820df02c6484a,94da75a2e58b05dc,
image,Curl,Curl,/content/drive/MyDrive/Papaya_Leaf_Disease_Classification/BDPapayaLeaf/Original Images/Curl/Curl(121).jpg,BDPapayaLeaf/Original Images/Curl/Curl(121).jpg,Curl(121).jpg,Curl(121),curl(121),.jpg,107270,False,640,480,fd0428bd35f9dbd23b191ed6ec7fc393032b5d4e,adc2ec64c514b2d7,
image,Curl,Curl,/content/drive/MyDrive/Papaya_Leaf_Disease_Classification/BDPapayaLeaf/Original Images/Curl/Curl(122).jpg,BDPapayaLeaf/Original Images/Curl/Curl(122).jpg,Curl(122).jpg,Curl(122),curl(122),.jpg,94445,False,640,480,48c090b8df85942042a54e4ccbee6d3b073d6363,bcd287160fdc8317,
image,Curl,Curl,/content/drive/MyDrive/Papaya_Leaf_Disease_Classification/BDPapayaLeaf/Original Images/Curl/Curl(123).jpg,BDPapayaLeaf/Original Images/Curl/Curl(123).jpg,Curl(123).jpg,Curl(123),curl(123),.jpg,79537,False,640,480,c48cc6200046e3fc9c54b0a6385113d19100b580,bfc476f040524bc7,
image,Curl,Curl,/content/drive/MyDrive/Papaya_Leaf_Disease_Classification/BDPapayaLeaf/Original Images/Curl/Curl(124).jpg,BDPapayaLeaf/Original Images/Curl/Curl(124).jpg,Curl(124).jpg,Curl(124),curl(124),.jpg,94907,False,640,480,c2e37d9c32678ed38f58608c39ae1b48748733c0,9c94a7959ba1c578,
image,Curl,Curl,/content/drive/MyDrive/Papaya_Leaf_Disease_Classification/BDPapayaLeaf/Original Images/Curl/Curl(125).jpg,BDPapayaLeaf/Original Images/Curl/Curl(125).jpg,Curl(125).jpg,Curl(125),curl(125),.jpg,103581,False,640,480,6a899c290cc2ab8a820dfd0feb02586fd1e86cbb,dfb72806e1a059ad,
image,Curl,Curl,/content/drive/MyDrive/Papaya_Leaf_Disease_Classification/BDPapayaLeaf/Original Images/Curl/Curl(126).jpg,BDPapayaLeaf/Original Images/Curl/Curl(126).jpg,Curl(126).jpg,Curl(126),curl(126),.jpg,97532,False,640,480,80a5d5c7997c3983dcbd783141402386c810e8a6,f0df532ccc928b25,
image,Curl,Curl,/content/drive/MyDrive/Papaya_Leaf_Disease_Classification/BDPapayaLeaf/Original Images/Curl/Curl(127).jpg,BDPapayaLeaf/Original Images/Curl/Curl(127).jpg,Curl(127).jpg,Curl(127),curl(127),.jpg,109859,False,640,480,712187009b811d9bb42fd48ad729580c369907bb,8ed403c2aa695b9f,
image,Curl,Curl,/content/drive/MyDrive/Papaya_Leaf_Disease_Classification/BDPapayaLeaf/Original Images/Curl/Curl(128).jpg,BDPapayaLeaf/Original Images/Curl/Curl(128).jpg,Curl(128).jpg,Curl(128),curl(128),.jpg,104680,False,640,480,e221e0ad2314b65587f5942cd66d7fac17a557ea,dbe8e72654389187,
image,Curl,Curl,/content/drive/MyDrive/Papaya_Leaf_Disease_Classification/BDPapayaLeaf/Original Images/Curl/Curl(129).jpg,BDPapayaLeaf/Original Images/Curl/Curl(129).jpg,Curl(129).jpg,Curl(129),curl(129),.jpg,96807,False,640,480,e472d2e8af6a8adf4cfb6a89ec5d32ec1bb0ca4f,da2265434a7856df,
image,Curl,Curl,/content/drive/MyDrive/Papaya_Leaf_Disease_Classification/BDPapayaLeaf/Original Images/Curl/Curl(13).jpg,BDPapayaLeaf/Original Images/Curl/Curl(13).jpg,Curl(13).jpg,Curl(13),curl(13),.jpg,129630,False,640,480,777101f00c5f96e979b9cbf134039c9fa57ca33a,ccc6ca821ee65957,
image,Curl,Curl,/content/drive/MyDrive/Papaya_Leaf_Disease_Classification/BDPapayaLeaf/Original Images/Curl/Curl(130).jpg,BDPapayaLeaf/Original Images/Curl/Curl(130).jpg,Curl(130).jpg,Curl(130),curl(130),.jpg,90141,False,640,480,bf2aeaec1093b8bead0c3153f6466210c6a42aad,c8e0ae8f926b2cd6,
image,Curl,Curl,/content/drive/MyDrive/Papaya_Leaf_Disease_Classification/BDPapayaLeaf/Original Images/Curl/Curl(131).jpg,BDPapayaLeaf/Original Images/Curl/Curl(131).jpg,Curl(131).jpg,Curl(131),curl(131),.jpg,111874,False,640,480,272a85384553ed01ac72cd982f7f961ac009097a,cbf932cc84f76803,
image,Curl,Curl,/content/drive/MyDrive/Papaya_Leaf_Disease_Classification/BDPapayaLeaf/Original Images/Curl/Curl(132).jpg,BDPapayaLeaf/Original Images/Curl/Curl(132).jpg,Curl(132).jpg,Curl(132),curl(132),.jpg,90904,False,640,480,a61e9ae96d52cd4df699acfa94ee4dde3bc5044c,99d036b7562d0ae9,
image,Curl,Curl,/content/drive/MyDrive/Papaya_Leaf_Disease_Classification/BDPapayaLeaf/Original Images/Curl/Curl(133).jpg,BDPapayaLeaf/Original Images/Curl/Curl(133).jpg,Curl(133).jpg,Curl(133),curl(133),.jpg,102040,False,640,480,7262289a7115cd15bbff759e84480184c2dfd92f,988ff462e5e18707,
image,Curl,Curl,/content/drive/MyDrive/Papaya_Leaf_Disease_Classification/BDPapayaLeaf/Original Images/Curl/Curl(134).jpg,BDPapayaLeaf/Original Images/Curl/Curl(134).jpg,Curl(134).jpg,Curl(134),curl(134),.jpg,110577,False,640,480,aa8a0538d5e5f98736e8980c9b1700d658b56571,c99e2d4c444ff2e2,
image,Curl,Curl,/content/drive/MyDrive/Papaya_Leaf_Disease_Classification/BDPapayaLeaf/Original Images/Curl/Curl(135).jpg,BDPapayaLeaf/Original Images/Curl/Curl(135).jpg,Curl(135).jpg,Curl(135),curl(135),.jpg,95871,False,640,480,51e5b6ebb232809d0498de38a531ff191696b744,89b0d6ec1c5de60e,
image,Curl,Curl,/content/drive/MyDrive/Papaya_Leaf_Disease_Classification/BDPapayaLeaf/Original Images/Curl/Curl(136).jpg,BDPapayaLeaf/Original Images/Curl/Curl(136).jpg,Curl(136).jpg,Curl(136),curl(136),.jpg,106883,False,640,480,df0f9c5a5fdc1c42a2ccaf4d2b58cdf50aa40547,bfc01c7b63632307,
image,Curl,Curl,/content/drive/MyDrive/Papaya_Leaf_Disease_Classification/BDPapayaLeaf/Original Images/Curl/Curl(137).jpg,BDPapayaLeaf/Original Images/Curl/Curl(137).jpg,Curl(137).jpg,Curl(137),curl(137),.jpg,110632,False,640,480,af462a040bd24d2e3785a1aaec3c36d262cad734,cc9f1068adb5863e,
image,Curl,Curl,/content/drive/MyDrive/Papaya_Leaf_Disease_Classification/BDPapayaLeaf/Original Images/Curl/Curl(138).jpg,BDPapayaLeaf/Original Images/Curl/Curl(138).jpg,Curl(138).jpg,Curl(138),curl(138),.jpg,117179,False,640,480,50fd7417debd2e8071c1a55a90968dd0abcdcd64,8fd8e6733807263c,
image,Curl,Curl,/content/drive/MyDrive/Papaya_Leaf_Disease_Classification/BDPapayaLeaf/Original Images/Curl/Curl(139).jpg,BDPapayaLeaf/Original Images/Curl/Curl(139).jpg,Curl(139).jpg,Curl(139),curl(139),.jpg,107089,False,640,480,9deab46f2a15b461e5e5ec63b22ffc8160e15a48,98bf7a5943e0c8d2,
image,Curl,Curl,/content/drive/MyDrive/Papaya_Leaf_Disease_Classification/BDPapayaLeaf/Original Images/Curl/Curl(14).jpg,BDPapayaLeaf/Original Images/Curl/Curl(14).jpg,Curl(14).jpg,Curl(14),curl(14),.jpg,113515,False,640,480,10955ac419d55561e3d1bc9804d3117f4a9ffe6e,fd4d64bd18770314,
image,Curl,Curl,/content/drive/MyDrive/Papaya_Leaf_Disease_Classification/BDPapayaLeaf/Original Images/Curl/Curl(140).jpg,BDPapayaLeaf/Original Images/Curl/Curl(140).jpg,Curl(140).jpg,Curl(140),curl(140),.jpg,115502,False,640,480,1052903706124dffe14765c190a1bb6c2ec159d6,d7a3f2cbe42228d4,
image,Curl,Curl,/content/drive/MyDrive/Papaya_Leaf_Disease_Classification/BDPapayaLeaf/Original Images/Curl/Curl(141).jpg,BDPapayaLeaf/Original Images/Curl/Curl(141).jpg,Curl(141).jpg,Curl(141),curl(141),.jpg,117004,False,640,480,cf5f2c213e9838b3a7984a0d07dd522163de896c,daa33cdb8d5021b5,
image,Curl,Curl,/content/drive/MyDrive/Papaya_Leaf_Disease_Classification/BDPapayaLeaf/Original Images/Curl/Curl(142).jpg,BDPapayaLeaf/Original Images/Curl/Curl(142).jpg,Curl(142).jpg,Curl(142),curl(142),.jpg,115799,False,640,480,c13e5017ad15918659315b50762c91c8133feb9f,98f1738d89c16b1b,
image,Curl,Curl,/content/drive/MyDrive/Papaya_Leaf_Disease_Classification/BDPapayaLeaf/Original Images/Curl/Curl(143).jpg,BDPapayaLeaf/Original Images/Curl/Curl(143).jpg,Curl(143).jpg,Curl(143),curl(143),.jpg,113066,False,640,480,5a4337670736cff89ff91117b45d81a4e9039bbe,8ba5931b94b52557,
image,Curl,Curl,/content/drive/MyDrive/Papaya_Leaf_Disease_Classification/BDPapayaLeaf/Original Images/Curl/Curl(144).jpg,BDPapayaLeaf/Original Images/Curl/Curl(144).jpg,Curl(144).jpg,Curl(144),curl(144),.jpg,100233,False,640,480,ac7c436872bcdbaf34abc4c5171545458f76674e,d8e77c63015919d5,
image,Curl,Curl,/content/drive/MyDrive/Papaya_Leaf_Disease_Classification/BDPapayaLeaf/Original Images/Curl/Curl(145).jpg,BDPapayaLeaf/Original Images/Curl/Curl(145).jpg,Curl(145).jpg,Curl(145),curl(145),.jpg,84897,False,640,480,71054f3d45a6af5b9e689ae9623b1d87bd9a3a39,d25e9c2f090d96c7,
image,Curl,Curl,/content/drive/MyDrive/Papaya_Leaf_Disease_Classification/BDPapayaLeaf/Original Images/Curl/Curl(146).jpg,BDPapayaLeaf/Original Images/Curl/Curl(146).jpg,Curl(146).jpg,Curl(146),curl(146),.jpg,99404,False,640,480,bd80b7faa3e4e1271005eb056d885bb6d9ae793e,d0bb36b083a4b55d,
image,Curl,Curl,/content/drive/MyDrive/Papaya_Leaf_Disease_Classification/BDPapayaLeaf/Original Images/Curl/Curl(147).jpg,BDPapayaLeaf/Original Images/Curl/Curl(147).jpg,Curl(147).jpg,Curl(147),curl(147),.jpg,88801,False,640,480,a8d71831da11f5f5063716276405d79dadf617d7,bc1fc0e3e3606a65,
image,Curl,Curl,/content/drive/MyDrive/Papaya_Leaf_Disease_Classification/BDPapayaLeaf/Original Images/Curl/Curl(148).jpg,BDPapayaLeaf/Original Images/Curl/Curl(148).jpg,Curl(148).jpg,Curl(148),curl(148),.jpg,96328,False,640,480,8f117c99c808178188cd67c63606b92e7a0743ec,f69299b0a5666655,
image,Curl,Curl,/content/drive/MyDrive/Papaya_Leaf_Disease_Classification/BDPapayaLeaf/Original Images/Curl/Curl(149).jpg,BDPapayaLeaf/Original Images/Curl/Curl(149).jpg,Curl(149).jpg,Curl(149),curl(149),.jpg,90134,False,640,480,428847b4758420ff99b6e6f9e7806b24db451157,ae803eec9379a8d8,
image,Curl,Curl,/content/drive/MyDrive/Papaya_Leaf_Disease_Classification/BDPapayaLeaf/Original Images/Curl/Curl(15).jpg,BDPapayaLeaf/Original Images/Curl/Curl(15).jpg,Curl(15).jpg,Curl(15),curl(15),.jpg,120841,False,640,480,dbb09d619bd3d27eea3d88f9bee96f2c76de5569,c8222e2f6da0f3cb,
image,Curl,Curl,/content/drive/MyDrive/Papaya_Leaf_Disease_Classification/BDPapayaLeaf/Original Images/Curl/Curl(150).jpg,BDPapayaLeaf/Original Images/Curl/Curl(150).jpg,Curl(150).jpg,Curl(150),curl(150),.jpg,61419,False,640,480,5699d51bc74f0758dba04d0f3ad582ab92e25301,8c928d90d29ee36f,
image,Curl,Curl,/content/drive/MyDrive/Papaya_Leaf_Disease_Classification/BDPapayaLeaf/Original Images/Curl/Curl(151).jpg,BDPapayaLeaf/Original Images/Curl/Curl(151).jpg,Curl(151).jpg,Curl(151),curl(151),.jpg,114594,False,640,480,70b477f59dcedceb3b648d5153ab7539cd987b07,9cd469506aafe474,
image,Curl,Curl,/content/drive/MyDrive/Papaya_Leaf_Disease_Classification/BDPapayaLeaf/Original Images/Curl/Curl(152).jpg,BDPapayaLeaf/Original Images/Curl/Curl(152).jpg,Curl(152).jpg,Curl(152),curl(152),.jpg,89963,False,640,480,73c1c4fd2c39b7ffaaa6c947087ed64da97bd2bb,dfa073c7840f2738,
image,Curl,Curl,/content/drive/MyDrive/Papaya_Leaf_Disease_Classification/BDPapayaLeaf/Original Images/Curl/Curl(153).jpg,BDPapayaLeaf/Original Images/Curl/Curl(153).jpg,Curl(153).jpg,Curl(153),curl(153),.jpg,110405,False,640,480,bae97ae7ca8ee9d4dcfe82f0ab6aa3f3d512aa34,8eaae9555455931e,
image,Curl,Curl,/content/drive/MyDrive/Papaya_Leaf_Disease_Classification/BDPapayaLeaf/Original Images/Curl/Curl(154).jpg,BDPapayaLeaf/Original Images/Curl/Curl(154).jpg,Curl(154).jpg,Curl(154),curl(154),.jpg,123955,False,640,480,df50dd89cd6bc21219158f5039a2acdc34dc1d15,e69db0974c6f205a,
image,Curl,Curl,/content/drive/MyDrive/Papaya_Leaf_Disease_Classification/BDPapayaLeaf/Original Images/Curl/Curl(155).jpg,BDPapayaLeaf/Original Images/Curl/Curl(155).jpg,Curl(155).jpg,Curl(155),curl(155),.jpg,98704,False,640,480,1e4c65aa39bcf176f0b5bfede03bf700bcd30edb,f0cd286326a4b5fc,
image,Curl,Curl,/content/drive/MyDrive/Papaya_Leaf_Disease_Classification/BDPapayaLeaf/Original Images/Curl/Curl(156).jpg,BDPapayaLeaf/Original Images/Curl/Curl(156).jpg,Curl(156).jpg,Curl(156),curl(156),.jpg,115874,False,640,480,0af4371a5a8640a9afc2d05c30aa014c1f300564,d8c357bb39008eb6,
image,Curl,Curl,/content/drive/MyDrive/Papaya_Leaf_Disease_Classification/BDPapayaLeaf/Original Images/Curl/Curl(157).jpg,BDPapayaLeaf/Original Images/Curl/Curl(157).jpg,Curl(157).jpg,Curl(157),curl(157),.jpg,113060,False,640,480,b99eceb4de9da30fe058780f231a87130aefb981,c88c6be579584cce,
image,Curl,Curl,/content/drive/MyDrive/Papaya_Leaf_Disease_Classification/BDPapayaLeaf/Original Images/Curl/Curl(158).jpg,BDPapayaLeaf/Original Images/Curl/Curl(158).jpg,Curl(158).jpg,Curl(158),curl(158),.jpg,105459,False,640,480,b08153928b0377f1ef8f5499295a24dcbb0a5513,c5dff8ae2083cc1c,
image,Curl,Curl,/content/drive/MyDrive/Papaya_Leaf_Disease_Classification/BDPapayaLeaf/Original Images/Curl/Curl(159).jpg,BDPapayaLeaf/Original Images/Curl/Curl(159).jpg,Curl(159).jpg,Curl(159),curl(159),.jpg,110208,False,640,480,5bc48adc1892efe6a00ea5cbca356bd8b2c53611,9ddb6f22a92544a6,
image,Curl,Curl,/content/drive/MyDrive/Papaya_Leaf_Disease_Classification/BDPapayaLeaf/Original Images/Curl/Curl(16).jpg,BDPapayaLeaf/Original Images/Curl/Curl(16).jpg,Curl(16).jpg,Curl(16),curl(16),.jpg,130439,False,640,480,8096698796d8a7b469dc0fdf7ff9d92519126ab7,bd2375965650e0a7,
image,Curl,Curl,/content/drive/MyDrive/Papaya_Leaf_Disease_Classification/BDPapayaLeaf/Original Images/Curl/Curl(160).jpg,BDPapayaLeaf/Original Images/Curl/Curl(160).jpg,Curl(160).jpg,Curl(160),curl(160),.jpg,105370,False,640,480,7cb7a1816165f95a8723e1be436c7be108c74c34,a2ed4d42e414cafb,
image,Curl,Curl,/content/drive/MyDrive/Papaya_Leaf_Disease_Classification/BDPapayaLeaf/Original Images/Curl/Curl(161).jpg,BDPapayaLeaf/Original Images/Curl/Curl(161).jpg,Curl(161).jpg,Curl(161),curl(161),.jpg,98615,False,640,480,60e0de56507fd959758173b6286557a7fa1e49fa,b2c3f5f0c3893334,
image,Curl,Curl,/content/drive/MyDrive/Papaya_Leaf_Disease_Classification/BDPapayaLeaf/Original Images/Curl/Curl(162).jpg,BDPapayaLeaf/Original Images/Curl/Curl(162).jpg,Curl(162).jpg,Curl(162),curl(162),.jpg,117359,False,640,480,149a3d1025f2c6bcf929f550a274b9dc65faac62,aca825dfcf40562e,
image,Curl,Curl,/content/drive/MyDrive/Papaya_Leaf_Disease_Classification/BDPapayaLeaf/Original Images/Curl/Curl(163).jpg,BDPapayaLeaf/Original Images/Curl/Curl(163).jpg,Curl(163).jpg,Curl(163),curl(163),.jpg,121902,False,640,480,7e22876e96a04572432c8aebd84e5a1b8a7a1df3,8c8ba5253678b13f,
image,Curl,Curl,/content/drive/MyDrive/Papaya_Leaf_Disease_Classification/BDPapayaLeaf/Original Images/Curl/Curl(164).jpg,BDPapayaLeaf/Original Images/Curl/Curl(164).jpg,Curl(164).jpg,Curl(164),curl(164),.jpg,112170,False,640,480,8f3580fa4a967f0866713006613deff0ff40dcd1,cc3eb38acc463723,
image,Curl,Curl,/content/drive/MyDrive/Papaya_Leaf_Disease_Classification/BDPapayaLeaf/Original Images/Curl/Curl(165).jpg,BDPapayaLeaf/Original Images/Curl/Curl(165).jpg,Curl(165).jpg,Curl(165),curl(165),.jpg,106848,False,640,480,4ad3607f33cc0c8c6bdd2be4c7c22396655698f2,c8d4faa00374e7bc,
image,Curl,Curl,/content/drive/MyDrive/Papaya_Leaf_Disease_Classification/BDPapayaLeaf/Original Images/Curl/Curl(166).jpg,BDPapayaLeaf/Original Images/Curl/Curl(166).jpg,Curl(166).jpg,Curl(166),curl(166),.jpg,108076,False,640,480,4418a355f883d09c99829bd0342e69575b14a26b,e60976b1a196af4c,
image,Curl,Curl,/content/drive/MyDrive/Papaya_Leaf_Disease_Classification/BDPapayaLeaf/Original Images/Curl/Curl(167).jpg,BDPapayaLeaf/Original Images/Curl/Curl(167).jpg,Curl(167).jpg,Curl(167),curl(167),.jpg,107470,False,640,480,93dce26b73c7d60bcb657ca9f981972281d17ef8,8eee2a107883bdda,
image,Curl,Curl,/content/drive/MyDrive/Papaya_Leaf_Disease_Classification/BDPapayaLeaf/Original Images/Curl/Curl(168).jpg,BDPapayaLeaf/Original Images/Curl/Curl(168).jpg,Curl(168).jpg,Curl(168),curl(168),.jpg,118817,False,640,480,b1bc10c8653e114cf71b5d8684fafff769f0613b,c6c879fd480b8d96,
image,Curl,Curl,/content/drive/MyDrive/Papaya_Leaf_Disease_Classification/BDPapayaLeaf/Original Images/Curl/Curl(169).jpg,BDPapayaLeaf/Original Images/Curl/Curl(169).jpg,Curl(169).jpg,Curl(169),curl(169),.jpg,116799,False,640,480,7a4ad3e622b15cbde7bc65aea82930cc2bdacfe1,fe8b986163a2b370,
image,Curl,Curl,/content/drive/MyDrive/Papaya_Leaf_Disease_Classification/BDPapayaLeaf/Original Images/Curl/Curl(17).jpg,BDPapayaLeaf/Original Images/Curl/Curl(17).jpg,Curl(17).jpg,Curl(17),curl(17),.jpg,130968,False,640,480,2e5063f52b0b1e6bb4a1c2e9b9d214dc44369adb,a957a82add2c76b0,
image,Curl,Curl,/content/drive/MyDrive/Papaya_Leaf_Disease_Classification/BDPapayaLeaf/Original Images/Curl/Curl(170).jpg,BDPapayaLeaf/Original Images/Curl/Curl(170).jpg,Curl(170).jpg,Curl(170),curl(170),.jpg,94328,False,640,480,46fbd1e4a1db93ac3a195c7452eb248947eb9704,e6ac9201e7f10b5b,
image,Curl,Curl,/content/drive/MyDrive/Papaya_Leaf_Disease_Classification/BDPapayaLeaf/Original Images/Curl/Curl(171).jpg,BDPapayaLeaf/Original Images/Curl/Curl(171).jpg,Curl(171).jpg,Curl(171),curl(171),.jpg,113340,False,640,480,402586d490b7936eccd26abde6b4709b61a443e8,cc233de2e3cc5961,
image,Curl,Curl,/content/drive/MyDrive/Papaya_Leaf_Disease_Classification/BDPapayaLeaf/Original Images/Curl/Curl(172).jpg,BDPapayaLeaf/Original Images/Curl/Curl(172).jpg,Curl(172).jpg,Curl(172),curl(172),.jpg,125869,False,640,480,93b58058462b4c7899e39d3a2d18d764951cd1ad,eddc64149ac9f464,
image,Curl,Curl,/content/drive/MyDrive/Papaya_Leaf_Disease_Classification/BDPapayaLeaf/Original Images/Curl/Curl(173).jpg,BDPapayaLeaf/Original Images/Curl/Curl(173).jpg,Curl(173).jpg,Curl(173),curl(173),.jpg,128958,False,640,480,4aaa26dc3bc5ff5bd2a4b47ba7eec8ed187818a2,888f4e68e72172fa,
image,Curl,Curl,/content/drive/MyDrive/Papaya_Leaf_Disease_Classification/BDPapayaLeaf/Original Images/Curl/Curl(174).jpg,BDPapayaLeaf/Original Images/Curl/Curl(174).jpg,Curl(174).jpg,Curl(174),curl(174),.jpg,122983,False,640,480,d0a83fabd615d26b0306b38e36dea72e0f0d4a89,cc91077e76a3b0d4,
image,Curl,Curl,/content/drive/MyDrive/Papaya_Leaf_Disease_Classification/BDPapayaLeaf/Original Images/Curl/Curl(175).jpg,BDPapayaLeaf/Original Images/Curl/Curl(175).jpg,Curl(175).jpg,Curl(175),curl(175),.jpg,126443,False,640,480,ca46664d10af538f1904ba3604689bf77eff6526,dcf46b278686096d,
image,Curl,Curl,/content/drive/MyDrive/Papaya_Leaf_Disease_Classification/BDPapayaLeaf/Original Images/Curl/Curl(176).jpg,BDPapayaLeaf/Original Images/Curl/Curl(176).jpg,Curl(176).jpg,Curl(176),curl(176),.jpg,107261,False,640,480,0df833957ac7c46b0fbd9ffbc148fe2d6d144a21,ecf8c31d9b1f2083,
image,Curl,Curl,/content/drive/MyDrive/Papaya_Leaf_Disease_Classification/BDPapayaLeaf/Original Images/Curl/Curl(177).jpg,BDPapayaLeaf/Original Images/Curl/Curl(177).jpg,Curl(177).jpg,Curl(177),curl(177),.jpg,115393,False,640,480,b41e38232c1fba58a73e6882773b4ea38c41d8e0,bc8ffa4326944393,
image,Curl,Curl,/content/drive/MyDrive/Papaya_Leaf_Disease_Classification/BDPapayaLeaf/Original Images/Curl/Curl(178).jpg,BDPapayaLeaf/Original Images/Curl/Curl(178).jpg,Curl(178).jpg,Curl(178),curl(178),.jpg,111455,False,640,480,bfa839f5de5d8964abceafb783367fba807684cf,8ec1b7b439ba494a,
image,Curl,Curl,/content/drive/MyDrive/Papaya_Leaf_Disease_Classification/BDPapayaLeaf/Original Images/Curl/Curl(179).jpg,BDPapayaLeaf/Original Images/Curl/Curl(179).jpg,Curl(179).jpg,Curl(179),curl(179),.jpg,117298,False,640,480,de1dc1b42c4d0d5921132af882a9ed8ece72752d,a8cb7c67273e6124,
image,Curl,Curl,/content/drive/MyDrive/Papaya_Leaf_Disease_Classification/BDPapayaLeaf/Original Images/Curl/Curl(18).jpg,BDPapayaLeaf/Original Images/Curl/Curl(18).jpg,Curl(18).jpg,Curl(18),curl(18),.jpg,140415,False,640,480,bcd5dfab58d33efd7c8de6cd5ba97c21f8db2379,c9caa1254e68ef4b,
image,Curl,Curl,/content/drive/MyDrive/Papaya_Leaf_Disease_Classification/BDPapayaLeaf/Original Images/Curl/Curl(180).jpg,BDPapayaLeaf/Original Images/Curl/Curl(180).jpg,Curl(180).jpg,Curl(180),curl(180),.jpg,115631,False,640,480,9a0218ab7ffc285883d9c4a59d0ed31c1bf57231,999aa560661fbe2c,
image,Curl,Curl,/content/drive/MyDrive/Papaya_Leaf_Disease_Classification/BDPapayaLeaf/Original Images/Curl/Curl(181).jpg,BDPapayaLeaf/Original Images/Curl/Curl(181).jpg,Curl(181).jpg,Curl(181),curl(181),.jpg,97581,False,640,480,b5ea62fca77cfd8c904db15e15422435c36dc1a7,c1c79c792f01c3f8,
image,Curl,Curl,/content/drive/MyDrive/Papaya_Leaf_Disease_Classification/BDPapayaLeaf/Original Images/Curl/Curl(182).jpg,BDPapayaLeaf/Original Images/Curl/Curl(182).jpg,Curl(182).jpg,Curl(182),curl(182),.jpg,113826,False,640,480,11182bca33144825e686e4b68f05f9b3c0d0e7c8,e0d587787c3129b3,
image,Curl,Curl,/content/drive/MyDrive/Papaya_Leaf_Disease_Classification/BDPapayaLeaf/Original Images/Curl/Curl(183).jpg,BDPapayaLeaf/Original Images/Curl/Curl(183).jpg,Curl(183).jpg,Curl(183),curl(183),.jpg,135849,False,640,480,87fcbab19eeb2c432c7bbb48a5a9183831b2d32f,acb522ce995e62a6,
image,Curl,Curl,/content/drive/MyDrive/Papaya_Leaf_Disease_Classification/BDPapayaLeaf/Original Images/Curl/Curl(184).jpg,BDPapayaLeaf/Original Images/Curl/Curl(184).jpg,Curl(184).jpg,Curl(184),curl(184),.jpg,118255,False,640,480,353c2847f62274a6138707fbac27f6f539383cb5,9dd224b7e2810b7e,
image,Curl,Curl,/content/drive/MyDrive/Papaya_Leaf_Disease_Classification/BDPapayaLeaf/Original Images/Curl/Curl(185).jpg,BDPapayaLeaf/Original Images/Curl/Curl(185).jpg,Curl(185).jpg,Curl(185),curl(185),.jpg,123893,False,640,480,57aa3f2ca5dc3a1857cf0b20583b0a60ef4c2643,88c9e59ea8a71b35,
image,Curl,Curl,/content/drive/MyDrive/Papaya_Leaf_Disease_Classification/BDPapayaLeaf/Original Images/Curl/Curl(186).jpg,BDPapayaLeaf/Original Images/Curl/Curl(186).jpg,Curl(186).jpg,Curl(186),curl(186),.jpg,63463,False,640,480,47ba01d0e4140f86f88e0d77fc81eb258558390a,8ceb95327b163e84,
image,Curl,Curl,/content/drive/MyDrive/Papaya_Leaf_Disease_Classification/BDPapayaLeaf/Original Images/Curl/Curl(187).jpg,BDPapayaLeaf/Original Images/Curl/Curl(187).jpg,Curl(187).jpg,Curl(187),curl(187),.jpg,104712,False,640,480,b132210476929254d19b80cf471141a2d0dcbcc8,c78919163a79f42b,
image,Curl,Curl,/content/drive/MyDrive/Papaya_Leaf_Disease_Classification/BDPapayaLeaf/Original Images/Curl/Curl(188).jpg,BDPapayaLeaf/Original Images/Curl/Curl(188).jpg,Curl(188).jpg,Curl(188),curl(188),.jpg,100407,False,640,480,a0a2f41f07ec56abc827fcdb4a8a94a76bc7befd,91d66e2f32361c1b,
image,Curl,Curl,/content/drive/MyDrive/Papaya_Leaf_Disease_Classification/BDPapayaLeaf/Original Images/Curl/Curl(189).jpg,BDPapayaLeaf/Original Images/Curl/Curl(189).jpg,Curl(189).jpg,Curl(189),curl(189),.jpg,101440,False,640,480,9cce7ba341d8f20f6576f50919f143e17fbde7b7,f06b36b8ac9c0ba5,
image,Curl,Curl,/content/drive/MyDrive/Papaya_Leaf_Disease_Classification/BDPapayaLeaf/Original Images/Curl/Curl(19).jpg,BDPapayaLeaf/Original Images/Curl/Curl(19).jpg,Curl(19).jpg,Curl(19),curl(19),.jpg,102464,False,640,480,7b69db280e204367ca6780ce974cf93c4484f420,b9f26ca236ad4728,
image,Curl,Curl,/content/drive/MyDrive/Papaya_Leaf_Disease_Classification/BDPapayaLeaf/Original Images/Curl/Curl(190).jpg,BDPapayaLeaf/Original Images/Curl/Curl(190).jpg,Curl(190).jpg,Curl(190),curl(190),.jpg,104904,False,640,480,9e037963f8d27539eea9262a6db1c63dc7008462,ce986ea18adc525e,
image,Curl,Curl,/content/drive/MyDrive/Papaya_Leaf_Disease_Classification/BDPapayaLeaf/Original Images/Curl/Curl(191).jpg,BDPapayaLeaf/Original Images/Curl/Curl(191).jpg,Curl(191).jpg,Curl(191),curl(191),.jpg,102380,False,640,480,99e0915ced2ec9b9a5fd2bcf4b7b66065efc81a4,83d71eace77c2203,
image,Curl,Curl,/content/drive/MyDrive/Papaya_Leaf_Disease_Classification/BDPapayaLeaf/Original Images/Curl/Curl(192).jpg,BDPapayaLeaf/Original Images/Curl/Curl(192).jpg,Curl(192).jpg,Curl(192),curl(192),.jpg,77790,False,640,480,28a21eb031cc363757f21356e332a97b501df5f6,ada3811710dcf79a,
image,Curl,Curl,/content/drive/MyDrive/Papaya_Leaf_Disease_Classification/BDPapayaLeaf/Original Images/Curl/Curl(193).jpg,BDPapayaLeaf/Original Images/Curl/Curl(193).jpg,Curl(193).jpg,Curl(193),curl(193),.jpg,109223,False,640,480,f48ea9f7ca5dabf86ebc9a2cf8d41aa5746fbf69,fec8698571601e3b,
image,Curl,Curl,/content/drive/MyDrive/Papaya_Leaf_Disease_Classification/BDPapayaLeaf/Original Images/Curl/Curl(194).jpg,BDPapayaLeaf/Original Images/Curl/Curl(194).jpg,Curl(194).jpg,Curl(194),curl(194),.jpg,92925,False,640,480,f2b7fbf4cde36b1204506709d40fa73821f65aba,9d1e39473881837f,
image,Curl,Curl,/content/drive/MyDrive/Papaya_Leaf_Disease_Classification/BDPapayaLeaf/Original Images/Curl/Curl(195).jpg,BDPapayaLeaf/Original Images/Curl/Curl(195).jpg,Curl(195).jpg,Curl(195),curl(195),.jpg,63048,False,640,480,f7a7752c9ac6aa4a797509728e0275407c053e3a,ece6d3eaa4301ac9,
image,Curl,Curl,/content/drive/MyDrive/Papaya_Leaf_Disease_Classification/BDPapayaLeaf/Original Images/Curl/Curl(196).jpg,BDPapayaLeaf/Original Images/Curl/Curl(196).jpg,Curl(196).jpg,Curl(196),curl(196),.jpg,109210,False,640,480,a6e1f1fac752c386c8b238e4479538ecf95485bc,c6ce9c26035b391f,
image,Curl,Curl,/content/drive/MyDrive/Papaya_Leaf_Disease_Classification/BDPapayaLeaf/Original Images/Curl/Curl(197).jpg,BDPapayaLeaf/Original Images/Curl/Curl(197).jpg,Curl(197).jpg,Curl(197),curl(197),.jpg,91215,False,640,480,c51d987e41b576d9e6fbfe699be791e7edfef698,99f5d2e16c52232e,
image,Curl,Curl,/content/drive/MyDrive/Papaya_Leaf_Disease_Classification/BDPapayaLeaf/Original Images/Curl/Curl(198).jpg,BDPapayaLeaf/Original Images/Curl/Curl(198).jpg,Curl(198).jpg,Curl(198),curl(198),.jpg,94426,False,640,480,c1d192f5c89d44a1ae71c0488ac0c1a904709c99,c3cf74e1e1cca4b0,
image,Curl,Curl,/content/drive/MyDrive/Papaya_Leaf_Disease_Classification/BDPapayaLeaf/Original Images/Curl/Curl(199).jpg,BDPapayaLeaf/Original Images/Curl/Curl(199).jpg,Curl(199).jpg,Curl(199),curl(199),.jpg,73240,False,640,480,541e5efd941367f8ca93fab39d727427ba27d05c,ad938b6a3c5cee20,
image,Curl,Curl,/content/drive/MyDrive/Papaya_Leaf_Disease_Classification/BDPapayaLeaf/Original Images/Curl/Curl(2).jpg,BDPapayaLeaf/Original Images/Curl/Curl(2).jpg,Curl(2).jpg,Curl(2),curl(2),.jpg,101507,False,640,480,ac18519509e14e914a38e40f7a26c548588cb332,b3094ca7b5d8696a,
image,Curl,Curl,/content/drive/MyDrive/Papaya_Leaf_Disease_Classification/BDPapayaLeaf/Original Images/Curl/Curl(20).jpg,BDPapayaLeaf/Original Images/Curl/Curl(20).jpg,Curl(20).jpg,Curl(20),curl(20),.jpg,111354,False,640,480,98fd8f30cf0cecb3bccfc7da5226a3c626a69508,ced58f41512c253f,
image,Curl,Curl,/content/drive/MyDrive/Papaya_Leaf_Disease_Classification/BDPapayaLeaf/Original Images/Curl/Curl(200).jpg,BDPapayaLeaf/Original Images/Curl/Curl(200).jpg,Curl(200).jpg,Curl(200),curl(200),.jpg,99312,False,640,480,804edd1c140527d629b684219203ba0d32faeba9,e8c68b3fbe2a412a,
image,Curl,Curl,/content/drive/MyDrive/Papaya_Leaf_Disease_Classification/BDPapayaLeaf/Original Images/Curl/Curl(201).jpg,BDPapayaLeaf/Original Images/Curl/Curl(201).jpg,Curl(201).jpg,Curl(201),curl(201),.jpg,74294,False,640,480,525b14f7121993e01c0abff425d36d3d6a5a470f,f7c996a51526c351,
image,Curl,Curl,/content/drive/MyDrive/Papaya_Leaf_Disease_Classification/BDPapayaLeaf/Original Images/Curl/Curl(202).jpg,BDPapayaLeaf/Original Images/Curl/Curl(202).jpg,Curl(202).jpg,Curl(202),curl(202),.jpg,103054,False,640,480,0c68282410639d6a917e24fc1f1abfad0c508ac7,cc913c70ab7f504b,
image,Curl,Curl,/content/drive/MyDrive/Papaya_Leaf_Disease_Classification/BDPapayaLeaf/Original Images/Curl/Curl(203).jpg,BDPapayaLeaf/Original Images/Curl/Curl(203).jpg,Curl(203).jpg,Curl(203),curl(203),.jpg,87006,False,640,480,bd20a5c73e2803b639fa16dfe50f47ec278f7cc5,af382a66c30a6dd5,
image,Curl,Curl,/content/drive/MyDrive/Papaya_Leaf_Disease_Classification/BDPapayaLeaf/Original Images/Curl/Curl(204).jpg,BDPapayaLeaf/Original Images/Curl/Curl(204).jpg,Curl(204).jpg,Curl(204),curl(204),.jpg,91044,False,640,480,4512c6e9259c8a37821e833c68ef76a4f3a785f3,b80927bce8e5d0ea,
image,Curl,Curl,/content/drive/MyDrive/Papaya_Leaf_Disease_Classification/BDPapayaLeaf/Original Images/Curl/Curl(205).jpg,BDPapayaLeaf/Original Images/Curl/Curl(205).jpg,Curl(205).jpg,Curl(205),curl(205),.jpg,102637,False,640,480,b5a02fb8e3acea60ba97ee70641a9ff8e6301f0a,c6c919b453f2e05e,
image,Curl,Curl,/content/drive/MyDrive/Papaya_Leaf_Disease_Classification/BDPapayaLeaf/Original Images/Curl/Curl(206).jpg,BDPapayaLeaf/Original Images/Curl/Curl(206).jpg,Curl(206).jpg,Curl(206),curl(206),.jpg,56771,False,640,480,c8a9387409edb730d2a32582ff9d7754d38bfe80,e3808d973e732971,
image,Curl,Curl,/content/drive/MyDrive/Papaya_Leaf_Disease_Classification/BDPapayaLeaf/Original Images/Curl/Curl(207).jpg,BDPapayaLeaf/Original Images/Curl/Curl(207).jpg,Curl(207).jpg,Curl(207),curl(207),.jpg,89695,False,640,480,b9ef3342a26877f0ad38636b5680757b502dcdd3,ee97c0c9058eabb8,
image,Curl,Curl,/content/drive/MyDrive/Papaya_Leaf_Disease_Classification/BDPapayaLeaf/Original Images/Curl/Curl(208).jpg,BDPapayaLeaf/Original Images/Curl/Curl(208).jpg,Curl(208).jpg,Curl(208),curl(208),.jpg,89742,False,640,480,a55839225e4f0994b3805c6a0d3d89e052883918,9698e8eb151f6ea0,
image,Curl,Curl,/content/drive/MyDrive/Papaya_Leaf_Disease_Classification/BDPapayaLeaf/Original Images/Curl/Curl(209).jpg,BDPapayaLeaf/Original Images/Curl/Curl(209).jpg,Curl(209).jpg,Curl(209),curl(209),.jpg,83897,False,640,480,b18a01ef704a17e8e5b9466942dd2907c2ad7bee,c4812f599bbb8c59,
image,Curl,Curl,/content/drive/MyDrive/Papaya_Leaf_Disease_Classification/BDPapayaLeaf/Original Images/Curl/Curl(21).jpg,BDPapayaLeaf/Original Images/Curl/Curl(21).jpg,Curl(21).jpg,Curl(21),curl(21),.jpg,81193,False,640,480,be038518276bf8c24d1436d4d1c1db58929c614e,e8ce1d9f73639120,
image,Curl,Curl,/content/drive/MyDrive/Papaya_Leaf_Disease_Classification/BDPapayaLeaf/Original Images/Curl/Curl(210).jpg,BDPapayaLeaf/Original Images/Curl/Curl(210).jpg,Curl(210).jpg,Curl(210),curl(210),.jpg,81220,False,640,480,36bd0d640820b1fc46ce87f8730831f622706dbb,ece18c982393b6b3,
image,Curl,Curl,/content/drive/MyDrive/Papaya_Leaf_Disease_Classification/BDPapayaLeaf/Original Images/Curl/Curl(211).jpg,BDPapayaLeaf/Original Images/Curl/Curl(211).jpg,Curl(211).jpg,Curl(211),curl(211),.jpg,109068,False,640,480,16e955d126bc5b14fa39e12ea94a083364dff2e9,9bc071e595bd0a2b,
image,Curl,Curl,/content/drive/MyDrive/Papaya_Leaf_Disease_Classification/BDPapayaLeaf/Original Images/Curl/Curl(212).jpg,BDPapayaLeaf/Original Images/Curl/Curl(212).jpg,Curl(212).jpg,Curl(212),curl(212),.jpg,97151,False,640,480,adf0f86e63cc7e50718c0a14921279ca3e290020,c6c7357c3030e717,
image,Curl,Curl,/content/drive/MyDrive/Papaya_Leaf_Disease_Classification/BDPapayaLeaf/Original Images/Curl/Curl(213).jpg,BDPapayaLeaf/Original Images/Curl/Curl(213).jpg,Curl(213).jpg,Curl(213),curl(213),.jpg,84214,False,640,480,b5e0594b7ecc8c8e578300fcda458aebeacb111f,908f2f739b2e621a,
image,Curl,Curl,/content/drive/MyDrive/Papaya_Leaf_Disease_Classification/BDPapayaLeaf/Original Images/Curl/Curl(214).jpg,BDPapayaLeaf/Original Images/Curl/Curl(214).jpg,Curl(214).jpg,Curl(214),curl(214),.jpg,101507,False,640,480,ac18519509e14e914a38e40f7a26c548588cb332,b3094ca7b5d8696a,
image,Curl,Curl,/content/drive/MyDrive/Papaya_Leaf_Disease_Classification/BDPapayaLeaf/Original Images/Curl/Curl(215).jpg,BDPapayaLeaf/Original Images/Curl/Curl(215).jpg,Curl(215).jpg,Curl(215),curl(215),.jpg,100149,False,640,480,d7dc417b07f3e2d698a6adbc9ae599fc6b8b7243,899c73d34eea087c,
image,Curl,Curl,/content/drive/MyDrive/Papaya_Leaf_Disease_Classification/BDPapayaLeaf/Original Images/Curl/Curl(216).jpg,BDPapayaLeaf/Original Images/Curl/Curl(216).jpg,Curl(216).jpg,Curl(216),curl(216),.jpg,95146,False,640,480,86738c07c9e50041a000c8c50944305fbac12f34,ab4845d356e1b49e,
image,Curl,Curl,/content/drive/MyDrive/Papaya_Leaf_Disease_Classification/BDPapayaLeaf/Original Images/Curl/Curl(217).jpg,BDPapayaLeaf/Original Images/Curl/Curl(217).jpg,Curl(217).jpg,Curl(217),curl(217),.jpg,126894,False,640,480,4e94622110e5e0a138088fae864cff20e2072c2a,8cd131d052f8b53f,
image,Curl,Curl,/content/drive/MyDrive/Papaya_Leaf_Disease_Classification/BDPapayaLeaf/Original Images/Curl/Curl(218).jpg,BDPapayaLeaf/Original Images/Curl/Curl(218).jpg,Curl(218).jpg,Curl(218),curl(218),.jpg,91121,False,640,480,6883a344e079b940d008f7098eb422454336031c,c29be2c3bca066da,
image,Curl,Curl,/content/drive/MyDrive/Papaya_Leaf_Disease_Classification/BDPapayaLeaf/Original Images/Curl/Curl(219).jpg,BDPapayaLeaf/Original Images/Curl/Curl(219).jpg,Curl(219).jpg,Curl(219),curl(219),.jpg,95159,False,640,480,15cbad3536221ed552a18eee104b10e7bcd4614d,9cffee0d10421d72,
image,Curl,Curl,/content/drive/MyDrive/Papaya_Leaf_Disease_Classification/BDPapayaLeaf/Original Images/Curl/Curl(22).jpg,BDPapayaLeaf/Original Images/Curl/Curl(22).jpg,Curl(22).jpg,Curl(22),curl(22),.jpg,92112,False,640,480,012adab34741aaf3b810b113e209b465e2d6c352,ae4dbe4ce9948159,
image,Curl,Curl,/content/drive/MyDrive/Papaya_Leaf_Disease_Classification/BDPapayaLeaf/Original Images/Curl/Curl(220).jpg,BDPapayaLeaf/Original Images/Curl/Curl(220).jpg,Curl(220).jpg,Curl(220),curl(220),.jpg,75210,False,640,480,cb5908802b1f8522172fea0ca4ae57fd8b306dff,a3b1d2d02cb4d0bf,
image,Curl,Curl,/content/drive/MyDrive/Papaya_Leaf_Disease_Classification/BDPapayaLeaf/Original Images/Curl/Curl(221).jpg,BDPapayaLeaf/Original Images/Curl/Curl(221).jpg,Curl(221).jpg,Curl(221),curl(221),.jpg,98914,False,640,480,6bde1d2e5e459e6ff86b04a413bf6b9ceee04bdf,cd661829357c65d6,
image,Curl,Curl,/content/drive/MyDrive/Papaya_Leaf_Disease_Classification/BDPapayaLeaf/Original Images/Curl/Curl(222).jpg,BDPapayaLeaf/Original Images/Curl/Curl(222).jpg,Curl(222).jpg,Curl(222),curl(222),.jpg,107800,False,640,480,f2c99fb19ac19387412691f5be45fd3b512aa72e,9c88d25b9a6c6af8,
image,Curl,Curl,/content/drive/MyDrive/Papaya_Leaf_Disease_Classification/BDPapayaLeaf/Original Images/Curl/Curl(223).jpg,BDPapayaLeaf/Original Images/Curl/Curl(223).jpg,Curl(223).jpg,Curl(223),curl(223),.jpg,80286,False,640,480,92b07264de34d31e914ee2d6b8d623bc65944435,ab8e1e63ad166718,
image,Curl,Curl,/content/drive/MyDrive/Papaya_Leaf_Disease_Classification/BDPapayaLeaf/Original Images/Curl/Curl(224).jpg,BDPapayaLeaf/Original Images/Curl/Curl(224).jpg,Curl(224).jpg,Curl(224),curl(224),.jpg,93719,False,640,480,e0a27f66c318da913db6b5b737233ee65b096a7e,b2b5b62a7c70e60c,
image,Curl,Curl,/content/drive/MyDrive/Papaya_Leaf_Disease_Classification/BDPapayaLeaf/Original Images/Curl/Curl(225).jpg,BDPapayaLeaf/Original Images/Curl/Curl(225).jpg,Curl(225).jpg,Curl(225),curl(225),.jpg,107347,False,640,480,d2fca628dfd7ce94daa55c24e9031780b1cce5c2,aec7c8a4a7f99112,
image,Curl,Curl,/content/drive/MyDrive/Papaya_Leaf_Disease_Classification/BDPapayaLeaf/Original Images/Curl/Curl(226).jpg,BDPapayaLeaf/Original Images/Curl/Curl(226).jpg,Curl(226).jpg,Curl(226),curl(226),.jpg,110240,False,640,480,6bf4fc24e8d28287a280d35f4b8fe39d39bcaccf,9da037faa19cae24,
image,Curl,Curl,/content/drive/MyDrive/Papaya_Leaf_Disease_Classification/BDPapayaLeaf/Original Images/Curl/Curl(227).jpg,BDPapayaLeaf/Original Images/Curl/Curl(227).jpg,Curl(227).jpg,Curl(227),curl(227),.jpg,110964,False,640,480,189f2fe06e20a6aa1551166563eec49a44a9e32e,adf6644ed2969642,
image,Curl,Curl,/content/drive/MyDrive/Papaya_Leaf_Disease_Classification/BDPapayaLeaf/Original Images/Curl/Curl(228).jpg,BDPapayaLeaf/Original Images/Curl/Curl(228).jpg,Curl(228).jpg,Curl(228),curl(228),.jpg,96058,False,640,480,4bc83cbb62f9deafb767cf9b05262c2884292769,c77429860b95879f,
image,Curl,Curl,/content/drive/MyDrive/Papaya_Leaf_Disease_Classification/BDPapayaLeaf/Original Images/Curl/Curl(229).jpg,BDPapayaLeaf/Original Images/Curl/Curl(229).jpg,Curl(229).jpg,Curl(229),curl(229),.jpg,115945,False,640,480,9fde31868dd019e016f171da4d6eff805036e5ea,c8077d302b4d3dd5,
image,Curl,Curl,/content/drive/MyDrive/Papaya_Leaf_Disease_Classification/BDPapayaLeaf/Original Images/Curl/Curl(23).jpg,BDPapayaLeaf/Original Images/Curl/Curl(23).jpg,Curl(23).jpg,Curl(23),curl(23),.jpg,122737,False,640,480,9a022ccb75ce77feeda9c8313724e54895da2645,fa728dcd934681c5,
image,Curl,Curl,/content/drive/MyDrive/Papaya_Leaf_Disease_Classification/BDPapayaLeaf/Original Images/Curl/Curl(230).jpg,BDPapayaLeaf/Original Images/Curl/Curl(230).jpg,Curl(230).jpg,Curl(230),curl(230),.jpg,80378,False,640,480,eb63534ee00de165c280a2678521344aed460ef2,b6caa9986dc56658,
image,Curl,Curl,/content/drive/MyDrive/Papaya_Leaf_Disease_Classification/BDPapayaLeaf/Original Images/Curl/Curl(231).jpg,BDPapayaLeaf/Original Images/Curl/Curl(231).jpg,Curl(231).jpg,Curl(231),curl(231),.jpg,92430,False,640,480,a769087c033ac670614cba59b748d21c78fac222,9997676c261d4e0e,
image,Curl,Curl,/content/drive/MyDrive/Papaya_Leaf_Disease_Classification/BDPapayaLeaf/Original Images/Curl/Curl(232).jpg,BDPapayaLeaf/Original Images/Curl/Curl(232).jpg,Curl(232).jpg,Curl(232),curl(232),.jpg,73718,False,640,480,f7e98ee9a8bfb926139dc606905db1084642084c,966feb56dca14a20,
image,Curl,Curl,/content/drive/MyDrive/Papaya_Leaf_Disease_Classification/BDPapayaLeaf/Original Images/Curl/Curl(233).jpg,BDPapayaLeaf/Original Images/Curl/Curl(233).jpg,Curl(233).jpg,Curl(233),curl(233),.jpg,127575,False,640,480,ce626b82fbccd7687ebd68342415c7b21bcde25d,c8a660a53df8e95c,
image,Curl,Curl,/content/drive/MyDrive/Papaya_Leaf_Disease_Classification/BDPapayaLeaf/Original Images/Curl/Curl(234).jpg,BDPapayaLeaf/Original Images/Curl/Curl(234).jpg,Curl(234).jpg,Curl(234),curl(234),.jpg,112219,False,640,480,2e0d6c7a98100fd609a973bfa1c23c7f319376c8,99d9c51c35ef6043,
image,Curl,Curl,/content/drive/MyDrive/Papaya_Leaf_Disease_Classification/BDPapayaLeaf/Original Images/Curl/Curl(235).jpg,BDPapayaLeaf/Original Images/Curl/Curl(235).jpg,Curl(235).jpg,Curl(235),curl(235),.jpg,129803,False,640,480,7f8404dbd9d95e8d48f99f2c99e5ef77c0dcaaa9,9ca9c32057aaafe8,
image,Curl,Curl,/content/drive/MyDrive/Papaya_Leaf_Disease_Classification/BDPapayaLeaf/Original Images/Curl/Curl(236).jpg,BDPapayaLeaf/Original Images/Curl/Curl(236).jpg,Curl(236).jpg,Curl(236),curl(236),.jpg,135049,False,640,480,c95b19863c2056d43fa64b573a776c35c68e3483,859ae2373cc4cf13,
image,Curl,Curl,/content/drive/MyDrive/Papaya_Leaf_Disease_Classification/BDPapayaLeaf/Original Images/Curl/Curl(237).jpg,BDPapayaLeaf/Original Images/Curl/Curl(237).jpg,Curl(237).jpg,Curl(237),curl(237),.jpg,131933,False,640,480,e1bed4a814b0548ea116834965a1ba168ff6c3f1,cf8bb0a2edd29069,
image,Curl,Curl,/content/drive/MyDrive/Papaya_Leaf_Disease_Classification/BDPapayaLeaf/Original Images/Curl/Curl(238).jpg,BDPapayaLeaf/Original Images/Curl/Curl(238).jpg,Curl(238).jpg,Curl(238),curl(238),.jpg,108412,False,640,480,5379ea149b4e6830613748e306fe9346c09b7da9,8798d18bfa564ad4,
image,Curl,Curl,/content/drive/MyDrive/Papaya_Leaf_Disease_Classification/BDPapayaLeaf/Original Images/Curl/Curl(239).jpg,BDPapayaLeaf/Original Images/Curl/Curl(239).jpg,Curl(239).jpg,Curl(239),curl(239),.jpg,124427,False,640,480,9e852a0b9f55bf7103ca586e33203321d82b7e00,c987e4bf05e1561a,
image,Curl,Curl,/content/drive/MyDrive/Papaya_Leaf_Disease_Classification/BDPapayaLeaf/Original Images/Curl/Curl(24).jpg,BDPapayaLeaf/Original Images/Curl/Curl(24).jpg,Curl(24).jpg,Curl(24),curl(24),.jpg,123964,False,640,480,cefb0442f0f5bd0aba1507bce36db71440a2cc8a,d1a7be4600238dfe,
image,Curl,Curl,/content/drive/MyDrive/Papaya_Leaf_Disease_Classification/BDPapayaLeaf/Original Images/Curl/Curl(240).jpg,BDPapayaLeaf/Original Images/Curl/Curl(240).jpg,Curl(240).jpg,Curl(240),curl(240),.jpg,119061,False,640,480,e32deb4133e4d2a709a857103463bf73125ad243,d3eca4c327247867,
image,Curl,Curl,/content/drive/MyDrive/Papaya_Leaf_Disease_Classification/BDPapayaLeaf/Original Images/Curl/Curl(241).jpg,BDPapayaLeaf/Original Images/Curl/Curl(241).jpg,Curl(241).jpg,Curl(241),curl(241),.jpg,106336,False,640,480,12ff5b4fe21fbbbc21ba5439db5650ca29279861,c88f9ec1bd246e4a,
image,Curl,Curl,/content/drive/MyDrive/Papaya_Leaf_Disease_Classification/BDPapayaLeaf/Original Images/Curl/Curl(242).jpg,BDPapayaLeaf/Original Images/Curl/Curl(242).jpg,Curl(242).jpg,Curl(242),curl(242),.jpg,122091,False,640,480,be4b164b211f916a582ad57595635323d2cef023,d296b9362871e437,
image,Curl,Curl,/content/drive/MyDrive/Papaya_Leaf_Disease_Classification/BDPapayaLeaf/Original Images/Curl/Curl(243).jpg,BDPapayaLeaf/Original Images/Curl/Curl(243).jpg,Curl(243).jpg,Curl(243),curl(243),.jpg,123746,False,640,480,d5a02b1aeed56ae6553b25d90ec996e8cadd7e9c,e1a76c3391c3c4ce,
image,Curl,Curl,/content/drive/MyDrive/Papaya_Leaf_Disease_Classification/BDPapayaLeaf/Original Images/Curl/Curl(244).jpg,BDPapayaLeaf/Original Images/Curl/Curl(244).jpg,Curl(244).jpg,Curl(244),curl(244),.jpg,97223,False,640,480,f2c929ba661892eecc1557bd365d2af3c774ec70,dd8339d8a71f08c9,
image,Curl,Curl,/content/drive/MyDrive/Papaya_Leaf_Disease_Classification/BDPapayaLeaf/Original Images/Curl/Curl(245).jpg,BDPapayaLeaf/Original Images/Curl/Curl(245).jpg,Curl(245).jpg,Curl(245),curl(245),.jpg,134034,False,640,480,b90e4b458f8fc31a80d1f9957022332ae2ce920d,eda7db9806d24a70,
image,Curl,Curl,/content/drive/MyDrive/Papaya_Leaf_Disease_Classification/BDPapayaLeaf/Original Images/Curl/Curl(246).jpg,BDPapayaLeaf/Original Images/Curl/Curl(246).jpg,Curl(246).jpg,Curl(246),curl(246),.jpg,114151,False,640,480,c6abf9719c6a3a24c0d9b0641fb862a5c4c9045d,88bab57ce4e8331a,
image,Curl,Curl,/content/drive/MyDrive/Papaya_Leaf_Disease_Classification/BDPapayaLeaf/Original Images/Curl/Curl(247).jpg,BDPapayaLeaf/Original Images/Curl/Curl(247).jpg,Curl(247).jpg,Curl(247),curl(247),.jpg,110368,False,640,480,76d9edeb0bde08e8add9ac4db69585af3a9b958f,efe1e1b1919b8960,
image,Curl,Curl,/content/drive/MyDrive/Papaya_Leaf_Disease_Classification/BDPapayaLeaf/Original Images/Curl/Curl(248).jpg,BDPapayaLeaf/Original Images/Curl/Curl(248).jpg,Curl(248).jpg,Curl(248),curl(248),.jpg,106208,False,640,480,ab033d4dccf71bbe5f070e5de913962d2d30b6e8,f4ca8d792025b26f,
image,Curl,Curl,/content/drive/MyDrive/Papaya_Leaf_Disease_Classification/BDPapayaLeaf/Original Images/Curl/Curl(249).jpg,BDPapayaLeaf/Original Images/Curl/Curl(249).jpg,Curl(249).jpg,Curl(249),curl(249),.jpg,114464,False,640,480,990cb5ecab76e54bca3b0f5f6a1b77e4133d6629,c69c3143172fad6c,
image,Curl,Curl,/content/drive/MyDrive/Papaya_Leaf_Disease_Classification/BDPapayaLeaf/Original Images/Curl/Curl(25).jpg,BDPapayaLeaf/Original Images/Curl/Curl(25).jpg,Curl(25).jpg,Curl(25),curl(25),.jpg,83261,False,640,480,66e978560fc6fad0c6c695fa353a42776dc9a3d3,aed685930b2b46ec,
image,Curl,Curl,/content/drive/MyDrive/Papaya_Leaf_Disease_Classification/BDPapayaLeaf/Original Images/Curl/Curl(250).jpg,BDPapayaLeaf/Original Images/Curl/Curl(250).jpg,Curl(250).jpg,Curl(250),curl(250),.jpg,117999,False,640,480,d81682d0a239ef90b5a4c0a6ca77db31a4758bf0,ce9c0c2c73b3c527,
image,Curl,Curl,/content/drive/MyDrive/Papaya_Leaf_Disease_Classification/BDPapayaLeaf/Original Images/Curl/Curl(251).jpg,BDPapayaLeaf/Original Images/Curl/Curl(251).jpg,Curl(251).jpg,Curl(251),curl(251),.jpg,107018,False,640,480,947ae3383ab4badf3fde52b03f50abe5e0378e1b,95c948f8654653d7,
image,Curl,Curl,/content/drive/MyDrive/Papaya_Leaf_Disease_Classification/BDPapayaLeaf/Original Images/Curl/Curl(252).jpg,BDPapayaLeaf/Original Images/Curl/Curl(252).jpg,Curl(252).jpg,Curl(252),curl(252),.jpg,91120,False,640,480,7229bb6af1ded49c175d96fc3592a144e4100a0d,a2125fe3d298bb61,
image,Curl,Curl,/content/drive/MyDrive/Papaya_Leaf_Disease_Classification/BDPapayaLeaf/Original Images/Curl/Curl(253).jpg,BDPapayaLeaf/Original Images/Curl/Curl(253).jpg,Curl(253).jpg,Curl(253),curl(253),.jpg,98234,False,640,480,0544c2af59e28bcf452bb2d5269de7a6f5665abe,e3c0ae70683e6c67,
image,Curl,Curl,/content/drive/MyDrive/Papaya_Leaf_Disease_Classification/BDPapayaLeaf/Original Images/Curl/Curl(254).jpg,BDPapayaLeaf/Original Images/Curl/Curl(254).jpg,Curl(254).jpg,Curl(254),curl(254),.jpg,121091,False,640,480,5f977bf93d89c16f42e73ec6cbf8493c826ee6c8,8ac51fabd5f0624a,
image,Curl,Curl,/content/drive/MyDrive/Papaya_Leaf_Disease_Classification/BDPapayaLeaf/Original Images/Curl/Curl(255).jpg,BDPapayaLeaf/Original Images/Curl/Curl(255).jpg,Curl(255).jpg,Curl(255),curl(255),.jpg,106568,False,640,480,c41c99242bc7efff86030e25af28bc3f033943da,c491977c401ff9ac,
image,Curl,Curl,/content/drive/MyDrive/Papaya_Leaf_Disease_Classification/BDPapayaLeaf/Original Images/Curl/Curl(256).jpg,BDPapayaLeaf/Original Images/Curl/Curl(256).jpg,Curl(256).jpg,Curl(256),curl(256),.jpg,95793,False,640,480,3df2ca6eaa938f283814bd0964f1342603c29bb6,f3d5d0c16d8a39a1,
image,Curl,Curl,/content/drive/MyDrive/Papaya_Leaf_Disease_Classification/BDPapayaLeaf/Original Images/Curl/Curl(257).jpg,BDPapayaLeaf/Original Images/Curl/Curl(257).jpg,Curl(257).jpg,Curl(257),curl(257),.jpg,115356,False,640,480,5e53a6d85edb23a04de5120833b2ca3cbfb99d04,9935cc5a5822b78f,
image,Curl,Curl,/content/drive/MyDrive/Papaya_Leaf_Disease_Classification/BDPapayaLeaf/Original Images/Curl/Curl(258).jpg,BDPapayaLeaf/Original Images/Curl/Curl(258).jpg,Curl(258).jpg,Curl(258),curl(258),.jpg,101061,False,640,480,a6393d0ee0d73c6fcc9525d246ccd04f84ada95e,ed8c555af8741545,
image,Curl,Curl,/content/drive/MyDrive/Papaya_Leaf_Disease_Classification/BDPapayaLeaf/Original Images/Curl/Curl(259).jpg,BDPapayaLeaf/Original Images/Curl/Curl(259).jpg,Curl(259).jpg,Curl(259),curl(259),.jpg,108299,False,640,480,9ba57beaa6cd894b2fb9e27bbc06bcb3906cebf6,82e7596c309b4bd9,
image,Curl,Curl,/content/drive/MyDrive/Papaya_Leaf_Disease_Classification/BDPapayaLeaf/Original Images/Curl/Curl(26).jpg,BDPapayaLeaf/Original Images/Curl/Curl(26).jpg,Curl(26).jpg,Curl(26),curl(26),.jpg,128949,False,640,480,1f8c8980538c4f4652abdb5e4dd19b50f0a80bd9,8c6474c95698cede,
image,Curl,Curl,/content/drive/MyDrive/Papaya_Leaf_Disease_Classification/BDPapayaLeaf/Original Images/Curl/Curl(260).jpg,BDPapayaLeaf/Original Images/Curl/Curl(260).jpg,Curl(260).jpg,Curl(260),curl(260),.jpg,113113,False,640,480,a275d14373e59bb61bae22dd7c2cb586ecc88381,8eea3152fba49293,
image,Curl,Curl,/content/drive/MyDrive/Papaya_Leaf_Disease_Classification/BDPapayaLeaf/Original Images/Curl/Curl(261).jpg,BDPapayaLeaf/Original Images/Curl/Curl(261).jpg,Curl(261).jpg,Curl(261),curl(261),.jpg,119618,False,640,480,7576accb33a12e482e1f62158258c016a6244da8,8ef67386cea05169,
image,Curl,Curl,/content/drive/MyDrive/Papaya_Leaf_Disease_Classification/BDPapayaLeaf/Original Images/Curl/Curl(262).jpg,BDPapayaLeaf/Original Images/Curl/Curl(262).jpg,Curl(262).jpg,Curl(262),curl(262),.jpg,102626,False,640,480,11f54e8f329ebd5bc7a61b3005c156c920e633c8,dca73ec487c8c4a9,
image,Curl,Curl,/content/drive/MyDrive/Papaya_Leaf_Disease_Classification/BDPapayaLeaf/Original Images/Curl/Curl(263).jpg,BDPapayaLeaf/Original Images/Curl/Curl(263).jpg,Curl(263).jpg,Curl(263),curl(263),.jpg,111736,False,640,480,6ad2de64905916c984bb9d17313a7197b3000ca9,9297bcf15139c54a,
image,Curl,Curl,/content/drive/MyDrive/Papaya_Leaf_Disease_Classification/BDPapayaLeaf/Original Images/Curl/Curl(264).jpg,BDPapayaLeaf/Original Images/Curl/Curl(264).jpg,Curl(264).jpg,Curl(264),curl(264),.jpg,83669,False,640,480,dca6ab06aafbb54fedbccf611b981acc60d54328,c3c68f2c75353499,
image,Curl,Curl,/content/drive/MyDrive/Papaya_Leaf_Disease_Classification/BDPapayaLeaf/Original Images/Curl/Curl(265).jpg,BDPapayaLeaf/Original Images/Curl/Curl(265).jpg,Curl(265).jpg,Curl(265),curl(265),.jpg,68946,False,640,480,07cec6f413deb214c93f3cabfd8f850d494d8b17,f3689595d5d8884e,
image,Curl,Curl,/content/drive/MyDrive/Papaya_Leaf_Disease_Classification/BDPapayaLeaf/Original Images/Curl/Curl(266).jpg,BDPapayaLeaf/Original Images/Curl/Curl(266).jpg,Curl(266).jpg,Curl(266),curl(266),.jpg,101749,False,640,480,24c08c67e1514725cf82206d6001b832efb996d0,e098d3c7ab2d3616,
image,Curl,Curl,/content/drive/MyDrive/Papaya_Leaf_Disease_Classification/BDPapayaLeaf/Original Images/Curl/Curl(267).jpg,BDPapayaLeaf/Original Images/Curl/Curl(267).jpg,Curl(267).jpg,Curl(267),curl(267),.jpg,103910,False,640,480,bd01465593ecabed1a6fa3ad5f299e4d539306a5,cf301d6812dbb987,
image,Curl,Curl,/content/drive/MyDrive/Papaya_Leaf_Disease_Classification/BDPapayaLeaf/Original Images/Curl/Curl(268).jpg,BDPapayaLeaf/Original Images/Curl/Curl(268).jpg,Curl(268).jpg,Curl(268),curl(268),.jpg,86453,False,640,480,736fdd4723912b5110a1beaadc7b787408748137,a9d7e8145aad568a,
image,Curl,Curl,/content/drive/MyDrive/Papaya_Leaf_Disease_Classification/BDPapayaLeaf/Original Images/Curl/Curl(269).jpg,BDPapayaLeaf/Original Images/Curl/Curl(269).jpg,Curl(269).jpg,Curl(269),curl(269),.jpg,106788,False,640,480,6c9d7adfd754497f748a42b4fe8ded15484a6b5e,d7d346992cb0a1e5,
image,Curl,Curl,/content/drive/MyDrive/Papaya_Leaf_Disease_Classification/BDPapayaLeaf/Original Images/Curl/Curl(27).jpg,BDPapayaLeaf/Original Images/Curl/Curl(27).jpg,Curl(27).jpg,Curl(27),curl(27),.jpg,116284,False,640,480,d89766634ee846a5b864cebc9ee71cdde6dce2d6,a18faf5859eb12d0,
image,Curl,Curl,/content/drive/MyDrive/Papaya_Leaf_Disease_Classification/BDPapayaLeaf/Original Images/Curl/Curl(270).jpg,BDPapayaLeaf/Original Images/Curl/Curl(270).jpg,Curl(270).jpg,Curl(270),curl(270),.jpg,106615,False,640,480,852b6ecde62a27a8718a0fd416281093e2dcdcd2,9cd22f3c091bfa2a,
image,Curl,Curl,/content/drive/MyDrive/Papaya_Leaf_Disease_Classification/BDPapayaLeaf/Original Images/Curl/Curl(271).jpg,BDPapayaLeaf/Original Images/Curl/Curl(271).jpg,Curl(271).jpg,Curl(271),curl(271),.jpg,100494,False,640,480,43cdbd99a917264510240c4c22e59437e808423e,b2c64f95862d3c78,
image,Curl,Curl,/content/drive/MyDrive/Papaya_Leaf_Disease_Classification/BDPapayaLeaf/Original Images/Curl/Curl(272).jpg,BDPapayaLeaf/Original Images/Curl/Curl(272).jpg,Curl(272).jpg,Curl(272),curl(272),.jpg,96125,False,640,480,2a95f36017dec81c37e24e178fae4b06da9f73ec,cbc10e3fb550926e,
image,Curl,Curl,/content/drive/MyDrive/Papaya_Leaf_Disease_Classification/BDPapayaLeaf/Original Images/Curl/Curl(273).jpg,BDPapayaLeaf/Original Images/Curl/Curl(273).jpg,Curl(273).jpg,Curl(273),curl(273),.jpg,108356,False,640,480,6ccc45761ca7c7b0c97d550fcd2d71aede7f11bd,acb61de492eae868,
image,Curl,Curl,/content/drive/MyDrive/Papaya_Leaf_Disease_Classification/BDPapayaLeaf/Original Images/Curl/Curl(274).jpg,BDPapayaLeaf/Original Images/Curl/Curl(274).jpg,Curl(274).jpg,Curl(274),curl(274),.jpg,92686,False,640,480,3e1a909f11a8b1ee805b575c5516b5e971ddeba5,f8ccd498457e0d72,
image,Curl,Curl,/content/drive/MyDrive/Papaya_Leaf_Disease_Classification/BDPapayaLeaf/Original Images/Curl/Curl(275).jpg,BDPapayaLeaf/Original Images/Curl/Curl(275).jpg,Curl(275).jpg,Curl(275),curl(275),.jpg,121337,False,640,480,c43d3b6456ede660010c5b5757b3130eaa9635b5,e4c3e8e21f889d9a,
image,Curl,Curl,/content/drive/MyDrive/Papaya_Leaf_Disease_Classification/BDPapayaLeaf/Original Images/Curl/Curl(276).jpg,BDPapayaLeaf/Original Images/Curl/Curl(276).jpg,Curl(276).jpg,Curl(276),curl(276),.jpg,100265,False,640,480,5d4798c852abc73583f9cc3842dbdd15ae2016dd,bf8d74f00db0b0e2,
image,Curl,Curl,/content/drive/MyDrive/Papaya_Leaf_Disease_Classification/BDPapayaLeaf/Original Images/Curl/Curl(277).jpg,BDPapayaLeaf/Original Images/Curl/Curl(277).jpg,Curl(277).jpg,Curl(277),curl(277),.jpg,107103,False,640,480,83991c8730176f2e72e993819359888287c3513c,8dbe00b37e6b60d4,
image,Curl,Curl,/content/drive/MyDrive/Papaya_Leaf_Disease_Classification/BDPapayaLeaf/Original Images/Curl/Curl(278).jpg,BDPapayaLeaf/Original Images/Curl/Curl(278).jpg,Curl(278).jpg,Curl(278),curl(278),.jpg,108764,False,640,480,64546950d03f2b21f6e2b96b497cdc537e8b31c1,8f56f8f411293969,
image,Curl,Curl,/content/drive/MyDrive/Papaya_Leaf_Disease_Classification/BDPapayaLeaf/Original Images/Curl/Curl(279).jpg,BDPapayaLeaf/Original Images/Curl/Curl(279).jpg,Curl(279).jpg,Curl(279),curl(279),.jpg,114925,False,640,480,8968de579a8b494663276cbbaeccdb5144d40416,8b3cc14693dbb495,
image,Curl,Curl,/content/drive/MyDrive/Papaya_Leaf_Disease_Classification/BDPapayaLeaf/Original Images/Curl/Curl(28).jpg,BDPapayaLeaf/Original Images/Curl/Curl(28).jpg,Curl(28).jpg,Curl(28),curl(28),.jpg,99283,False,640,480,3a64ced17f4cd17c84a16c42f7948b5d13386fa3,f02f8a343d8b68b3,
image,Curl,Curl,/content/drive/MyDrive/Papaya_Leaf_Disease_Classification/BDPapayaLeaf/Original Images/Curl/Curl(280).jpg,BDPapayaLeaf/Original Images/Curl/Curl(280).jpg,Curl(280).jpg,Curl(280),curl(280),.jpg,116042,False,640,480,8350c19f7c70b88c30c3dc53824189fc8e476d44,db8092731e1be3cc,
image,Curl,Curl,/content/drive/MyDrive/Papaya_Leaf_Disease_Classification/BDPapayaLeaf/Original Images/Curl/Curl(281).jpg,BDPapayaLeaf/Original Images/Curl/Curl(281).jpg,Curl(281).jpg,Curl(281),curl(281),.jpg,93567,False,640,480,3d8ca154fe89ae72032b1b38d8e677f8a65ee810,c6ac85582cc45bdf,
image,Curl,Curl,/content/drive/MyDrive/Papaya_Leaf_Disease_Classification/BDPapayaLeaf/Original Images/Curl/Curl(282).jpg,BDPapayaLeaf/Original Images/Curl/Curl(282).jpg,Curl(282).jpg,Curl(282),curl(282),.jpg,106783,False,640,480,648c27d8d85173b45c63233ade809e55721bece3,aff8e0a183e5d544,
image,Curl,Curl,/content/drive/MyDrive/Papaya_Leaf_Disease_Classification/BDPapayaLeaf/Original Images/Curl/Curl(283).jpg,BDPapayaLeaf/Original Images/Curl/Curl(283).jpg,Curl(283).jpg,Curl(283),curl(283),.jpg,124667,False,640,480,e41224f1fd63730038c31f6b3fb0110c8b0c5771,e6c69b041d7b7912,
image,Curl,Curl,/content/drive/MyDrive/Papaya_Leaf_Disease_Classification/BDPapayaLeaf/Original Images/Curl/Curl(284).jpg,BDPapayaLeaf/Original Images/Curl/Curl(284).jpg,Curl(284).jpg,Curl(284),curl(284),.jpg,84994,False,640,480,5995fb89d8c89dfe829595f9e4f283df3f5dd71d,8d41e836939a7cf8,
image,Curl,Curl,/content/drive/MyDrive/Papaya_Leaf_Disease_Classification/BDPapayaLeaf/Original Images/Curl/Curl(285).jpg,BDPapayaLeaf/Original Images/Curl/Curl(285).jpg,Curl(285).jpg,Curl(285),curl(285),.jpg,93161,False,640,480,d8645912f1e23935ad73fa27c766930779e70aeb,a14fec73da311998,
image,Curl,Curl,/content/drive/MyDrive/Papaya_Leaf_Disease_Classification/BDPapayaLeaf/Original Images/Curl/Curl(286).jpg,BDPapayaLeaf/Original Images/Curl/Curl(286).jpg,Curl(286).jpg,Curl(286),curl(286),.jpg,86818,False,640,480,a197e8ef04ac4d275cc6d6869b316cbe13070557,897cc4695d5c3a8e,
image,Curl,Curl,/content/drive/MyDrive/Papaya_Leaf_Disease_Classification/BDPapayaLeaf/Original Images/Curl/Curl(287).jpg,BDPapayaLeaf/Original Images/Curl/Curl(287).jpg,Curl(287).jpg,Curl(287),curl(287),.jpg,119511,False,640,480,d61a26c8d425a381e6c09cfe04c9a305aa796871,80cf4ec8dc4eb6b1,
image,Curl,Curl,/content/drive/MyDrive/Papaya_Leaf_Disease_Classification/BDPapayaLeaf/Original Images/Curl/Curl(288).jpg,BDPapayaLeaf/Original Images/Curl/Curl(288).jpg,Curl(288).jpg,Curl(288),curl(288),.jpg,108483,False,640,480,7bc1b34287d907885dbbf12c12e951b1f984ec60,c04ce3f3dadb0a25,
image,Curl,Curl,/content/drive/MyDrive/Papaya_Leaf_Disease_Classification/BDPapayaLeaf/Original Images/Curl/Curl(289).jpg,BDPapayaLeaf/Original Images/Curl/Curl(289).jpg,Curl(289).jpg,Curl(289),curl(289),.jpg,118565,False,640,480,441e333a49892a9b80fb6b386b11d9c0dc4a0217,c3ccf806a3f7522a,
image,Curl,Curl,/content/drive/MyDrive/Papaya_Leaf_Disease_Classification/BDPapayaLeaf/Original Images/Curl/Curl(29).jpg,BDPapayaLeaf/Original Images/Curl/Curl(29).jpg,Curl(29).jpg,Curl(29),curl(29),.jpg,101494,False,640,480,dd72c5b76770c18b04d91c47c982ba76b210b01d,cdc9c05b731f8923,
image,Curl,Curl,/content/drive/MyDrive/Papaya_Leaf_Disease_Classification/BDPapayaLeaf/Original Images/Curl/Curl(290).jpg,BDPapayaLeaf/Original Images/Curl/Curl(290).jpg,Curl(290).jpg,Curl(290),curl(290),.jpg,111852,False,640,480,845d65508dd546edb45601dae645cff17c4ecdaf,89830b0f6c61a3ff,
image,Curl,Curl,/content/drive/MyDrive/Papaya_Leaf_Disease_Classification/BDPapayaLeaf/Original Images/Curl/Curl(291).jpg,BDPapayaLeaf/Original Images/Curl/Curl(291).jpg,Curl(291).jpg,Curl(291),curl(291),.jpg,105796,False,640,480,892ab3ec1d4a6cb4a102333c16b83084647a3235,91951d79e0838efc,
image,Curl,Curl,/content/drive/MyDrive/Papaya_Leaf_Disease_Classification/BDPapayaLeaf/Original Images/Curl/Curl(292).jpg,BDPapayaLeaf/Original Images/Curl/Curl(292).jpg,Curl(292).jpg,Curl(292),curl(292),.jpg,116740,False,640,480,75c10aaaee8c71f82196c42d8308d0fb671ba6e8,b81b9f8b0f74a261,
image,Curl,Curl,/content/drive/MyDrive/Papaya_Leaf_Disease_Classification/BDPapayaLeaf/Original Images/Curl/Curl(293).jpg,BDPapayaLeaf/Original Images/Curl/Curl(293).jpg,Curl(293).jpg,Curl(293),curl(293),.jpg,122776,False,640,480,b52cfefabf5ff4bb976d8417d7658d785d88bdb1,9ed4eb78513321a5,
image,Curl,Curl,/content/drive/MyDrive/Papaya_Leaf_Disease_Classification/BDPapayaLeaf/Original Images/Curl/Curl(294).jpg,BDPapayaLeaf/Original Images/Curl/Curl(294).jpg,Curl(294).jpg,Curl(294),curl(294),.jpg,79951,False,640,480,b70ddfad7db9e4d75e60ccf9cf4e75c72a52c09f,a4e4cac63ec86b3c,
image,Curl,Curl,/content/drive/MyDrive/Papaya_Leaf_Disease_Classification/BDPapayaLeaf/Original Images/Curl/Curl(295).jpg,BDPapayaLeaf/Original Images/Curl/Curl(295).jpg,Curl(295).jpg,Curl(295),curl(295),.jpg,87395,False,640,480,bc8e12374b5d185e19fcb97defb21f365e736119,c4c628a01ffa5af9,
image,Curl,Curl,/content/drive/MyDrive/Papaya_Leaf_Disease_Classification/BDPapayaLeaf/Original Images/Curl/Curl(296).jpg,BDPapayaLeaf/Original Images/Curl/Curl(296).jpg,Curl(296).jpg,Curl(296),curl(296),.jpg,85943,False,640,480,b90fe483a0a29caf957a7c240722217d4635ac33,81d1161bae607ef3,
image,Curl,Curl,/content/drive/MyDrive/Papaya_Leaf_Disease_Classification/BDPapayaLeaf/Original Images/Curl/Curl(297).jpg,BDPapayaLeaf/Original Images/Curl/Curl(297).jpg,Curl(297).jpg,Curl(297),curl(297),.jpg,113315,False,640,480,6d175a2faa8eac7eb2a570e09409f42946950c56,95c5cbd167aa5834,
image,Curl,Curl,/content/drive/MyDrive/Papaya_Leaf_Disease_Classification/BDPapayaLeaf/Original Images/Curl/Curl(298).jpg,BDPapayaLeaf/Original Images/Curl/Curl(298).jpg,Curl(298).jpg,Curl(298),curl(298),.jpg,104448,False,640,480,349796bca61c892c52f88ecea63f02016bab6f54,c5d14ab3634e50f3,
image,Curl,Curl,/content/drive/MyDrive/Papaya_Leaf_Disease_Classification/BDPapayaLeaf/Original Images/Curl/Curl(299).jpg,BDPapayaLeaf/Original Images/Curl/Curl(299).jpg,Curl(299).jpg,Curl(299),curl(299),.jpg,107293,False,640,480,774256479df7ce0a45811a261d1fdd5e5f25b9a2,c293cd68e1347aea,
image,Curl,Curl,/content/drive/MyDrive/Papaya_Leaf_Disease_Classification/BDPapayaLeaf/Original Images/Curl/Curl(3).jpg,BDPapayaLeaf/Original Images/Curl/Curl(3).jpg,Curl(3).jpg,Curl(3),curl(3),.jpg,100149,False,640,480,d7dc417b07f3e2d698a6adbc9ae599fc6b8b7243,899c73d34eea087c,
image,Curl,Curl,/content/drive/MyDrive/Papaya_Leaf_Disease_Classification/BDPapayaLeaf/Original Images/Curl/Curl(30).jpg,BDPapayaLeaf/Original Images/Curl/Curl(30).jpg,Curl(30).jpg,Curl(30),curl(30),.jpg,117427,False,640,480,c304b9371344405edd5f3a60a72a111daa01aefd,fda0af959084da55,
image,Curl,Curl,/content/drive/MyDrive/Papaya_Leaf_Disease_Classification/BDPapayaLeaf/Original Images/Curl/Curl(300).jpg,BDPapayaLeaf/Original Images/Curl/Curl(300).jpg,Curl(300).jpg,Curl(300),curl(300),.jpg,98117,False,640,480,4a631c1d92fcd8d5e9837b490169e9f6ffb17e30,d8fd7110c2cc5bf0,
image,Curl,Curl,/content/drive/MyDrive/Papaya_Leaf_Disease_Classification/BDPapayaLeaf/Original Images/Curl/Curl(301).jpg,BDPapayaLeaf/Original Images/Curl/Curl(301).jpg,Curl(301).jpg,Curl(301),curl(301),.jpg,106397,False,640,480,2e2ec5b300f1820635d2ad074b75f4911cc18a26,8d9d75555a8285c7,
image,Curl,Curl,/content/drive/MyDrive/Papaya_Leaf_Disease_Classification/BDPapayaLeaf/Original Images/Curl/Curl(302).jpg,BDPapayaLeaf/Original Images/Curl/Curl(302).jpg,Curl(302).jpg,Curl(302),curl(302),.jpg,94343,False,640,480,5e60c1e516bbf523143ec5df4692a09181f12e32,f9df3185c4e51416,
image,Curl,Curl,/content/drive/MyDrive/Papaya_Leaf_Disease_Classification/BDPapayaLeaf/Original Images/Curl/Curl(303).jpg,BDPapayaLeaf/Original Images/Curl/Curl(303).jpg,Curl(303).jpg,Curl(303),curl(303),.jpg,83791,False,640,480,7291df47f4463dfd88d65f0612bc1e8679cf3f24,e1d71e1f135b8870,
image,Curl,Curl,/content/drive/MyDrive/Papaya_Leaf_Disease_Classification/BDPapayaLeaf/Original Images/Curl/Curl(304).jpg,BDPapayaLeaf/Original Images/Curl/Curl(304).jpg,Curl(304).jpg,Curl(304),curl(304),.jpg,109342,False,640,480,6aec6a59e8590ed381a4656e0f4f56dc274df5fa,dcdc64c282c7939b,
image,Curl,Curl,/content/drive/MyDrive/Papaya_Leaf_Disease_Classification/BDPapayaLeaf/Original Images/Curl/Curl(305).jpg,BDPapayaLeaf/Original Images/Curl/Curl(305).jpg,Curl(305).jpg,Curl(305),curl(305),.jpg,104744,False,640,480,2788a883e0445991dbf192d57cec1e744e52a694,9b9bf1a1aaaec049,
image,Curl,Curl,/content/drive/MyDrive/Papaya_Leaf_Disease_Classification/BDPapayaLeaf/Original Images/Curl/Curl(306).jpg,BDPapayaLeaf/Original Images/Curl/Curl(306).jpg,Curl(306).jpg,Curl(306),curl(306),.jpg,106644,False,640,480,0074469371dcd67b92400270db92b35e1cca0dc6,8a9ef06dedc1228b,
image,Curl,Curl,/content/drive/MyDrive/Papaya_Leaf_Disease_Classification/BDPapayaLeaf/Original Images/Curl/Curl(307).jpg,BDPapayaLeaf/Original Images/Curl/Curl(307).jpg,Curl(307).jpg,Curl(307),curl(307),.jpg,81289,False,640,480,66d3eb2ffdd64222fc6fdcd6a5c3418d74e7de2f,86f441537aee9196,
image,Curl,Curl,/content/drive/MyDrive/Papaya_Leaf_Disease_Classification/BDPapayaLeaf/Original Images/Curl/Curl(308).jpg,BDPapayaLeaf/Original Images/Curl/Curl(308).jpg,Curl(308).jpg,Curl(308),curl(308),.jpg,82797,False,640,480,dc4603805e44c37284590a08c21320a059bbea4c,999d31f945679461,
image,Curl,Curl,/content/drive/MyDrive/Papaya_Leaf_Disease_Classification/BDPapayaLeaf/Original Images/Curl/Curl(309).jpg,BDPapayaLeaf/Original Images/Curl/Curl(309).jpg,Curl(309).jpg,Curl(309),curl(309),.jpg,75672,False,640,480,eccc54f493e0a6628e18b6825bce6d63cdef8657,aece612084ced33f,
image,Curl,Curl,/content/drive/MyDrive/Papaya_Leaf_Disease_Classification/BDPapayaLeaf/Original Images/Curl/Curl(31).jpg,BDPapayaLeaf/Original Images/Curl/Curl(31).jpg,Curl(31).jpg,Curl(31),curl(31),.jpg,133179,False,640,480,4f268be8c606d8f59ff799ad3d8e03abd24c6426,dd454dc1239ba669,
image,Curl,Curl,/content/drive/MyDrive/Papaya_Leaf_Disease_Classification/BDPapayaLeaf/Original Images/Curl/Curl(310).jpg,BDPapayaLeaf/Original Images/Curl/Curl(310).jpg,Curl(310).jpg,Curl(310),curl(310),.jpg,81155,False,640,480,f29beb4331be977e5be2695d87a11a752964e18e,9ad898325a726d6d,
image,Curl,Curl,/content/drive/MyDrive/Papaya_Leaf_Disease_Classification/BDPapayaLeaf/Original Images/Curl/Curl(311).jpg,BDPapayaLeaf/Original Images/Curl/Curl(311).jpg,Curl(311).jpg,Curl(311),curl(311),.jpg,95070,False,640,480,97564a5afebc5eb964c6d45c4009f1e7904e07d6,ece40f909133d357,
image,Curl,Curl,/content/drive/MyDrive/Papaya_Leaf_Disease_Classification/BDPapayaLeaf/Original Images/Curl/Curl(312).jpg,BDPapayaLeaf/Original Images/Curl/Curl(312).jpg,Curl(312).jpg,Curl(312),curl(312),.jpg,100188,False,640,480,737980ef48922cfc24959af3795d9ae7d73debaf,839fd843beb4340b,
image,Curl,Curl,/content/drive/MyDrive/Papaya_Leaf_Disease_Classification/BDPapayaLeaf/Original Images/Curl/Curl(313).jpg,BDPapayaLeaf/Original Images/Curl/Curl(313).jpg,Curl(313).jpg,Curl(313),curl(313),.jpg,111808,False,640,480,56b95009ddfa0db5d2427aa4c26e8bc7d2161fdf,98ba817d8ba39fc0,
image,Curl,Curl,/content/drive/MyDrive/Papaya_Leaf_Disease_Classification/BDPapayaLeaf/Original Images/Curl/Curl(314).jpg,BDPapayaLeaf/Original Images/Curl/Curl(314).jpg,Curl(314).jpg,Curl(314),curl(314),.jpg,83580,False,640,480,4a367f508823a227d52842dd6144bc20bbc86cb0,ccd0e0a4869797fa,
image,Curl,Curl,/content/drive/MyDrive/Papaya_Leaf_Disease_Classification/BDPapayaLeaf/Original Images/Curl/Curl(315).jpg,BDPapayaLeaf/Original Images/Curl/Curl(315).jpg,Curl(315).jpg,Curl(315),curl(315),.jpg,115831,False,640,480,efbde09e6510cc6330d9e3e04f07953cb309af02,bf509090862affad,
image,Curl,Curl,/content/drive/MyDrive/Papaya_Leaf_Disease_Classification/BDPapayaLeaf/Original Images/Curl/Curl(316).jpg,BDPapayaLeaf/Original Images/Curl/Curl(316).jpg,Curl(316).jpg,Curl(316),curl(316),.jpg,98831,False,640,480,c4a9bdaa9a3113f38950e0741e5b7e8dda12219e,dddc12ca49f1a4a5,
image,Curl,Curl,/content/drive/MyDrive/Papaya_Leaf_Disease_Classification/BDPapayaLeaf/Original Images/Curl/Curl(317).jpg,BDPapayaLeaf/Original Images/Curl/Curl(317).jpg,Curl(317).jpg,Curl(317),curl(317),.jpg,98305,False,640,480,a78c422ccd7c75069ba293c995004ebbe5fa73bd,a9913a9f93c16876,
image,Curl,Curl,/content/drive/MyDrive/Papaya_Leaf_Disease_Classification/BDPapayaLeaf/Original Images/Curl/Curl(318).jpg,BDPapayaLeaf/Original Images/Curl/Curl(318).jpg,Curl(318).jpg,Curl(318),curl(318),.jpg,103550,False,640,480,6971df425a9a5d2e97df21c7b5469123e1b54417,9d2e23c713d37341,
image,Curl,Curl,/content/drive/MyDrive/Papaya_Leaf_Disease_Classification/BDPapayaLeaf/Original Images/Curl/Curl(319).jpg,BDPapayaLeaf/Original Images/Curl/Curl(319).jpg,Curl(319).jpg,Curl(319),curl(319),.jpg,115874,False,640,480,9430c032d118f98d69381d00023042e2ad19f7cb,890b5fc28f78c33c,
image,Curl,Curl,/content/drive/MyDrive/Papaya_Leaf_Disease_Classification/BDPapayaLeaf/Original Images/Curl/Curl(32).jpg,BDPapayaLeaf/Original Images/Curl/Curl(32).jpg,Curl(32).jpg,Curl(32),curl(32),.jpg,128433,False,640,480,1844c7f313f560431604d85a65b374882cdeb355,93bfc02df82e9462,
image,Curl,Curl,/content/drive/MyDrive/Papaya_Leaf_Disease_Classification/BDPapayaLeaf/Original Images/Curl/Curl(320).jpg,BDPapayaLeaf/Original Images/Curl/Curl(320).jpg,Curl(320).jpg,Curl(320),curl(320),.jpg,97478,False,640,480,ea50ebc43a6112fba4fd3c23db4c6707d3ec5854,f3d6b69d4c660207,
image,Curl,Curl,/content/drive/MyDrive/Papaya_Leaf_Disease_Classification/BDPapayaLeaf/Original Images/Curl/Curl(321).jpg,BDPapayaLeaf/Original Images/Curl/Curl(321).jpg,Curl(321).jpg,Curl(321),curl(321),.jpg,84164,False,640,480,4321b3fe9398a99da01c309534b5045d3dd2d66f,8724e4a5c72ca9f9,
image,Curl,Curl,/content/drive/MyDrive/Papaya_Leaf_Disease_Classification/BDPapayaLeaf/Original Images/Curl/Curl(322).jpg,BDPapayaLeaf/Original Images/Curl/Curl(322).jpg,Curl(322).jpg,Curl(322),curl(322),.jpg,119969,False,640,480,e3f99500b4c017a0870f7b780cc06519f0670b52,ea61b6d548245b5b,
image,Curl,Curl,/content/drive/MyDrive/Papaya_Leaf_Disease_Classification/BDPapayaLeaf/Original Images/Curl/Curl(323).jpg,BDPapayaLeaf/Original Images/Curl/Curl(323).jpg,Curl(323).jpg,Curl(323),curl(323),.jpg,110954,False,640,480,91cc901bfb20bd48c4590a0a1ff8ac489cac81d1,8ab0a9ba376e611b,
image,Curl,Curl,/content/drive/MyDrive/Papaya_Leaf_Disease_Classification/BDPapayaLeaf/Original Images/Curl/Curl(324).jpg,BDPapayaLeaf/Original Images/Curl/Curl(324).jpg,Curl(324).jpg,Curl(324),curl(324),.jpg,100695,False,640,480,6dee6ab4a989a8e5f4f926ac9d4ab3d19dc3875f,cbefa14d934a0c9c,
image,Curl,Curl,/content/drive/MyDrive/Papaya_Leaf_Disease_Classification/BDPapayaLeaf/Original Images/Curl/Curl(325).jpg,BDPapayaLeaf/Original Images/Curl/Curl(325).jpg,Curl(325).jpg,Curl(325),curl(325),.jpg,109548,False,640,480,db7764e9e599d251078175c953c46f56672667b4,a2e1494a7aad4bb5,
image,Curl,Curl,/content/drive/MyDrive/Papaya_Leaf_Disease_Classification/BDPapayaLeaf/Original Images/Curl/Curl(326).jpg,BDPapayaLeaf/Original Images/Curl/Curl(326).jpg,Curl(326).jpg,Curl(326),curl(326),.jpg,95870,False,640,480,83c3cdff31225fa96dd3230c8298aa3d8c0a4961,e122c8789e7f9705,
image,Curl,Curl,/content/drive/MyDrive/Papaya_Leaf_Disease_Classification/BDPapayaLeaf/Original Images/Curl/Curl(327).jpg,BDPapayaLeaf/Original Images/Curl/Curl(327).jpg,Curl(327).jpg,Curl(327),curl(327),.jpg,93653,False,640,480,bde41bebc632e72cc6e11bb6bf0aa28e3c5e29dd,8dc5d44a4bcdb562,
image,Curl,Curl,/content/drive/MyDrive/Papaya_Leaf_Disease_Classification/BDPapayaLeaf/Original Images/Curl/Curl(328).jpg,BDPapayaLeaf/Original Images/Curl/Curl(328).jpg,Curl(328).jpg,Curl(328),curl(328),.jpg,89956,False,640,480,f634ad34d5cef2e3643fe1398b9cb7d9fd0a7954,c7c3b554703ada92,
image,Curl,Curl,/content/drive/MyDrive/Papaya_Leaf_Disease_Classification/BDPapayaLeaf/Original Images/Curl/Curl(329).jpg,BDPapayaLeaf/Original Images/Curl/Curl(329).jpg,Curl(329).jpg,Curl(329),curl(329),.jpg,105488,False,640,480,5f717f8eccfc8dc807053eb8500ed77a2943c364,a5d489859d76561e,
image,Curl,Curl,/content/drive/MyDrive/Papaya_Leaf_Disease_Classification/BDPapayaLeaf/Original Images/Curl/Curl(33).jpg,BDPapayaLeaf/Original Images/Curl/Curl(33).jpg,Curl(33).jpg,Curl(33),curl(33),.jpg,122183,False,640,480,3af403e073b51cf16d4ddc3d3a7ee53577ce6d19,d6c20d86f281b7b3,
image,Curl,Curl,/content/drive/MyDrive/Papaya_Leaf_Disease_Classification/BDPapayaLeaf/Original Images/Curl/Curl(330).jpg,BDPapayaLeaf/Original Images/Curl/Curl(330).jpg,Curl(330).jpg,Curl(330),curl(330),.jpg,107826,False,640,480,5968cf88344774ecc7f5b552c10cbb344d71b514,869c3899d3f331a5,
image,Curl,Curl,/content/drive/MyDrive/Papaya_Leaf_Disease_Classification/BDPapayaLeaf/Original Images/Curl/Curl(331).jpg,BDPapayaLeaf/Original Images/Curl/Curl(331).jpg,Curl(331).jpg,Curl(331),curl(331),.jpg,95045,False,640,480,a4ec89dd2785bfa755f6d2200f38fd27cc3f670d,f6816d633f399054,
image,Curl,Curl,/content/drive/MyDrive/Papaya_Leaf_Disease_Classification/BDPapayaLeaf/Original Images/Curl/Curl(332).jpg,BDPapayaLeaf/Original Images/Curl/Curl(332).jpg,Curl(332).jpg,Curl(332),curl(332),.jpg,96657,False,640,480,1116321a9c8bfe455beacdee946b9d6aeb0ca629,bd4a5a312e9ae199,
image,Curl,Curl,/content/drive/MyDrive/Papaya_Leaf_Disease_Classification/BDPapayaLeaf/Original Images/Curl/Curl(333).jpg,BDPapayaLeaf/Original Images/Curl/Curl(333).jpg,Curl(333).jpg,Curl(333),curl(333),.jpg,101466,False,640,480,2a586a84c71e39227e88888fadb33052237b967f,d44b04b27e4f9395,
image,Curl,Curl,/content/drive/MyDrive/Papaya_Leaf_Disease_Classification/BDPapayaLeaf/Original Images/Curl/Curl(334).jpg,BDPapayaLeaf/Original Images/Curl/Curl(334).jpg,Curl(334).jpg,Curl(334),curl(334),.jpg,78974,False,640,480,3fe629e1f9258e2c74845699986accf14aa129d1,b52a0ed9197163f2,
image,Curl,Curl,/content/drive/MyDrive/Papaya_Leaf_Disease_Classification/BDPapayaLeaf/Original Images/Curl/Curl(335).jpg,BDPapayaLeaf/Original Images/Curl/Curl(335).jpg,Curl(335).jpg,Curl(335),curl(335),.jpg,81752,False,640,480,3bde98cd83a9227357c5eabd30faa3a4d3ebfd57,ff025096485fd4b3,
image,Curl,Curl,/content/drive/MyDrive/Papaya_Leaf_Disease_Classification/BDPapayaLeaf/Original Images/Curl/Curl(336).jpg,BDPapayaLeaf/Original Images/Curl/Curl(336).jpg,Curl(336).jpg,Curl(336),curl(336),.jpg,89687,False,640,480,71806ab04f300fcd62e0d60a6712421fdefbd8b0,b4ca5e98c369a595,
image,Curl,Curl,/content/drive/MyDrive/Papaya_Leaf_Disease_Classification/BDPapayaLeaf/Original Images/Curl/Curl(337).jpg,BDPapayaLeaf/Original Images/Curl/Curl(337).jpg,Curl(337).jpg,Curl(337),curl(337),.jpg,97513,False,640,480,b3d4d2ed9f3a7dda56a971968711aaebe47dbb18,da6368d17e35c42a,
image,Curl,Curl,/content/drive/MyDrive/Papaya_Leaf_Disease_Classification/BDPapayaLeaf/Original Images/Curl/Curl(338).jpg,BDPapayaLeaf/Original Images/Curl/Curl(338).jpg,Curl(338).jpg,Curl(338),curl(338),.jpg,102040,False,640,480,f5568596b6003a3da4bb7a591137fc9fb3825ccd,938c6d0bd2b2727a,
image,Curl,Curl,/content/drive/MyDrive/Papaya_Leaf_Disease_Classification/BDPapayaLeaf/Original Images/Curl/Curl(339).jpg,BDPapayaLeaf/Original Images/Curl/Curl(339).jpg,Curl(339).jpg,Curl(339),curl(339),.jpg,88111,False,640,480,186aebc9737423b465a87a648b523c5a6e21b072,fcedfaf20018091f,
image,Curl,Curl,/content/drive/MyDrive/Papaya_Leaf_Disease_Classification/BDPapayaLeaf/Original Images/Curl/Curl(34).jpg,BDPapayaLeaf/Original Images/Curl/Curl(34).jpg,Curl(34).jpg,Curl(34),curl(34),.jpg,133615,False,640,480,4bba454abbdabe46d72f2006be189164be3079a2,8ea41e5a686d2ea7,
image,Curl,Curl,/content/drive/MyDrive/Papaya_Leaf_Disease_Classification/BDPapayaLeaf/Original Images/Curl/Curl(340).jpg,BDPapayaLeaf/Original Images/Curl/Curl(340).jpg,Curl(340).jpg,Curl(340),curl(340),.jpg,92334,False,640,480,9f44fa293e2ef7176acf3d806f8ff38ef4d64118,9d9916f2c60e18f5,
image,Curl,Curl,/content/drive/MyDrive/Papaya_Leaf_Disease_Classification/BDPapayaLeaf/Original Images/Curl/Curl(341).jpg,BDPapayaLeaf/Original Images/Curl/Curl(341).jpg,Curl(341).jpg,Curl(341),curl(341),.jpg,98825,False,640,480,1cfef26434d95d2fd5a7a191d6f4bee86596962d,8995b552dad6370c,
image,Curl,Curl,/content/drive/MyDrive/Papaya_Leaf_Disease_Classification/BDPapayaLeaf/Original Images/Curl/Curl(342).jpg,BDPapayaLeaf/Original Images/Curl/Curl(342).jpg,Curl(342).jpg,Curl(342),curl(342),.jpg,64203,False,640,480,2fea64512ab61f76b59f25e0ede0182c3823df9c,b195dca3a469ad34,
image,Curl,Curl,/content/drive/MyDrive/Papaya_Leaf_Disease_Classification/BDPapayaLeaf/Original Images/Curl/Curl(343).jpg,BDPapayaLeaf/Original Images/Curl/Curl(343).jpg,Curl(343).jpg,Curl(343),curl(343),.jpg,95132,False,640,480,6ebba1cfdc3d4a985f55316ef041d9dc98cc5e4c,a59e446a525cdd36,
image,Curl,Curl,/content/drive/MyDrive/Papaya_Leaf_Disease_Classification/BDPapayaLeaf/Original Images/Curl/Curl(344).jpg,BDPapayaLeaf/Original Images/Curl/Curl(344).jpg,Curl(344).jpg,Curl(344),curl(344),.jpg,85022,False,640,480,4287eb0eac6a065cc245b72a050570d2d9294265,ccd08187149bbebe,
image,Curl,Curl,/content/drive/MyDrive/Papaya_Leaf_Disease_Classification/BDPapayaLeaf/Original Images/Curl/Curl(345).jpg,BDPapayaLeaf/Original Images/Curl/Curl(345).jpg,Curl(345).jpg,Curl(345),curl(345),.jpg,76507,False,640,480,2230be6eb1e47e82f22408bd59de3f50237f91c0,e3cfa5a0445e56d4,
image,Curl,Curl,/content/drive/MyDrive/Papaya_Leaf_Disease_Classification/BDPapayaLeaf/Original Images/Curl/Curl(346).jpg,BDPapayaLeaf/Original Images/Curl/Curl(346).jpg,Curl(346).jpg,Curl(346),curl(346),.jpg,80237,False,640,480,df17ba3bb094b42302f0daf11c40561552680441,d0e0a2b8aba3ebac,
image,Curl,Curl,/content/drive/MyDrive/Papaya_Leaf_Disease_Classification/BDPapayaLeaf/Original Images/Curl/Curl(347).jpg,BDPapayaLeaf/Original Images/Curl/Curl(347).jpg,Curl(347).jpg,Curl(347),curl(347),.jpg,78988,False,640,480,20b9d01bdeb052274b841125a0c7c11cd0c0fb97,a9afa391d0b0b6b2,
image,Curl,Curl,/content/drive/MyDrive/Papaya_Leaf_Disease_Classification/BDPapayaLeaf/Original Images/Curl/Curl(348).jpg,BDPapayaLeaf/Original Images/Curl/Curl(348).jpg,Curl(348).jpg,Curl(348),curl(348),.jpg,75022,False,640,480,69b61c98aad2a3c6f50140ca0fc95ed56d25c83c,b6cdc43201bf7e21,
image,Curl,Curl,/content/drive/MyDrive/Papaya_Leaf_Disease_Classification/BDPapayaLeaf/Original Images/Curl/Curl(349).jpg,BDPapayaLeaf/Original Images/Curl/Curl(349).jpg,Curl(349).jpg,Curl(349),curl(349),.jpg,82190,False,640,480,3a84bb9f75f7f32fff3a54359981f98d4822885c,a6b458c7c474b785,
image,Curl,Curl,/content/drive/MyDrive/Papaya_Leaf_Disease_Classification/BDPapayaLeaf/Original Images/Curl/Curl(35).jpg,BDPapayaLeaf/Original Images/Curl/Curl(35).jpg,Curl(35).jpg,Curl(35),curl(35),.jpg,136008,False,640,480,f4b7e95d6a2c87508db4d84ac4ce9d5ce0b03327,d299113ee96369e8,
image,Curl,Curl,/content/drive/MyDrive/Papaya_Leaf_Disease_Classification/BDPapayaLeaf/Original Images/Curl/Curl(350).jpg,BDPapayaLeaf/Original Images/Curl/Curl(350).jpg,Curl(350).jpg,Curl(350),curl(350),.jpg,65572,False,640,480,f8fc8c7045d54e0b2a117686a292e96597f59d26,cbcb95359476320e,
image,Curl,Curl,/content/drive/MyDrive/Papaya_Leaf_Disease_Classification/BDPapayaLeaf/Original Images/Curl/Curl(351).jpg,BDPapayaLeaf/Original Images/Curl/Curl(351).jpg,Curl(351).jpg,Curl(351),curl(351),.jpg,81700,False,640,480,d3951dd97b992dd87cd7594478558e727547846b,8cf8432ef1a432f9,
image,Curl,Curl,/content/drive/MyDrive/Papaya_Leaf_Disease_Classification/BDPapayaLeaf/Original Images/Curl/Curl(352).jpg,BDPapayaLeaf/Original Images/Curl/Curl(352).jpg,Curl(352).jpg,Curl(352),curl(352),.jpg,75376,False,640,480,abc568d7ebdfc934a6bb1fbf1fc7d381f89f0cdd,9bf2d21c968e9839,
image,Curl,Curl,/content/drive/MyDrive/Papaya_Leaf_Disease_Classification/BDPapayaLeaf/Original Images/Curl/Curl(353).jpg,BDPapayaLeaf/Original Images/Curl/Curl(353).jpg,Curl(353).jpg,Curl(353),curl(353),.jpg,102399,False,640,480,6679b7da515db6a90aa290899980e39ed543d152,ccdc912965e5c752,
image,Curl,Curl,/content/drive/MyDrive/Papaya_Leaf_Disease_Classification/BDPapayaLeaf/Original Images/Curl/Curl(354).jpg,BDPapayaLeaf/Original Images/Curl/Curl(354).jpg,Curl(354).jpg,Curl(354),curl(354),.jpg,97240,False,640,480,4948664d89b2e17f019ee48451331c82d94a9cba,f28b09b2ba696574,
image,Curl,Curl,/content/drive/MyDrive/Papaya_Leaf_Disease_Classification/BDPapayaLeaf/Original Images/Curl/Curl(355).jpg,BDPapayaLeaf/Original Images/Curl/Curl(355).jpg,Curl(355).jpg,Curl(355),curl(355),.jpg,110475,False,640,480,deb7b0c0c0cc149e780cb5cb98aa134ccc7b1076,e98db5b573928223,
image,Curl,Curl,/content/drive/MyDrive/Papaya_Leaf_Disease_Classification/BDPapayaLeaf/Original Images/Curl/Curl(356).jpg,BDPapayaLeaf/Original Images/Curl/Curl(356).jpg,Curl(356).jpg,Curl(356),curl(356),.jpg,103983,False,640,480,b826775c35250c690772056958642ce15cdd92bb,e99c1530b6b391d6,
image,Curl,Curl,/content/drive/MyDrive/Papaya_Leaf_Disease_Classification/BDPapayaLeaf/Original Images/Curl/Curl(357).jpg,BDPapayaLeaf/Original Images/Curl/Curl(357).jpg,Curl(357).jpg,Curl(357),curl(357),.jpg,83072,False,640,480,85e9a601d5099118ab5450c2ee5c4f7dc2fad018,a7fcfa45c4866243,
image,Curl,Curl,/content/drive/MyDrive/Papaya_Leaf_Disease_Classification/BDPapayaLeaf/Original Images/Curl/Curl(358).jpg,BDPapayaLeaf/Original Images/Curl/Curl(358).jpg,Curl(358).jpg,Curl(358),curl(358),.jpg,91970,False,640,480,d5ce636f0a26840cdf8338dadcd56a38e2933f5b,868aff8f38ab08e1,
image,Curl,Curl,/content/drive/MyDrive/Papaya_Leaf_Disease_Classification/BDPapayaLeaf/Original Images/Curl/Curl(359).jpg,BDPapayaLeaf/Original Images/Curl/Curl(359).jpg,Curl(359).jpg,Curl(359),curl(359),.jpg,85524,False,640,480,dcac9658a10e76c4ae521627ea5de75cd61b8924,a3cbf858097b114f,
image,Curl,Curl,/content/drive/MyDrive/Papaya_Leaf_Disease_Classification/BDPapayaLeaf/Original Images/Curl/Curl(36).jpg,BDPapayaLeaf/Original Images/Curl/Curl(36).jpg,Curl(36).jpg,Curl(36),curl(36),.jpg,106901,False,640,480,69d6b073ee5dbb2e2ab1eb81ec772905fd4625ba,decc253027d1a83f,
image,Curl,Curl,/content/drive/MyDrive/Papaya_Leaf_Disease_Classification/BDPapayaLeaf/Original Images/Curl/Curl(360).jpg,BDPapayaLeaf/Original Images/Curl/Curl(360).jpg,Curl(360).jpg,Curl(360),curl(360),.jpg,103699,False,640,480,062dfd505f5ce0f7c5c19bb891aabf7169d1e3c5,cb9c9d11327d3c38,
image,Curl,Curl,/content/drive/MyDrive/Papaya_Leaf_Disease_Classification/BDPapayaLeaf/Original Images/Curl/Curl(361).jpg,BDPapayaLeaf/Original Images/Curl/Curl(361).jpg,Curl(361).jpg,Curl(361),curl(361),.jpg,102843,False,640,480,8ca9e683020db0ef5862835a9b4bd8af200ee331,c3734334ed7a840f,
image,Curl,Curl,/content/drive/MyDrive/Papaya_Leaf_Disease_Classification/BDPapayaLeaf/Original Images/Curl/Curl(362).jpg,BDPapayaLeaf/Original Images/Curl/Curl(362).jpg,Curl(362).jpg,Curl(362),curl(362),.jpg,80974,False,640,480,95b780c4496842f618789c17933ffd69f90e9a8d,9293b63ebe24c2e8,
image,Curl,Curl,/content/drive/MyDrive/Papaya_Leaf_Disease_Classification/BDPapayaLeaf/Original Images/Curl/Curl(363).jpg,BDPapayaLeaf/Original Images/Curl/Curl(363).jpg,Curl(363).jpg,Curl(363),curl(363),.jpg,84690,False,640,480,086e5f2bc6fc4a7612ce3df62acdbbb729bf9b61,cfa1b1d4c278c8ab,
image,Curl,Curl,/content/drive/MyDrive/Papaya_Leaf_Disease_Classification/BDPapayaLeaf/Original Images/Curl/Curl(364).jpg,BDPapayaLeaf/Original Images/Curl/Curl(364).jpg,Curl(364).jpg,Curl(364),curl(364),.jpg,126301,False,640,480,1fba64203e594ea98c866a52f5e53b1c73784a10,ed77224707429f54,
image,Curl,Curl,/content/drive/MyDrive/Papaya_Leaf_Disease_Classification/BDPapayaLeaf/Original Images/Curl/Curl(365).jpg,BDPapayaLeaf/Original Images/Curl/Curl(365).jpg,Curl(365).jpg,Curl(365),curl(365),.jpg,111435,False,640,480,99c6c5a6e1d098b1da0372fdf2d8968200f34983,ac1d5925b29236fa,
image,Curl,Curl,/content/drive/MyDrive/Papaya_Leaf_Disease_Classification/BDPapayaLeaf/Original Images/Curl/Curl(366).jpg,BDPapayaLeaf/Original Images/Curl/Curl(366).jpg,Curl(366).jpg,Curl(366),curl(366),.jpg,109864,False,640,480,988c3f957e06014d884b564e45fb48c74a72f35d,9d9d2aedb561e500,
image,Curl,Curl,/content/drive/MyDrive/Papaya_Leaf_Disease_Classification/BDPapayaLeaf/Original Images/Curl/Curl(367).jpg,BDPapayaLeaf/Original Images/Curl/Curl(367).jpg,Curl(367).jpg,Curl(367),curl(367),.jpg,105866,False,640,480,8657b635c73e12a47721c42e4facfb31b70a16b0,8aed105a4be8f1b6,
image,Curl,Curl,/content/drive/MyDrive/Papaya_Leaf_Disease_Classification/BDPapayaLeaf/Original Images/Curl/Curl(368).jpg,BDPapayaLeaf/Original Images/Curl/Curl(368).jpg,Curl(368).jpg,Curl(368),curl(368),.jpg,111690,False,640,480,bd4a7962a31c83e9c82aafe7d56859fb76a56d6b,ce9556d36da2a2a2,
image,Curl,Curl,/content/drive/MyDrive/Papaya_Leaf_Disease_Classification/BDPapayaLeaf/Original Images/Curl/Curl(369).jpg,BDPapayaLeaf/Original Images/Curl/Curl(369).jpg,Curl(369).jpg,Curl(369),curl(369),.jpg,122355,False,640,480,ca44665aa0372b59cb26f59897301acf102053e8,f219efab87508a1a,
image,Curl,Curl,/content/drive/MyDrive/Papaya_Leaf_Disease_Classification/BDPapayaLeaf/Original Images/Curl/Curl(37).jpg,BDPapayaLeaf/Original Images/Curl/Curl(37).jpg,Curl(37).jpg,Curl(37),curl(37),.jpg,133539,False,640,480,b98778ef65efcd623697fdf917960415ff4721e3,91e969181dcece63,
image,Curl,Curl,/content/drive/MyDrive/Papaya_Leaf_Disease_Classification/BDPapayaLeaf/Original Images/Curl/Curl(370).jpg,BDPapayaLeaf/Original Images/Curl/Curl(370).jpg,Curl(370).jpg,Curl(370),curl(370),.jpg,112838,False,640,480,332101bb839229c9d17919b564de794fe9523555,9c8c6ca660d2faf4,
image,Curl,Curl,/content/drive/MyDrive/Papaya_Leaf_Disease_Classification/BDPapayaLeaf/Original Images/Curl/Curl(371).jpg,BDPapayaLeaf/Original Images/Curl/Curl(371).jpg,Curl(371).jpg,Curl(371),curl(371),.jpg,112749,False,640,480,098330b00e36317c99237beab4e22e5befa6eb49,98bcf860e5a5526b,
image,Curl,Curl,/content/drive/MyDrive/Papaya_Leaf_Disease_Classification/BDPapayaLeaf/Original Images/Curl/Curl(372).jpg,BDPapayaLeaf/Original Images/Curl/Curl(372).jpg,Curl(372).jpg,Curl(372),curl(372),.jpg,118016,False,640,480,eddc0f8f1321fb52c44e366e1c02b24256fa5d08,8e8c0536f6db09b6,
image,Curl,Curl,/content/drive/MyDrive/Papaya_Leaf_Disease_Classification/BDPapayaLeaf/Original Images/Curl/Curl(373).jpg,BDPapayaLeaf/Original Images/Curl/Curl(373).jpg,Curl(373).jpg,Curl(373),curl(373),.jpg,111939,False,640,480,313c14444d0ed9e6fb796138887260f26f11cd4b,afc9501d9c31f692,
image,Curl,Curl,/content/drive/MyDrive/Papaya_Leaf_Disease_Classification/BDPapayaLeaf/Original Images/Curl/Curl(374).jpg,BDPapayaLeaf/Original Images/Curl/Curl(374).jpg,Curl(374).jpg,Curl(374),curl(374),.jpg,108039,False,640,480,e22cd59a48f4cb186360d479c65593c5ef8a6b45,bb83cc50835f70ce,
image,Curl,Curl,/content/drive/MyDrive/Papaya_Leaf_Disease_Classification/BDPapayaLeaf/Original Images/Curl/Curl(375).jpg,BDPapayaLeaf/Original Images/Curl/Curl(375).jpg,Curl(375).jpg,Curl(375),curl(375),.jpg,128756,False,640,480,e1037b1bbf5e16049502b7b0cd79dfcd50641f08,aba7c7b65a2150cc,
image,Curl,Curl,/content/drive/MyDrive/Papaya_Leaf_Disease_Classification/BDPapayaLeaf/Original Images/Curl/Curl(376).jpg,BDPapayaLeaf/Original Images/Curl/Curl(376).jpg,Curl(376).jpg,Curl(376),curl(376),.jpg,112473,False,640,480,7750fc857bbaf8f737a28696e202cadf201eb176,faac82900c3bedb3,
image,Curl,Curl,/content/drive/MyDrive/Papaya_Leaf_Disease_Classification/BDPapayaLeaf/Original Images/Curl/Curl(377).jpg,BDPapayaLeaf/Original Images/Curl/Curl(377).jpg,Curl(377).jpg,Curl(377),curl(377),.jpg,115816,False,640,480,5665f1e701e3365794d3ad87edf9d2df81e1f22d,fb8e5858504bcd78,
image,Curl,Curl,/content/drive/MyDrive/Papaya_Leaf_Disease_Classification/BDPapayaLeaf/Original Images/Curl/Curl(378).jpg,BDPapayaLeaf/Original Images/Curl/Curl(378).jpg,Curl(378).jpg,Curl(378),curl(378),.jpg,118489,False,640,480,5843d45ca3c11597f99d8d209744273d7836efe6,dfacc5e49af84482,
image,Curl,Curl,/content/drive/MyDrive/Papaya_Leaf_Disease_Classification/BDPapayaLeaf/Original Images/Curl/Curl(379).jpg,BDPapayaLeaf/Original Images/Curl/Curl(379).jpg,Curl(379).jpg,Curl(379),curl(379),.jpg,109591,False,640,480,dfd40a7ce0e67f76c41b36914a2e645a4bd03457,e9b6908aff8096ac,
image,Curl,Curl,/content/drive/MyDrive/Papaya_Leaf_Disease_Classification/BDPapayaLeaf/Original Images/Curl/Curl(38).jpg,BDPapayaLeaf/Original Images/Curl/Curl(38).jpg,Curl(38).jpg,Curl(38),curl(38),.jpg,129076,False,640,480,38b2b99879322fef684db8aae47cc984115a9c77,c8c8d92727d840ff,
image,Curl,Curl,/content/drive/MyDrive/Papaya_Leaf_Disease_Classification/BDPapayaLeaf/Original Images/Curl/Curl(380).jpg,BDPapayaLeaf/Original Images/Curl/Curl(380).jpg,Curl(380).jpg,Curl(380),curl(380),.jpg,121078,False,640,480,3dc10f447f01b139c3f31c6f3d567366383a9200,9ea556aa053ff811,
image,Curl,Curl,/content/drive/MyDrive/Papaya_Leaf_Disease_Classification/BDPapayaLeaf/Original Images/Curl/Curl(381).jpg,BDPapayaLeaf/Original Images/Curl/Curl(381).jpg,Curl(381).jpg,Curl(381),curl(381),.jpg,116892,False,640,480,ffbeeff5d7586cbfddac37407f25af599ffde6f9,b889d5afd2ab41a1,
image,Curl,Curl,/content/drive/MyDrive/Papaya_Leaf_Disease_Classification/BDPapayaLeaf/Original Images/Curl/Curl(382).jpg,BDPapayaLeaf/Original Images/Curl/Curl(382).jpg,Curl(382).jpg,Curl(382),curl(382),.jpg,126832,False,640,480,3ad581547757916ec0ec071a772adb407b4cab37,f5f0bd91ad00a4b6,
image,Curl,Curl,/content/drive/MyDrive/Papaya_Leaf_Disease_Classification/BDPapayaLeaf/Original Images/Curl/Curl(383).jpg,BDPapayaLeaf/Original Images/Curl/Curl(383).jpg,Curl(383).jpg,Curl(383),curl(383),.jpg,109756,False,640,480,3db55512190e2659074ff9c7f3aed59dd00881dc,bdaa8db452876a61,
image,Curl,Curl,/content/drive/MyDrive/Papaya_Leaf_Disease_Classification/BDPapayaLeaf/Original Images/Curl/Curl(384).jpg,BDPapayaLeaf/Original Images/Curl/Curl(384).jpg,Curl(384).jpg,Curl(384),curl(384),.jpg,100960,False,640,480,543aac4e9ac5f802ea9777f592b374a7a90c57a7,f1524a1db4575768,
image,Curl,Curl,/content/drive/MyDrive/Papaya_Leaf_Disease_Classification/BDPapayaLeaf/Original Images/Curl/Curl(385).jpg,BDPapayaLeaf/Original Images/Curl/Curl(385).jpg,Curl(385).jpg,Curl(385),curl(385),.jpg,105407,False,640,480,a83b401739ff1c1ffb2065b20f3bbaaa9ef68d7e,aa0dfef0a034f1a3,
image,Curl,Curl,/content/drive/MyDrive/Papaya_Leaf_Disease_Classification/BDPapayaLeaf/Original Images/Curl/Curl(386).jpg,BDPapayaLeaf/Original Images/Curl/Curl(386).jpg,Curl(386).jpg,Curl(386),curl(386),.jpg,105620,False,640,480,df7a6c8c61162ed2d180b3d52b8ddda847c5fbd0,e8ae4a6db0f091b5,
image,Curl,Curl,/content/drive/MyDrive/Papaya_Leaf_Disease_Classification/BDPapayaLeaf/Original Images/Curl/Curl(387).jpg,BDPapayaLeaf/Original Images/Curl/Curl(387).jpg,Curl(387).jpg,Curl(387),curl(387),.jpg,105385,False,640,480,5105cba1944522a5a2c4531a980d278633bd23d3,89bc1aac93172e7a,
image,Curl,Curl,/content/drive/MyDrive/Papaya_Leaf_Disease_Classification/BDPapayaLeaf/Original Images/Curl/Curl(388).jpg,BDPapayaLeaf/Original Images/Curl/Curl(388).jpg,Curl(388).jpg,Curl(388),curl(388),.jpg,111254,False,640,480,b54300f9bd04dfcd5e2ed7beb3315ed06d9c8a74,bd49152dfef24112,
image,Curl,Curl,/content/drive/MyDrive/Papaya_Leaf_Disease_Classification/BDPapayaLeaf/Original Images/Curl/Curl(389).jpg,BDPapayaLeaf/Original Images/Curl/Curl(389).jpg,Curl(389).jpg,Curl(389),curl(389),.jpg,99930,False,640,480,1c35a39ba5251ba678c217cfe61d01564ab9bfcc,9869a9b5567a0b71,
image,Curl,Curl,/content/drive/MyDrive/Papaya_Leaf_Disease_Classification/BDPapayaLeaf/Original Images/Curl/Curl(39).jpg,BDPapayaLeaf/Original Images/Curl/Curl(39).jpg,Curl(39).jpg,Curl(39),curl(39),.jpg,120241,False,640,480,dcfa468c5e3e8388d2d65ddb67acea71b1719cbe,c5927844bf8c2775,
image,Curl,Curl,/content/drive/MyDrive/Papaya_Leaf_Disease_Classification/BDPapayaLeaf/Original Images/Curl/Curl(390).jpg,BDPapayaLeaf/Original Images/Curl/Curl(390).jpg,Curl(390).jpg,Curl(390),curl(390),.jpg,86957,False,640,480,da5565bc125a5999a51c94283d8b389cc468943a,84c487a6871d5d7d,
image,Curl,Curl,/content/drive/MyDrive/Papaya_Leaf_Disease_Classification/BDPapayaLeaf/Original Images/Curl/Curl(391).jpg,BDPapayaLeaf/Original Images/Curl/Curl(391).jpg,Curl(391).jpg,Curl(391),curl(391),.jpg,120423,False,640,480,98387662d453a7efbf0d387bf44bc6a11dfe8fbc,8eb4a583eb0693ab,
image,Curl,Curl,/content/drive/MyDrive/Papaya_Leaf_Disease_Classification/BDPapayaLeaf/Original Images/Curl/Curl(392).jpg,BDPapayaLeaf/Original Images/Curl/Curl(392).jpg,Curl(392).jpg,Curl(392),curl(392),.jpg,117777,False,640,480,ab8a1b103c1b818cb3b298a89cd138003740435b,e6f4e2cb9824f30a,
image,Curl,Curl,/content/drive/MyDrive/Papaya_Leaf_Disease_Classification/BDPapayaLeaf/Original Images/Curl/Curl(393).jpg,BDPapayaLeaf/Original Images/Curl/Curl(393).jpg,Curl(393).jpg,Curl(393),curl(393),.jpg,111650,False,640,480,368f758fa28ac8c0d3d1d724169186cdb3e7d3bf,cecb56a5d5d8a828,
image,Curl,Curl,/content/drive/MyDrive/Papaya_Leaf_Disease_Classification/BDPapayaLeaf/Original Images/Curl/Curl(394).jpg,BDPapayaLeaf/Original Images/Curl/Curl(394).jpg,Curl(394).jpg,Curl(394),curl(394),.jpg,102933,False,640,480,9a5402ae7fca025859eb883ea25068b66c76e793,ddeb946860c595c3,
image,Curl,Curl,/content/drive/MyDrive/Papaya_Leaf_Disease_Classification/BDPapayaLeaf/Original Images/Curl/Curl(395).jpg,BDPapayaLeaf/Original Images/Curl/Curl(395).jpg,Curl(395).jpg,Curl(395),curl(395),.jpg,91462,False,640,480,19ca69b68a4da7753ac00d698d503774585180db,a3923dc4f70db868,
image,Curl,Curl,/content/drive/MyDrive/Papaya_Leaf_Disease_Classification/BDPapayaLeaf/Original Images/Curl/Curl(396).jpg,BDPapayaLeaf/Original Images/Curl/Curl(396).jpg,Curl(396).jpg,Curl(396),curl(396),.jpg,114978,False,640,480,3ef5501b3d0ec7cfe9bbaff258a5bfe759e49fb5,cec22ed001bf8bad,
image,Curl,Curl,/content/drive/MyDrive/Papaya_Leaf_Disease_Classification/BDPapayaLeaf/Original Images/Curl/Curl(397).jpg,BDPapayaLeaf/Original Images/Curl/Curl(397).jpg,Curl(397).jpg,Curl(397),curl(397),.jpg,125247,False,640,480,5b76021c81b40e5d63d667ba9e18e39303e70973,eeabaa8a181ebb88,
image,Curl,Curl,/content/drive/MyDrive/Papaya_Leaf_Disease_Classification/BDPapayaLeaf/Original Images/Curl/Curl(398).jpg,BDPapayaLeaf/Original Images/Curl/Curl(398).jpg,Curl(398).jpg,Curl(398),curl(398),.jpg,112615,False,640,480,076f0e693223bb59e42f44c8a637058cf806d834,fc8cd4955452c3d6,
image,Curl,Curl,/content/drive/MyDrive/Papaya_Leaf_Disease_Classification/BDPapayaLeaf/Original Images/Curl/Curl(399).jpg,BDPapayaLeaf/Original Images/Curl/Curl(399).jpg,Curl(399).jpg,Curl(399),curl(399),.jpg,114794,False,640,480,2aeeeeef50b1cd758c23b00dbea0581cdda3b2c6,fcf5bd96a4030583,
image,Curl,Curl,/content/drive/MyDrive/Papaya_Leaf_Disease_Classification/BDPapayaLeaf/Original Images/Curl/Curl(4).jpg,BDPapayaLeaf/Original Images/Curl/Curl(4).jpg,Curl(4).jpg,Curl(4),curl(4),.jpg,95146,False,640,480,86738c07c9e50041a000c8c50944305fbac12f34,ab4845d356e1b49e,
image,Curl,Curl,/content/drive/MyDrive/Papaya_Leaf_Disease_Classification/BDPapayaLeaf/Original Images/Curl/Curl(40).jpg,BDPapayaLeaf/Original Images/Curl/Curl(40).jpg,Curl(40).jpg,Curl(40),curl(40),.jpg,134095,False,640,480,08eb4f16bdc83f63e5e24498609c028ee8da90e0,d8892497ff21d43c,
image,Curl,Curl,/content/drive/MyDrive/Papaya_Leaf_Disease_Classification/BDPapayaLeaf/Original Images/Curl/Curl(400).jpg,BDPapayaLeaf/Original Images/Curl/Curl(400).jpg,Curl(400).jpg,Curl(400),curl(400),.jpg,122844,False,640,480,7d4ab22ec4b9687e08058427a165041ee13999f4,a9da55bdc6435251,
image,Curl,Curl,/content/drive/MyDrive/Papaya_Leaf_Disease_Classification/BDPapayaLeaf/Original Images/Curl/Curl(401).jpg,BDPapayaLeaf/Original Images/Curl/Curl(401).jpg,Curl(401).jpg,Curl(401),curl(401),.jpg,115875,False,640,480,cefa6b18c23c412623e7cb1f3e2e13143ef16cdf,f7b083832b795c94,
image,Curl,Curl,/content/drive/MyDrive/Papaya_Leaf_Disease_Classification/BDPapayaLeaf/Original Images/Curl/Curl(402).jpg,BDPapayaLeaf/Original Images/Curl/Curl(402).jpg,Curl(402).jpg,Curl(402),curl(402),.jpg,108785,False,640,480,2b21146f6b25e1ce93e5b68c42390edd19321dd6,afcfcf8ed08a88c0,
image,Curl,Curl,/content/drive/MyDrive/Papaya_Leaf_Disease_Classification/BDPapayaLeaf/Original Images/Curl/Curl(403).jpg,BDPapayaLeaf/Original Images/Curl/Curl(403).jpg,Curl(403).jpg,Curl(403),curl(403),.jpg,102028,False,640,480,1044f3642e891456440496514b92f47b7f7203de,cfe2e9b5b4c18518,
image,Curl,Curl,/content/drive/MyDrive/Papaya_Leaf_Disease_Classification/BDPapayaLeaf/Original Images/Curl/Curl(404).jpg,BDPapayaLeaf/Original Images/Curl/Curl(404).jpg,Curl(404).jpg,Curl(404),curl(404),.jpg,88923,False,640,480,2374b74134d724616edd82d0abc2f7cf78519b7e,8afca3c537a95243,
image,Curl,Curl,/content/drive/MyDrive/Papaya_Leaf_Disease_Classification/BDPapayaLeaf/Original Images/Curl/Curl(405).jpg,BDPapayaLeaf/Original Images/Curl/Curl(405).jpg,Curl(405).jpg,Curl(405),curl(405),.jpg,92100,False,640,480,147fbbb22f5e5b758f6d76230f538be69e283894,a2bd5cb64b6a1bc0,
image,Curl,Curl,/content/drive/MyDrive/Papaya_Leaf_Disease_Classification/BDPapayaLeaf/Original Images/Curl/Curl(406).jpg,BDPapayaLeaf/Original Images/Curl/Curl(406).jpg,Curl(406).jpg,Curl(406),curl(406),.jpg,95911,False,640,480,a23d63aa89d78f707aa70e3982947cfb02e325bc,bbbf6242b0699790,
image,Curl,Curl,/content/drive/MyDrive/Papaya_Leaf_Disease_Classification/BDPapayaLeaf/Original Images/Curl/Curl(407).jpg,BDPapayaLeaf/Original Images/Curl/Curl(407).jpg,Curl(407).jpg,Curl(407),curl(407),.jpg,93783,False,640,480,38549d05d75c77975c9cc75a69da3cd25a81f221,ea9aba8ab26e6125,
image,Curl,Curl,/content/drive/MyDrive/Papaya_Leaf_Disease_Classification/BDPapayaLeaf/Original Images/Curl/Curl(408).jpg,BDPapayaLeaf/Original Images/Curl/Curl(408).jpg,Curl(408).jpg,Curl(408),curl(408),.jpg,117253,False,640,480,24701d984f4d1d1ac1695fc4b2ee7d0032419151,96664190366fedd1,
image,Curl,Curl,/content/drive/MyDrive/Papaya_Leaf_Disease_Classification/BDPapayaLeaf/Original Images/Curl/Curl(409).jpg,BDPapayaLeaf/Original Images/Curl/Curl(409).jpg,Curl(409).jpg,Curl(409),curl(409),.jpg,131038,False,640,480,880ea361727bbc4fadf1b035722deb69ae9123a7,f309e6fd42940bc3,
image,Curl,Curl,/content/drive/MyDrive/Papaya_Leaf_Disease_Classification/BDPapayaLeaf/Original Images/Curl/Curl(41).jpg,BDPapayaLeaf/Original Images/Curl/Curl(41).jpg,Curl(41).jpg,Curl(41),curl(41),.jpg,121264,False,640,480,553d38699db12a621f39b4825c321c11106b4213,d9849ff8e1f06492,
image,Curl,Curl,/content/drive/MyDrive/Papaya_Leaf_Disease_Classification/BDPapayaLeaf/Original Images/Curl/Curl(410).jpg,BDPapayaLeaf/Original Images/Curl/Curl(410).jpg,Curl(410).jpg,Curl(410),curl(410),.jpg,97221,False,640,480,117811c44de358844ccffbb051a1f8c414d14dc1,aa410f76fe0a1a79,
image,Curl,Curl,/content/drive/MyDrive/Papaya_Leaf_Disease_Classification/BDPapayaLeaf/Original Images/Curl/Curl(411).jpg,BDPapayaLeaf/Original Images/Curl/Curl(411).jpg,Curl(411).jpg,Curl(411),curl(411),.jpg,89203,False,640,480,a03dcba146734d09d2b23170354cd4f9e4c81598,cfdc74db64026c64,
image,Curl,Curl,/content/drive/MyDrive/Papaya_Leaf_Disease_Classification/BDPapayaLeaf/Original Images/Curl/Curl(412).jpg,BDPapayaLeaf/Original Images/Curl/Curl(412).jpg,Curl(412).jpg,Curl(412),curl(412),.jpg,121650,False,640,480,ce1879e026ead84844553dacd3a5b0c62b294559,ff846a99a825b5d0,
image,Curl,Curl,/content/drive/MyDrive/Papaya_Leaf_Disease_Classification/BDPapayaLeaf/Original Images/Curl/Curl(413).jpg,BDPapayaLeaf/Original Images/Curl/Curl(413).jpg,Curl(413).jpg,Curl(413),curl(413),.jpg,128029,False,640,480,4623a07471be73d001f2aa2af07f959709752bec,baebb539d82448cc,
image,Curl,Curl,/content/drive/MyDrive/Papaya_Leaf_Disease_Classification/BDPapayaLeaf/Original Images/Curl/Curl(414).jpg,BDPapayaLeaf/Original Images/Curl/Curl(414).jpg,Curl(414).jpg,Curl(414),curl(414),.jpg,129901,False,640,480,0512befc91de4de9a13a45842e18b03090ff7f54,abe849298d317d6a,
image,Curl,Curl,/content/drive/MyDrive/Papaya_Leaf_Disease_Classification/BDPapayaLeaf/Original Images/Curl/Curl(415).jpg,BDPapayaLeaf/Original Images/Curl/Curl(415).jpg,Curl(415).jpg,Curl(415),curl(415),.jpg,125946,False,640,480,5bd1aa996a5bdaa43238487d9c60309553b57b0c,8aaa931478e0f1ef,
image,Curl,Curl,/content/drive/MyDrive/Papaya_Leaf_Disease_Classification/BDPapayaLeaf/Original Images/Curl/Curl(416).jpg,BDPapayaLeaf/Original Images/Curl/Curl(416).jpg,Curl(416).jpg,Curl(416),curl(416),.jpg,118137,False,640,480,b91a2dec3c96e690c38a695c83bbb800655eb2ea,e9b0e5f03e051755,
image,Curl,Curl,/content/drive/MyDrive/Papaya_Leaf_Disease_Classification/BDPapayaLeaf/Original Images/Curl/Curl(417).jpg,BDPapayaLeaf/Original Images/Curl/Curl(417).jpg,Curl(417).jpg,Curl(417),curl(417),.jpg,108737,False,640,480,a4018424e155a72c2e1e81f1deeadb92cd8b1a7e,9fc3494adad2d0b2,
image,Curl,Curl,/content/drive/MyDrive/Papaya_Leaf_Disease_Classification/BDPapayaLeaf/Original Images/Curl/Curl(418).jpg,BDPapayaLeaf/Original Images/Curl/Curl(418).jpg,Curl(418).jpg,Curl(418),curl(418),.jpg,123293,False,640,480,37bf0d500f4b64d0e81cfb1f54b320862ac714aa,8fc1365fe40700f7,
image,Curl,Curl,/content/drive/MyDrive/Papaya_Leaf_Disease_Classification/BDPapayaLeaf/Original Images/Curl/Curl(419).jpg,BDPapayaLeaf/Original Images/Curl/Curl(419).jpg,Curl(419).jpg,Curl(419),curl(419),.jpg,119254,False,640,480,f5474b15810782489adc8e24d2a74bcd6445beb3,85a6a368d6d30a9f,
image,Curl,Curl,/content/drive/MyDrive/Papaya_Leaf_Disease_Classification/BDPapayaLeaf/Original Images/Curl/Curl(42).jpg,BDPapayaLeaf/Original Images/Curl/Curl(42).jpg,Curl(42).jpg,Curl(42),curl(42),.jpg,125032,False,640,480,2f4ebe5d2de1fc8203ca776d3e938cba3e745119,f1cc67191e686571,
image,Curl,Curl,/content/drive/MyDrive/Papaya_Leaf_Disease_Classification/BDPapayaLeaf/Original Images/Curl/Curl(420).jpg,BDPapayaLeaf/Original Images/Curl/Curl(420).jpg,Curl(420).jpg,Curl(420),curl(420),.jpg,105723,False,640,480,c6ee156e77b97ca2d2fd4479f916d50c41d36ea9,c7c49a480d2fbcba,
image,Curl,Curl,/content/drive/MyDrive/Papaya_Leaf_Disease_Classification/BDPapayaLeaf/Original Images/Curl/Curl(421).jpg,BDPapayaLeaf/Original Images/Curl/Curl(421).jpg,Curl(421).jpg,Curl(421),curl(421),.jpg,121457,False,640,480,22af4b20fe67cd5264122ca080a8691e2f13ccbf,efa1ccfff02003c4,
image,Curl,Curl,/content/drive/MyDrive/Papaya_Leaf_Disease_Classification/BDPapayaLeaf/Original Images/Curl/Curl(422).jpg,BDPapayaLeaf/Original Images/Curl/Curl(422).jpg,Curl(422).jpg,Curl(422),curl(422),.jpg,114499,False,640,480,0a0f386bad87633a74f2d145cd44c9546c9ffafa,eade5ca5cb82d070,
image,Curl,Curl,/content/drive/MyDrive/Papaya_Leaf_Disease_Classification/BDPapayaLeaf/Original Images/Curl/Curl(423).jpg,BDPapayaLeaf/Original Images/Curl/Curl(423).jpg,Curl(423).jpg,Curl(423),curl(423),.jpg,103168,False,640,480,8de41d3961ebfeba2da55f896c2e555ca054e5c9,ab5352eaa8abc0f2,
image,Curl,Curl,/content/drive/MyDrive/Papaya_Leaf_Disease_Classification/BDPapayaLeaf/Original Images/Curl/Curl(424).jpg,BDPapayaLeaf/Original Images/Curl/Curl(424).jpg,Curl(424).jpg,Curl(424),curl(424),.jpg,108269,False,640,480,efec11c7e802c68328175e87ebbf42bca17649b8,81b3155552daab5d,
image,Curl,Curl,/content/drive/MyDrive/Papaya_Leaf_Disease_Classification/BDPapayaLeaf/Original Images/Curl/Curl(425).jpg,BDPapayaLeaf/Original Images/Curl/Curl(425).jpg,Curl(425).jpg,Curl(425),curl(425),.jpg,122245,False,640,480,324a3de8ffa9236e0432a0f81fc554aa4f30398e,dcc805716b3a2aaf,
image,Curl,Curl,/content/drive/MyDrive/Papaya_Leaf_Disease_Classification/BDPapayaLeaf/Original Images/Curl/Curl(426).jpg,BDPapayaLeaf/Original Images/Curl/Curl(426).jpg,Curl(426).jpg,Curl(426),curl(426),.jpg,131987,False,640,480,27790508ed63a707241307071281d74e9918c90d,a7b6d755505f4301,
image,Curl,Curl,/content/drive/MyDrive/Papaya_Leaf_Disease_Classification/BDPapayaLeaf/Original Images/Curl/Curl(427).jpg,BDPapayaLeaf/Original Images/Curl/Curl(427).jpg,Curl(427).jpg,Curl(427),curl(427),.jpg,121597,False,640,480,1094fb4153f3112460f05c0bbadb1f4fb8e3874b,8a92ffb801a12fe5,
image,Curl,Curl,/content/drive/MyDrive/Papaya_Leaf_Disease_Classification/BDPapayaLeaf/Original Images/Curl/Curl(428).jpg,BDPapayaLeaf/Original Images/Curl/Curl(428).jpg,Curl(428).jpg,Curl(428),curl(428),.jpg,131474,False,640,480,d3a1eb61b34da026a4fee9d2fed3f59fc4028076,b3e2d50a09275cbd,
image,Curl,Curl,/content/drive/MyDrive/Papaya_Leaf_Disease_Classification/BDPapayaLeaf/Original Images/Curl/Curl(429).jpg,BDPapayaLeaf/Original Images/Curl/Curl(429).jpg,Curl(429).jpg,Curl(429),curl(429),.jpg,132038,False,640,480,afcb2e1d59e96b224f2464b63827344596a868b0,9ac7d3b44944e9e4,
image,Curl,Curl,/content/drive/MyDrive/Papaya_Leaf_Disease_Classification/BDPapayaLeaf/Original Images/Curl/Curl(43).jpg,BDPapayaLeaf/Original Images/Curl/Curl(43).jpg,Curl(43).jpg,Curl(43),curl(43),.jpg,95707,False,640,480,c88cdf8297f401555dd23d5baad8cacc7e7c290c,c0cf34523d38b337,
image,Curl,Curl,/content/drive/MyDrive/Papaya_Leaf_Disease_Classification/BDPapayaLeaf/Original Images/Curl/Curl(430).jpg,BDPapayaLeaf/Original Images/Curl/Curl(430).jpg,Curl(430).jpg,Curl(430),curl(430),.jpg,111611,False,640,480,055fda18294ee19ac6633f6b6b3864e6433cedc0,a741deb7a64c1c0b,
image,Curl,Curl,/content/drive/MyDrive/Papaya_Leaf_Disease_Classification/BDPapayaLeaf/Original Images/Curl/Curl(431).jpg,BDPapayaLeaf/Original Images/Curl/Curl(431).jpg,Curl(431).jpg,Curl(431),curl(431),.jpg,124257,False,640,480,3ee2e45f49af6eced12c8c7c9386b045bb078f0e,bcafd4e61230e2ca,
image,Curl,Curl,/content/drive/MyDrive/Papaya_Leaf_Disease_Classification/BDPapayaLeaf/Original Images/Curl/Curl(432).jpg,BDPapayaLeaf/Original Images/Curl/Curl(432).jpg,Curl(432).jpg,Curl(432),curl(432),.jpg,127541,False,640,480,c4a0c3bdbabb2b4c18ada15a4de0c75159a3bf70,a9fbe0ea5a86a4a1,
image,Curl,Curl,/content/drive/MyDrive/Papaya_Leaf_Disease_Classification/BDPapayaLeaf/Original Images/Curl/Curl(433).jpg,BDPapayaLeaf/Original Images/Curl/Curl(433).jpg,Curl(433).jpg,Curl(433),curl(433),.jpg,120105,False,640,480,1281858afc22b8e218b099a6301474d0f2f2a234,94f506bd516abc26,
image,Curl,Curl,/content/drive/MyDrive/Papaya_Leaf_Disease_Classification/BDPapayaLeaf/Original Images/Curl/Curl(434).jpg,BDPapayaLeaf/Original Images/Curl/Curl(434).jpg,Curl(434).jpg,Curl(434),curl(434),.jpg,135907,False,640,480,488aa913ee0b9d05c45097fd5064155a56108516,f98f0adccec73120,
image,Curl,Curl,/content/drive/MyDrive/Papaya_Leaf_Disease_Classification/BDPapayaLeaf/Original Images/Curl/Curl(435).jpg,BDPapayaLeaf/Original Images/Curl/Curl(435).jpg,Curl(435).jpg,Curl(435),curl(435),.jpg,127894,False,640,480,514a88ac0d4880f7f33c413a2bb1003384d3e1e1,af8604ef9fc014b6,
image,Curl,Curl,/content/drive/MyDrive/Papaya_Leaf_Disease_Classification/BDPapayaLeaf/Original Images/Curl/Curl(436).jpg,BDPapayaLeaf/Original Images/Curl/Curl(436).jpg,Curl(436).jpg,Curl(436),curl(436),.jpg,108568,False,640,480,75f6350fba55f35f9c63a12b2fdd4aa1ad8f0b33,83b3830f9f4de4a4,
image,Curl,Curl,/content/drive/MyDrive/Papaya_Leaf_Disease_Classification/BDPapayaLeaf/Original Images/Curl/Curl(437).jpg,BDPapayaLeaf/Original Images/Curl/Curl(437).jpg,Curl(437).jpg,Curl(437),curl(437),.jpg,108711,False,640,480,2d442b19ddc1ff94ede64bac2bc60087ed155643,a18704165b9679fe,
image,Curl,Curl,/content/drive/MyDrive/Papaya_Leaf_Disease_Classification/BDPapayaLeaf/Original Images/Curl/Curl(438).jpg,BDPapayaLeaf/Original Images/Curl/Curl(438).jpg,Curl(438).jpg,Curl(438),curl(438),.jpg,107522,False,640,480,fcfa89cf2a464b5b5352d9a56e6484664dceab53,beee64922ab09595,
image,Curl,Curl,/content/drive/MyDrive/Papaya_Leaf_Disease_Classification/BDPapayaLeaf/Original Images/Curl/Curl(439).jpg,BDPapayaLeaf/Original Images/Curl/Curl(439).jpg,Curl(439).jpg,Curl(439),curl(439),.jpg,111499,False,640,480,30f4143f06956ee15b25ba9cb9b9bc5bb69801b2,e9b544dd928a8eca,
image,Curl,Curl,/content/drive/MyDrive/Papaya_Leaf_Disease_Classification/BDPapayaLeaf/Original Images/Curl/Curl(44).jpg,BDPapayaLeaf/Original Images/Curl/Curl(44).jpg,Curl(44).jpg,Curl(44),curl(44),.jpg,77604,False,640,480,d14c46a77db90311e24420dc9e15bd6bf7682686,d01da53b3aea4d43,
image,Curl,Curl,/content/drive/MyDrive/Papaya_Leaf_Disease_Classification/BDPapayaLeaf/Original Images/Curl/Curl(440).jpg,BDPapayaLeaf/Original Images/Curl/Curl(440).jpg,Curl(440).jpg,Curl(440),curl(440),.jpg,115226,False,640,480,34b806f8eda34c2de86d6984967de93ff338f68c,ffa1b0b5cb8c4258,
image,Curl,Curl,/content/drive/MyDrive/Papaya_Leaf_Disease_Classification/BDPapayaLeaf/Original Images/Curl/Curl(441).jpg,BDPapayaLeaf/Original Images/Curl/Curl(441).jpg,Curl(441).jpg,Curl(441),curl(441),.jpg,132317,False,640,480,e80c197b895d471c45e4e45f6703b72de019632e,a28d7dd1270a3e3a,
image,Curl,Curl,/content/drive/MyDrive/Papaya_Leaf_Disease_Classification/BDPapayaLeaf/Original Images/Curl/Curl(442).jpg,BDPapayaLeaf/Original Images/Curl/Curl(442).jpg,Curl(442).jpg,Curl(442),curl(442),.jpg,117471,False,640,480,8461f49301816bb77e571f6f001072e662d7c6a3,c3c4f4552d5a4d5a,
image,Curl,Curl,/content/drive/MyDrive/Papaya_Leaf_Disease_Classification/BDPapayaLeaf/Original Images/Curl/Curl(443).jpg,BDPapayaLeaf/Original Images/Curl/Curl(443).jpg,Curl(443).jpg,Curl(443),curl(443),.jpg,128159,False,640,480,b8d87dd9f6e48467c6b9f64db57f7b532392a07d,fb8c19cc1923baa3,
image,Curl,Curl,/content/drive/MyDrive/Papaya_Leaf_Disease_Classification/BDPapayaLeaf/Original Images/Curl/Curl(444).jpg,BDPapayaLeaf/Original Images/Curl/Curl(444).jpg,Curl(444).jpg,Curl(444),curl(444),.jpg,128202,False,640,480,5f2e7760e16fe01fcf5b7e4f1cc0bd527328c6f7,8edd72d56040ff82,
image,Curl,Curl,/content/drive/MyDrive/Papaya_Leaf_Disease_Classification/BDPapayaLeaf/Original Images/Curl/Curl(445).jpg,BDPapayaLeaf/Original Images/Curl/Curl(445).jpg,Curl(445).jpg,Curl(445),curl(445),.jpg,108753,False,640,480,d45209f41b8fa139ba51acad5439710720f52c2d,8ed740d6abb294aa,
image,Curl,Curl,/content/drive/MyDrive/Papaya_Leaf_Disease_Classification/BDPapayaLeaf/Original Images/Curl/Curl(446).jpg,BDPapayaLeaf/Original Images/Curl/Curl(446).jpg,Curl(446).jpg,Curl(446),curl(446),.jpg,109531,False,640,480,72aaaf39643841b73f27a54d5ce92f38a17c36ee,eb4d8189b99ab0ab,
image,Curl,Curl,/content/drive/MyDrive/Papaya_Leaf_Disease_Classification/BDPapayaLeaf/Original Images/Curl/Curl(447).jpg,BDPapayaLeaf/Original Images/Curl/Curl(447).jpg,Curl(447).jpg,Curl(447),curl(447),.jpg,96210,False,640,480,cb9f5a1ab984d264bfd7e2c2cdce77b8e07e4f16,a7561e3e387258c3,
image,Curl,Curl,/content/drive/MyDrive/Papaya_Leaf_Disease_Classification/BDPapayaLeaf/Original Images/Curl/Curl(448).jpg,BDPapayaLeaf/Original Images/Curl/Curl(448).jpg,Curl(448).jpg,Curl(448),curl(448),.jpg,101113,False,640,480,4bab2273d2df8f393c36b17996a58c863e395b7a,a41cf6e86a742a6d,
image,Curl,Curl,/content/drive/MyDrive/Papaya_Leaf_Disease_Classification/BDPapayaLeaf/Original Images/Curl/Curl(449).jpg,BDPapayaLeaf/Original Images/Curl/Curl(449).jpg,Curl(449).jpg,Curl(449),curl(449),.jpg,107468,False,640,480,e880af9cda155e39705045582327d7be60f078ca,8ff0e4d1412f1e1b,
image,Curl,Curl,/content/drive/MyDrive/Papaya_Leaf_Disease_Classification/BDPapayaLeaf/Original Images/Curl/Curl(45).jpg,BDPapayaLeaf/Original Images/Curl/Curl(45).jpg,Curl(45).jpg,Curl(45),curl(45),.jpg,73155,False,640,480,4e7c9433cba3754710af5009e3c1b05793dc8876,c3e3a981f9f06319,
image,Curl,Curl,/content/drive/MyDrive/Papaya_Leaf_Disease_Classification/BDPapayaLeaf/Original Images/Curl/Curl(450).jpg,BDPapayaLeaf/Original Images/Curl/Curl(450).jpg,Curl(450).jpg,Curl(450),curl(450),.jpg,120375,False,640,480,66f76d5da029bbca59c3fb8c28d1da7288784399,8ab1f401f6f8e13c,
image,Curl,Curl,/content/drive/MyDrive/Papaya_Leaf_Disease_Classification/BDPapayaLeaf/Original Images/Curl/Curl(451).jpg,BDPapayaLeaf/Original Images/Curl/Curl(451).jpg,Curl(451).jpg,Curl(451),curl(451),.jpg,116672,False,640,480,369b97f916a1714110e608c459bc47efbbc4b502,d9d0509262a7b7e6,
image,Curl,Curl,/content/drive/MyDrive/Papaya_Leaf_Disease_Classification/BDPapayaLeaf/Original Images/Curl/Curl(452).jpg,BDPapayaLeaf/Original Images/Curl/Curl(452).jpg,Curl(452).jpg,Curl(452),curl(452),.jpg,104726,False,640,480,cc392510c90da65f41995417a2e2781b56b9d521,94d494ada92e48bf,
image,Curl,Curl,/content/drive/MyDrive/Papaya_Leaf_Disease_Classification/BDPapayaLeaf/Original Images/Curl/Curl(453).jpg,BDPapayaLeaf/Original Images/Curl/Curl(453).jpg,Curl(453).jpg,Curl(453),curl(453),.jpg,111061,False,640,480,6feed009425da46ad9cdf1f033b23dd0a44c260a,b68dd19da0bab2a8,
image,Curl,Curl,/content/drive/MyDrive/Papaya_Leaf_Disease_Classification/BDPapayaLeaf/Original Images/Curl/Curl(454).jpg,BDPapayaLeaf/Original Images/Curl/Curl(454).jpg,Curl(454).jpg,Curl(454),curl(454),.jpg,119096,False,640,480,e8ff777a531f9bec56f6d480989688f6884babe5,ce190fe1fe4e2720,
image,Curl,Curl,/content/drive/MyDrive/Papaya_Leaf_Disease_Classification/BDPapayaLeaf/Original Images/Curl/Curl(455).jpg,BDPapayaLeaf/Original Images/Curl/Curl(455).jpg,Curl(455).jpg,Curl(455),curl(455),.jpg,115146,False,640,480,4132d8e7a6cdaa80773cee4906a6d21d7b9a1793,99a8e0e3add4de50,
image,Curl,Curl,/content/drive/MyDrive/Papaya_Leaf_Disease_Classification/BDPapayaLeaf/Original Images/Curl/Curl(456).jpg,BDPapayaLeaf/Original Images/Curl/Curl(456).jpg,Curl(456).jpg,Curl(456),curl(456),.jpg,117023,False,640,480,893a07e47a99206f936cb8c560c2000f884cb373,c18ccbdd9519ad91,
image,Curl,Curl,/content/drive/MyDrive/Papaya_Leaf_Disease_Classification/BDPapayaLeaf/Original Images/Curl/Curl(457).jpg,BDPapayaLeaf/Original Images/Curl/Curl(457).jpg,Curl(457).jpg,Curl(457),curl(457),.jpg,125324,False,640,480,2d0ce6c806c49767dbc5397b2315966510b2980c,fda7a8b9020817de,
image,Curl,Curl,/content/drive/MyDrive/Papaya_Leaf_Disease_Classification/BDPapayaLeaf/Original Images/Curl/Curl(458).jpg,BDPapayaLeaf/Original Images/Curl/Curl(458).jpg,Curl(458).jpg,Curl(458),curl(458),.jpg,129410,False,640,480,34dba181b764e20be672d962dd92f2f76adf8df9,f8e316cb9d66c888,
image,Curl,Curl,/content/drive/MyDrive/Papaya_Leaf_Disease_Classification/BDPapayaLeaf/Original Images/Curl/Curl(459).jpg,BDPapayaLeaf/Original Images/Curl/Curl(459).jpg,Curl(459).jpg,Curl(459),curl(459),.jpg,117837,False,640,480,41c7ad828d6744cd66477beb30be606c54ad98c0,efeec24751974888,
image,Curl,Curl,/content/drive/MyDrive/Papaya_Leaf_Disease_Classification/BDPapayaLeaf/Original Images/Curl/Curl(46).jpg,BDPapayaLeaf/Original Images/Curl/Curl(46).jpg,Curl(46).jpg,Curl(46),curl(46),.jpg,111203,False,640,480,7fb51504525ba3e696b767bb1dfaf21b9e9c7cfb,dee67852c4013bd9,
image,Curl,Curl,/content/drive/MyDrive/Papaya_Leaf_Disease_Classification/BDPapayaLeaf/Original Images/Curl/Curl(460).jpg,BDPapayaLeaf/Original Images/Curl/Curl(460).jpg,Curl(460).jpg,Curl(460),curl(460),.jpg,107023,False,640,480,43a980bba678a5c27a37660d153aaf14216ec207,aad2924955aba99b,
image,Curl,Curl,/content/drive/MyDrive/Papaya_Leaf_Disease_Classification/BDPapayaLeaf/Original Images/Curl/Curl(461).jpg,BDPapayaLeaf/Original Images/Curl/Curl(461).jpg,Curl(461).jpg,Curl(461),curl(461),.jpg,124615,False,640,480,44830bb20608dd87218bff9f05f72e6d87aa64c9,e2fe8c88bdc3a8a1,
image,Curl,Curl,/content/drive/MyDrive/Papaya_Leaf_Disease_Classification/BDPapayaLeaf/Original Images/Curl/Curl(462).jpg,BDPapayaLeaf/Original Images/Curl/Curl(462).jpg,Curl(462).jpg,Curl(462),curl(462),.jpg,116380,False,640,480,9ef1c86dc5297a525b17b67c001315c4b9431f16,a84d6434b3c4f787,
image,Curl,Curl,/content/drive/MyDrive/Papaya_Leaf_Disease_Classification/BDPapayaLeaf/Original Images/Curl/Curl(463).jpg,BDPapayaLeaf/Original Images/Curl/Curl(463).jpg,Curl(463).jpg,Curl(463),curl(463),.jpg,130166,False,640,480,f77fd2c408c65ac41b490c2d71e30503aaae19b3,a6c7944ae19fd81a,
image,Curl,Curl,/content/drive/MyDrive/Papaya_Leaf_Disease_Classification/BDPapayaLeaf/Original Images/Curl/Curl(464).jpg,BDPapayaLeaf/Original Images/Curl/Curl(464).jpg,Curl(464).jpg,Curl(464),curl(464),.jpg,125486,False,640,480,0b9f7a8046b0e5944a846bc3faf59bb6da22b0be,bcb478e0701be34e,
image,Curl,Curl,/content/drive/MyDrive/Papaya_Leaf_Disease_Classification/BDPapayaLeaf/Original Images/Curl/Curl(465).jpg,BDPapayaLeaf/Original Images/Curl/Curl(465).jpg,Curl(465).jpg,Curl(465),curl(465),.jpg,109143,False,640,480,779312211606e6d82bcbeda8c1626938179b386c,8ce1fa4f6dea8118,
image,Curl,Curl,/content/drive/MyDrive/Papaya_Leaf_Disease_Classification/BDPapayaLeaf/Original Images/Curl/Curl(466).jpg,BDPapayaLeaf/Original Images/Curl/Curl(466).jpg,Curl(466).jpg,Curl(466),curl(466),.jpg,114446,False,640,480,16a73d11a003e403267df25ace544d9372394c1c,8ef508ade00ff683,
image,Curl,Curl,/content/drive/MyDrive/Papaya_Leaf_Disease_Classification/BDPapayaLeaf/Original Images/Curl/Curl(467).jpg,BDPapayaLeaf/Original Images/Curl/Curl(467).jpg,Curl(467).jpg,Curl(467),curl(467),.jpg,106871,False,640,480,6e86fda8a49613fc8a726d0b68bd41953b57a6cb,acf2b5f24b056345,
image,Curl,Curl,/content/drive/MyDrive/Papaya_Leaf_Disease_Classification/BDPapayaLeaf/Original Images/Curl/Curl(468).jpg,BDPapayaLeaf/Original Images/Curl/Curl(468).jpg,Curl(468).jpg,Curl(468),curl(468),.jpg,123584,False,640,480,816c772e3da989c2ee1cdaa7db1fbaa32d83c3cc,acd90d2db4107af3,
image,Curl,Curl,/content/drive/MyDrive/Papaya_Leaf_Disease_Classification/BDPapayaLeaf/Original Images/Curl/Curl(469).jpg,BDPapayaLeaf/Original Images/Curl/Curl(469).jpg,Curl(469).jpg,Curl(469),curl(469),.jpg,116359,False,640,480,feb044ce8c0741a6dbfd74a8bc062ca562866b94,ae996892af7e9224,
image,Curl,Curl,/content/drive/MyDrive/Papaya_Leaf_Disease_Classification/BDPapayaLeaf/Original Images/Curl/Curl(47).jpg,BDPapayaLeaf/Original Images/Curl/Curl(47).jpg,Curl(47).jpg,Curl(47),curl(47),.jpg,100984,False,640,480,85e363daeb7c7bd43883982a15276698dba1a4c5,c7a5929115783c7b,
image,Curl,Curl,/content/drive/MyDrive/Papaya_Leaf_Disease_Classification/BDPapayaLeaf/Original Images/Curl/Curl(470).jpg,BDPapayaLeaf/Original Images/Curl/Curl(470).jpg,Curl(470).jpg,Curl(470),curl(470),.jpg,126090,False,640,480,0656f1c6deb319907c07a3a29d7f8d47ff18af09,8cbdbb90715a4e94,
image,Curl,Curl,/content/drive/MyDrive/Papaya_Leaf_Disease_Classification/BDPapayaLeaf/Original Images/Curl/Curl(471).jpg,BDPapayaLeaf/Original Images/Curl/Curl(471).jpg,Curl(471).jpg,Curl(471),curl(471),.jpg,106439,False,640,480,2a466a877b7ba43a6352bf05e230733099f4c954,accc26a627e598d5,
image,Curl,Curl,/content/drive/MyDrive/Papaya_Leaf_Disease_Classification/BDPapayaLeaf/Original Images/Curl/Curl(472).jpg,BDPapayaLeaf/Original Images/Curl/Curl(472).jpg,Curl(472).jpg,Curl(472),curl(472),.jpg,111761,False,640,480,88eba08697f7552ff9e709160e490f389662a2cd,9fcb4a6854a670bc,
image,Curl,Curl,/content/drive/MyDrive/Papaya_Leaf_Disease_Classification/BDPapayaLeaf/Original Images/Curl/Curl(473).jpg,BDPapayaLeaf/Original Images/Curl/Curl(473).jpg,Curl(473).jpg,Curl(473),curl(473),.jpg,130275,False,640,480,e075d4d5eb6f7e9e8f46e9de3610f367f6514aac,fe80c0953d5e46b6,
image,Curl,Curl,/content/drive/MyDrive/Papaya_Leaf_Disease_Classification/BDPapayaLeaf/Original Images/Curl/Curl(474).jpg,BDPapayaLeaf/Original Images/Curl/Curl(474).jpg,Curl(474).jpg,Curl(474),curl(474),.jpg,95377,False,640,480,4b209003df6f81dc79938c6f89e030ad17704de4,eb8543ea22559755,
image,Curl,Curl,/content/drive/MyDrive/Papaya_Leaf_Disease_Classification/BDPapayaLeaf/Original Images/Curl/Curl(475).jpg,BDPapayaLeaf/Original Images/Curl/Curl(475).jpg,Curl(475).jpg,Curl(475),curl(475),.jpg,104637,False,640,480,0f30ea043225686565b70f16a819ee457c7a5dee,9ac5064b860e6faf,
image,Curl,Curl,/content/drive/MyDrive/Papaya_Leaf_Disease_Classification/BDPapayaLeaf/Original Images/Curl/Curl(476).jpg,BDPapayaLeaf/Original Images/Curl/Curl(476).jpg,Curl(476).jpg,Curl(476),curl(476),.jpg,138863,False,640,480,e4751e07772d8405f735621f9e29a6d59a6255a0,a981ad96722b3367,
image,Curl,Curl,/content/drive/MyDrive/Papaya_Leaf_Disease_Classification/BDPapayaLeaf/Original Images/Curl/Curl(477).jpg,BDPapayaLeaf/Original Images/Curl/Curl(477).jpg,Curl(477).jpg,Curl(477),curl(477),.jpg,119821,False,640,480,1eef794763f8498c20b2b7d6b5d84652e2c09897,b1c4d1999b126ee5,
image,Curl,Curl,/content/drive/MyDrive/Papaya_Leaf_Disease_Classification/BDPapayaLeaf/Original Images/Curl/Curl(478).jpg,BDPapayaLeaf/Original Images/Curl/Curl(478).jpg,Curl(478).jpg,Curl(478),curl(478),.jpg,124752,False,640,480,2273b4d091bd837f0092908e2487e849b9eab614,8fa0ff86f115944a,
image,Curl,Curl,/content/drive/MyDrive/Papaya_Leaf_Disease_Classification/BDPapayaLeaf/Original Images/Curl/Curl(479).jpg,BDPapayaLeaf/Original Images/Curl/Curl(479).jpg,Curl(479).jpg,Curl(479),curl(479),.jpg,124514,False,640,480,4567adf88aa50d0fc2ec0430c3f68e2d35a4f830,9e406a4d05da57fa,
image,Curl,Curl,/content/drive/MyDrive/Papaya_Leaf_Disease_Classification/BDPapayaLeaf/Original Images/Curl/Curl(48).jpg,BDPapayaLeaf/Original Images/Curl/Curl(48).jpg,Curl(48).jpg,Curl(48),curl(48),.jpg,80470,False,640,480,4669705832a8d8268e8d24ed83c175fc638e371b,b586e529a6cbc472,
image,Curl,Curl,/content/drive/MyDrive/Papaya_Leaf_Disease_Classification/BDPapayaLeaf/Original Images/Curl/Curl(480).jpg,BDPapayaLeaf/Original Images/Curl/Curl(480).jpg,Curl(480).jpg,Curl(480),curl(480),.jpg,116499,False,640,480,ba6b4beec22336e71c6e1631270a222c32d267eb,80e30b175ba8f0fd,
image,Curl,Curl,/content/drive/MyDrive/Papaya_Leaf_Disease_Classification/BDPapayaLeaf/Original Images/Curl/Curl(481).jpg,BDPapayaLeaf/Original Images/Curl/Curl(481).jpg,Curl(481).jpg,Curl(481),curl(481),.jpg,109929,False,640,480,0f4fc1c4e81cbbc4ef41172432831323ff44d653,dfd17b8b6a646440,
image,Curl,Curl,/content/drive/MyDrive/Papaya_Leaf_Disease_Classification/BDPapayaLeaf/Original Images/Curl/Curl(482).jpg,BDPapayaLeaf/Original Images/Curl/Curl(482).jpg,Curl(482).jpg,Curl(482),curl(482),.jpg,114090,False,640,480,50aa7aa2bed30a680a6a3efd79afd87e3008d180,97d3794407dcaf40,
image,Curl,Curl,/content/drive/MyDrive/Papaya_Leaf_Disease_Classification/BDPapayaLeaf/Original Images/Curl/Curl(483).jpg,BDPapayaLeaf/Original Images/Curl/Curl(483).jpg,Curl(483).jpg,Curl(483),curl(483),.jpg,118664,False,640,480,4fe5fe1e6669859ae14e1642ac67659cdc7f705a,acc4127aaabb7c38,
image,Curl,Curl,/content/drive/MyDrive/Papaya_Leaf_Disease_Classification/BDPapayaLeaf/Original Images/Curl/Curl(484).jpg,BDPapayaLeaf/Original Images/Curl/Curl(484).jpg,Curl(484).jpg,Curl(484),curl(484),.jpg,116958,False,640,480,d72be1aee5c03ea8eb2d9bd5bdf98e1ea2718188,aacaac0dd56aab15,
image,Curl,Curl,/content/drive/MyDrive/Papaya_Leaf_Disease_Classification/BDPapayaLeaf/Original Images/Curl/Curl(485).jpg,BDPapayaLeaf/Original Images/Curl/Curl(485).jpg,Curl(485).jpg,Curl(485),curl(485),.jpg,119897,False,640,480,c494dcda1e7c81f044ff54f1391e364742f5322b,ace8b552faeb2501,
image,Curl,Curl,/content/drive/MyDrive/Papaya_Leaf_Disease_Classification/BDPapayaLeaf/Original Images/Curl/Curl(486).jpg,BDPapayaLeaf/Original Images/Curl/Curl(486).jpg,Curl(486).jpg,Curl(486),curl(486),.jpg,118253,False,640,480,48d5e4f99ae4dda113c25dc909dbbefcf793a9b2,aec045eb863455fa,
image,Curl,Curl,/content/drive/MyDrive/Papaya_Leaf_Disease_Classification/BDPapayaLeaf/Original Images/Curl/Curl(487).jpg,BDPapayaLeaf/Original Images/Curl/Curl(487).jpg,Curl(487).jpg,Curl(487),curl(487),.jpg,118968,False,640,480,6e511429336114a30a1111e10a9cab6a2269e3d1,afd2e0c2916be913,
image,Curl,Curl,/content/drive/MyDrive/Papaya_Leaf_Disease_Classification/BDPapayaLeaf/Original Images/Curl/Curl(488).jpg,BDPapayaLeaf/Original Images/Curl/Curl(488).jpg,Curl(488).jpg,Curl(488),curl(488),.jpg,117438,False,640,480,640dd83a5ae26dbbfe500b826bb3ccf2e0785f75,bcd0ca9f2be90075,
image,Curl,Curl,/content/drive/MyDrive/Papaya_Leaf_Disease_Classification/BDPapayaLeaf/Original Images/Curl/Curl(489).jpg,BDPapayaLeaf/Original Images/Curl/Curl(489).jpg,Curl(489).jpg,Curl(489),curl(489),.jpg,114290,False,640,480,e7400f3b929d9cc9804b75da06e07b77c579a32c,ff1f5d5182ce2098,
image,Curl,Curl,/content/drive/MyDrive/Papaya_Leaf_Disease_Classification/BDPapayaLeaf/Original Images/Curl/Curl(49).jpg,BDPapayaLeaf/Original Images/Curl/Curl(49).jpg,Curl(49).jpg,Curl(49),curl(49),.jpg,90883,False,640,480,bcbf39e5b51169850e80021622e1b84f274ed535,a9ce933bb231a2a3,
image,Curl,Curl,/content/drive/MyDrive/Papaya_Leaf_Disease_Classification/BDPapayaLeaf/Original Images/Curl/Curl(490).jpg,BDPapayaLeaf/Original Images/Curl/Curl(490).jpg,Curl(490).jpg,Curl(490),curl(490),.jpg,108418,False,640,480,21a8c1c6f1993e701dafb91effa3327b897deb36,eb97978e1ac0c523,
image,Curl,Curl,/content/drive/MyDrive/Papaya_Leaf_Disease_Classification/BDPapayaLeaf/Original Images/Curl/Curl(491).jpg,BDPapayaLeaf/Original Images/Curl/Curl(491).jpg,Curl(491).jpg,Curl(491),curl(491),.jpg,112514,False,640,480,59db11f866578aa6cb49e5dccfcd89382fc3b094,dcc003955a0bbf2f,
image,Curl,Curl,/content/drive/MyDrive/Papaya_Leaf_Disease_Classification/BDPapayaLeaf/Original Images/Curl/Curl(492).jpg,BDPapayaLeaf/Original Images/Curl/Curl(492).jpg,Curl(492).jpg,Curl(492),curl(492),.jpg,120743,False,640,480,30a2f8c4609ca0a6632e01ea16ec7e328194a847,f8d878d1f1211375,
image,Curl,Curl,/content/drive/MyDrive/Papaya_Leaf_Disease_Classification/BDPapayaLeaf/Original Images/Curl/Curl(493).jpg,BDPapayaLeaf/Original Images/Curl/Curl(493).jpg,Curl(493).jpg,Curl(493),curl(493),.jpg,86604,False,640,480,da512a19f60ff04a7edb92d379d9f3fec01c1e40,8b97b6092a0dbed4,
image,Curl,Curl,/content/drive/MyDrive/Papaya_Leaf_Disease_Classification/BDPapayaLeaf/Original Images/Curl/Curl(494).jpg,BDPapayaLeaf/Original Images/Curl/Curl(494).jpg,Curl(494).jpg,Curl(494),curl(494),.jpg,96261,False,640,480,c6fa07916f476bbe9a97646e85b8a6e9805aad9a,bbb8ea2bb8e046a4,
image,Curl,Curl,/content/drive/MyDrive/Papaya_Leaf_Disease_Classification/BDPapayaLeaf/Original Images/Curl/Curl(495).jpg,BDPapayaLeaf/Original Images/Curl/Curl(495).jpg,Curl(495).jpg,Curl(495),curl(495),.jpg,98979,False,640,480,95995b5a8bc5b1b57146fdf438a5ee33fb09715e,abf8a5420d3e10ef,
image,Curl,Curl,/content/drive/MyDrive/Papaya_Leaf_Disease_Classification/BDPapayaLeaf/Original Images/Curl/Curl(496).jpg,BDPapayaLeaf/Original Images/Curl/Curl(496).jpg,Curl(496).jpg,Curl(496),curl(496),.jpg,107504,False,640,480,cda8a7c6d17aa90dac8e22c8500a471ef1cf0da6,c95d54f7f2f0a030,
image,Curl,Curl,/content/drive/MyDrive/Papaya_Leaf_Disease_Classification/BDPapayaLeaf/Original Images/Curl/Curl(497).jpg,BDPapayaLeaf/Original Images/Curl/Curl(497).jpg,Curl(497).jpg,Curl(497),curl(497),.jpg,81761,False,640,480,479c8cdb524a4aae1eaa85a860a3487022c6502f,8a9fb507464ab83d,
image,Curl,Curl,/content/drive/MyDrive/Papaya_Leaf_Disease_Classification/BDPapayaLeaf/Original Images/Curl/Curl(498).jpg,BDPapayaLeaf/Original Images/Curl/Curl(498).jpg,Curl(498).jpg,Curl(498),curl(498),.jpg,124769,False,640,480,c591edd99277f8fc5fc70f41f1bfe51d1fe1265c,f6938a6b48d69525,
image,Curl,Curl,/content/drive/MyDrive/Papaya_Leaf_Disease_Classification/BDPapayaLeaf/Original Images/Curl/Curl(499).jpg,BDPapayaLeaf/Original Images/Curl/Curl(499).jpg,Curl(499).jpg,Curl(499),curl(499),.jpg,122985,False,640,480,2defe29183dd93c2d2467ace311c1bf1db82ac6d,fee78091684e84bb,
image,Curl,Curl,/content/drive/MyDrive/Papaya_Leaf_Disease_Classification/BDPapayaLeaf/Original Images/Curl/Curl(5).jpg,BDPapayaLeaf/Original Images/Curl/Curl(5).jpg,Curl(5).jpg,Curl(5),curl(5),.jpg,108412,False,640,480,5379ea149b4e6830613748e306fe9346c09b7da9,8798d18bfa564ad4,
image,Curl,Curl,/content/drive/MyDrive/Papaya_Leaf_Disease_Classification/BDPapayaLeaf/Original Images/Curl/Curl(50).jpg,BDPapayaLeaf/Original Images/Curl/Curl(50).jpg,Curl(50).jpg,Curl(50),curl(50),.jpg,108996,False,640,480,d4f687aaa6dbba1ea0dce130ca4324d6377afa0d,afaabbe88e0328f0,
image,Curl,Curl,/content/drive/MyDrive/Papaya_Leaf_Disease_Classification/BDPapayaLeaf/Original Images/Curl/Curl(500).jpg,BDPapayaLeaf/Original Images/Curl/Curl(500).jpg,Curl(500).jpg,Curl(500),curl(500),.jpg,127182,False,640,480,6ad7e87385fd777ddd7c5ec47533b608b69c3143,e7d790d2dc263780,
image,Curl,Curl,/content/drive/MyDrive/Papaya_Leaf_Disease_Classification/BDPapayaLeaf/Original Images/Curl/Curl(501).jpg,BDPapayaLeaf/Original Images/Curl/Curl(501).jpg,Curl(501).jpg,Curl(501),curl(501),.jpg,110317,False,640,480,526e79eb2ac8109c30c073c06c3f4e3abc4556df,c9b7a9fc84134b2c,
image,Curl,Curl,/content/drive/MyDrive/Papaya_Leaf_Disease_Classification/BDPapayaLeaf/Original Images/Curl/Curl(502).jpg,BDPapayaLeaf/Original Images/Curl/Curl(502).jpg,Curl(502).jpg,Curl(502),curl(502),.jpg,110169,False,640,480,fb3755726c4d962be2b2c330239357f1aaef9fba,eb8f15d0925318fc,
image,Curl,Curl,/content/drive/MyDrive/Papaya_Leaf_Disease_Classification/BDPapayaLeaf/Original Images/Curl/Curl(503).jpg,BDPapayaLeaf/Original Images/Curl/Curl(503).jpg,Curl(503).jpg,Curl(503),curl(503),.jpg,135748,False,640,480,ac16568bd3640b64d428a09a9f0047501e34605d,9ce843c1ff060bb6,
image,Curl,Curl,/content/drive/MyDrive/Papaya_Leaf_Disease_Classification/BDPapayaLeaf/Original Images/Curl/Curl(504).jpg,BDPapayaLeaf/Original Images/Curl/Curl(504).jpg,Curl(504).jpg,Curl(504),curl(504),.jpg,113498,False,640,480,7b19148042a6d46992b35fa9b67bb6e1bed6738b,f72f404051cfa94f,
image,Curl,Curl,/content/drive/MyDrive/Papaya_Leaf_Disease_Classification/BDPapayaLeaf/Original Images/Curl/Curl(505).jpg,BDPapayaLeaf/Original Images/Curl/Curl(505).jpg,Curl(505).jpg,Curl(505),curl(505),.jpg,122027,False,640,480,0b30766c16ae3579c6505534b9f4dded8094c260,d0e4940abad8ddf8,
image,Curl,Curl,/content/drive/MyDrive/Papaya_Leaf_Disease_Classification/BDPapayaLeaf/Original Images/Curl/Curl(506).jpg,BDPapayaLeaf/Original Images/Curl/Curl(506).jpg,Curl(506).jpg,Curl(506),curl(506),.jpg,123234,False,640,480,ab89f1cf9f9edf9284c0b5df2b7d6976ea7dfced,a4985d86d873ae59,
image,Curl,Curl,/content/drive/MyDrive/Papaya_Leaf_Disease_Classification/BDPapayaLeaf/Original Images/Curl/Curl(507).jpg,BDPapayaLeaf/Original Images/Curl/Curl(507).jpg,Curl(507).jpg,Curl(507),curl(507),.jpg,112540,False,640,480,c1d6d9411439119d04519643ed4c240fc534249a,8ee1e5071c92e9f4,
image,Curl,Curl,/content/drive/MyDrive/Papaya_Leaf_Disease_Classification/BDPapayaLeaf/Original Images/Curl/Curl(508).jpg,BDPapayaLeaf/Original Images/Curl/Curl(508).jpg,Curl(508).jpg,Curl(508),curl(508),.jpg,129295,False,640,480,26c4c06d1a276a40f9d3e44718899891efff12b4,894cce5eb83146be,
image,Curl,Curl,/content/drive/MyDrive/Papaya_Leaf_Disease_Classification/BDPapayaLeaf/Original Images/Curl/Curl(509).jpg,BDPapayaLeaf/Original Images/Curl/Curl(509).jpg,Curl(509).jpg,Curl(509),curl(509),.jpg,136410,False,640,480,4dcf65afb687c514628111d6ec495b9f3526dda0,a5b5d6f1b0268cd4,
image,Curl,Curl,/content/drive/MyDrive/Papaya_Leaf_Disease_Classification/BDPapayaLeaf/Original Images/Curl/Curl(51).jpg,BDPapayaLeaf/Original Images/Curl/Curl(51).jpg,Curl(51).jpg,Curl(51),curl(51),.jpg,85023,False,640,480,3d7a6eb8e527922012fd782609277be57b5c9170,830b72d3b23e0fca,
image,Curl,Curl,/content/drive/MyDrive/Papaya_Leaf_Disease_Classification/BDPapayaLeaf/Original Images/Curl/Curl(510).jpg,BDPapayaLeaf/Original Images/Curl/Curl(510).jpg,Curl(510).jpg,Curl(510),curl(510),.jpg,110196,False,640,480,6cc643061e68f826e368b6251c61cce096ac1029,8fc3bcd5f062588a,
image,Curl,Curl,/content/drive/MyDrive/Papaya_Leaf_Disease_Classification/BDPapayaLeaf/Original Images/Curl/Curl(511).jpg,BDPapayaLeaf/Original Images/Curl/Curl(511).jpg,Curl(511).jpg,Curl(511),curl(511),.jpg,120475,False,640,480,8323b566385db5d9320faa8269f5624b64c79b9b,a6b385b0faa4b865,
image,Curl,Curl,/content/drive/MyDrive/Papaya_Leaf_Disease_Classification/BDPapayaLeaf/Original Images/Curl/Curl(512).jpg,BDPapayaLeaf/Original Images/Curl/Curl(512).jpg,Curl(512).jpg,Curl(512),curl(512),.jpg,108918,False,640,480,ba68c02ca84c6c1386cee38d5bfc491a4c4f4819,86a1d7f7e86516a0,
image,Curl,Curl,/content/drive/MyDrive/Papaya_Leaf_Disease_Classification/BDPapayaLeaf/Original Images/Curl/Curl(513).jpg,BDPapayaLeaf/Original Images/Curl/Curl(513).jpg,Curl(513).jpg,Curl(513),curl(513),.jpg,117492,False,640,480,8701208fd238e429a0b144e2e9e15c0d11dbc85d,eab64b02a6175bd1,
image,Curl,Curl,/content/drive/MyDrive/Papaya_Leaf_Disease_Classification/BDPapayaLeaf/Original Images/Curl/Curl(514).jpg,BDPapayaLeaf/Original Images/Curl/Curl(514).jpg,Curl(514).jpg,Curl(514),curl(514),.jpg,94716,False,640,480,6bb5a11a49c49cacffd8e968cef92f81e8766554,8251ebaa2fb584ae,
image,Curl,Curl,/content/drive/MyDrive/Papaya_Leaf_Disease_Classification/BDPapayaLeaf/Original Images/Curl/Curl(515).jpg,BDPapayaLeaf/Original Images/Curl/Curl(515).jpg,Curl(515).jpg,Curl(515),curl(515),.jpg,120466,False,640,480,4e5c2ecd7211493ad5d2acaee10ddc3c02b0967c,bfd50b579d80262c,
image,Curl,Curl,/content/drive/MyDrive/Papaya_Leaf_Disease_Classification/BDPapayaLeaf/Original Images/Curl/Curl(516).jpg,BDPapayaLeaf/Original Images/Curl/Curl(516).jpg,Curl(516).jpg,Curl(516),curl(516),.jpg,126609,False,640,480,170076dfe567e56c82f095ae8adee8cb2fe77d6f,a3ec5c285aae2eb2,
image,Curl,Curl,/content/drive/MyDrive/Papaya_Leaf_Disease_Classification/BDPapayaLeaf/Original Images/Curl/Curl(517).jpg,BDPapayaLeaf/Original Images/Curl/Curl(517).jpg,Curl(517).jpg,Curl(517),curl(517),.jpg,99499,False,640,480,3ad88f92eef8cfe4424008caf94a13428f0ed539,ee55a24a4b7d03ac,
image,Curl,Curl,/content/drive/MyDrive/Papaya_Leaf_Disease_Classification/BDPapayaLeaf/Original Images/Curl/Curl(518).jpg,BDPapayaLeaf/Original Images/Curl/Curl(518).jpg,Curl(518).jpg,Curl(518),curl(518),.jpg,99436,False,640,480,379980e2d8f235e8e3d5a37fba0ac6818802cdf9,beeb9a9d9500486d,
image,Curl,Curl,/content/drive/MyDrive/Papaya_Leaf_Disease_Classification/BDPapayaLeaf/Original Images/Curl/Curl(519).jpg,BDPapayaLeaf/Original Images/Curl/Curl(519).jpg,Curl(519).jpg,Curl(519),curl(519),.jpg,111309,False,640,480,23d7187dca1f01416977941e545008a54e9e7437,abc8812d5ebf283c,
image,Curl,Curl,/content/drive/MyDrive/Papaya_Leaf_Disease_Classification/BDPapayaLeaf/Original Images/Curl/Curl(52).jpg,BDPapayaLeaf/Original Images/Curl/Curl(52).jpg,Curl(52).jpg,Curl(52),curl(52),.jpg,95646,False,640,480,5134293400489d1507f5238352d5902cc5fcc306,cdb8751c83ce1bb0,
image,Curl,Curl,/content/drive/MyDrive/Papaya_Leaf_Disease_Classification/BDPapayaLeaf/Original Images/Curl/Curl(520).jpg,BDPapayaLeaf/Original Images/Curl/Curl(520).jpg,Curl(520).jpg,Curl(520),curl(520),.jpg,108881,False,640,480,fccb94bc14cd997c2d8b7cc74c8f82b3af20a954,f1534f2e1e5808ee,
image,Curl,Curl,/content/drive/MyDrive/Papaya_Leaf_Disease_Classification/BDPapayaLeaf/Original Images/Curl/Curl(521).jpg,BDPapayaLeaf/Original Images/Curl/Curl(521).jpg,Curl(521).jpg,Curl(521),curl(521),.jpg,115702,False,640,480,e2c50aafc599f63516021cb1e88488b2857c4245,b0584a68fda5cb53,
image,Curl,Curl,/content/drive/MyDrive/Papaya_Leaf_Disease_Classification/BDPapayaLeaf/Original Images/Curl/Curl(522).jpg,BDPapayaLeaf/Original Images/Curl/Curl(522).jpg,Curl(522).jpg,Curl(522),curl(522),.jpg,90430,False,640,480,ce226e02c78ebcabe701a34cc8a23ae46a891795,aa95ac50567afaa1,
image,Curl,Curl,/content/drive/MyDrive/Papaya_Leaf_Disease_Classification/BDPapayaLeaf/Original Images/Curl/Curl(523).jpg,BDPapayaLeaf/Original Images/Curl/Curl(523).jpg,Curl(523).jpg,Curl(523),curl(523),.jpg,98983,False,640,480,641ce00d6498a6fb208bf7a9c777a7dba8b049ac,abbf94b24891274d,
image,Curl,Curl,/content/drive/MyDrive/Papaya_Leaf_Disease_Classification/BDPapayaLeaf/Original Images/Curl/Curl(524).jpg,BDPapayaLeaf/Original Images/Curl/Curl(524).jpg,Curl(524).jpg,Curl(524),curl(524),.jpg,113828,False,640,480,6c4d4d803ad988677cb0a03f3906435dbf06137a,a1fc5655d87a6a48,
image,Curl,Curl,/content/drive/MyDrive/Papaya_Leaf_Disease_Classification/BDPapayaLeaf/Original Images/Curl/Curl(525).jpg,BDPapayaLeaf/Original Images/Curl/Curl(525).jpg,Curl(525).jpg,Curl(525),curl(525),.jpg,129007,False,640,480,a7d8e5ed5b47aba55c50cffcf174b13d96f4ac12,a9832d071f6efac0,
image,Curl,Curl,/content/drive/MyDrive/Papaya_Leaf_Disease_Classification/BDPapayaLeaf/Original Images/Curl/Curl(526).jpg,BDPapayaLeaf/Original Images/Curl/Curl(526).jpg,Curl(526).jpg,Curl(526),curl(526),.jpg,133054,False,640,480,e743bcd826c34debc36299a2a4061a9f04257dcc,daf92bcb80c3fe00,
image,Curl,Curl,/content/drive/MyDrive/Papaya_Leaf_Disease_Classification/BDPapayaLeaf/Original Images/Curl/Curl(527).jpg,BDPapayaLeaf/Original Images/Curl/Curl(527).jpg,Curl(527).jpg,Curl(527),curl(527),.jpg,123372,False,640,480,592a45dbc1198cf2d8c579a6533aa29c6c739f97,aeb4da40070f7d3c,
image,Curl,Curl,/content/drive/MyDrive/Papaya_Leaf_Disease_Classification/BDPapayaLeaf/Original Images/Curl/Curl(528).jpg,BDPapayaLeaf/Original Images/Curl/Curl(528).jpg,Curl(528).jpg,Curl(528),curl(528),.jpg,121817,False,640,480,897ac742fea356040cd716661066711d020d650d,a8c2d1d5311cf36d,
image,Curl,Curl,/content/drive/MyDrive/Papaya_Leaf_Disease_Classification/BDPapayaLeaf/Original Images/Curl/Curl(529).jpg,BDPapayaLeaf/Original Images/Curl/Curl(529).jpg,Curl(529).jpg,Curl(529),curl(529),.jpg,124100,False,640,480,c7224502e264edbba2dd4f86fa17ae534a51e3fd,f6a162e2870616bf,
image,Curl,Curl,/content/drive/MyDrive/Papaya_Leaf_Disease_Classification/BDPapayaLeaf/Original Images/Curl/Curl(53).jpg,BDPapayaLeaf/Original Images/Curl/Curl(53).jpg,Curl(53).jpg,Curl(53),curl(53),.jpg,93523,False,640,480,a72426322c0fc1109a10c8ea64df7476250a791b,bb4d7db6a33008c9,
image,Curl,Curl,/content/drive/MyDrive/Papaya_Leaf_Disease_Classification/BDPapayaLeaf/Original Images/Curl/Curl(530).jpg,BDPapayaLeaf/Original Images/Curl/Curl(530).jpg,Curl(530).jpg,Curl(530),curl(530),.jpg,119589,False,640,480,96b5cddbbefa7978c0965b4cc3ebab4d15f9c529,ae8ab7abd187d082,
image,Curl,Curl,/content/drive/MyDrive/Papaya_Leaf_Disease_Classification/BDPapayaLeaf/Original Images/Curl/Curl(531).jpg,BDPapayaLeaf/Original Images/Curl/Curl(531).jpg,Curl(531).jpg,Curl(531),curl(531),.jpg,112260,False,640,480,dbf2a82ed554f5312f2946e6568e0f0e554fd703,b6cad890b2e5e43c,
image,Curl,Curl,/content/drive/MyDrive/Papaya_Leaf_Disease_Classification/BDPapayaLeaf/Original Images/Curl/Curl(532).jpg,BDPapayaLeaf/Original Images/Curl/Curl(532).jpg,Curl(532).jpg,Curl(532),curl(532),.jpg,123446,False,640,480,e1d2830950c4883f1bbbf8ce5e4f235ea473b2ab,86cf3f6a5afd2200,
image,Curl,Curl,/content/drive/MyDrive/Papaya_Leaf_Disease_Classification/BDPapayaLeaf/Original Images/Curl/Curl(533).jpg,BDPapayaLeaf/Original Images/Curl/Curl(533).jpg,Curl(533).jpg,Curl(533),curl(533),.jpg,123525,False,640,480,c711df5067ad53f749f8c5ea8bca5a42c1d00444,f98d3494c28af2c7,
image,Curl,Curl,/content/drive/MyDrive/Papaya_Leaf_Disease_Classification/BDPapayaLeaf/Original Images/Curl/Curl(534).jpg,BDPapayaLeaf/Original Images/Curl/Curl(534).jpg,Curl(534).jpg,Curl(534),curl(534),.jpg,140022,False,640,480,5827657b9a42e953f1354e610fec68ceda900c9d,c32b5459ac9295db,
image,Curl,Curl,/content/drive/MyDrive/Papaya_Leaf_Disease_Classification/BDPapayaLeaf/Original Images/Curl/Curl(535).jpg,BDPapayaLeaf/Original Images/Curl/Curl(535).jpg,Curl(535).jpg,Curl(535),curl(535),.jpg,130279,False,640,480,da921ccfe529dd2508c31abd1cda8bbc915a12f8,e6dad4adbc0c051d,
image,Curl,Curl,/content/drive/MyDrive/Papaya_Leaf_Disease_Classification/BDPapayaLeaf/Original Images/Curl/Curl(536).jpg,BDPapayaLeaf/Original Images/Curl/Curl(536).jpg,Curl(536).jpg,Curl(536),curl(536),.jpg,128449,False,640,480,2ce3fc0931a6a2e598e115b1ffdd38e219c63236,abb17181b66d8656,
image,Curl,Curl,/content/drive/MyDrive/Papaya_Leaf_Disease_Classification/BDPapayaLeaf/Original Images/Curl/Curl(537).jpg,BDPapayaLeaf/Original Images/Curl/Curl(537).jpg,Curl(537).jpg,Curl(537),curl(537),.jpg,130137,False,640,480,f78de31395cfc432c4ec74fa2c0eba53e0dcd9ba,f5e9a1e1850faa8a,
image,Curl,Curl,/content/drive/MyDrive/Papaya_Leaf_Disease_Classification/BDPapayaLeaf/Original Images/Curl/Curl(538).jpg,BDPapayaLeaf/Original Images/Curl/Curl(538).jpg,Curl(538).jpg,Curl(538),curl(538),.jpg,89637,False,640,480,b28fb1666ec544af9706945ccd4dd47f97a78b2c,ad808b12ce5aafad,
image,Curl,Curl,/content/drive/MyDrive/Papaya_Leaf_Disease_Classification/BDPapayaLeaf/Original Images/Curl/Curl(539).jpg,BDPapayaLeaf/Original Images/Curl/Curl(539).jpg,Curl(539).jpg,Curl(539),curl(539),.jpg,95097,False,640,480,3a7a9cfaa899cc8ad674c493cb92f61a3e926fee,ac8ba54dbd5478c2,
image,Curl,Curl,/content/drive/MyDrive/Papaya_Leaf_Disease_Classification/BDPapayaLeaf/Original Images/Curl/Curl(54).jpg,BDPapayaLeaf/Original Images/Curl/Curl(54).jpg,Curl(54).jpg,Curl(54),curl(54),.jpg,83419,False,640,480,00ac7a844cad94114f4d5a657fefe12df5dae27b,caa104d03264fffe,
image,Curl,Curl,/content/drive/MyDrive/Papaya_Leaf_Disease_Classification/BDPapayaLeaf/Original Images/Curl/Curl(540).jpg,BDPapayaLeaf/Original Images/Curl/Curl(540).jpg,Curl(540).jpg,Curl(540),curl(540),.jpg,95026,False,640,480,5f8d251b94e53ce59bbff450e0eed186dfc3a6f1,ae82b7d6d55a2168,
image,Curl,Curl,/content/drive/MyDrive/Papaya_Leaf_Disease_Classification/BDPapayaLeaf/Original Images/Curl/Curl(541).jpg,BDPapayaLeaf/Original Images/Curl/Curl(541).jpg,Curl(541).jpg,Curl(541),curl(541),.jpg,107994,False,640,480,1553d71a95f9f6d575e549e418fda2a01fb6b62e,afc0f85283b794b4,
image,Curl,Curl,/content/drive/MyDrive/Papaya_Leaf_Disease_Classification/BDPapayaLeaf/Original Images/Curl/Curl(542).jpg,BDPapayaLeaf/Original Images/Curl/Curl(542).jpg,Curl(542).jpg,Curl(542),curl(542),.jpg,118360,False,640,480,5358a5afc601bcab62f742fe01520b8dc2738e74,fc871a0b49a5a96e,
image,Curl,Curl,/content/drive/MyDrive/Papaya_Leaf_Disease_Classification/BDPapayaLeaf/Original Images/Curl/Curl(543).jpg,BDPapayaLeaf/Original Images/Curl/Curl(543).jpg,Curl(543).jpg,Curl(543),curl(543),.jpg,95768,False,640,480,71bbbbdb88d1cdec76430a59c73f40b77f303b4b,9a87569ae9ae3849,
image,Curl,Curl,/content/drive/MyDrive/Papaya_Leaf_Disease_Classification/BDPapayaLeaf/Original Images/Curl/Curl(544).jpg,BDPapayaLeaf/Original Images/Curl/Curl(544).jpg,Curl(544).jpg,Curl(544),curl(544),.jpg,108186,False,640,480,6d25d0cb1f02020139d09e4ff08c88405526999e,aed5e8e161a6c686,
image,Curl,Curl,/content/drive/MyDrive/Papaya_Leaf_Disease_Classification/BDPapayaLeaf/Original Images/Curl/Curl(545).jpg,BDPapayaLeaf/Original Images/Curl/Curl(545).jpg,Curl(545).jpg,Curl(545),curl(545),.jpg,112534,False,640,480,f6fb983cb5ae8304e688bb7226310b0eb5e4784b,a08b3f1e10e6ff41,
image,Curl,Curl,/content/drive/MyDrive/Papaya_Leaf_Disease_Classification/BDPapayaLeaf/Original Images/Curl/Curl(546).jpg,BDPapayaLeaf/Original Images/Curl/Curl(546).jpg,Curl(546).jpg,Curl(546),curl(546),.jpg,111932,False,640,480,9c89e587d541eabf725536ad8cfad12c54ac54f2,cafd2de081fbe900,
image,Curl,Curl,/content/drive/MyDrive/Papaya_Leaf_Disease_Classification/BDPapayaLeaf/Original Images/Curl/Curl(547).jpg,BDPapayaLeaf/Original Images/Curl/Curl(547).jpg,Curl(547).jpg,Curl(547),curl(547),.jpg,97063,False,640,480,1e1a7d9fe505afedc56994af3ce06db4d09ea8dd,a983b2e1f6f0c20f,
image,Curl,Curl,/content/drive/MyDrive/Papaya_Leaf_Disease_Classification/BDPapayaLeaf/Original Images/Curl/Curl(548).jpg,BDPapayaLeaf/Original Images/Curl/Curl(548).jpg,Curl(548).jpg,Curl(548),curl(548),.jpg,126979,False,640,480,bf3a7ffc83b80e3784ccc797197f2d83514fbcf2,a6a69a411f4a7e65,
image,Curl,Curl,/content/drive/MyDrive/Papaya_Leaf_Disease_Classification/BDPapayaLeaf/Original Images/Curl/Curl(549).jpg,BDPapayaLeaf/Original Images/Curl/Curl(549).jpg,Curl(549).jpg,Curl(549),curl(549),.jpg,129621,False,640,480,75260579a08546902b13176c9b1951079b7298db,ba8ae0db96364ac6,
image,Curl,Curl,/content/drive/MyDrive/Papaya_Leaf_Disease_Classification/BDPapayaLeaf/Original Images/Curl/Curl(55).jpg,BDPapayaLeaf/Original Images/Curl/Curl(55).jpg,Curl(55).jpg,Curl(55),curl(55),.jpg,75725,False,640,480,29dcf10efe030b37668c2f5242bff6b81050aadc,ecc1479653869e33,
image,Curl,Curl,/content/drive/MyDrive/Papaya_Leaf_Disease_Classification/BDPapayaLeaf/Original Images/Curl/Curl(550).jpg,BDPapayaLeaf/Original Images/Curl/Curl(550).jpg,Curl(550).jpg,Curl(550),curl(550),.jpg,119198,False,640,480,c10b580c52d75ff947d968b41b050695e12b97ed,b6a366a606161fdc,
image,Curl,Curl,/content/drive/MyDrive/Papaya_Leaf_Disease_Classification/BDPapayaLeaf/Original Images/Curl/Curl(551).jpg,BDPapayaLeaf/Original Images/Curl/Curl(551).jpg,Curl(551).jpg,Curl(551),curl(551),.jpg,111793,False,640,480,5d85c09ec7a9db8f7fc61f2a11ac34beb0a975b4,eaffa22a38e9f001,
image,Curl,Curl,/content/drive/MyDrive/Papaya_Leaf_Disease_Classification/BDPapayaLeaf/Original Images/Curl/Curl(552).jpg,BDPapayaLeaf/Original Images/Curl/Curl(552).jpg,Curl(552).jpg,Curl(552),curl(552),.jpg,116758,False,640,480,2d1cbd6f5c267edd0ef956d6aa6728ca38f46668,eaf9c202c8651dfa,
image,Curl,Curl,/content/drive/MyDrive/Papaya_Leaf_Disease_Classification/BDPapayaLeaf/Original Images/Curl/Curl(553).jpg,BDPapayaLeaf/Original Images/Curl/Curl(553).jpg,Curl(553).jpg,Curl(553),curl(553),.jpg,112026,False,640,480,319c3109fe48e78b07a4e28f976844517a90fcb1,9ca4593df0c30bf8,
image,Curl,Curl,/content/drive/MyDrive/Papaya_Leaf_Disease_Classification/BDPapayaLeaf/Original Images/Curl/Curl(554).jpg,BDPapayaLeaf/Original Images/Curl/Curl(554).jpg,Curl(554).jpg,Curl(554),curl(554),.jpg,119136,False,640,480,0a9099bdbec5d7ecfec6715cd033ca2f18d6e336,b8e2631a48af2eba,
image,Curl,Curl,/content/drive/MyDrive/Papaya_Leaf_Disease_Classification/BDPapayaLeaf/Original Images/Curl/Curl(555).jpg,BDPapayaLeaf/Original Images/Curl/Curl(555).jpg,Curl(555).jpg,Curl(555),curl(555),.jpg,109479,False,640,480,a8984d8ebb4b3551ffc2bf18381d0435c1ec2de2,eedd7594d2c28446,
image,Curl,Curl,/content/drive/MyDrive/Papaya_Leaf_Disease_Classification/BDPapayaLeaf/Original Images/Curl/Curl(556).jpg,BDPapayaLeaf/Original Images/Curl/Curl(556).jpg,Curl(556).jpg,Curl(556),curl(556),.jpg,95578,False,640,480,61f00632e1328e1c16ed66d50c24c391c94bd9c1,bfcefd48e9412105,
image,Curl,Curl,/content/drive/MyDrive/Papaya_Leaf_Disease_Classification/BDPapayaLeaf/Original Images/Curl/Curl(557).jpg,BDPapayaLeaf/Original Images/Curl/Curl(557).jpg,Curl(557).jpg,Curl(557),curl(557),.jpg,112126,False,640,480,819a96187c8b6654300b83de68a58728a0be7b43,a6d8170727d1f067,
image,Curl,Curl,/content/drive/MyDrive/Papaya_Leaf_Disease_Classification/BDPapayaLeaf/Original Images/Curl/Curl(558).jpg,BDPapayaLeaf/Original Images/Curl/Curl(558).jpg,Curl(558).jpg,Curl(558),curl(558),.jpg,104820,False,640,480,f30b85fe7f78212cdc7c7130777fa5c63f008323,8bb0439678e34f3c,
image,Curl,Curl,/content/drive/MyDrive/Papaya_Leaf_Disease_Classification/BDPapayaLeaf/Original Images/Curl/Curl(559).jpg,BDPapayaLeaf/Original Images/Curl/Curl(559).jpg,Curl(559).jpg,Curl(559),curl(559),.jpg,109115,False,640,480,58be9f1a8b732208916be86e0fa252bb1c12044e,d3f44152c587a7aa,
image,Curl,Curl,/content/drive/MyDrive/Papaya_Leaf_Disease_Classification/BDPapayaLeaf/Original Images/Curl/Curl(56).jpg,BDPapayaLeaf/Original Images/Curl/Curl(56).jpg,Curl(56).jpg,Curl(56),curl(56),.jpg,114679,False,640,480,90c24560ec18ad7c23affaf425b48ecf7946f54c,9ccde0f1e24236f2,
image,Curl,Curl,/content/drive/MyDrive/Papaya_Leaf_Disease_Classification/BDPapayaLeaf/Original Images/Curl/Curl(560).jpg,BDPapayaLeaf/Original Images/Curl/Curl(560).jpg,Curl(560).jpg,Curl(560),curl(560),.jpg,115822,False,640,480,382768a0ac95ba3d4395867c6ff9abb3a069f55e,a2daac0a700ff4db,
image,Curl,Curl,/content/drive/MyDrive/Papaya_Leaf_Disease_Classification/BDPapayaLeaf/Original Images/Curl/Curl(561).jpg,BDPapayaLeaf/Original Images/Curl/Curl(561).jpg,Curl(561).jpg,Curl(561),curl(561),.jpg,108392,False,640,480,332af561fefcd2af4db054cd36394e1ec44f7b8a,ebc0dbda163089d3,
image,Curl,Curl,/content/drive/MyDrive/Papaya_Leaf_Disease_Classification/BDPapayaLeaf/Original Images/Curl/Curl(562).jpg,BDPapayaLeaf/Original Images/Curl/Curl(562).jpg,Curl(562).jpg,Curl(562),curl(562),.jpg,101153,False,640,480,07649ca2d20c96eacfd2a25e41049fcc088bb3e9,8dd55e4aab10f28b,
image,Curl,Curl,/content/drive/MyDrive/Papaya_Leaf_Disease_Classification/BDPapayaLeaf/Original Images/Curl/Curl(563).jpg,BDPapayaLeaf/Original Images/Curl/Curl(563).jpg,Curl(563).jpg,Curl(563),curl(563),.jpg,106860,False,640,480,dbb6dc5c8b06764102073551a1439a710450182e,f28ba5b0e0cc18df,
image,Curl,Curl,/content/drive/MyDrive/Papaya_Leaf_Disease_Classification/BDPapayaLeaf/Original Images/Curl/Curl(564).jpg,BDPapayaLeaf/Original Images/Curl/Curl(564).jpg,Curl(564).jpg,Curl(564),curl(564),.jpg,101750,False,640,480,00fbaf66c7c92b717090436da890ed101855a0da,9be0db848a2d7553,
image,Curl,Curl,/content/drive/MyDrive/Papaya_Leaf_Disease_Classification/BDPapayaLeaf/Original Images/Curl/Curl(565).jpg,BDPapayaLeaf/Original Images/Curl/Curl(565).jpg,Curl(565).jpg,Curl(565),curl(565),.jpg,95906,False,640,480,d726a2dd725ad997ffc04abcf9f196c6621f2a7e,8af5e1843e12c3f6,
image,Curl,Curl,/content/drive/MyDrive/Papaya_Leaf_Disease_Classification/BDPapayaLeaf/Original Images/Curl/Curl(566).jpg,BDPapayaLeaf/Original Images/Curl/Curl(566).jpg,Curl(566).jpg,Curl(566),curl(566),.jpg,103333,False,640,480,c18cec6608457a6fe209bab0354de7ed66bc3576,bf56a83ac1a53592,
image,Curl,Curl,/content/drive/MyDrive/Papaya_Leaf_Disease_Classification/BDPapayaLeaf/Original Images/Curl/Curl(567).jpg,BDPapayaLeaf/Original Images/Curl/Curl(567).jpg,Curl(567).jpg,Curl(567),curl(567),.jpg,86937,False,640,480,3fd247cbbebe48c25a3106539c521782cf27e4c9,d63deab004d2c2fa,
image,Curl,Curl,/content/drive/MyDrive/Papaya_Leaf_Disease_Classification/BDPapayaLeaf/Original Images/Curl/Curl(568).jpg,BDPapayaLeaf/Original Images/Curl/Curl(568).jpg,Curl(568).jpg,Curl(568),curl(568),.jpg,117437,False,640,480,33a910e8712a2d48e911ca7bd766e8c2380c94c9,b5531d20e54c6de9,
image,Curl,Curl,/content/drive/MyDrive/Papaya_Leaf_Disease_Classification/BDPapayaLeaf/Original Images/Curl/Curl(569).jpg,BDPapayaLeaf/Original Images/Curl/Curl(569).jpg,Curl(569).jpg,Curl(569),curl(569),.jpg,119413,False,640,480,9186fb318525156f5b86b956ffb186de024eedcd,cae9a5f5f0020f9a,
image,Curl,Curl,/content/drive/MyDrive/Papaya_Leaf_Disease_Classification/BDPapayaLeaf/Original Images/Curl/Curl(57).jpg,BDPapayaLeaf/Original Images/Curl/Curl(57).jpg,Curl(57).jpg,Curl(57),curl(57),.jpg,106497,False,640,480,9b8bea3628a27127de63bb563eb5938ee5a1ad6f,b292b6d40d1fd683,
image,Curl,Curl,/content/drive/MyDrive/Papaya_Leaf_Disease_Classification/BDPapayaLeaf/Original Images/Curl/Curl(570).jpg,BDPapayaLeaf/Original Images/Curl/Curl(570).jpg,Curl(570).jpg,Curl(570),curl(570),.jpg,111632,False,640,480,369942fd15a44377195e146d98ee98de1d817dbb,d98456024afdbf4a,
image,Curl,Curl,/content/drive/MyDrive/Papaya_Leaf_Disease_Classification/BDPapayaLeaf/Original Images/Curl/Curl(571).jpg,BDPapayaLeaf/Original Images/Curl/Curl(571).jpg,Curl(571).jpg,Curl(571),curl(571),.jpg,126151,False,640,480,41c128e838f076faee64ed8dee2b38d0752bc20b,afe9202f30a0f75a,
image,Curl,Curl,/content/drive/MyDrive/Papaya_Leaf_Disease_Classification/BDPapayaLeaf/Original Images/Curl/Curl(572).jpg,BDPapayaLeaf/Original Images/Curl/Curl(572).jpg,Curl(572).jpg,Curl(572),curl(572),.jpg,104877,False,640,480,4d076ebeb1c6a926585ccafff17bf58ff39565d3,aa0afa5afa69a8a8,
image,Curl,Curl,/content/drive/MyDrive/Papaya_Leaf_Disease_Classification/BDPapayaLeaf/Original Images/Curl/Curl(573).jpg,BDPapayaLeaf/Original Images/Curl/Curl(573).jpg,Curl(573).jpg,Curl(573),curl(573),.jpg,106207,False,640,480,76a0ed3c64ac3f628c60dc9f44f7edda03fb93b7,9ea978e1071e16b6,
image,Curl,Curl,/content/drive/MyDrive/Papaya_Leaf_Disease_Classification/BDPapayaLeaf/Original Images/Curl/Curl(574).jpg,BDPapayaLeaf/Original Images/Curl/Curl(574).jpg,Curl(574).jpg,Curl(574),curl(574),.jpg,89334,False,640,480,a6894a951aa8f7eb87c45c5947a4bab00461710f,8af14709adf51db0,
image,Curl,Curl,/content/drive/MyDrive/Papaya_Leaf_Disease_Classification/BDPapayaLeaf/Original Images/Curl/Curl(575).jpg,BDPapayaLeaf/Original Images/Curl/Curl(575).jpg,Curl(575).jpg,Curl(575),curl(575),.jpg,108770,False,640,480,578a3cde61a03aec926097f307ded59d576a2129,99b1564955ba4b5a,
image,Curl,Curl,/content/drive/MyDrive/Papaya_Leaf_Disease_Classification/BDPapayaLeaf/Original Images/Curl/Curl(576).jpg,BDPapayaLeaf/Original Images/Curl/Curl(576).jpg,Curl(576).jpg,Curl(576),curl(576),.jpg,116965,False,640,480,275542937377126f5cdce591007be2796c29d64b,bed41d5bad9980a1,
image,Curl,Curl,/content/drive/MyDrive/Papaya_Leaf_Disease_Classification/BDPapayaLeaf/Original Images/Curl/Curl(577).jpg,BDPapayaLeaf/Original Images/Curl/Curl(577).jpg,Curl(577).jpg,Curl(577),curl(577),.jpg,96924,False,640,480,a277530b2cdd0f466e6063386fe86f2fcc7ae577,bc8436786fe2031f,
image,Curl,Curl,/content/drive/MyDrive/Papaya_Leaf_Disease_Classification/BDPapayaLeaf/Original Images/Curl/Curl(578).jpg,BDPapayaLeaf/Original Images/Curl/Curl(578).jpg,Curl(578).jpg,Curl(578),curl(578),.jpg,90636,False,640,480,c0359df706bdd5c7d2e26abef2afa94329f6e0c5,bbca5a619195e4e8,
image,Curl,Curl,/content/drive/MyDrive/Papaya_Leaf_Disease_Classification/BDPapayaLeaf/Original Images/Curl/Curl(579).jpg,BDPapayaLeaf/Original Images/Curl/Curl(579).jpg,Curl(579).jpg,Curl(579),curl(579),.jpg,88363,False,640,480,da066fccf67c8e50143da9f0613f1e3a81ab0887,a9c40eb57efad022,
image,Curl,Curl,/content/drive/MyDrive/Papaya_Leaf_Disease_Classification/BDPapayaLeaf/Original Images/Curl/Curl(58).jpg,BDPapayaLeaf/Original Images/Curl/Curl(58).jpg,Curl(58).jpg,Curl(58),curl(58),.jpg,98397,False,640,480,1d6f2a94da4309c81e46497463aa7fedf675ec22,8699e3c263fab2a4,
image,Curl,Curl,/content/drive/MyDrive/Papaya_Leaf_Disease_Classification/BDPapayaLeaf/Original Images/Curl/Curl(580).jpg,BDPapayaLeaf/Original Images/Curl/Curl(580).jpg,Curl(580).jpg,Curl(580),curl(580),.jpg,91949,False,640,480,2752fd93afdec6e0ece253e9473ed5029f02da80,c8a31dcf3fdc0095,
image,Curl,Curl,/content/drive/MyDrive/Papaya_Leaf_Disease_Classification/BDPapayaLeaf/Original Images/Curl/Curl(581).jpg,BDPapayaLeaf/Original Images/Curl/Curl(581).jpg,Curl(581).jpg,Curl(581),curl(581),.jpg,83666,False,640,480,79515e4a38d57fbdb98769c1b8d4ca6f13ab11e0,ba18f803fa4363ea,
image,Curl,Curl,/content/drive/MyDrive/Papaya_Leaf_Disease_Classification/BDPapayaLeaf/Original Images/Curl/Curl(582).jpg,BDPapayaLeaf/Original Images/Curl/Curl(582).jpg,Curl(582).jpg,Curl(582),curl(582),.jpg,84012,False,640,480,dacb6a0bc246b0a512048ef07da5a33ccaed3c53,8ac50bd7829e978b,
image,Curl,Curl,/content/drive/MyDrive/Papaya_Leaf_Disease_Classification/BDPapayaLeaf/Original Images/Curl/Curl(583).jpg,BDPapayaLeaf/Original Images/Curl/Curl(583).jpg,Curl(583).jpg,Curl(583),curl(583),.jpg,90577,False,640,480,19fa316dfa326e29c61181bddbf6cefe13868e8d,a1b059c6f2e35b25,
image,Curl,Curl,/content/drive/MyDrive/Papaya_Leaf_Disease_Classification/BDPapayaLeaf/Original Images/Curl/Curl(584).jpg,BDPapayaLeaf/Original Images/Curl/Curl(584).jpg,Curl(584).jpg,Curl(584),curl(584),.jpg,98163,False,640,480,01cef7bdf3f8ef6f206b7006e4c68a6b9c250b7d,d0a82bb556795a2b,
image,Curl,Curl,/content/drive/MyDrive/Papaya_Leaf_Disease_Classification/BDPapayaLeaf/Original Images/Curl/Curl(585).jpg,BDPapayaLeaf/Original Images/Curl/Curl(585).jpg,Curl(585).jpg,Curl(585),curl(585),.jpg,97735,False,640,480,191f3a7eff05fbd941ab1bd2eb381dbf639229f8,8b9443153df20f7c,
image,Curl,Curl,/content/drive/MyDrive/Papaya_Leaf_Disease_Classification/BDPapayaLeaf/Original Images/Curl/Curl(59).jpg,BDPapayaLeaf/Original Images/Curl/Curl(59).jpg,Curl(59).jpg,Curl(59),curl(59),.jpg,107597,False,640,480,d5a6efc103ba969d69ed1805dd9aa65291df8cec,f0a7ecc2484b7ec4,
image,Curl,Curl,/content/drive/MyDrive/Papaya_Leaf_Disease_Classification/BDPapayaLeaf/Original Images/Curl/Curl(6).jpg,BDPapayaLeaf/Original Images/Curl/Curl(6).jpg,Curl(6).jpg,Curl(6),curl(6),.jpg,109730,False,640,480,3af715b3bdc9a70f244515c9ad678a161dc74ad4,d999f750a2b2d988,
image,Curl,Curl,/content/drive/MyDrive/Papaya_Leaf_Disease_Classification/BDPapayaLeaf/Original Images/Curl/Curl(60).jpg,BDPapayaLeaf/Original Images/Curl/Curl(60).jpg,Curl(60).jpg,Curl(60),curl(60),.jpg,80185,False,640,480,bb356533a3feee1803618e47d1be6db4638025be,a5be20e9ca6ad1c9,
image,Curl,Curl,/content/drive/MyDrive/Papaya_Leaf_Disease_Classification/BDPapayaLeaf/Original Images/Curl/Curl(61).jpg,BDPapayaLeaf/Original Images/Curl/Curl(61).jpg,Curl(61).jpg,Curl(61),curl(61),.jpg,113645,False,640,480,a01d71ffbddfc7e42d95bfcf803860ec8357919a,cea13db2b5830e69,
image,Curl,Curl,/content/drive/MyDrive/Papaya_Leaf_Disease_Classification/BDPapayaLeaf/Original Images/Curl/Curl(62).jpg,BDPapayaLeaf/Original Images/Curl/Curl(62).jpg,Curl(62).jpg,Curl(62),curl(62),.jpg,107015,False,640,480,133dc46a3b1333a4c4d2054f0f2382bd652e4c1d,c03b22cbecf4934b,
image,Curl,Curl,/content/drive/MyDrive/Papaya_Leaf_Disease_Classification/BDPapayaLeaf/Original Images/Curl/Curl(63).jpg,BDPapayaLeaf/Original Images/Curl/Curl(63).jpg,Curl(63).jpg,Curl(63),curl(63),.jpg,113434,False,640,480,b84c9a42874e3b7a21cf7783948dbe1ffd932b98,b3d9b822dab294cc,
image,Curl,Curl,/content/drive/MyDrive/Papaya_Leaf_Disease_Classification/BDPapayaLeaf/Original Images/Curl/Curl(64).jpg,BDPapayaLeaf/Original Images/Curl/Curl(64).jpg,Curl(64).jpg,Curl(64),curl(64),.jpg,87916,False,640,480,b3da46d06121637650d4a9c6bd7d87af81583520,d1e2b7330c62b749,
image,Curl,Curl,/content/drive/MyDrive/Papaya_Leaf_Disease_Classification/BDPapayaLeaf/Original Images/Curl/Curl(65).jpg,BDPapayaLeaf/Original Images/Curl/Curl(65).jpg,Curl(65).jpg,Curl(65),curl(65),.jpg,87661,False,640,480,38cf95ed965a58b7ce39043e8974ab88e8e14321,9acb8d032e74b12f,
image,Curl,Curl,/content/drive/MyDrive/Papaya_Leaf_Disease_Classification/BDPapayaLeaf/Original Images/Curl/Curl(66).jpg,BDPapayaLeaf/Original Images/Curl/Curl(66).jpg,Curl(66).jpg,Curl(66),curl(66),.jpg,104696,False,640,480,5d99e6e1747fc533ee90f23cc70cf8e233a21969,cae9341b694bc1f4,
image,Curl,Curl,/content/drive/MyDrive/Papaya_Leaf_Disease_Classification/BDPapayaLeaf/Original Images/Curl/Curl(67).jpg,BDPapayaLeaf/Original Images/Curl/Curl(67).jpg,Curl(67).jpg,Curl(67),curl(67),.jpg,83045,False,640,480,cea35907d509fa2ddfde0f94e74361215baaa66f,9da83bb2a4154d6d,
image,Curl,Curl,/content/drive/MyDrive/Papaya_Leaf_Disease_Classification/BDPapayaLeaf/Original Images/Curl/Curl(68).jpg,BDPapayaLeaf/Original Images/Curl/Curl(68).jpg,Curl(68).jpg,Curl(68),curl(68),.jpg,99939,False,640,480,cf7c9c577beabfa5977fe8e60dd2e49f3a9f3341,c4e5d315b85926f2,
image,Curl,Curl,/content/drive/MyDrive/Papaya_Leaf_Disease_Classification/BDPapayaLeaf/Original Images/Curl/Curl(69).jpg,BDPapayaLeaf/Original Images/Curl/Curl(69).jpg,Curl(69).jpg,Curl(69),curl(69),.jpg,105108,False,640,480,0b9372d98a50a62224f5c8b631f73126f39bf813,cc2235544bbde369,
image,Curl,Curl,/content/drive/MyDrive/Papaya_Leaf_Disease_Classification/BDPapayaLeaf/Original Images/Curl/Curl(7).jpg,BDPapayaLeaf/Original Images/Curl/Curl(7).jpg,Curl(7).jpg,Curl(7),curl(7),.jpg,115650,False,640,480,47d9d8c44758341c2e0e3423835ac45eadb68d56,ba938e3cf5701b12,
image,Curl,Curl,/content/drive/MyDrive/Papaya_Leaf_Disease_Classification/BDPapayaLeaf/Original Images/Curl/Curl(70).jpg,BDPapayaLeaf/Original Images/Curl/Curl(70).jpg,Curl(70).jpg,Curl(70),curl(70),.jpg,120688,False,640,480,e30b91060c750405cc1d4a76ac8a31757dc83231,ef1863367bccc441,
image,Curl,Curl,/content/drive/MyDrive/Papaya_Leaf_Disease_Classification/BDPapayaLeaf/Original Images/Curl/Curl(71).jpg,BDPapayaLeaf/Original Images/Curl/Curl(71).jpg,Curl(71).jpg,Curl(71),curl(71),.jpg,129128,False,640,480,781a963e60af488479e357809c450c8753c7ec88,c8c350ca9f5e632b,
image,Curl,Curl,/content/drive/MyDrive/Papaya_Leaf_Disease_Classification/BDPapayaLeaf/Original Images/Curl/Curl(72).jpg,BDPapayaLeaf/Original Images/Curl/Curl(72).jpg,Curl(72).jpg,Curl(72),curl(72),.jpg,102977,False,640,480,25678d8a37decd1ffb321bee89da8d9524d0f04b,82cf72739d42a873,
image,Curl,Curl,/content/drive/MyDrive/Papaya_Leaf_Disease_Classification/BDPapayaLeaf/Original Images/Curl/Curl(73).jpg,BDPapayaLeaf/Original Images/Curl/Curl(73).jpg,Curl(73).jpg,Curl(73),curl(73),.jpg,113734,False,640,480,1c4601760028030c36801835959c408412862b15,992e66362d9dad82,
image,Curl,Curl,/content/drive/MyDrive/Papaya_Leaf_Disease_Classification/BDPapayaLeaf/Original Images/Curl/Curl(74).jpg,BDPapayaLeaf/Original Images/Curl/Curl(74).jpg,Curl(74).jpg,Curl(74),curl(74),.jpg,87404,False,640,480,4dc32d7144c75ca706765ec6e8d8565ad19ae08e,c59764a5c828357f,
image,Curl,Curl,/content/drive/MyDrive/Papaya_Leaf_Disease_Classification/BDPapayaLeaf/Original Images/Curl/Curl(75).jpg,BDPapayaLeaf/Original Images/Curl/Curl(75).jpg,Curl(75).jpg,Curl(75),curl(75),.jpg,114222,False,640,480,f5162f672552c4a233e4f5bde9ef22e3f7f64859,868a7db40a8d56bb,
image,Curl,Curl,/content/drive/MyDrive/Papaya_Leaf_Disease_Classification/BDPapayaLeaf/Original Images/Curl/Curl(76).jpg,BDPapayaLeaf/Original Images/Curl/Curl(76).jpg,Curl(76).jpg,Curl(76),curl(76),.jpg,96538,False,640,480,7a117eec8c6e26848d17c76078e52404492eaf44,d98a904a2d4eec6f,
image,Curl,Curl,/content/drive/MyDrive/Papaya_Leaf_Disease_Classification/BDPapayaLeaf/Original Images/Curl/Curl(77).jpg,BDPapayaLeaf/Original Images/Curl/Curl(77).jpg,Curl(77).jpg,Curl(77),curl(77),.jpg,100751,False,640,480,dc1c6a5cf7f989a294eae3c91cc2ec8fb29d6f1b,838c0ebb934a58fe,
image,Curl,Curl,/content/drive/MyDrive/Papaya_Leaf_Disease_Classification/BDPapayaLeaf/Original Images/Curl/Curl(78).jpg,BDPapayaLeaf/Original Images/Curl/Curl(78).jpg,Curl(78).jpg,Curl(78),curl(78),.jpg,103045,False,640,480,3f5c9e651cd74a68373e636c1f7d7c7b4b381a97,c4732dba4a22fc9c,
image,Curl,Curl,/content/drive/MyDrive/Papaya_Leaf_Disease_Classification/BDPapayaLeaf/Original Images/Curl/Curl(79).jpg,BDPapayaLeaf/Original Images/Curl/Curl(79).jpg,Curl(79).jpg,Curl(79),curl(79),.jpg,107318,False,640,480,4ca3d82a29199a38b5c3d041a62df89ac4df31ec,9223e4f88c14ebed,
image,Curl,Curl,/content/drive/MyDrive/Papaya_Leaf_Disease_Classification/BDPapayaLeaf/Original Images/Curl/Curl(8).jpg,BDPapayaLeaf/Original Images/Curl/Curl(8).jpg,Curl(8).jpg,Curl(8),curl(8),.jpg,81220,False,640,480,36bd0d640820b1fc46ce87f8730831f622706dbb,ece18c982393b6b3,
image,Curl,Curl,/content/drive/MyDrive/Papaya_Leaf_Disease_Classification/BDPapayaLeaf/Original Images/Curl/Curl(80).jpg,BDPapayaLeaf/Original Images/Curl/Curl(80).jpg,Curl(80).jpg,Curl(80),curl(80),.jpg,115117,False,640,480,cfa2bade4d77a49ed74364fabc5424713cb688a9,f895f66061e30d9c,
image,Curl,Curl,/content/drive/MyDrive/Papaya_Leaf_Disease_Classification/BDPapayaLeaf/Original Images/Curl/Curl(81).jpg,BDPapayaLeaf/Original Images/Curl/Curl(81).jpg,Curl(81).jpg,Curl(81),curl(81),.jpg,110363,False,640,480,4e21b899e871af803d61dfaf40c25d2d8bf65ddc,edb82ecf6911a264,
image,Curl,Curl,/content/drive/MyDrive/Papaya_Leaf_Disease_Classification/BDPapayaLeaf/Original Images/Curl/Curl(82).jpg,BDPapayaLeaf/Original Images/Curl/Curl(82).jpg,Curl(82).jpg,Curl(82),curl(82),.jpg,98844,False,640,480,b7ef7afcefd3987e8922990b4160fb0ad4202c2a,ccd92f9e07a700ab,
image,Curl,Curl,/content/drive/MyDrive/Papaya_Leaf_Disease_Classification/BDPapayaLeaf/Original Images/Curl/Curl(83).jpg,BDPapayaLeaf/Original Images/Curl/Curl(83).jpg,Curl(83).jpg,Curl(83),curl(83),.jpg,109485,False,640,480,4561c42a973518aad52cabc52d7a573c0fb7845a,c99c7648ac95696b,
image,Curl,Curl,/content/drive/MyDrive/Papaya_Leaf_Disease_Classification/BDPapayaLeaf/Original Images/Curl/Curl(84).jpg,BDPapayaLeaf/Original Images/Curl/Curl(84).jpg,Curl(84).jpg,Curl(84),curl(84),.jpg,99172,False,640,480,a0d9cc2b1c93350e878f9ecbf8764b86a3f8078b,949934e3ade59a13,
image,Curl,Curl,/content/drive/MyDrive/Papaya_Leaf_Disease_Classification/BDPapayaLeaf/Original Images/Curl/Curl(85).jpg,BDPapayaLeaf/Original Images/Curl/Curl(85).jpg,Curl(85).jpg,Curl(85),curl(85),.jpg,112356,False,640,480,d0a53ebb236f51b39f6e2e327d190ba5a7e7e9b0,cfa030fb0596a74b,
image,Curl,Curl,/content/drive/MyDrive/Papaya_Leaf_Disease_Classification/BDPapayaLeaf/Original Images/Curl/Curl(86).jpg,BDPapayaLeaf/Original Images/Curl/Curl(86).jpg,Curl(86).jpg,Curl(86),curl(86),.jpg,105439,False,640,480,cf0bb577a76717d5c14046c9330ec8cb45ab31b1,cfd033a88ebcf061,
image,Curl,Curl,/content/drive/MyDrive/Papaya_Leaf_Disease_Classification/BDPapayaLeaf/Original Images/Curl/Curl(87).jpg,BDPapayaLeaf/Original Images/Curl/Curl(87).jpg,Curl(87).jpg,Curl(87),curl(87),.jpg,123568,False,640,480,28153db2418151b5151af14616f0d5da2260fe1b,dc8b6806fddcd114,
image,Curl,Curl,/content/drive/MyDrive/Papaya_Leaf_Disease_Classification/BDPapayaLeaf/Original Images/Curl/Curl(88).jpg,BDPapayaLeaf/Original Images/Curl/Curl(88).jpg,Curl(88).jpg,Curl(88),curl(88),.jpg,93893,False,640,480,8fb51c6e2a33b4389f5af690fdc713b6a9a5b82c,cc1b25f649861ee5,
image,Curl,Curl,/content/drive/MyDrive/Papaya_Leaf_Disease_Classification/BDPapayaLeaf/Original Images/Curl/Curl(89).jpg,BDPapayaLeaf/Original Images/Curl/Curl(89).jpg,Curl(89).jpg,Curl(89),curl(89),.jpg,112626,False,640,480,cdd82e01742ca44acf5020d48ebe9edcbaa89b07,ecd33ca0cfcd9412,
image,Curl,Curl,/content/drive/MyDrive/Papaya_Leaf_Disease_Classification/BDPapayaLeaf/Original Images/Curl/Curl(9).jpg,BDPapayaLeaf/Original Images/Curl/Curl(9).jpg,Curl(9).jpg,Curl(9),curl(9),.jpg,92430,False,640,480,a769087c033ac670614cba59b748d21c78fac222,9997676c261d4e0e,
image,Curl,Curl,/content/drive/MyDrive/Papaya_Leaf_Disease_Classification/BDPapayaLeaf/Original Images/Curl/Curl(90).jpg,BDPapayaLeaf/Original Images/Curl/Curl(90).jpg,Curl(90).jpg,Curl(90),curl(90),.jpg,131102,False,640,480,b679026de58dd9b928663d011c04fbcf2ca932c9,e6b832dd42cd8b32,
image,Curl,Curl,/content/drive/MyDrive/Papaya_Leaf_Disease_Classification/BDPapayaLeaf/Original Images/Curl/Curl(91).jpg,BDPapayaLeaf/Original Images/Curl/Curl(91).jpg,Curl(91).jpg,Curl(91),curl(91),.jpg,111303,False,640,480,42e637c81f1b1d7db089af4c391d03fc9d96abf0,cef313f8856271e0,
image,Curl,Curl,/content/drive/MyDrive/Papaya_Leaf_Disease_Classification/BDPapayaLeaf/Original Images/Curl/Curl(92).jpg,BDPapayaLeaf/Original Images/Curl/Curl(92).jpg,Curl(92).jpg,Curl(92),curl(92),.jpg,112151,False,640,480,651e73cddb5e85ef816626f45476ce5c4cbaef3b,e3121e2f4ae59e98,
image,Curl,Curl,/content/drive/MyDrive/Papaya_Leaf_Disease_Classification/BDPapayaLeaf/Original Images/Curl/Curl(93).jpg,BDPapayaLeaf/Original Images/Curl/Curl(93).jpg,Curl(93).jpg,Curl(93),curl(93),.jpg,116930,False,640,480,6ac8db911816220969575e38ba3a0dbcffc1d6b6,8cbb741e9642bc74,
image,Curl,Curl,/content/drive/MyDrive/Papaya_Leaf_Disease_Classification/BDPapayaLeaf/Original Images/Curl/Curl(94).jpg,BDPapayaLeaf/Original Images/Curl/Curl(94).jpg,Curl(94).jpg,Curl(94),curl(94),.jpg,120105,False,640,480,5094d5a24e1586f8605c45eb0e29b5755d05d5b8,dac9338d941271bd,
image,Curl,Curl,/content/drive/MyDrive/Papaya_Leaf_Disease_Classification/BDPapayaLeaf/Original Images/Curl/Curl(95).jpg,BDPapayaLeaf/Original Images/Curl/Curl(95).jpg,Curl(95).jpg,Curl(95),curl(95),.jpg,102204,False,640,480,881d944d8a5b19bf67642957e2692b0bb25b4dab,c9db4ed6868365e0,
image,Curl,Curl,/content/drive/MyDrive/Papaya_Leaf_Disease_Classification/BDPapayaLeaf/Original Images/Curl/Curl(96).jpg,BDPapayaLeaf/Original Images/Curl/Curl(96).jpg,Curl(96).jpg,Curl(96),curl(96),.jpg,130007,False,640,480,b0430d4f2edef5c9135781492b209abeb9efb42b,a6f8f5de08c29c8a,
image,Curl,Curl,/content/drive/MyDrive/Papaya_Leaf_Disease_Classification/BDPapayaLeaf/Original Images/Curl/Curl(97).jpg,BDPapayaLeaf/Original Images/Curl/Curl(97).jpg,Curl(97).jpg,Curl(97),curl(97),.jpg,100585,False,640,480,30a5852ea472e6fa98ddf6ffc7ffca42c65f42b6,f0864e78c7384b5d,
image,Curl,Curl,/content/drive/MyDrive/Papaya_Leaf_Disease_Classification/BDPapayaLeaf/Original Images/Curl/Curl(98).jpg,BDPapayaLeaf/Original Images/Curl/Curl(98).jpg,Curl(98).jpg,Curl(98),curl(98),.jpg,122540,False,640,480,c61ff686050ccd52afea25494a7f49c9d8404c96,b6cac17b08deda41,
image,Curl,Curl,/content/drive/MyDrive/Papaya_Leaf_Disease_Classification/BDPapayaLeaf/Original Images/Curl/Curl(99).jpg,BDPapayaLeaf/Original Images/Curl/Curl(99).jpg,Curl(99).jpg,Curl(99),curl(99),.jpg,90852,False,640,480,20dd77acf9ec9f7943cdc0f0308abdea0ffcbe2a,d4d93026cac55ea7,
image,Healthy,Healthy,/content/drive/MyDrive/Papaya_Leaf_Disease_Classification/BDPapayaLeaf/Original Images/Healthy/Healthy(1).jpg,BDPapayaLeaf/Original Images/Healthy/Healthy(1).jpg,Healthy(1).jpg,Healthy(1),healthy(1),.jpg,137515,False,640,480,d7184fa41dcffa13b0ffa8e032f03fbc7c30dc57,8bfa4c850c7d3c3c,
image,Healthy,Healthy,/content/drive/MyDrive/Papaya_Leaf_Disease_Classification/BDPapayaLeaf/Original Images/Healthy/Healthy(10).jpg,BDPapayaLeaf/Original Images/Healthy/Healthy(10).jpg,Healthy(10).jpg,Healthy(10),healthy(10),.jpg,152487,False,640,480,a56889f23c0ec42b55ae20c42f6ea06c1d524902,8c9a311776524bbe,
image,Healthy,Healthy,/content/drive/MyDrive/Papaya_Leaf_Disease_Classification/BDPapayaLeaf/Original Images/Healthy/Healthy(100).jpg,BDPapayaLeaf/Original Images/Healthy/Healthy(100).jpg,Healthy(100).jpg,Healthy(100),healthy(100),.jpg,107890,False,640,480,c4b694f3bbcefd3be368c97ba84f27ccefc66736,ed9a78a12556d2ca,
image,Healthy,Healthy,/content/drive/MyDrive/Papaya_Leaf_Disease_Classification/BDPapayaLeaf/Original Images/Healthy/Healthy(101).jpg,BDPapayaLeaf/Original Images/Healthy/Healthy(101).jpg,Healthy(101).jpg,Healthy(101),healthy(101),.jpg,108103,False,640,480,b57923f8a0baf14684cf1fe14d76a85ae66775c6,8ce6968af945ac35,
image,Healthy,Healthy,/content/drive/MyDrive/Papaya_Leaf_Disease_Classification/BDPapayaLeaf/Original Images/Healthy/Healthy(102).jpg,BDPapayaLeaf/Original Images/Healthy/Healthy(102).jpg,Healthy(102).jpg,Healthy(102),healthy(102),.jpg,98792,False,640,480,00b9c32efad37edf3fb0fe52a8344f6007b90ded,d15695b7515a4ab2,
image,Healthy,Healthy,/content/drive/MyDrive/Papaya_Leaf_Disease_Classification/BDPapayaLeaf/Original Images/Healthy/Healthy(103).jpg,BDPapayaLeaf/Original Images/Healthy/Healthy(103).jpg,Healthy(103).jpg,Healthy(103),healthy(103),.jpg,97903,False,640,480,97174f99d273ea2522c34bcdaeb2539c7800758e,af953cccc0e2ce98,
image,Healthy,Healthy,/content/drive/MyDrive/Papaya_Leaf_Disease_Classification/BDPapayaLeaf/Original Images/Healthy/Healthy(104).jpg,BDPapayaLeaf/Original Images/Healthy/Healthy(104).jpg,Healthy(104).jpg,Healthy(104),healthy(104),.jpg,113588,False,640,480,62cfe7e6cd188a41d0581efc953508bd172e1f07,87dec22dc9b487c1,
image,Healthy,Healthy,/content/drive/MyDrive/Papaya_Leaf_Disease_Classification/BDPapayaLeaf/Original Images/Healthy/Healthy(105).jpg,BDPapayaLeaf/Original Images/Healthy/Healthy(105).jpg,Healthy(105).jpg,Healthy(105),healthy(105),.jpg,117861,False,640,480,dc95400e6ad34ea21cbd44cf1e1d3895677956f6,a8bb8b1cdaba7103,
image,Healthy,Healthy,/content/drive/MyDrive/Papaya_Leaf_Disease_Classification/BDPapayaLeaf/Original Images/Healthy/Healthy(106).jpg,BDPapayaLeaf/Original Images/Healthy/Healthy(106).jpg,Healthy(106).jpg,Healthy(106),healthy(106),.jpg,102861,False,640,480,c0c8f8f9e2d7b71c7d88a2a2b170aec50ed18a2a,aacaf4fcbc714242,
image,Healthy,Healthy,/content/drive/MyDrive/Papaya_Leaf_Disease_Classification/BDPapayaLeaf/Original Images/Healthy/Healthy(107).jpg,BDPapayaLeaf/Original Images/Healthy/Healthy(107).jpg,Healthy(107).jpg,Healthy(107),healthy(107),.jpg,91539,False,640,480,cf8fd33119436002fa8327da45d3b42a1abfb9b0,fbe3e2ad951c1888,
image,Healthy,Healthy,/content/drive/MyDrive/Papaya_Leaf_Disease_Classification/BDPapayaLeaf/Original Images/Healthy/Healthy(108).jpg,BDPapayaLeaf/Original Images/Healthy/Healthy(108).jpg,Healthy(108).jpg,Healthy(108),healthy(108),.jpg,86353,False,640,480,1b3f03c8d73a47e92ecc5d67ead6c9153ad02bc6,d88e965a4f68a1ae,
image,Healthy,Healthy,/content/drive/MyDrive/Papaya_Leaf_Disease_Classification/BDPapayaLeaf/Original Images/Healthy/Healthy(109).jpg,BDPapayaLeaf/Original Images/Healthy/Healthy(109).jpg,Healthy(109).jpg,Healthy(109),healthy(109),.jpg,90324,False,640,480,4d6c7670cc85f0c4418c06088454792ca9664bb3,b879bb031b50d55a,
image,Healthy,Healthy,/content/drive/MyDrive/Papaya_Leaf_Disease_Classification/BDPapayaLeaf/Original Images/Healthy/Healthy(11).jpg,BDPapayaLeaf/Original Images/Healthy/Healthy(11).jpg,Healthy(11).jpg,Healthy(11),healthy(11),.jpg,115055,False,640,480,7c40be2671845969a21247922d871a88e4135859,8caba341959527be,
image,Healthy,Healthy,/content/drive/MyDrive/Papaya_Leaf_Disease_Classification/BDPapayaLeaf/Original Images/Healthy/Healthy(110).jpg,BDPapayaLeaf/Original Images/Healthy/Healthy(110).jpg,Healthy(110).jpg,Healthy(110),healthy(110),.jpg,94194,False,640,480,1ecdb438bbc095b9d72ae4f141637764cf08e597,8ebfaab4530a524b,
image,Healthy,Healthy,/content/drive/MyDrive/Papaya_Leaf_Disease_Classification/BDPapayaLeaf/Original Images/Healthy/Healthy(111).jpg,BDPapayaLeaf/Original Images/Healthy/Healthy(111).jpg,Healthy(111).jpg,Healthy(111),healthy(111),.jpg,110971,False,640,480,36aa4224e7f0e7c863471e90592e115f99e5fbed,cd1c922bb799aca2,
image,Healthy,Healthy,/content/drive/MyDrive/Papaya_Leaf_Disease_Classification/BDPapayaLeaf/Original Images/Healthy/Healthy(112).jpg,BDPapayaLeaf/Original Images/Healthy/Healthy(112).jpg,Healthy(112).jpg,Healthy(112),healthy(112),.jpg,115919,False,640,480,b385a76635b8080cf1376928c181c39b20f7d93d,c7c68c18812ba7bf,
image,Healthy,Healthy,/content/drive/MyDrive/Papaya_Leaf_Disease_Classification/BDPapayaLeaf/Original Images/Healthy/Healthy(113).jpg,BDPapayaLeaf/Original Images/Healthy/Healthy(113).jpg,Healthy(113).jpg,Healthy(113),healthy(113),.jpg,113787,False,640,480,111cefcc4c2cb2a7c1c61b2020483fa4387214bf,c5cd9af0039e02ef,
image,Healthy,Healthy,/content/drive/MyDrive/Papaya_Leaf_Disease_Classification/BDPapayaLeaf/Original Images/Healthy/Healthy(114).jpg,BDPapayaLeaf/Original Images/Healthy/Healthy(114).jpg,Healthy(114).jpg,Healthy(114),healthy(114),.jpg,110520,False,640,480,fe4cdaca3aaf3a148e51d075376dab9fdc29f3f1,dce9c60c1c72cbe2,
image,Healthy,Healthy,/content/drive/MyDrive/Papaya_Leaf_Disease_Classification/BDPapayaLeaf/Original Images/Healthy/Healthy(115).jpg,BDPapayaLeaf/Original Images/Healthy/Healthy(115).jpg,Healthy(115).jpg,Healthy(115),healthy(115),.jpg,107363,False,640,480,5b1695ac329b75e71ab403f02b1e784c9b6dea15,c7d8a88586f6545e,
image,Healthy,Healthy,/content/drive/MyDrive/Papaya_Leaf_Disease_Classification/BDPapayaLeaf/Original Images/Healthy/Healthy(116).jpg,BDPapayaLeaf/Original Images/Healthy/Healthy(116).jpg,Healthy(116).jpg,Healthy(116),healthy(116),.jpg,121914,False,640,480,460fd6425ec840eb5f513d256539e97681e41b10,bd931524c85c56ee,
image,Healthy,Healthy,/content/drive/MyDrive/Papaya_Leaf_Disease_Classification/BDPapayaLeaf/Original Images/Healthy/Healthy(117).jpg,BDPapayaLeaf/Original Images/Healthy/Healthy(117).jpg,Healthy(117).jpg,Healthy(117),healthy(117),.jpg,103957,False,640,480,5bbe813a9dce205c60c5b26847b1aadaa743398e,dab8565ca9a435b8,
image,Healthy,Healthy,/content/drive/MyDrive/Papaya_Leaf_Disease_Classification/BDPapayaLeaf/Original Images/Healthy/Healthy(118).jpg,BDPapayaLeaf/Original Images/Healthy/Healthy(118).jpg,Healthy(118).jpg,Healthy(118),healthy(118),.jpg,121494,False,640,480,65f042907a8ce8c6d8c1b04cb46fff2a5a153df2,c19eb971a536254e,
image,Healthy,Healthy,/content/drive/MyDrive/Papaya_Leaf_Disease_Classification/BDPapayaLeaf/Original Images/Healthy/Healthy(119).jpg,BDPapayaLeaf/Original Images/Healthy/Healthy(119).jpg,Healthy(119).jpg,Healthy(119),healthy(119),.jpg,104132,False,640,480,253d6c41b201b88e21622b1bac1cc9d57b671ef2,aa68c994c9fdb492,
image,Healthy,Healthy,/content/drive/MyDrive/Papaya_Leaf_Disease_Classification/BDPapayaLeaf/Original Images/Healthy/Healthy(12).jpg,BDPapayaLeaf/Original Images/Healthy/Healthy(12).jpg,Healthy(12).jpg,Healthy(12),healthy(12),.jpg,149437,False,640,480,69012e01407a320395ab960ed5527b37fd137721,d3b93070acac3f29,
image,Healthy,Healthy,/content/drive/MyDrive/Papaya_Leaf_Disease_Classification/BDPapayaLeaf/Original Images/Healthy/Healthy(120).jpg,BDPapayaLeaf/Original Images/Healthy/Healthy(120).jpg,Healthy(120).jpg,Healthy(120),healthy(120),.jpg,107347,False,640,480,f142080c54341495321c7d297cfd875fcd4a1cf9,a49c54d8486e37b7,
image,Healthy,Healthy,/content/drive/MyDrive/Papaya_Leaf_Disease_Classification/BDPapayaLeaf/Original Images/Healthy/Healthy(121).jpg,BDPapayaLeaf/Original Images/Healthy/Healthy(121).jpg,Healthy(121).jpg,Healthy(121),healthy(121),.jpg,115362,False,640,480,6401eac09818d6c67871256195d458e256365b7f,883529fb359a56d1,
image,Healthy,Healthy,/content/drive/MyDrive/Papaya_Leaf_Disease_Classification/BDPapayaLeaf/Original Images/Healthy/Healthy(122).jpg,BDPapayaLeaf/Original Images/Healthy/Healthy(122).jpg,Healthy(122).jpg,Healthy(122),healthy(122),.jpg,107118,False,640,480,c8fd060b53b5dec7c16c541a533848da3dc42206,a6a6d7c8490dee0e,
image,Healthy,Healthy,/content/drive/MyDrive/Papaya_Leaf_Disease_Classification/BDPapayaLeaf/Original Images/Healthy/Healthy(123).jpg,BDPapayaLeaf/Original Images/Healthy/Healthy(123).jpg,Healthy(123).jpg,Healthy(123),healthy(123),.jpg,115319,False,640,480,127b7369514365fb75243ab20b359e2ebf2b5bf1,a6d659681389f4e6,
image,Healthy,Healthy,/content/drive/MyDrive/Papaya_Leaf_Disease_Classification/BDPapayaLeaf/Original Images/Healthy/Healthy(124).jpg,BDPapayaLeaf/Original Images/Healthy/Healthy(124).jpg,Healthy(124).jpg,Healthy(124),healthy(124),.jpg,80574,False,640,480,5aa3355a3c33655c15c66898b1cdfc90768eaec9,8ee31fa98535e2a4,
image,Healthy,Healthy,/content/drive/MyDrive/Papaya_Leaf_Disease_Classification/BDPapayaLeaf/Original Images/Healthy/Healthy(125).jpg,BDPapayaLeaf/Original Images/Healthy/Healthy(125).jpg,Healthy(125).jpg,Healthy(125),healthy(125),.jpg,104400,False,640,480,6ca15d70c1d6225d9bb5b313ef9aea6cb5ac31e1,ab9205171a6ee787,
image,Healthy,Healthy,/content/drive/MyDrive/Papaya_Leaf_Disease_Classification/BDPapayaLeaf/Original Images/Healthy/Healthy(126).jpg,BDPapayaLeaf/Original Images/Healthy/Healthy(126).jpg,Healthy(126).jpg,Healthy(126),healthy(126),.jpg,98712,False,640,480,dd785dc7db90c8dc73d459300b410f1a938cc80b,93abcd63c9cc4866,
image,Healthy,Healthy,/content/drive/MyDrive/Papaya_Leaf_Disease_Classification/BDPapayaLeaf/Original Images/Healthy/Healthy(127).jpg,BDPapayaLeaf/Original Images/Healthy/Healthy(127).jpg,Healthy(127).jpg,Healthy(127),healthy(127),.jpg,101040,False,640,480,d3bbe02ba9e79d8cecfbd211049260aacd140c35,9d2dd0ae4a15f5d0,
image,Healthy,Healthy,/content/drive/MyDrive/Papaya_Leaf_Disease_Classification/BDPapayaLeaf/Original Images/Healthy/Healthy(128).jpg,BDPapayaLeaf/Original Images/Healthy/Healthy(128).jpg,Healthy(128).jpg,Healthy(128),healthy(128),.jpg,97753,False,640,480,ecf98e22043c97e89125d42204d27feca8cd0a71,e8acac860f3ff052,
image,Healthy,Healthy,/content/drive/MyDrive/Papaya_Leaf_Disease_Classification/BDPapayaLeaf/Original Images/Healthy/Healthy(129).jpg,BDPapayaLeaf/Original Images/Healthy/Healthy(129).jpg,Healthy(129).jpg,Healthy(129),healthy(129),.jpg,93262,False,640,480,2f3403e05da240ecf0990581c8f48e6fdbd7e473,ed13169ab6ec38a2,
image,Healthy,Healthy,/content/drive/MyDrive/Papaya_Leaf_Disease_Classification/BDPapayaLeaf/Original Images/Healthy/Healthy(13).jpg,BDPapayaLeaf/Original Images/Healthy/Healthy(13).jpg,Healthy(13).jpg,Healthy(13),healthy(13),.jpg,145853,False,640,480,49f37ce57b6a476bac5f406e1c47fd394b814db1,8cc9a73d7003736b,
image,Healthy,Healthy,/content/drive/MyDrive/Papaya_Leaf_Disease_Classification/BDPapayaLeaf/Original Images/Healthy/Healthy(130).jpg,BDPapayaLeaf/Original Images/Healthy/Healthy(130).jpg,Healthy(130).jpg,Healthy(130),healthy(130),.jpg,134412,False,640,480,efefec0daf1e0cceacd43b1f56bb1bcbe6fc83a1,acad2c86575c161f,
image,Healthy,Healthy,/content/drive/MyDrive/Papaya_Leaf_Disease_Classification/BDPapayaLeaf/Original Images/Healthy/Healthy(131).jpg,BDPapayaLeaf/Original Images/Healthy/Healthy(131).jpg,Healthy(131).jpg,Healthy(131),healthy(131),.jpg,104395,False,640,480,caf4e195c91b38060478a768b486a345d04ab44d,ed0e2c6c515b543b,
image,Healthy,Healthy,/content/drive/MyDrive/Papaya_Leaf_Disease_Classification/BDPapayaLeaf/Original Images/Healthy/Healthy(132).jpg,BDPapayaLeaf/Original Images/Healthy/Healthy(132).jpg,Healthy(132).jpg,Healthy(132),healthy(132),.jpg,78779,False,640,480,bfeb9ba082e705149d95a201047bf22c78b35a96,ffc35550e1833516,
image,Healthy,Healthy,/content/drive/MyDrive/Papaya_Leaf_Disease_Classification/BDPapayaLeaf/Original Images/Healthy/Healthy(133).jpg,BDPapayaLeaf/Original Images/Healthy/Healthy(133).jpg,Healthy(133).jpg,Healthy(133),healthy(133),.jpg,93357,False,640,480,6636d621d3b087a05d3611252032b3e1d2e9a0fc,9bde21d1c0a5be38,
image,Healthy,Healthy,/content/drive/MyDrive/Papaya_Leaf_Disease_Classification/BDPapayaLeaf/Original Images/Healthy/Healthy(134).jpg,BDPapayaLeaf/Original Images/Healthy/Healthy(134).jpg,Healthy(134).jpg,Healthy(134),healthy(134),.jpg,104747,False,640,480,a367f7bda4242a8c662a93d71cd2481803239047,aea702f5c646d5c2,
image,Healthy,Healthy,/content/drive/MyDrive/Papaya_Leaf_Disease_Classification/BDPapayaLeaf/Original Images/Healthy/Healthy(135).jpg,BDPapayaLeaf/Original Images/Healthy/Healthy(135).jpg,Healthy(135).jpg,Healthy(135),healthy(135),.jpg,106477,False,640,480,4a3488dd67c62936be3aa521494b607c8ece11a0,87c1a68e092e5e7b,
image,Healthy,Healthy,/content/drive/MyDrive/Papaya_Leaf_Disease_Classification/BDPapayaLeaf/Original Images/Healthy/Healthy(136).jpg,BDPapayaLeaf/Original Images/Healthy/Healthy(136).jpg,Healthy(136).jpg,Healthy(136),healthy(136),.jpg,108423,False,640,480,6590abe7e72c6494a64687d45f634317a70757ab,e3aed8f0e0b09393,
image,Healthy,Healthy,/content/drive/MyDrive/Papaya_Leaf_Disease_Classification/BDPapayaLeaf/Original Images/Healthy/Healthy(137).jpg,BDPapayaLeaf/Original Images/Healthy/Healthy(137).jpg,Healthy(137).jpg,Healthy(137),healthy(137),.jpg,85957,False,640,480,7ddf8e6969f5453e836d0090ef12e9e5a0446473,cda7b84c2c367730,
image,Healthy,Healthy,/content/drive/MyDrive/Papaya_Leaf_Disease_Classification/BDPapayaLeaf/Original Images/Healthy/Healthy(138).jpg,BDPapayaLeaf/Original Images/Healthy/Healthy(138).jpg,Healthy(138).jpg,Healthy(138),healthy(138),.jpg,84553,False,640,480,8c400f401468126d10739d9c4eb433b559c0ff86,9ee91a3eb55452b0,
image,Healthy,Healthy,/content/drive/MyDrive/Papaya_Leaf_Disease_Classification/BDPapayaLeaf/Original Images/Healthy/Healthy(139).jpg,BDPapayaLeaf/Original Images/Healthy/Healthy(139).jpg,Healthy(139).jpg,Healthy(139),healthy(139),.jpg,116806,False,640,480,29b284d222ac41ce3cfb7c9a04f7e4bc08d9619d,8ef6546c92494c7e,
image,Healthy,Healthy,/content/drive/MyDrive/Papaya_Leaf_Disease_Classification/BDPapayaLeaf/Original Images/Healthy/Healthy(14).jpg,BDPapayaLeaf/Original Images/Healthy/Healthy(14).jpg,Healthy(14).jpg,Healthy(14),healthy(14),.jpg,122650,False,640,480,8294ca6362afe9f6361c84bf6f7a6702a8a33b0c,e761e12d0fb410fa,
image,Healthy,Healthy,/content/drive/MyDrive/Papaya_Leaf_Disease_Classification/BDPapayaLeaf/Original Images/Healthy/Healthy(140).jpg,BDPapayaLeaf/Original Images/Healthy/Healthy(140).jpg,Healthy(140).jpg,Healthy(140),healthy(140),.jpg,111294,False,640,480,c0944f3e76ad2d83acb364cf921c5a321f47a36f,b0ca399a6e697b28,
image,Healthy,Healthy,/content/drive/MyDrive/Papaya_Leaf_Disease_Classification/BDPapayaLeaf/Original Images/Healthy/Healthy(141).jpg,BDPapayaLeaf/Original Images/Healthy/Healthy(141).jpg,Healthy(141).jpg,Healthy(141),healthy(141),.jpg,111103,False,640,480,64d0d57cbb3b754caff1d6e0a918752e5731ef30,bee8764ae4f0e281,
image,Healthy,Healthy,/content/drive/MyDrive/Papaya_Leaf_Disease_Classification/BDPapayaLeaf/Original Images/Healthy/Healthy(142).jpg,BDPapayaLeaf/Original Images/Healthy/Healthy(142).jpg,Healthy(142).jpg,Healthy(142),healthy(142),.jpg,88227,False,640,480,571b00e9172d6ad2cece9adcb3f1494cbfdbdc1c,c3964648aede32d9,
image,Healthy,Healthy,/content/drive/MyDrive/Papaya_Leaf_Disease_Classification/BDPapayaLeaf/Original Images/Healthy/Healthy(143).jpg,BDPapayaLeaf/Original Images/Healthy/Healthy(143).jpg,Healthy(143).jpg,Healthy(143),healthy(143),.jpg,86639,False,640,480,c2e578d824a9b9444da7ff5aa26411e39780f8ca,ceae872e914175d2,
image,Healthy,Healthy,/content/drive/MyDrive/Papaya_Leaf_Disease_Classification/BDPapayaLeaf/Original Images/Healthy/Healthy(144).jpg,BDPapayaLeaf/Original Images/Healthy/Healthy(144).jpg,Healthy(144).jpg,Healthy(144),healthy(144),.jpg,85563,False,640,480,5ee28e4027edea705f106d3dd1170e015b25cb16,b7dbca5c121e6682,
image,Healthy,Healthy,/content/drive/MyDrive/Papaya_Leaf_Disease_Classification/BDPapayaLeaf/Original Images/Healthy/Healthy(145).jpg,BDPapayaLeaf/Original Images/Healthy/Healthy(145).jpg,Healthy(145).jpg,Healthy(145),healthy(145),.jpg,81305,False,640,480,8d8aa63f293d52420f2f311ebcd9a357663a7440,81653aea456cf55a,
image,Healthy,Healthy,/content/drive/MyDrive/Papaya_Leaf_Disease_Classification/BDPapayaLeaf/Original Images/Healthy/Healthy(146).jpg,BDPapayaLeaf/Original Images/Healthy/Healthy(146).jpg,Healthy(146).jpg,Healthy(146),healthy(146),.jpg,93397,False,640,480,c09bb8c00b5bcbc8ed1412984c3016a65ca3d74e,88a73df5059e686c,
image,Healthy,Healthy,/content/drive/MyDrive/Papaya_Leaf_Disease_Classification/BDPapayaLeaf/Original Images/Healthy/Healthy(147).jpg,BDPapayaLeaf/Original Images/Healthy/Healthy(147).jpg,Healthy(147).jpg,Healthy(147),healthy(147),.jpg,83952,False,640,480,f4599480d2de6bfbcfb62ad253c03991ead23e08,84a6075efc670676,
image,Healthy,Healthy,/content/drive/MyDrive/Papaya_Leaf_Disease_Classification/BDPapayaLeaf/Original Images/Healthy/Healthy(148).jpg,BDPapayaLeaf/Original Images/Healthy/Healthy(148).jpg,Healthy(148).jpg,Healthy(148),healthy(148),.jpg,95018,False,640,480,8a0949d7541245d72afbd74210c611ffb7a389f3,89ab525579f18786,
image,Healthy,Healthy,/content/drive/MyDrive/Papaya_Leaf_Disease_Classification/BDPapayaLeaf/Original Images/Healthy/Healthy(149).jpg,BDPapayaLeaf/Original Images/Healthy/Healthy(149).jpg,Healthy(149).jpg,Healthy(149),healthy(149),.jpg,87201,False,640,480,3e7e482d9435f2e5229661b37eeb558d8a629a02,bc65da314505f9ac,
image,Healthy,Healthy,/content/drive/MyDrive/Papaya_Leaf_Disease_Classification/BDPapayaLeaf/Original Images/Healthy/Healthy(15).jpg,BDPapayaLeaf/Original Images/Healthy/Healthy(15).jpg,Healthy(15).jpg,Healthy(15),healthy(15),.jpg,127530,False,640,480,2dfd087e17612fb8211c6d8c782abeafa3496728,bc91d38603157f5c,
image,Healthy,Healthy,/content/drive/MyDrive/Papaya_Leaf_Disease_Classification/BDPapayaLeaf/Original Images/Healthy/Healthy(150).jpg,BDPapayaLeaf/Original Images/Healthy/Healthy(150).jpg,Healthy(150).jpg,Healthy(150),healthy(150),.jpg,128064,False,640,480,d6e12c30aab94d9bdd1c93ebc382384e1272a191,e252aab5b2816dec,
image,Healthy,Healthy,/content/drive/MyDrive/Papaya_Leaf_Disease_Classification/BDPapayaLeaf/Original Images/Healthy/Healthy(151).jpg,BDPapayaLeaf/Original Images/Healthy/Healthy(151).jpg,Healthy(151).jpg,Healthy(151),healthy(151),.jpg,117899,False,640,480,f3f46ef3b87e2447708844e92aecb75c77f49b24,b01cb633db48573a,
image,Healthy,Healthy,/content/drive/MyDrive/Papaya_Leaf_Disease_Classification/BDPapayaLeaf/Original Images/Healthy/Healthy(152).jpg,BDPapayaLeaf/Original Images/Healthy/Healthy(152).jpg,Healthy(152).jpg,Healthy(152),healthy(152),.jpg,90464,False,640,480,eccb41dd717d5301fe4a6875867d632c1cdb3118,8e0374c2ca1bf27b,
image,Healthy,Healthy,/content/drive/MyDrive/Papaya_Leaf_Disease_Classification/BDPapayaLeaf/Original Images/Healthy/Healthy(153).jpg,BDPapayaLeaf/Original Images/Healthy/Healthy(153).jpg,Healthy(153).jpg,Healthy(153),healthy(153),.jpg,108875,False,640,480,96b6fc92d7e2d5f30fb7f0bac133ab0bc8cbd4fb,cd5c52079be3c3c8,
image,Healthy,Healthy,/content/drive/MyDrive/Papaya_Leaf_Disease_Classification/BDPapayaLeaf/Original Images/Healthy/Healthy(154).jpg,BDPapayaLeaf/Original Images/Healthy/Healthy(154).jpg,Healthy(154).jpg,Healthy(154),healthy(154),.jpg,88133,False,640,480,3eadd90bded3d5dc37386cec979b13cbbf7d0665,baa951246d62dd93,
image,Healthy,Healthy,/content/drive/MyDrive/Papaya_Leaf_Disease_Classification/BDPapayaLeaf/Original Images/Healthy/Healthy(155).jpg,BDPapayaLeaf/Original Images/Healthy/Healthy(155).jpg,Healthy(155).jpg,Healthy(155),healthy(155),.jpg,101261,False,640,480,5eb215c81808b7ffe2946a099685c170314e1a0e,a05b4f4ca6db6915,
image,Healthy,Healthy,/content/drive/MyDrive/Papaya_Leaf_Disease_Classification/BDPapayaLeaf/Original Images/Healthy/Healthy(156).jpg,BDPapayaLeaf/Original Images/Healthy/Healthy(156).jpg,Healthy(156).jpg,Healthy(156),healthy(156),.jpg,95540,False,640,480,59777b4ac30e7d45fccf86bd02bdd497cf99a492,99efa9aca5351454,
image,Healthy,Healthy,/content/drive/MyDrive/Papaya_Leaf_Disease_Classification/BDPapayaLeaf/Original Images/Healthy/Healthy(157).jpg,BDPapayaLeaf/Original Images/Healthy/Healthy(157).jpg,Healthy(157).jpg,Healthy(157),healthy(157),.jpg,127279,False,640,480,9524a06362d8bb9dd2b2fb6b2814869fdf0155c6,a10bb6d867d28ab6,
image,Healthy,Healthy,/content/drive/MyDrive/Papaya_Leaf_Disease_Classification/BDPapayaLeaf/Original Images/Healthy/Healthy(158).jpg,BDPapayaLeaf/Original Images/Healthy/Healthy(158).jpg,Healthy(158).jpg,Healthy(158),healthy(158),.jpg,104019,False,640,480,1f17956eaaa53743463753177d056e0393455f12,a13b8cd45b0fd15a,
image,Healthy,Healthy,/content/drive/MyDrive/Papaya_Leaf_Disease_Classification/BDPapayaLeaf/Original Images/Healthy/Healthy(159).jpg,BDPapayaLeaf/Original Images/Healthy/Healthy(159).jpg,Healthy(159).jpg,Healthy(159),healthy(159),.jpg,106139,False,640,480,c6a6e2a2cbcf74b2af800d612241700db46d45ee,e67b49175a337029,
image,Healthy,Healthy,/content/drive/MyDrive/Papaya_Leaf_Disease_Classification/BDPapayaLeaf/Original Images/Healthy/Healthy(16).jpg,BDPapayaLeaf/Original Images/Healthy/Healthy(16).jpg,Healthy(16).jpg,Healthy(16),healthy(16),.jpg,121562,False,640,480,baf6081dfa709013e7fbde7f6edd714fad5e30a2,a5d14babbcf48229,
image,Healthy,Healthy,/content/drive/MyDrive/Papaya_Leaf_Disease_Classification/BDPapayaLeaf/Original Images/Healthy/Healthy(160).jpg,BDPapayaLeaf/Original Images/Healthy/Healthy(160).jpg,Healthy(160).jpg,Healthy(160),healthy(160),.jpg,94011,False,640,480,dd9ab8981c20071a84142151afd319d142634d13,8661188fb179aa5f,
image,Healthy,Healthy,/content/drive/MyDrive/Papaya_Leaf_Disease_Classification/BDPapayaLeaf/Original Images/Healthy/Healthy(161).jpg,BDPapayaLeaf/Original Images/Healthy/Healthy(161).jpg,Healthy(161).jpg,Healthy(161),healthy(161),.jpg,115500,False,640,480,a7070c7ef43c7a1916afbeaa8b71fab8999ea568,ec1ae3eba16358d0,
image,Healthy,Healthy,/content/drive/MyDrive/Papaya_Leaf_Disease_Classification/BDPapayaLeaf/Original Images/Healthy/Healthy(162).jpg,BDPapayaLeaf/Original Images/Healthy/Healthy(162).jpg,Healthy(162).jpg,Healthy(162),healthy(162),.jpg,109223,False,640,480,f6a242545f423d5cf0490765d07762e5a9742b84,bf700228fbf108e7,
image,Healthy,Healthy,/content/drive/MyDrive/Papaya_Leaf_Disease_Classification/BDPapayaLeaf/Original Images/Healthy/Healthy(163).jpg,BDPapayaLeaf/Original Images/Healthy/Healthy(163).jpg,Healthy(163).jpg,Healthy(163),healthy(163),.jpg,114646,False,640,480,f3c30ec985061356934134f168aa3a9054ba3994,eb603914df6156a9,
image,Healthy,Healthy,/content/drive/MyDrive/Papaya_Leaf_Disease_Classification/BDPapayaLeaf/Original Images/Healthy/Healthy(164).jpg,BDPapayaLeaf/Original Images/Healthy/Healthy(164).jpg,Healthy(164).jpg,Healthy(164),healthy(164),.jpg,112251,False,640,480,58800388e652dc875baae02ba0988d28a759fd1d,8698b45360d6fbb1,
image,Healthy,Healthy,/content/drive/MyDrive/Papaya_Leaf_Disease_Classification/BDPapayaLeaf/Original Images/Healthy/Healthy(165).jpg,BDPapayaLeaf/Original Images/Healthy/Healthy(165).jpg,Healthy(165).jpg,Healthy(165),healthy(165),.jpg,113414,False,640,480,740436e0668c21d5567a009d6c385367dce285c6,bae4b2b3d14929a5,
image,Healthy,Healthy,/content/drive/MyDrive/Papaya_Leaf_Disease_Classification/BDPapayaLeaf/Original Images/Healthy/Healthy(166).jpg,BDPapayaLeaf/Original Images/Healthy/Healthy(166).jpg,Healthy(166).jpg,Healthy(166),healthy(166),.jpg,132482,False,640,480,fc0cd343b5ab779c9d9bdbc13a79aea6e7448b83,cc6ba5d37d110b34,
image,Healthy,Healthy,/content/drive/MyDrive/Papaya_Leaf_Disease_Classification/BDPapayaLeaf/Original Images/Healthy/Healthy(167).jpg,BDPapayaLeaf/Original Images/Healthy/Healthy(167).jpg,Healthy(167).jpg,Healthy(167),healthy(167),.jpg,111783,False,640,480,44e0c451d0b3df4ad2a1712b384c5588b7372318,a59adbeb3d2020ae,
image,Healthy,Healthy,/content/drive/MyDrive/Papaya_Leaf_Disease_Classification/BDPapayaLeaf/Original Images/Healthy/Healthy(168).jpg,BDPapayaLeaf/Original Images/Healthy/Healthy(168).jpg,Healthy(168).jpg,Healthy(168),healthy(168),.jpg,120785,False,640,480,e3a43ed31ad51a6f01a5ca4229e7491abe463752,ec56abd4a5544a2d,
image,Healthy,Healthy,/content/drive/MyDrive/Papaya_Leaf_Disease_Classification/BDPapayaLeaf/Original Images/Healthy/Healthy(169).jpg,BDPapayaLeaf/Original Images/Healthy/Healthy(169).jpg,Healthy(169).jpg,Healthy(169),healthy(169),.jpg,112329,False,640,480,0ffebdfb0d875e7a851ddd9e5336851954fc7769,c7cc2c5be9c9e062,
image,Healthy,Healthy,/content/drive/MyDrive/Papaya_Leaf_Disease_Classification/BDPapayaLeaf/Original Images/Healthy/Healthy(17).jpg,BDPapayaLeaf/Original Images/Healthy/Healthy(17).jpg,Healthy(17).jpg,Healthy(17),healthy(17),.jpg,119034,False,640,480,b8f0744453ff9cbb149d93827a3eff984526e628,9d9478e1d4e82db8,
image,Healthy,Healthy,/content/drive/MyDrive/Papaya_Leaf_Disease_Classification/BDPapayaLeaf/Original Images/Healthy/Healthy(170).jpg,BDPapayaLeaf/Original Images/Healthy/Healthy(170).jpg,Healthy(170).jpg,Healthy(170),healthy(170),.jpg,97757,False,640,480,a2154cda97c09fe120d31708ce7b0dc24b1a41db,ce85454f985e6cb2,
image,Healthy,Healthy,/content/drive/MyDrive/Papaya_Leaf_Disease_Classification/BDPapayaLeaf/Original Images/Healthy/Healthy(171).jpg,BDPapayaLeaf/Original Images/Healthy/Healthy(171).jpg,Healthy(171).jpg,Healthy(171),healthy(171),.jpg,104173,False,640,480,5469e9346d500277f0c39aafb81b087c617d2cc8,c7dd4823999d318b,
image,Healthy,Healthy,/content/drive/MyDrive/Papaya_Leaf_Disease_Classification/BDPapayaLeaf/Original Images/Healthy/Healthy(172).jpg,BDPapayaLeaf/Original Images/Healthy/Healthy(172).jpg,Healthy(172).jpg,Healthy(172),healthy(172),.jpg,95768,False,640,480,fd89f19f4a7817ef4a8b00c558b6db89df2cf260,c0c7437b85e6f324,
image,Healthy,Healthy,/content/drive/MyDrive/Papaya_Leaf_Disease_Classification/BDPapayaLeaf/Original Images/Healthy/Healthy(173).jpg,BDPapayaLeaf/Original Images/Healthy/Healthy(173).jpg,Healthy(173).jpg,Healthy(173),healthy(173),.jpg,93269,False,640,480,9d1323a4b8e5510aead7f6409192600a1e5d674b,b91548f9c09cbb36,
image,Healthy,Healthy,/content/drive/MyDrive/Papaya_Leaf_Disease_Classification/BDPapayaLeaf/Original Images/Healthy/Healthy(174).jpg,BDPapayaLeaf/Original Images/Healthy/Healthy(174).jpg,Healthy(174).jpg,Healthy(174),healthy(174),.jpg,86831,False,640,480,72c184c527cfa15f41f1649c3ef3b7389adf481f,b5e4896c9f21e01f,
image,Healthy,Healthy,/content/drive/MyDrive/Papaya_Leaf_Disease_Classification/BDPapayaLeaf/Original Images/Healthy/Healthy(175).jpg,BDPapayaLeaf/Original Images/Healthy/Healthy(175).jpg,Healthy(175).jpg,Healthy(175),healthy(175),.jpg,101566,False,640,480,0cf4915d194457636b8338c04f8f0e2323bdae9f,82ce5c63ce99f348,
image,Healthy,Healthy,/content/drive/MyDrive/Papaya_Leaf_Disease_Classification/BDPapayaLeaf/Original Images/Healthy/Healthy(176).jpg,BDPapayaLeaf/Original Images/Healthy/Healthy(176).jpg,Healthy(176).jpg,Healthy(176),healthy(176),.jpg,98867,False,640,480,92e27f918aae302f41d4c1e86a53291330a8cce8,9b9c03121f769c3d,
image,Healthy,Healthy,/content/drive/MyDrive/Papaya_Leaf_Disease_Classification/BDPapayaLeaf/Original Images/Healthy/Healthy(177).jpg,BDPapayaLeaf/Original Images/Healthy/Healthy(177).jpg,Healthy(177).jpg,Healthy(177),healthy(177),.jpg,90310,False,640,480,ddb003271862f3e6b181d28cd842dc88b59de4fd,99840ffe7ab8d409,
image,Healthy,Healthy,/content/drive/MyDrive/Papaya_Leaf_Disease_Classification/BDPapayaLeaf/Original Images/Healthy/Healthy(178).jpg,BDPapayaLeaf/Original Images/Healthy/Healthy(178).jpg,Healthy(178).jpg,Healthy(178),healthy(178),.jpg,104969,False,640,480,d5fd02a2ec89f1eadc7299b76624e547709e493c,ca8d7a21359b9c99,
image,Healthy,Healthy,/content/drive/MyDrive/Papaya_Leaf_Disease_Classification/BDPapayaLeaf/Original Images/Healthy/Healthy(179).jpg,BDPapayaLeaf/Original Images/Healthy/Healthy(179).jpg,Healthy(179).jpg,Healthy(179),healthy(179),.jpg,88586,False,640,480,fe3666e8186645edd096b9e6eaaeb2816318a1d4,93facbc30628eab8,
image,Healthy,Healthy,/content/drive/MyDrive/Papaya_Leaf_Disease_Classification/BDPapayaLeaf/Original Images/Healthy/Healthy(18).jpg,BDPapayaLeaf/Original Images/Healthy/Healthy(18).jpg,Healthy(18).jpg,Healthy(18),healthy(18),.jpg,120224,False,640,480,4ed8ad752aac29f729ae39921f3473b10c1da4fa,bab3e1a684830f7c,
image,Healthy,Healthy,/content/drive/MyDrive/Papaya_Leaf_Disease_Classification/BDPapayaLeaf/Original Images/Healthy/Healthy(180).jpg,BDPapayaLeaf/Original Images/Healthy/Healthy(180).jpg,Healthy(180).jpg,Healthy(180),healthy(180),.jpg,113885,False,640,480,7c1ce0a15bdf20c65902b41d1ad7f6a80c8fc679,a1d6d25845e1d5b9,
image,Healthy,Healthy,/content/drive/MyDrive/Papaya_Leaf_Disease_Classification/BDPapayaLeaf/Original Images/Healthy/Healthy(181).jpg,BDPapayaLeaf/Original Images/Healthy/Healthy(181).jpg,Healthy(181).jpg,Healthy(181),healthy(181),.jpg,87000,False,640,480,0a364984ec5c23c8edf9561e81a905c772515b29,89e34af4c4d7b1e0,
image,Healthy,Healthy,/content/drive/MyDrive/Papaya_Leaf_Disease_Classification/BDPapayaLeaf/Original Images/Healthy/Healthy(182).jpg,BDPapayaLeaf/Original Images/Healthy/Healthy(182).jpg,Healthy(182).jpg,Healthy(182),healthy(182),.jpg,91139,False,640,480,ff13defe6a388ca0d2ee1c433f1c3287187d2369,aa47cba76130ca5e,
image,Healthy,Healthy,/content/drive/MyDrive/Papaya_Leaf_Disease_Classification/BDPapayaLeaf/Original Images/Healthy/Healthy(183).jpg,BDPapayaLeaf/Original Images/Healthy/Healthy(183).jpg,Healthy(183).jpg,Healthy(183),healthy(183),.jpg,111651,False,640,480,3be121db0494b92edbef354efe2c15c6ad897512,cf4b325229b2d6d4,
image,Healthy,Healthy,/content/drive/MyDrive/Papaya_Leaf_Disease_Classification/BDPapayaLeaf/Original Images/Healthy/Healthy(184).jpg,BDPapayaLeaf/Original Images/Healthy/Healthy(184).jpg,Healthy(184).jpg,Healthy(184),healthy(184),.jpg,117044,False,640,480,43b3a476bf31a9a1a2927042b5ad8b726ac065f5,a85dc8e96ca2b1cd,
image,Healthy,Healthy,/content/drive/MyDrive/Papaya_Leaf_Disease_Classification/BDPapayaLeaf/Original Images/Healthy/Healthy(185).jpg,BDPapayaLeaf/Original Images/Healthy/Healthy(185).jpg,Healthy(185).jpg,Healthy(185),healthy(185),.jpg,102074,False,640,480,d350d52d5699882db040237b1d90230b193f8728,afb4525bd419232d,
image,Healthy,Healthy,/content/drive/MyDrive/Papaya_Leaf_Disease_Classification/BDPapayaLeaf/Original Images/Healthy/Healthy(186).jpg,BDPapayaLeaf/Original Images/Healthy/Healthy(186).jpg,Healthy(186).jpg,Healthy(186),healthy(186),.jpg,114887,False,640,480,42712d0856cd4879c4e7d5de0e6d1c9092d0eb52,9979b22e4b91f984,
image,Healthy,Healthy,/content/drive/MyDrive/Papaya_Leaf_Disease_Classification/BDPapayaLeaf/Original Images/Healthy/Healthy(187).jpg,BDPapayaLeaf/Original Images/Healthy/Healthy(187).jpg,Healthy(187).jpg,Healthy(187),healthy(187),.jpg,85207,False,640,480,55c30a5f6360bdd9c5de05d0a468f463899291a3,c6c1a9a6b2727935,
image,Healthy,Healthy,/content/drive/MyDrive/Papaya_Leaf_Disease_Classification/BDPapayaLeaf/Original Images/Healthy/Healthy(188).jpg,BDPapayaLeaf/Original Images/Healthy/Healthy(188).jpg,Healthy(188).jpg,Healthy(188),healthy(188),.jpg,105272,False,640,480,ccf0dbc9bcb682ae804cc5a222ad3a712c4a3f95,9aea99bee9402b83,
image,Healthy,Healthy,/content/drive/MyDrive/Papaya_Leaf_Disease_Classification/BDPapayaLeaf/Original Images/Healthy/Healthy(189).jpg,BDPapayaLeaf/Original Images/Healthy/Healthy(189).jpg,Healthy(189).jpg,Healthy(189),healthy(189),.jpg,116096,False,640,480,25646235995aada14941250fd7dc23e016503feb,8ee8a6fac08aa9b5,
image,Healthy,Healthy,/content/drive/MyDrive/Papaya_Leaf_Disease_Classification/BDPapayaLeaf/Original Images/Healthy/Healthy(19).jpg,BDPapayaLeaf/Original Images/Healthy/Healthy(19).jpg,Healthy(19).jpg,Healthy(19),healthy(19),.jpg,142146,False,640,480,d9412c796f28d64661ac262b97eb9e8ccdd56222,9ac41d785c736a69,
image,Healthy,Healthy,/content/drive/MyDrive/Papaya_Leaf_Disease_Classification/BDPapayaLeaf/Original Images/Healthy/Healthy(190).jpg,BDPapayaLeaf/Original Images/Healthy/Healthy(190).jpg,Healthy(190).jpg,Healthy(190),healthy(190),.jpg,87360,False,640,480,53ed5ccc45b221fa05854a0529077bf391b1f7a2,d8af258cb30a6ab5,
image,Healthy,Healthy,/content/drive/MyDrive/Papaya_Leaf_Disease_Classification/BDPapayaLeaf/Original Images/Healthy/Healthy(191).jpg,BDPapayaLeaf/Original Images/Healthy/Healthy(191).jpg,Healthy(191).jpg,Healthy(191),healthy(191),.jpg,97263,False,640,480,0dea5b0cf0400f28d0e98a288583a84ce3c1d30e,e22eb2b7562a20ed,
image,Healthy,Healthy,/content/drive/MyDrive/Papaya_Leaf_Disease_Classification/BDPapayaLeaf/Original Images/Healthy/Healthy(192).jpg,BDPapayaLeaf/Original Images/Healthy/Healthy(192).jpg,Healthy(192).jpg,Healthy(192),healthy(192),.jpg,105870,False,640,480,85ede6400cee52e3eb4c6acc97a79c78a6041925,8e4f4c071bb5017f,
image,Healthy,Healthy,/content/drive/MyDrive/Papaya_Leaf_Disease_Classification/BDPapayaLeaf/Original Images/Healthy/Healthy(193).jpg,BDPapayaLeaf/Original Images/Healthy/Healthy(193).jpg,Healthy(193).jpg,Healthy(193),healthy(193),.jpg,88732,False,640,480,65bc2f58663805b86f644ceffeb3a4e57d0a2659,c38e526fa093ddb0,
image,Healthy,Healthy,/content/drive/MyDrive/Papaya_Leaf_Disease_Classification/BDPapayaLeaf/Original Images/Healthy/Healthy(194).jpg,BDPapayaLeaf/Original Images/Healthy/Healthy(194).jpg,Healthy(194).jpg,Healthy(194),healthy(194),.jpg,117209,False,640,480,54684d5ceb5cda915d13649ba2aeebc71c76f7e7,aa0a4bbf96247c71,
image,Healthy,Healthy,/content/drive/MyDrive/Papaya_Leaf_Disease_Classification/BDPapayaLeaf/Original Images/Healthy/Healthy(195).jpg,BDPapayaLeaf/Original Images/Healthy/Healthy(195).jpg,Healthy(195).jpg,Healthy(195),healthy(195),.jpg,131205,False,640,480,13e7e873787919502718a78646a966dfde94c82b,b8f168c6d81d07f2,
image,Healthy,Healthy,/content/drive/MyDrive/Papaya_Leaf_Disease_Classification/BDPapayaLeaf/Original Images/Healthy/Healthy(196).jpg,BDPapayaLeaf/Original Images/Healthy/Healthy(196).jpg,Healthy(196).jpg,Healthy(196),healthy(196),.jpg,124146,False,640,480,fe277a49f50864dfa2ad99138524df271eff1161,8c5d6975d04bcd0e,
image,Healthy,Healthy,/content/drive/MyDrive/Papaya_Leaf_Disease_Classification/BDPapayaLeaf/Original Images/Healthy/Healthy(197).jpg,BDPapayaLeaf/Original Images/Healthy/Healthy(197).jpg,Healthy(197).jpg,Healthy(197),healthy(197),.jpg,113791,False,640,480,ce21c27912d27465437857e41f2e29b761c8d3b6,a0655cccf0b9593b,
image,Healthy,Healthy,/content/drive/MyDrive/Papaya_Leaf_Disease_Classification/BDPapayaLeaf/Original Images/Healthy/Healthy(198).jpg,BDPapayaLeaf/Original Images/Healthy/Healthy(198).jpg,Healthy(198).jpg,Healthy(198),healthy(198),.jpg,122085,False,640,480,ddebeafd882779d1bf653a0e12ebfdf7b3fd7eb9,b56aeab3a03711c3,
image,Healthy,Healthy,/content/drive/MyDrive/Papaya_Leaf_Disease_Classification/BDPapayaLeaf/Original Images/Healthy/Healthy(199).jpg,BDPapayaLeaf/Original Images/Healthy/Healthy(199).jpg,Healthy(199).jpg,Healthy(199),healthy(199),.jpg,104097,False,640,480,e45b91d1082de92d3911a370a375c36dd47b3bf9,8e9ba5f449489bc3,
image,Healthy,Healthy,/content/drive/MyDrive/Papaya_Leaf_Disease_Classification/BDPapayaLeaf/Original Images/Healthy/Healthy(2).jpg,BDPapayaLeaf/Original Images/Healthy/Healthy(2).jpg,Healthy(2).jpg,Healthy(2),healthy(2),.jpg,129961,False,640,480,ef027c192e48ea4c0784f089833ca4e703c316e2,9fd88124b664d27e,
image,Healthy,Healthy,/content/drive/MyDrive/Papaya_Leaf_Disease_Classification/BDPapayaLeaf/Original Images/Healthy/Healthy(20).jpg,BDPapayaLeaf/Original Images/Healthy/Healthy(20).jpg,Healthy(20).jpg,Healthy(20),healthy(20),.jpg,119755,False,640,480,17f1a85f36384e2424b9465fb027ca767a4400ef,891d34ff165a5558,
image,Healthy,Healthy,/content/drive/MyDrive/Papaya_Leaf_Disease_Classification/BDPapayaLeaf/Original Images/Healthy/Healthy(200).jpg,BDPapayaLeaf/Original Images/Healthy/Healthy(200).jpg,Healthy(200).jpg,Healthy(200),healthy(200),.jpg,89082,False,640,480,a2ef5937f1678c41686acbdbe0424b79bd0eac24,a34899564de9d761,
image,Healthy,Healthy,/content/drive/MyDrive/Papaya_Leaf_Disease_Classification/BDPapayaLeaf/Original Images/Healthy/Healthy(201).jpg,BDPapayaLeaf/Original Images/Healthy/Healthy(201).jpg,Healthy(201).jpg,Healthy(201),healthy(201),.jpg,91050,False,640,480,e770804271b75fd894fdaf05a3952418569c7b34,a6fc95904a4cba8f,
image,Healthy,Healthy,/content/drive/MyDrive/Papaya_Leaf_Disease_Classification/BDPapayaLeaf/Original Images/Healthy/Healthy(202).jpg,BDPapayaLeaf/Original Images/Healthy/Healthy(202).jpg,Healthy(202).jpg,Healthy(202),healthy(202),.jpg,97931,False,640,480,5b5addeea3861735b0dd5f3547a40f597b73ea5c,c9b5f16d3dd24242,
image,Healthy,Healthy,/content/drive/MyDrive/Papaya_Leaf_Disease_Classification/BDPapayaLeaf/Original Images/Healthy/Healthy(203).jpg,BDPapayaLeaf/Original Images/Healthy/Healthy(203).jpg,Healthy(203).jpg,Healthy(203),healthy(203),.jpg,108951,False,640,480,06293421849b98e9cf38873005c4dc058b3832b6,e5b92792d1e20e9c,
image,Healthy,Healthy,/content/drive/MyDrive/Papaya_Leaf_Disease_Classification/BDPapayaLeaf/Original Images/Healthy/Healthy(204).jpg,BDPapayaLeaf/Original Images/Healthy/Healthy(204).jpg,Healthy(204).jpg,Healthy(204),healthy(204),.jpg,100268,False,640,480,c29722e5dafe2de594ba8c4c368ce8eb4e5d6e3d,bce2103fb6353ca8,
image,Healthy,Healthy,/content/drive/MyDrive/Papaya_Leaf_Disease_Classification/BDPapayaLeaf/Original Images/Healthy/Healthy(205).jpg,BDPapayaLeaf/Original Images/Healthy/Healthy(205).jpg,Healthy(205).jpg,Healthy(205),healthy(205),.jpg,86753,False,640,480,5ceb4a927ffea7296a4f59304dd1009c08bd24d5,af85a9edeadb5000,
image,Healthy,Healthy,/content/drive/MyDrive/Papaya_Leaf_Disease_Classification/BDPapayaLeaf/Original Images/Healthy/Healthy(206).jpg,BDPapayaLeaf/Original Images/Healthy/Healthy(206).jpg,Healthy(206).jpg,Healthy(206),healthy(206),.jpg,79692,False,640,480,7020f2c87f3bd4140829a57fd7d2e79b03de5cd4,b2dbb85c2b7058ca,
image,Healthy,Healthy,/content/drive/MyDrive/Papaya_Leaf_Disease_Classification/BDPapayaLeaf/Original Images/Healthy/Healthy(207).jpg,BDPapayaLeaf/Original Images/Healthy/Healthy(207).jpg,Healthy(207).jpg,Healthy(207),healthy(207),.jpg,92866,False,640,480,0b47fe33863466775e865b497d8369afaed676f5,969ec3c7f2412e32,
image,Healthy,Healthy,/content/drive/MyDrive/Papaya_Leaf_Disease_Classification/BDPapayaLeaf/Original Images/Healthy/Healthy(208).jpg,BDPapayaLeaf/Original Images/Healthy/Healthy(208).jpg,Healthy(208).jpg,Healthy(208),healthy(208),.jpg,64907,False,640,480,7fc820ba09b526451f31d24f1ff1ca7ac948d8d2,9aa55387b57adc40,
image,Healthy,Healthy,/content/drive/MyDrive/Papaya_Leaf_Disease_Classification/BDPapayaLeaf/Original Images/Healthy/Healthy(209).jpg,BDPapayaLeaf/Original Images/Healthy/Healthy(209).jpg,Healthy(209).jpg,Healthy(209),healthy(209),.jpg,82741,False,640,480,efe0dac800b530b86bf8d7b513432001f589a3ab,b4d92f3669a66381,
image,Healthy,Healthy,/content/drive/MyDrive/Papaya_Leaf_Disease_Classification/BDPapayaLeaf/Original Images/Healthy/Healthy(21).jpg,BDPapayaLeaf/Original Images/Healthy/Healthy(21).jpg,Healthy(21).jpg,Healthy(21),healthy(21),.jpg,106705,False,640,480,8c0096a2498c4df7615e6c2f5fb196d40c465583,ca99ab8c23ef2d14,
image,Healthy,Healthy,/content/drive/MyDrive/Papaya_Leaf_Disease_Classification/BDPapayaLeaf/Original Images/Healthy/Healthy(210).jpg,BDPapayaLeaf/Original Images/Healthy/Healthy(210).jpg,Healthy(210).jpg,Healthy(210),healthy(210),.jpg,113818,False,640,480,80727011c06fb256634bad423cf8de5e1b4727f0,928c945379e6d38b,
image,Healthy,Healthy,/content/drive/MyDrive/Papaya_Leaf_Disease_Classification/BDPapayaLeaf/Original Images/Healthy/Healthy(211).jpg,BDPapayaLeaf/Original Images/Healthy/Healthy(211).jpg,Healthy(211).jpg,Healthy(211),healthy(211),.jpg,106614,False,640,480,7bcc758c216231b3f588b334e5c8f3f360a99ce2,8dba65424b95b359,
image,Healthy,Healthy,/content/drive/MyDrive/Papaya_Leaf_Disease_Classification/BDPapayaLeaf/Original Images/Healthy/Healthy(212).jpg,BDPapayaLeaf/Original Images/Healthy/Healthy(212).jpg,Healthy(212).jpg,Healthy(212),healthy(212),.jpg,106895,False,640,480,6954dd68e306810ff60a9d7e19fce7db511e5f37,899c4a828e7b2dde,
image,Healthy,Healthy,/content/drive/MyDrive/Papaya_Leaf_Disease_Classification/BDPapayaLeaf/Original Images/Healthy/Healthy(213).jpg,BDPapayaLeaf/Original Images/Healthy/Healthy(213).jpg,Healthy(213).jpg,Healthy(213),healthy(213),.jpg,147676,False,640,480,2b7abfad311dea38617ffc9b9a0aeb92c033ceab,cc23cf6e8c8cda52,
image,Healthy,Healthy,/content/drive/MyDrive/Papaya_Leaf_Disease_Classification/BDPapayaLeaf/Original Images/Healthy/Healthy(214).jpg,BDPapayaLeaf/Original Images/Healthy/Healthy(214).jpg,Healthy(214).jpg,Healthy(214),healthy(214),.jpg,105272,False,640,480,26f12d404cb2b7298364038b932fd5ccbaf00216,83237d5ec88d94b6,
image,Healthy,Healthy,/content/drive/MyDrive/Papaya_Leaf_Disease_Classification/BDPapayaLeaf/Original Images/Healthy/Healthy(215).jpg,BDPapayaLeaf/Original Images/Healthy/Healthy(215).jpg,Healthy(215).jpg,Healthy(215),healthy(215),.jpg,105943,False,640,480,52d404babb9aa93605619b8fb71878590c1619cf,9397f8e363514e0c,
image,Healthy,Healthy,/content/drive/MyDrive/Papaya_Leaf_Disease_Classification/BDPapayaLeaf/Original Images/Healthy/Healthy(216).jpg,BDPapayaLeaf/Original Images/Healthy/Healthy(216).jpg,Healthy(216).jpg,Healthy(216),healthy(216),.jpg,128963,False,640,480,098621f32cbba4bcef39a3caf48e5acd24256f0d,bdccecb4131b38a8,
image,Healthy,Healthy,/content/drive/MyDrive/Papaya_Leaf_Disease_Classification/BDPapayaLeaf/Original Images/Healthy/Healthy(217).jpg,BDPapayaLeaf/Original Images/Healthy/Healthy(217).jpg,Healthy(217).jpg,Healthy(217),healthy(217),.jpg,117904,False,640,480,4941257b0c9b77401ab0973a58fbe60571b49b8e,87977a618cc452dd,
image,Healthy,Healthy,/content/drive/MyDrive/Papaya_Leaf_Disease_Classification/BDPapayaLeaf/Original Images/Healthy/Healthy(218).jpg,BDPapayaLeaf/Original Images/Healthy/Healthy(218).jpg,Healthy(218).jpg,Healthy(218),healthy(218),.jpg,104136,False,640,480,2ef515a0a82a5f1ae91fe25e64dfefe59756cf96,89e65946bce38e38,
image,Healthy,Healthy,/content/drive/MyDrive/Papaya_Leaf_Disease_Classification/BDPapayaLeaf/Original Images/Healthy/Healthy(219).jpg,BDPapayaLeaf/Original Images/Healthy/Healthy(219).jpg,Healthy(219).jpg,Healthy(219),healthy(219),.jpg,101518,False,640,480,207cd17af59cb783334daad4128816a94c0710cf,ced81aa98dd0c71e,
image,Healthy,Healthy,/content/drive/MyDrive/Papaya_Leaf_Disease_Classification/BDPapayaLeaf/Original Images/Healthy/Healthy(22).jpg,BDPapayaLeaf/Original Images/Healthy/Healthy(22).jpg,Healthy(22).jpg,Healthy(22),healthy(22),.jpg,140733,False,640,480,b192494bdf271c17fe11b6aa79c0799795989e96,9bb0e0be4ba0ad33,
image,Healthy,Healthy,/content/drive/MyDrive/Papaya_Leaf_Disease_Classification/BDPapayaLeaf/Original Images/Healthy/Healthy(220).jpg,BDPapayaLeaf/Original Images/Healthy/Healthy(220).jpg,Healthy(220).jpg,Healthy(220),healthy(220),.jpg,117469,False,640,480,645321ddd0be1c8860474de5a3ab8c6882199e1f,d9c40fb821d7532b,
image,Healthy,Healthy,/content/drive/MyDrive/Papaya_Leaf_Disease_Classification/BDPapayaLeaf/Original Images/Healthy/Healthy(221).jpg,BDPapayaLeaf/Original Images/Healthy/Healthy(221).jpg,Healthy(221).jpg,Healthy(221),healthy(221),.jpg,90823,False,640,480,17add8db488df37aec00b125b6f5bbff0ba1a54e,8dc439f25b1d8617,
image,Healthy,Healthy,/content/drive/MyDrive/Papaya_Leaf_Disease_Classification/BDPapayaLeaf/Original Images/Healthy/Healthy(222).jpg,BDPapayaLeaf/Original Images/Healthy/Healthy(222).jpg,Healthy(222).jpg,Healthy(222),healthy(222),.jpg,107534,False,640,480,2632045134f36254f54f6e507e501ff14431fa62,d9914c63991a5bbc,
image,Healthy,Healthy,/content/drive/MyDrive/Papaya_Leaf_Disease_Classification/BDPapayaLeaf/Original Images/Healthy/Healthy(223).jpg,BDPapayaLeaf/Original Images/Healthy/Healthy(223).jpg,Healthy(223).jpg,Healthy(223),healthy(223),.jpg,100182,False,640,480,7b8384e9407a86ca937b2844bec676148d0769fd,c7d9fce186f98208,
image,Healthy,Healthy,/content/drive/MyDrive/Papaya_Leaf_Disease_Classification/BDPapayaLeaf/Original Images/Healthy/Healthy(224).jpg,BDPapayaLeaf/Original Images/Healthy/Healthy(224).jpg,Healthy(224).jpg,Healthy(224),healthy(224),.jpg,144507,False,640,480,e7f019f5fbfc5815abb323d509b1fd28e93d9e42,9e94a45279e9a8b6,
image,Healthy,Healthy,/content/drive/MyDrive/Papaya_Leaf_Disease_Classification/BDPapayaLeaf/Original Images/Healthy/Healthy(225).jpg,BDPapayaLeaf/Original Images/Healthy/Healthy(225).jpg,Healthy(225).jpg,Healthy(225),healthy(225),.jpg,86027,False,640,480,2907bbc93d5029fba12a0fc8a4ede22712fa7e46,c7be4893f96023d8,
image,Healthy,Healthy,/content/drive/MyDrive/Papaya_Leaf_Disease_Classification/BDPapayaLeaf/Original Images/Healthy/Healthy(226).jpg,BDPapayaLeaf/Original Images/Healthy/Healthy(226).jpg,Healthy(226).jpg,Healthy(226),healthy(226),.jpg,93472,False,640,480,c2d30bec2e30573e3809137f0b3cbd2e967fb663,d6de9445174237b8,
image,Healthy,Healthy,/content/drive/MyDrive/Papaya_Leaf_Disease_Classification/BDPapayaLeaf/Original Images/Healthy/Healthy(227).jpg,BDPapayaLeaf/Original Images/Healthy/Healthy(227).jpg,Healthy(227).jpg,Healthy(227),healthy(227),.jpg,84646,False,640,480,3724f06ae3f6309ced2d71377930e59e54088e38,c019b5fa5d2f2e90,
image,Healthy,Healthy,/content/drive/MyDrive/Papaya_Leaf_Disease_Classification/BDPapayaLeaf/Original Images/Healthy/Healthy(228).jpg,BDPapayaLeaf/Original Images/Healthy/Healthy(228).jpg,Healthy(228).jpg,Healthy(228),healthy(228),.jpg,75148,False,640,480,025943099f529f9509a8214c2e58bdc60d7d165a,ad96522927eae8e8,
image,Healthy,Healthy,/content/drive/MyDrive/Papaya_Leaf_Disease_Classification/BDPapayaLeaf/Original Images/Healthy/Healthy(23).jpg,BDPapayaLeaf/Original Images/Healthy/Healthy(23).jpg,Healthy(23).jpg,Healthy(23),healthy(23),.jpg,127641,False,640,480,d4ade3b2d0e7e30156d59449faf40dd98b79515c,cba8a9472aada4bc,
image,Healthy,Healthy,/content/drive/MyDrive/Papaya_Leaf_Disease_Classification/BDPapayaLeaf/Original Images/Healthy/Healthy(24).jpg,BDPapayaLeaf/Original Images/Healthy/Healthy(24).jpg,Healthy(24).jpg,Healthy(24),healthy(24),.jpg,121449,False,640,480,0ab968eea95666601a15a2e0a8d3703c56ae93c6,d8387f96a42d6b42,
image,Healthy,Healthy,/content/drive/MyDrive/Papaya_Leaf_Disease_Classification/BDPapayaLeaf/Original Images/Healthy/Healthy(25).jpg,BDPapayaLeaf/Original Images/Healthy/Healthy(25).jpg,Healthy(25).jpg,Healthy(25),healthy(25),.jpg,142503,False,640,480,a79fb9e8458f23223df584d96d0a3ee359431818,c0a9ddb5a45d165c,
image,Healthy,Healthy,/content/drive/MyDrive/Papaya_Leaf_Disease_Classification/BDPapayaLeaf/Original Images/Healthy/Healthy(26).jpg,BDPapayaLeaf/Original Images/Healthy/Healthy(26).jpg,Healthy(26).jpg,Healthy(26),healthy(26),.jpg,132506,False,640,480,94632f3148eaa2d97746288ea3ad53a61464086e,eb284f34763270f2,
image,Healthy,Healthy,/content/drive/MyDrive/Papaya_Leaf_Disease_Classification/BDPapayaLeaf/Original Images/Healthy/Healthy(27).jpg,BDPapayaLeaf/Original Images/Healthy/Healthy(27).jpg,Healthy(27).jpg,Healthy(27),healthy(27),.jpg,112315,False,640,480,a354645c504f059c708021ca7a44cba95b3362b2,fbb00d1549f5032f,
image,Healthy,Healthy,/content/drive/MyDrive/Papaya_Leaf_Disease_Classification/BDPapayaLeaf/Original Images/Healthy/Healthy(28).jpg,BDPapayaLeaf/Original Images/Healthy/Healthy(28).jpg,Healthy(28).jpg,Healthy(28),healthy(28),.jpg,124380,False,640,480,81d43833b5cb86efdbbc49562e4b9e8f2d4d2442,ae1cc82e3d4f2d85,
image,Healthy,Healthy,/content/drive/MyDrive/Papaya_Leaf_Disease_Classification/BDPapayaLeaf/Original Images/Healthy/Healthy(29).jpg,BDPapayaLeaf/Original Images/Healthy/Healthy(29).jpg,Healthy(29).jpg,Healthy(29),healthy(29),.jpg,115879,False,640,480,ea73243094b4d1c51aa1f0c0c9c35dd8fb3b198c,c5b82755b0c1e70f,
image,Healthy,Healthy,/content/drive/MyDrive/Papaya_Leaf_Disease_Classification/BDPapayaLeaf/Original Images/Healthy/Healthy(3).jpg,BDPapayaLeaf/Original Images/Healthy/Healthy(3).jpg,Healthy(3).jpg,Healthy(3),healthy(3),.jpg,146049,False,640,480,a49d4a6cd1e3edf0b3a709c8320279e835ac389f,cac8b59a9a197e43,
image,Healthy,Healthy,/content/drive/MyDrive/Papaya_Leaf_Disease_Classification/BDPapayaLeaf/Original Images/Healthy/Healthy(30).jpg,BDPapayaLeaf/Original Images/Healthy/Healthy(30).jpg,Healthy(30).jpg,Healthy(30),healthy(30),.jpg,129723,False,640,480,cd94eeb7de85423d8f25ad8dde3cd1e991bee6df,f9b1681a92bfe085,
image,Healthy,Healthy,/content/drive/MyDrive/Papaya_Leaf_Disease_Classification/BDPapayaLeaf/Original Images/Healthy/Healthy(31).jpg,BDPapayaLeaf/Original Images/Healthy/Healthy(31).jpg,Healthy(31).jpg,Healthy(31),healthy(31),.jpg,137419,False,640,480,f2963d8f975ac3cf4817e843bb408d4cdf260d85,cc836bad14f285d6,
image,Healthy,Healthy,/content/drive/MyDrive/Papaya_Leaf_Disease_Classification/BDPapayaLeaf/Original Images/Healthy/Healthy(32).jpg,BDPapayaLeaf/Original Images/Healthy/Healthy(32).jpg,Healthy(32).jpg,Healthy(32),healthy(32),.jpg,178898,False,640,480,c5cdaf553fe9a8857bb002daedb438abf3e0e6db,829c3e36317667a5,
image,Healthy,Healthy,/content/drive/MyDrive/Papaya_Leaf_Disease_Classification/BDPapayaLeaf/Original Images/Healthy/Healthy(33).jpg,BDPapayaLeaf/Original Images/Healthy/Healthy(33).jpg,Healthy(33).jpg,Healthy(33),healthy(33),.jpg,186899,False,640,480,872d77b2c50c5def3e0ce8d84997b3c4d9ac7db5,fd172cccfc5903a0,
image,Healthy,Healthy,/content/drive/MyDrive/Papaya_Leaf_Disease_Classification/BDPapayaLeaf/Original Images/Healthy/Healthy(34).jpg,BDPapayaLeaf/Original Images/Healthy/Healthy(34).jpg,Healthy(34).jpg,Healthy(34),healthy(34),.jpg,213471,False,640,480,85668e5262994b2f6436bc6ceb63eda1da0eedd5,e21b4ec8a9b013ef,
image,Healthy,Healthy,/content/drive/MyDrive/Papaya_Leaf_Disease_Classification/BDPapayaLeaf/Original Images/Healthy/Healthy(35).jpg,BDPapayaLeaf/Original Images/Healthy/Healthy(35).jpg,Healthy(35).jpg,Healthy(35),healthy(35),.jpg,137515,False,640,480,d7184fa41dcffa13b0ffa8e032f03fbc7c30dc57,8bfa4c850c7d3c3c,
image,Healthy,Healthy,/content/drive/MyDrive/Papaya_Leaf_Disease_Classification/BDPapayaLeaf/Original Images/Healthy/Healthy(36).jpg,BDPapayaLeaf/Original Images/Healthy/Healthy(36).jpg,Healthy(36).jpg,Healthy(36),healthy(36),.jpg,129961,False,640,480,ef027c192e48ea4c0784f089833ca4e703c316e2,9fd88124b664d27e,
image,Healthy,Healthy,/content/drive/MyDrive/Papaya_Leaf_Disease_Classification/BDPapayaLeaf/Original Images/Healthy/Healthy(37).jpg,BDPapayaLeaf/Original Images/Healthy/Healthy(37).jpg,Healthy(37).jpg,Healthy(37),healthy(37),.jpg,146049,False,640,480,a49d4a6cd1e3edf0b3a709c8320279e835ac389f,cac8b59a9a197e43,
image,Healthy,Healthy,/content/drive/MyDrive/Papaya_Leaf_Disease_Classification/BDPapayaLeaf/Original Images/Healthy/Healthy(38).jpg,BDPapayaLeaf/Original Images/Healthy/Healthy(38).jpg,Healthy(38).jpg,Healthy(38),healthy(38),.jpg,133457,False,640,480,6d749d89c8f0824ddbfc801739fcd72542601a94,9d905f7ce0c5d641,
image,Healthy,Healthy,/content/drive/MyDrive/Papaya_Leaf_Disease_Classification/BDPapayaLeaf/Original Images/Healthy/Healthy(39).jpg,BDPapayaLeaf/Original Images/Healthy/Healthy(39).jpg,Healthy(39).jpg,Healthy(39),healthy(39),.jpg,120108,False,640,480,c3da8133504dc74408947f113f113d034e58e20f,cbdaf8c829053c3d,
image,Healthy,Healthy,/content/drive/MyDrive/Papaya_Leaf_Disease_Classification/BDPapayaLeaf/Original Images/Healthy/Healthy(4).jpg,BDPapayaLeaf/Original Images/Healthy/Healthy(4).jpg,Healthy(4).jpg,Healthy(4),healthy(4),.jpg,133457,False,640,480,6d749d89c8f0824ddbfc801739fcd72542601a94,9d905f7ce0c5d641,
image,Healthy,Healthy,/content/drive/MyDrive/Papaya_Leaf_Disease_Classification/BDPapayaLeaf/Original Images/Healthy/Healthy(40).jpg,BDPapayaLeaf/Original Images/Healthy/Healthy(40).jpg,Healthy(40).jpg,Healthy(40),healthy(40),.jpg,152123,False,640,480,29d366575cf93822ec5742a14db05cf5d0a34daa,dbc8267440567f2e,
image,Healthy,Healthy,/content/drive/MyDrive/Papaya_Leaf_Disease_Classification/BDPapayaLeaf/Original Images/Healthy/Healthy(41).jpg,BDPapayaLeaf/Original Images/Healthy/Healthy(41).jpg,Healthy(41).jpg,Healthy(41),healthy(41),.jpg,146855,False,640,480,fb3d57d8d25a4582abb4494d8f8adfce51fddc27,c8f626fce003bc3c,
image,Healthy,Healthy,/content/drive/MyDrive/Papaya_Leaf_Disease_Classification/BDPapayaLeaf/Original Images/Healthy/Healthy(42).jpg,BDPapayaLeaf/Original Images/Healthy/Healthy(42).jpg,Healthy(42).jpg,Healthy(42),healthy(42),.jpg,151513,False,640,480,628336d97c8304c9fc59a6434276caaad3eca6b4,9dcaad5740431f78,
image,Healthy,Healthy,/content/drive/MyDrive/Papaya_Leaf_Disease_Classification/BDPapayaLeaf/Original Images/Healthy/Healthy(43).jpg,BDPapayaLeaf/Original Images/Healthy/Healthy(43).jpg,Healthy(43).jpg,Healthy(43),healthy(43),.jpg,129927,False,640,480,df21744c4c28062765a14256229dbb5e9e638086,8b044f3e61f63927,
image,Healthy,Healthy,/content/drive/MyDrive/Papaya_Leaf_Disease_Classification/BDPapayaLeaf/Original Images/Healthy/Healthy(44).jpg,BDPapayaLeaf/Original Images/Healthy/Healthy(44).jpg,Healthy(44).jpg,Healthy(44),healthy(44),.jpg,152487,False,640,480,a56889f23c0ec42b55ae20c42f6ea06c1d524902,8c9a311776524bbe,
image,Healthy,Healthy,/content/drive/MyDrive/Papaya_Leaf_Disease_Classification/BDPapayaLeaf/Original Images/Healthy/Healthy(45).jpg,BDPapayaLeaf/Original Images/Healthy/Healthy(45).jpg,Healthy(45).jpg,Healthy(45),healthy(45),.jpg,115055,False,640,480,7c40be2671845969a21247922d871a88e4135859,8caba341959527be,
image,Healthy,Healthy,/content/drive/MyDrive/Papaya_Leaf_Disease_Classification/BDPapayaLeaf/Original Images/Healthy/Healthy(46).jpg,BDPapayaLeaf/Original Images/Healthy/Healthy(46).jpg,Healthy(46).jpg,Healthy(46),healthy(46),.jpg,149437,False,640,480,69012e01407a320395ab960ed5527b37fd137721,d3b93070acac3f29,
image,Healthy,Healthy,/content/drive/MyDrive/Papaya_Leaf_Disease_Classification/BDPapayaLeaf/Original Images/Healthy/Healthy(47).jpg,BDPapayaLeaf/Original Images/Healthy/Healthy(47).jpg,Healthy(47).jpg,Healthy(47),healthy(47),.jpg,145853,False,640,480,49f37ce57b6a476bac5f406e1c47fd394b814db1,8cc9a73d7003736b,
image,Healthy,Healthy,/content/drive/MyDrive/Papaya_Leaf_Disease_Classification/BDPapayaLeaf/Original Images/Healthy/Healthy(48).jpg,BDPapayaLeaf/Original Images/Healthy/Healthy(48).jpg,Healthy(48).jpg,Healthy(48),healthy(48),.jpg,122650,False,640,480,8294ca6362afe9f6361c84bf6f7a6702a8a33b0c,e761e12d0fb410fa,
image,Healthy,Healthy,/content/drive/MyDrive/Papaya_Leaf_Disease_Classification/BDPapayaLeaf/Original Images/Healthy/Healthy(49).jpg,BDPapayaLeaf/Original Images/Healthy/Healthy(49).jpg,Healthy(49).jpg,Healthy(49),healthy(49),.jpg,127530,False,640,480,2dfd087e17612fb8211c6d8c782abeafa3496728,bc91d38603157f5c,
image,Healthy,Healthy,/content/drive/MyDrive/Papaya_Leaf_Disease_Classification/BDPapayaLeaf/Original Images/Healthy/Healthy(5).jpg,BDPapayaLeaf/Original Images/Healthy/Healthy(5).jpg,Healthy(5).jpg,Healthy(5),healthy(5),.jpg,120108,False,640,480,c3da8133504dc74408947f113f113d034e58e20f,cbdaf8c829053c3d,
image,Healthy,Healthy,/content/drive/MyDrive/Papaya_Leaf_Disease_Classification/BDPapayaLeaf/Original Images/Healthy/Healthy(50).jpg,BDPapayaLeaf/Original Images/Healthy/Healthy(50).jpg,Healthy(50).jpg,Healthy(50),healthy(50),.jpg,121562,False,640,480,baf6081dfa709013e7fbde7f6edd714fad5e30a2,a5d14babbcf48229,
image,Healthy,Healthy,/content/drive/MyDrive/Papaya_Leaf_Disease_Classification/BDPapayaLeaf/Original Images/Healthy/Healthy(51).jpg,BDPapayaLeaf/Original Images/Healthy/Healthy(51).jpg,Healthy(51).jpg,Healthy(51),healthy(51),.jpg,119034,False,640,480,b8f0744453ff9cbb149d93827a3eff984526e628,9d9478e1d4e82db8,
image,Healthy,Healthy,/content/drive/MyDrive/Papaya_Leaf_Disease_Classification/BDPapayaLeaf/Original Images/Healthy/Healthy(52).jpg,BDPapayaLeaf/Original Images/Healthy/Healthy(52).jpg,Healthy(52).jpg,Healthy(52),healthy(52),.jpg,120224,False,640,480,4ed8ad752aac29f729ae39921f3473b10c1da4fa,bab3e1a684830f7c,
image,Healthy,Healthy,/content/drive/MyDrive/Papaya_Leaf_Disease_Classification/BDPapayaLeaf/Original Images/Healthy/Healthy(53).jpg,BDPapayaLeaf/Original Images/Healthy/Healthy(53).jpg,Healthy(53).jpg,Healthy(53),healthy(53),.jpg,142146,False,640,480,d9412c796f28d64661ac262b97eb9e8ccdd56222,9ac41d785c736a69,
image,Healthy,Healthy,/content/drive/MyDrive/Papaya_Leaf_Disease_Classification/BDPapayaLeaf/Original Images/Healthy/Healthy(54).jpg,BDPapayaLeaf/Original Images/Healthy/Healthy(54).jpg,Healthy(54).jpg,Healthy(54),healthy(54),.jpg,119755,False,640,480,17f1a85f36384e2424b9465fb027ca767a4400ef,891d34ff165a5558,
image,Healthy,Healthy,/content/drive/MyDrive/Papaya_Leaf_Disease_Classification/BDPapayaLeaf/Original Images/Healthy/Healthy(55).jpg,BDPapayaLeaf/Original Images/Healthy/Healthy(55).jpg,Healthy(55).jpg,Healthy(55),healthy(55),.jpg,106705,False,640,480,8c0096a2498c4df7615e6c2f5fb196d40c465583,ca99ab8c23ef2d14,
image,Healthy,Healthy,/content/drive/MyDrive/Papaya_Leaf_Disease_Classification/BDPapayaLeaf/Original Images/Healthy/Healthy(56).jpg,BDPapayaLeaf/Original Images/Healthy/Healthy(56).jpg,Healthy(56).jpg,Healthy(56),healthy(56),.jpg,140733,False,640,480,b192494bdf271c17fe11b6aa79c0799795989e96,9bb0e0be4ba0ad33,
image,Healthy,Healthy,/content/drive/MyDrive/Papaya_Leaf_Disease_Classification/BDPapayaLeaf/Original Images/Healthy/Healthy(57).jpg,BDPapayaLeaf/Original Images/Healthy/Healthy(57).jpg,Healthy(57).jpg,Healthy(57),healthy(57),.jpg,127641,False,640,480,d4ade3b2d0e7e30156d59449faf40dd98b79515c,cba8a9472aada4bc,
image,Healthy,Healthy,/content/drive/MyDrive/Papaya_Leaf_Disease_Classification/BDPapayaLeaf/Original Images/Healthy/Healthy(58).jpg,BDPapayaLeaf/Original Images/Healthy/Healthy(58).jpg,Healthy(58).jpg,Healthy(58),healthy(58),.jpg,121449,False,640,480,0ab968eea95666601a15a2e0a8d3703c56ae93c6,d8387f96a42d6b42,
image,Healthy,Healthy,/content/drive/MyDrive/Papaya_Leaf_Disease_Classification/BDPapayaLeaf/Original Images/Healthy/Healthy(59).jpg,BDPapayaLeaf/Original Images/Healthy/Healthy(59).jpg,Healthy(59).jpg,Healthy(59),healthy(59),.jpg,142503,False,640,480,a79fb9e8458f23223df584d96d0a3ee359431818,c0a9ddb5a45d165c,
image,Healthy,Healthy,/content/drive/MyDrive/Papaya_Leaf_Disease_Classification/BDPapayaLeaf/Original Images/Healthy/Healthy(6).jpg,BDPapayaLeaf/Original Images/Healthy/Healthy(6).jpg,Healthy(6).jpg,Healthy(6),healthy(6),.jpg,152123,False,640,480,29d366575cf93822ec5742a14db05cf5d0a34daa,dbc8267440567f2e,
image,Healthy,Healthy,/content/drive/MyDrive/Papaya_Leaf_Disease_Classification/BDPapayaLeaf/Original Images/Healthy/Healthy(60).jpg,BDPapayaLeaf/Original Images/Healthy/Healthy(60).jpg,Healthy(60).jpg,Healthy(60),healthy(60),.jpg,132506,False,640,480,94632f3148eaa2d97746288ea3ad53a61464086e,eb284f34763270f2,
image,Healthy,Healthy,/content/drive/MyDrive/Papaya_Leaf_Disease_Classification/BDPapayaLeaf/Original Images/Healthy/Healthy(61).jpg,BDPapayaLeaf/Original Images/Healthy/Healthy(61).jpg,Healthy(61).jpg,Healthy(61),healthy(61),.jpg,112315,False,640,480,a354645c504f059c708021ca7a44cba95b3362b2,fbb00d1549f5032f,
image,Healthy,Healthy,/content/drive/MyDrive/Papaya_Leaf_Disease_Classification/BDPapayaLeaf/Original Images/Healthy/Healthy(62).jpg,BDPapayaLeaf/Original Images/Healthy/Healthy(62).jpg,Healthy(62).jpg,Healthy(62),healthy(62),.jpg,124380,False,640,480,81d43833b5cb86efdbbc49562e4b9e8f2d4d2442,ae1cc82e3d4f2d85,
image,Healthy,Healthy,/content/drive/MyDrive/Papaya_Leaf_Disease_Classification/BDPapayaLeaf/Original Images/Healthy/Healthy(63).jpg,BDPapayaLeaf/Original Images/Healthy/Healthy(63).jpg,Healthy(63).jpg,Healthy(63),healthy(63),.jpg,115879,False,640,480,ea73243094b4d1c51aa1f0c0c9c35dd8fb3b198c,c5b82755b0c1e70f,
image,Healthy,Healthy,/content/drive/MyDrive/Papaya_Leaf_Disease_Classification/BDPapayaLeaf/Original Images/Healthy/Healthy(64).jpg,BDPapayaLeaf/Original Images/Healthy/Healthy(64).jpg,Healthy(64).jpg,Healthy(64),healthy(64),.jpg,129723,False,640,480,cd94eeb7de85423d8f25ad8dde3cd1e991bee6df,f9b1681a92bfe085,
image,Healthy,Healthy,/content/drive/MyDrive/Papaya_Leaf_Disease_Classification/BDPapayaLeaf/Original Images/Healthy/Healthy(65).jpg,BDPapayaLeaf/Original Images/Healthy/Healthy(65).jpg,Healthy(65).jpg,Healthy(65),healthy(65),.jpg,137419,False,640,480,f2963d8f975ac3cf4817e843bb408d4cdf260d85,cc836bad14f285d6,
image,Healthy,Healthy,/content/drive/MyDrive/Papaya_Leaf_Disease_Classification/BDPapayaLeaf/Original Images/Healthy/Healthy(66).jpg,BDPapayaLeaf/Original Images/Healthy/Healthy(66).jpg,Healthy(66).jpg,Healthy(66),healthy(66),.jpg,114201,False,640,480,39a7d2e037c69614dbeef511284e14e7d291f8ce,99cb0c7064ec873f,
image,Healthy,Healthy,/content/drive/MyDrive/Papaya_Leaf_Disease_Classification/BDPapayaLeaf/Original Images/Healthy/Healthy(67).jpg,BDPapayaLeaf/Original Images/Healthy/Healthy(67).jpg,Healthy(67).jpg,Healthy(67),healthy(67),.jpg,115028,False,640,480,7edfcdf935891bf5a9cd8442b3b9119a0230865a,9b76382167cee903,
image,Healthy,Healthy,/content/drive/MyDrive/Papaya_Leaf_Disease_Classification/BDPapayaLeaf/Original Images/Healthy/Healthy(68).jpg,BDPapayaLeaf/Original Images/Healthy/Healthy(68).jpg,Healthy(68).jpg,Healthy(68),healthy(68),.jpg,94315,False,640,480,ba4c6a3c0557a4d9000e321640b7348366d0ae5a,cbb9d36b151452e1,
image,Healthy,Healthy,/content/drive/MyDrive/Papaya_Leaf_Disease_Classification/BDPapayaLeaf/Original Images/Healthy/Healthy(69).jpg,BDPapayaLeaf/Original Images/Healthy/Healthy(69).jpg,Healthy(69).jpg,Healthy(69),healthy(69),.jpg,107825,False,640,480,05417ebc3861790edb41857d2d35c9f4075c289a,895af5d28a54b327,
image,Healthy,Healthy,/content/drive/MyDrive/Papaya_Leaf_Disease_Classification/BDPapayaLeaf/Original Images/Healthy/Healthy(7).jpg,BDPapayaLeaf/Original Images/Healthy/Healthy(7).jpg,Healthy(7).jpg,Healthy(7),healthy(7),.jpg,146855,False,640,480,fb3d57d8d25a4582abb4494d8f8adfce51fddc27,c8f626fce003bc3c,
image,Healthy,Healthy,/content/drive/MyDrive/Papaya_Leaf_Disease_Classification/BDPapayaLeaf/Original Images/Healthy/Healthy(70).jpg,BDPapayaLeaf/Original Images/Healthy/Healthy(70).jpg,Healthy(70).jpg,Healthy(70),healthy(70),.jpg,103931,False,640,480,aecdf189588db57355d2280ac4deff0daeb68a26,e195520b8d461bdf,
image,Healthy,Healthy,/content/drive/MyDrive/Papaya_Leaf_Disease_Classification/BDPapayaLeaf/Original Images/Healthy/Healthy(71).jpg,BDPapayaLeaf/Original Images/Healthy/Healthy(71).jpg,Healthy(71).jpg,Healthy(71),healthy(71),.jpg,114701,False,640,480,4b2123a41efe8f2d3e7121e1b9446ba01893d874,8ec442adf4d064f7,
image,Healthy,Healthy,/content/drive/MyDrive/Papaya_Leaf_Disease_Classification/BDPapayaLeaf/Original Images/Healthy/Healthy(72).jpg,BDPapayaLeaf/Original Images/Healthy/Healthy(72).jpg,Healthy(72).jpg,Healthy(72),healthy(72),.jpg,104915,False,640,480,876e49fcc259955c68f92d062cc728b72dabfc08,8c7fd8838ce0cb3c,
image,Healthy,Healthy,/content/drive/MyDrive/Papaya_Leaf_Disease_Classification/BDPapayaLeaf/Original Images/Healthy/Healthy(73).jpg,BDPapayaLeaf/Original Images/Healthy/Healthy(73).jpg,Healthy(73).jpg,Healthy(73),healthy(73),.jpg,113535,False,640,480,82722e296e7130846e295b722e347ffc4cbea576,8f28c9ad52c7b271,
image,Healthy,Healthy,/content/drive/MyDrive/Papaya_Leaf_Disease_Classification/BDPapayaLeaf/Original Images/Healthy/Healthy(74).jpg,BDPapayaLeaf/Original Images/Healthy/Healthy(74).jpg,Healthy(74).jpg,Healthy(74),healthy(74),.jpg,119604,False,640,480,1cc18b0ac8eecb13630bb8e2e6c1790466fbe6a6,b962923fd69911c5,
image,Healthy,Healthy,/content/drive/MyDrive/Papaya_Leaf_Disease_Classification/BDPapayaLeaf/Original Images/Healthy/Healthy(75).jpg,BDPapayaLeaf/Original Images/Healthy/Healthy(75).jpg,Healthy(75).jpg,Healthy(75),healthy(75),.jpg,125467,False,640,480,a7de301a72a6bf3cad62a20a78a70d80debfa35f,cf9848096ef7988e,
image,Healthy,Healthy,/content/drive/MyDrive/Papaya_Leaf_Disease_Classification/BDPapayaLeaf/Original Images/Healthy/Healthy(76).jpg,BDPapayaLeaf/Original Images/Healthy/Healthy(76).jpg,Healthy(76).jpg,Healthy(76),healthy(76),.jpg,120272,False,640,480,f0f51fe6e12faf209c65fa3e607a1f1406f01940,fed4a4526aa8a565,
image,Healthy,Healthy,/content/drive/MyDrive/Papaya_Leaf_Disease_Classification/BDPapayaLeaf/Original Images/Healthy/Healthy(77).jpg,BDPapayaLeaf/Original Images/Healthy/Healthy(77).jpg,Healthy(77).jpg,Healthy(77),healthy(77),.jpg,100934,False,640,480,0a9d19bc01a48c36975d8ba5ba79079399f26209,dc990a39b4f2833d,
image,Healthy,Healthy,/content/drive/MyDrive/Papaya_Leaf_Disease_Classification/BDPapayaLeaf/Original Images/Healthy/Healthy(78).jpg,BDPapayaLeaf/Original Images/Healthy/Healthy(78).jpg,Healthy(78).jpg,Healthy(78),healthy(78),.jpg,131801,False,640,480,aa2730a3043b9b8792f606a5cb9147b57e56edcc,cc86abcd894e5a53,
image,Healthy,Healthy,/content/drive/MyDrive/Papaya_Leaf_Disease_Classification/BDPapayaLeaf/Original Images/Healthy/Healthy(79).jpg,BDPapayaLeaf/Original Images/Healthy/Healthy(79).jpg,Healthy(79).jpg,Healthy(79),healthy(79),.jpg,115090,False,640,480,23d06b50f4693686b42c816fdcbade8e0bb5f70d,d9e58ffa00c3d891,
image,Healthy,Healthy,/content/drive/MyDrive/Papaya_Leaf_Disease_Classification/BDPapayaLeaf/Original Images/Healthy/Healthy(8).jpg,BDPapayaLeaf/Original Images/Healthy/Healthy(8).jpg,Healthy(8).jpg,Healthy(8),healthy(8),.jpg,151513,False,640,480,628336d97c8304c9fc59a6434276caaad3eca6b4,9dcaad5740431f78,
image,Healthy,Healthy,/content/drive/MyDrive/Papaya_Leaf_Disease_Classification/BDPapayaLeaf/Original Images/Healthy/Healthy(80).jpg,BDPapayaLeaf/Original Images/Healthy/Healthy(80).jpg,Healthy(80).jpg,Healthy(80),healthy(80),.jpg,125742,False,640,480,a224a9e609777aab827850c4b0fe45ba7b47ab06,d97596d85659c928,
image,Healthy,Healthy,/content/drive/MyDrive/Papaya_Leaf_Disease_Classification/BDPapayaLeaf/Original Images/Healthy/Healthy(81).jpg,BDPapayaLeaf/Original Images/Healthy/Healthy(81).jpg,Healthy(81).jpg,Healthy(81),healthy(81),.jpg,132027,False,640,480,fdd3f19942cd71546ce0dad744aad7b4bea84301,f3f2712321673c91,
image,Healthy,Healthy,/content/drive/MyDrive/Papaya_Leaf_Disease_Classification/BDPapayaLeaf/Original Images/Healthy/Healthy(82).jpg,BDPapayaLeaf/Original Images/Healthy/Healthy(82).jpg,Healthy(82).jpg,Healthy(82),healthy(82),.jpg,113047,False,640,480,243027471dc343b546f27069e58456a4a880463f,9b2a0df998a1f718,
image,Healthy,Healthy,/content/drive/MyDrive/Papaya_Leaf_Disease_Classification/BDPapayaLeaf/Original Images/Healthy/Healthy(83).jpg,BDPapayaLeaf/Original Images/Healthy/Healthy(83).jpg,Healthy(83).jpg,Healthy(83),healthy(83),.jpg,107846,False,640,480,79d8a289e29529300c89c232e28e68ae39059adf,89becc74528edcc4,
image,Healthy,Healthy,/content/drive/MyDrive/Papaya_Leaf_Disease_Classification/BDPapayaLeaf/Original Images/Healthy/Healthy(84).jpg,BDPapayaLeaf/Original Images/Healthy/Healthy(84).jpg,Healthy(84).jpg,Healthy(84),healthy(84),.jpg,105279,False,640,480,077d39ff7f0af002a6ec29cfc5901e8261ef86bb,9df3798701a68e19,
image,Healthy,Healthy,/content/drive/MyDrive/Papaya_Leaf_Disease_Classification/BDPapayaLeaf/Original Images/Healthy/Healthy(85).jpg,BDPapayaLeaf/Original Images/Healthy/Healthy(85).jpg,Healthy(85).jpg,Healthy(85),healthy(85),.jpg,99638,False,640,480,77a792a83b9c6792fc697e135073b5ac28670cf4,c8a55f698578e594,
image,Healthy,Healthy,/content/drive/MyDrive/Papaya_Leaf_Disease_Classification/BDPapayaLeaf/Original Images/Healthy/Healthy(86).jpg,BDPapayaLeaf/Original Images/Healthy/Healthy(86).jpg,Healthy(86).jpg,Healthy(86),healthy(86),.jpg,100242,False,640,480,d7202049d1cf1f721fe2191dd9172991f55cebcf,8c094d57be905bad,
image,Healthy,Healthy,/content/drive/MyDrive/Papaya_Leaf_Disease_Classification/BDPapayaLeaf/Original Images/Healthy/Healthy(87).jpg,BDPapayaLeaf/Original Images/Healthy/Healthy(87).jpg,Healthy(87).jpg,Healthy(87),healthy(87),.jpg,109471,False,640,480,d75e195fd3df92f4273a10dbb84477aaaf8d5058,d0d9a5547a6127bc,
image,Healthy,Healthy,/content/drive/MyDrive/Papaya_Leaf_Disease_Classification/BDPapayaLeaf/Original Images/Healthy/Healthy(88).jpg,BDPapayaLeaf/Original Images/Healthy/Healthy(88).jpg,Healthy(88).jpg,Healthy(88),healthy(88),.jpg,156217,False,640,480,ed3e149cbd447b8d4f209e5c334c297723e56937,b7bfefb8a1a01404,
image,Healthy,Healthy,/content/drive/MyDrive/Papaya_Leaf_Disease_Classification/BDPapayaLeaf/Original Images/Healthy/Healthy(89).jpg,BDPapayaLeaf/Original Images/Healthy/Healthy(89).jpg,Healthy(89).jpg,Healthy(89),healthy(89),.jpg,110606,False,640,480,b87789f653be1ca35a8988ececaf8435340a107b,fc694ab82db4a11b,
image,Healthy,Healthy,/content/drive/MyDrive/Papaya_Leaf_Disease_Classification/BDPapayaLeaf/Original Images/Healthy/Healthy(9).jpg,BDPapayaLeaf/Original Images/Healthy/Healthy(9).jpg,Healthy(9).jpg,Healthy(9),healthy(9),.jpg,129927,False,640,480,df21744c4c28062765a14256229dbb5e9e638086,8b044f3e61f63927,
image,Healthy,Healthy,/content/drive/MyDrive/Papaya_Leaf_Disease_Classification/BDPapayaLeaf/Original Images/Healthy/Healthy(90).jpg,BDPapayaLeaf/Original Images/Healthy/Healthy(90).jpg,Healthy(90).jpg,Healthy(90),healthy(90),.jpg,89884,False,640,480,948355311393ee87800c1cd6736d72776324b9f7,cfad4a2b9043afe0,
image,Healthy,Healthy,/content/drive/MyDrive/Papaya_Leaf_Disease_Classification/BDPapayaLeaf/Original Images/Healthy/Healthy(91).jpg,BDPapayaLeaf/Original Images/Healthy/Healthy(91).jpg,Healthy(91).jpg,Healthy(91),healthy(91),.jpg,97001,False,640,480,08bd6f98a5a8e80ad45fb92b6cf846151a080e78,a699e522fd383a19,
image,Healthy,Healthy,/content/drive/MyDrive/Papaya_Leaf_Disease_Classification/BDPapayaLeaf/Original Images/Healthy/Healthy(92).jpg,BDPapayaLeaf/Original Images/Healthy/Healthy(92).jpg,Healthy(92).jpg,Healthy(92),healthy(92),.jpg,96987,False,640,480,84e4c00d831b402cd6912373ea43a3c0cc626933,c4b64bf053c36a3a,
image,Healthy,Healthy,/content/drive/MyDrive/Papaya_Leaf_Disease_Classification/BDPapayaLeaf/Original Images/Healthy/Healthy(93).jpg,BDPapayaLeaf/Original Images/Healthy/Healthy(93).jpg,Healthy(93).jpg,Healthy(93),healthy(93),.jpg,102515,False,640,480,17afc623c2748642d1e503d904895d85b27abc18,cc576b097cf0a0f2,
image,Healthy,Healthy,/content/drive/MyDrive/Papaya_Leaf_Disease_Classification/BDPapayaLeaf/Original Images/Healthy/Healthy(94).jpg,BDPapayaLeaf/Original Images/Healthy/Healthy(94).jpg,Healthy(94).jpg,Healthy(94),healthy(94),.jpg,103578,False,640,480,75bdf4fe056abb36c11625c11c149fe66725b0a5,d99116fe1479e254,
image,Healthy,Healthy,/content/drive/MyDrive/Papaya_Leaf_Disease_Classification/BDPapayaLeaf/Original Images/Healthy/Healthy(95).jpg,BDPapayaLeaf/Original Images/Healthy/Healthy(95).jpg,Healthy(95).jpg,Healthy(95),healthy(95),.jpg,99540,False,640,480,b094a9ad18eb4e53900f41ae7f753bcf4f85a9df,e0ecb7934925e515,
image,Healthy,Healthy,/content/drive/MyDrive/Papaya_Leaf_Disease_Classification/BDPapayaLeaf/Original Images/Healthy/Healthy(96).jpg,BDPapayaLeaf/Original Images/Healthy/Healthy(96).jpg,Healthy(96).jpg,Healthy(96),healthy(96),.jpg,121142,False,640,480,af80b1b5cf0d0863bbd1d7dcafb20287c076416d,9c26b79059c69a6b,
image,Healthy,Healthy,/content/drive/MyDrive/Papaya_Leaf_Disease_Classification/BDPapayaLeaf/Original Images/Healthy/Healthy(97).jpg,BDPapayaLeaf/Original Images/Healthy/Healthy(97).jpg,Healthy(97).jpg,Healthy(97),healthy(97),.jpg,117023,False,640,480,9fa37d53147234f66d4e22de4b251329327025a7,c5beb20d469bd0e1,
image,Healthy,Healthy,/content/drive/MyDrive/Papaya_Leaf_Disease_Classification/BDPapayaLeaf/Original Images/Healthy/Healthy(98).jpg,BDPapayaLeaf/Original Images/Healthy/Healthy(98).jpg,Healthy(98).jpg,Healthy(98),healthy(98),.jpg,106958,False,640,480,60b507efc0f55b57d52c082de5cf1daf23d3682b,bbc3c28e4e9d3126,
image,Healthy,Healthy,/content/drive/MyDrive/Papaya_Leaf_Disease_Classification/BDPapayaLeaf/Original Images/Healthy/Healthy(99).jpg,BDPapayaLeaf/Original Images/Healthy/Healthy(99).jpg,Healthy(99).jpg,Healthy(99),healthy(99),.jpg,90351,False,640,480,74b468cac0bb1f52494e65d6ab3342ebb03f0d82,c6acbb512d3594e1,
image,RingSpot,RingSpot,/content/drive/MyDrive/Papaya_Leaf_Disease_Classification/BDPapayaLeaf/Original Images/RingSpot/RingSpot(1).jpg,BDPapayaLeaf/Original Images/RingSpot/RingSpot(1).jpg,RingSpot(1).jpg,RingSpot(1),ringspot(1),.jpg,105372,False,640,480,f88cd70ef6735f75a5d891e0a1abc4a527a67354,ba9a69f4c24f7c40,
image,RingSpot,RingSpot,/content/drive/MyDrive/Papaya_Leaf_Disease_Classification/BDPapayaLeaf/Original Images/RingSpot/RingSpot(10).jpg,BDPapayaLeaf/Original Images/RingSpot/RingSpot(10).jpg,RingSpot(10).jpg,RingSpot(10),ringspot(10),.jpg,93994,False,640,480,1fa79c2a4667d619eb59e2cb3029daf2497aa230,866ff41a28f1e0a7,
image,RingSpot,RingSpot,/content/drive/MyDrive/Papaya_Leaf_Disease_Classification/BDPapayaLeaf/Original Images/RingSpot/RingSpot(100).jpg,BDPapayaLeaf/Original Images/RingSpot/RingSpot(100).jpg,RingSpot(100).jpg,RingSpot(100),ringspot(100),.jpg,85860,False,640,480,c3936e57bf01610af441d129e6003111e3bf9ad8,8eb558a1175ebad0,
image,RingSpot,RingSpot,/content/drive/MyDrive/Papaya_Leaf_Disease_Classification/BDPapayaLeaf/Original Images/RingSpot/RingSpot(101).jpg,BDPapayaLeaf/Original Images/RingSpot/RingSpot(101).jpg,RingSpot(101).jpg,RingSpot(101),ringspot(101),.jpg,93032,False,640,480,4098b48c5c69b4dc101076544abc285c4d8605a6,8f24605bb54d576c,
image,RingSpot,RingSpot,/content/drive/MyDrive/Papaya_Leaf_Disease_Classification/BDPapayaLeaf/Original Images/RingSpot/RingSpot(102).jpg,BDPapayaLeaf/Original Images/RingSpot/RingSpot(102).jpg,RingSpot(102).jpg,RingSpot(102),ringspot(102),.jpg,82171,False,640,480,8ca676e0c7b51973d55e8c541d65ad7f55af44e3,cc27111e68f5bd70,
image,RingSpot,RingSpot,/content/drive/MyDrive/Papaya_Leaf_Disease_Classification/BDPapayaLeaf/Original Images/RingSpot/RingSpot(103).jpg,BDPapayaLeaf/Original Images/RingSpot/RingSpot(103).jpg,RingSpot(103).jpg,RingSpot(103),ringspot(103),.jpg,82673,False,640,480,5ee6649ca4bb5a003a35145e16b083fb93f81c71,875566b26a298b9b,
image,RingSpot,RingSpot,/content/drive/MyDrive/Papaya_Leaf_Disease_Classification/BDPapayaLeaf/Original Images/RingSpot/RingSpot(104).jpg,BDPapayaLeaf/Original Images/RingSpot/RingSpot(104).jpg,RingSpot(104).jpg,RingSpot(104),ringspot(104),.jpg,91742,False,640,480,6ef76582688dd1b54c6a290fc1eeccc7216a9373,893b6cc6d8a13679,
image,RingSpot,RingSpot,/content/drive/MyDrive/Papaya_Leaf_Disease_Classification/BDPapayaLeaf/Original Images/RingSpot/RingSpot(105).jpg,BDPapayaLeaf/Original Images/RingSpot/RingSpot(105).jpg,RingSpot(105).jpg,RingSpot(105),ringspot(105),.jpg,77197,False,640,480,bdbaf93a9ced81dd40959c4212c7dbb2a0066b4d,9f804b6ea0455ebe,
image,RingSpot,RingSpot,/content/drive/MyDrive/Papaya_Leaf_Disease_Classification/BDPapayaLeaf/Original Images/RingSpot/RingSpot(106).jpg,BDPapayaLeaf/Original Images/RingSpot/RingSpot(106).jpg,RingSpot(106).jpg,RingSpot(106),ringspot(106),.jpg,95611,False,640,480,5b313a658cbdf570ebf85e3f9643f6bf58ac53e3,ec8b3fb4e149b450,
image,RingSpot,RingSpot,/content/drive/MyDrive/Papaya_Leaf_Disease_Classification/BDPapayaLeaf/Original Images/RingSpot/RingSpot(107).jpg,BDPapayaLeaf/Original Images/RingSpot/RingSpot(107).jpg,RingSpot(107).jpg,RingSpot(107),ringspot(107),.jpg,81489,False,640,480,9ec5936d0465feb5505725c180da5f314bf3a148,c6c9abb5150efc48,
image,RingSpot,RingSpot,/content/drive/MyDrive/Papaya_Leaf_Disease_Classification/BDPapayaLeaf/Original Images/RingSpot/RingSpot(108).jpg,BDPapayaLeaf/Original Images/RingSpot/RingSpot(108).jpg,RingSpot(108).jpg,RingSpot(108),ringspot(108),.jpg,92770,False,640,480,f00369b2df74b2bc832b4e8f88b3e322358fb197,98d50aafd0ab2baa,
image,RingSpot,RingSpot,/content/drive/MyDrive/Papaya_Leaf_Disease_Classification/BDPapayaLeaf/Original Images/RingSpot/RingSpot(109).jpg,BDPapayaLeaf/Original Images/RingSpot/RingSpot(109).jpg,RingSpot(109).jpg,RingSpot(109),ringspot(109),.jpg,86472,False,640,480,fa0fbaa4e2350d7c4a676205e9abf8f2d3a25193,99e9f456420f0d75,
image,RingSpot,RingSpot,/content/drive/MyDrive/Papaya_Leaf_Disease_Classification/BDPapayaLeaf/Original Images/RingSpot/RingSpot(11).jpg,BDPapayaLeaf/Original Images/RingSpot/RingSpot(11).jpg,RingSpot(11).jpg,RingSpot(11),ringspot(11),.jpg,80632,False,640,480,a44a45216b422d0c9724b37b7464dc7e46eb2bfc,a6c25f9b81a0bf0e,
image,RingSpot,RingSpot,/content/drive/MyDrive/Papaya_Leaf_Disease_Classification/BDPapayaLeaf/Original Images/RingSpot/RingSpot(110).jpg,BDPapayaLeaf/Original Images/RingSpot/RingSpot(110).jpg,RingSpot(110).jpg,RingSpot(110),ringspot(110),.jpg,88740,False,640,480,bfb537bb0f91edccb7e8ce3b18bdc2c73cc3e55b,8c6b67f3010dd8e3,
image,RingSpot,RingSpot,/content/drive/MyDrive/Papaya_Leaf_Disease_Classification/BDPapayaLeaf/Original Images/RingSpot/RingSpot(111).jpg,BDPapayaLeaf/Original Images/RingSpot/RingSpot(111).jpg,RingSpot(111).jpg,RingSpot(111),ringspot(111),.jpg,82483,False,640,480,6459452f58ec2c1d2e4c442cd9f2190d0949390a,96b5043839faeb0e,
image,RingSpot,RingSpot,/content/drive/MyDrive/Papaya_Leaf_Disease_Classification/BDPapayaLeaf/Original Images/RingSpot/RingSpot(112).jpg,BDPapayaLeaf/Original Images/RingSpot/RingSpot(112).jpg,RingSpot(112).jpg,RingSpot(112),ringspot(112),.jpg,80847,False,640,480,7acaefd08457145f9c62397bcb1d9c0450c87c01,d99f0cf6404aacba,
image,RingSpot,RingSpot,/content/drive/MyDrive/Papaya_Leaf_Disease_Classification/BDPapayaLeaf/Original Images/RingSpot/RingSpot(113).jpg,BDPapayaLeaf/Original Images/RingSpot/RingSpot(113).jpg,RingSpot(113).jpg,RingSpot(113),ringspot(113),.jpg,84899,False,640,480,1a5338ed3239eefffd3eeace18039f5315e8191c,f1d71b9b1b40e4a8,
image,RingSpot,RingSpot,/content/drive/MyDrive/Papaya_Leaf_Disease_Classification/BDPapayaLeaf/Original Images/RingSpot/RingSpot(114).jpg,BDPapayaLeaf/Original Images/RingSpot/RingSpot(114).jpg,RingSpot(114).jpg,RingSpot(114),ringspot(114),.jpg,78665,False,640,480,b3d2c0c7e7587b21ff4dd422cf0a1c3887618375,d9ea1bcf5145a096,
image,RingSpot,RingSpot,/content/drive/MyDrive/Papaya_Leaf_Disease_Classification/BDPapayaLeaf/Original Images/RingSpot/RingSpot(115).jpg,BDPapayaLeaf/Original Images/RingSpot/RingSpot(115).jpg,RingSpot(115).jpg,RingSpot(115),ringspot(115),.jpg,90599,False,640,480,6c9cb446f5af6e4c5cba59c05df6b5fe6470923d,edec9424da94c87a,
image,RingSpot,RingSpot,/content/drive/MyDrive/Papaya_Leaf_Disease_Classification/BDPapayaLeaf/Original Images/RingSpot/RingSpot(116).jpg,BDPapayaLeaf/Original Images/RingSpot/RingSpot(116).jpg,RingSpot(116).jpg,RingSpot(116),ringspot(116),.jpg,78872,False,640,480,d5dabcef1586b4aed2420cd1ab8cc3b49b5a4222,cc846df00387c3bf,
image,RingSpot,RingSpot,/content/drive/MyDrive/Papaya_Leaf_Disease_Classification/BDPapayaLeaf/Original Images/RingSpot/RingSpot(117).jpg,BDPapayaLeaf/Original Images/RingSpot/RingSpot(117).jpg,RingSpot(117).jpg,RingSpot(117),ringspot(117),.jpg,87127,False,640,480,006fc79addd383ce5976a436b1833ff4c48e0118,c5949bedb69bc024,
image,RingSpot,RingSpot,/content/drive/MyDrive/Papaya_Leaf_Disease_Classification/BDPapayaLeaf/Original Images/RingSpot/RingSpot(118).jpg,BDPapayaLeaf/Original Images/RingSpot/RingSpot(118).jpg,RingSpot(118).jpg,RingSpot(118),ringspot(118),.jpg,79054,False,640,480,06cf6217d485a1a4a9eedcc7f2a48c5cb8adfee7,dc9105edad0f2cc5,
image,RingSpot,RingSpot,/content/drive/MyDrive/Papaya_Leaf_Disease_Classification/BDPapayaLeaf/Original Images/RingSpot/RingSpot(119).jpg,BDPapayaLeaf/Original Images/RingSpot/RingSpot(119).jpg,RingSpot(119).jpg,RingSpot(119),ringspot(119),.jpg,87281,False,640,480,5a00083ee932f63edbd72b7ebf52c2ebc920ca24,c6e85ec82517dd0e,
image,RingSpot,RingSpot,/content/drive/MyDrive/Papaya_Leaf_Disease_Classification/BDPapayaLeaf/Original Images/RingSpot/RingSpot(12).jpg,BDPapayaLeaf/Original Images/RingSpot/RingSpot(12).jpg,RingSpot(12).jpg,RingSpot(12),ringspot(12),.jpg,94906,False,640,480,bf1787b1a5a6621bfbb4ec3ff39ca65a2fdd396e,ea8b0a52563df50b,
image,RingSpot,RingSpot,/content/drive/MyDrive/Papaya_Leaf_Disease_Classification/BDPapayaLeaf/Original Images/RingSpot/RingSpot(120).jpg,BDPapayaLeaf/Original Images/RingSpot/RingSpot(120).jpg,RingSpot(120).jpg,RingSpot(120),ringspot(120),.jpg,76608,False,640,480,e140487c5db48f2243ef2c0616bef2d433dfc333,e2896e7a092699bd,
image,RingSpot,RingSpot,/content/drive/MyDrive/Papaya_Leaf_Disease_Classification/BDPapayaLeaf/Original Images/RingSpot/RingSpot(121).jpg,BDPapayaLeaf/Original Images/RingSpot/RingSpot(121).jpg,RingSpot(121).jpg,RingSpot(121),ringspot(121),.jpg,74520,False,640,480,cdd32e8bc7124b8f5798a6d0eaee318a24c6f713,dcedb5d0521b8ea0,
image,RingSpot,RingSpot,/content/drive/MyDrive/Papaya_Leaf_Disease_Classification/BDPapayaLeaf/Original Images/RingSpot/RingSpot(122).jpg,BDPapayaLeaf/Original Images/RingSpot/RingSpot(122).jpg,RingSpot(122).jpg,RingSpot(122),ringspot(122),.jpg,86964,False,640,480,347d73ffbb89ed44e4cfebe88917787f19b065d0,8c8fb5f411474e2b,
image,RingSpot,RingSpot,/content/drive/MyDrive/Papaya_Leaf_Disease_Classification/BDPapayaLeaf/Original Images/RingSpot/RingSpot(123).jpg,BDPapayaLeaf/Original Images/RingSpot/RingSpot(123).jpg,RingSpot(123).jpg,RingSpot(123),ringspot(123),.jpg,70012,False,640,480,9d970799ac99b43e5e0d94abd711fd1a85a50e4d,9bc9e9f0f2901e0e,
image,RingSpot,RingSpot,/content/drive/MyDrive/Papaya_Leaf_Disease_Classification/BDPapayaLeaf/Original Images/RingSpot/RingSpot(124).jpg,BDPapayaLeaf/Original Images/RingSpot/RingSpot(124).jpg,RingSpot(124).jpg,RingSpot(124),ringspot(124),.jpg,86158,False,640,480,3b64ffc4d4ceab9b62ef9e024d5a10455e72ec63,f0fc1afc828cfa41,
image,RingSpot,RingSpot,/content/drive/MyDrive/Papaya_Leaf_Disease_Classification/BDPapayaLeaf/Original Images/RingSpot/RingSpot(125).jpg,BDPapayaLeaf/Original Images/RingSpot/RingSpot(125).jpg,RingSpot(125).jpg,RingSpot(125),ringspot(125),.jpg,80767,False,640,480,f0f6ae1021d6ee03066b5dae134ab79577f95392,e47a9d06d52cb12d,
image,RingSpot,RingSpot,/content/drive/MyDrive/Papaya_Leaf_Disease_Classification/BDPapayaLeaf/Original Images/RingSpot/RingSpot(126).jpg,BDPapayaLeaf/Original Images/RingSpot/RingSpot(126).jpg,RingSpot(126).jpg,RingSpot(126),ringspot(126),.jpg,74997,False,640,480,188f0790ddd5865ba7c66f82307be5f2919039b3,c383d8b377da810d,
image,RingSpot,RingSpot,/content/drive/MyDrive/Papaya_Leaf_Disease_Classification/BDPapayaLeaf/Original Images/RingSpot/RingSpot(127).jpg,BDPapayaLeaf/Original Images/RingSpot/RingSpot(127).jpg,RingSpot(127).jpg,RingSpot(127),ringspot(127),.jpg,73047,False,640,480,ec7721e53004dfa40ac52118350a1b28ffa69650,84ec06d26a879fda,
image,RingSpot,RingSpot,/content/drive/MyDrive/Papaya_Leaf_Disease_Classification/BDPapayaLeaf/Original Images/RingSpot/RingSpot(128).jpg,BDPapayaLeaf/Original Images/RingSpot/RingSpot(128).jpg,RingSpot(128).jpg,RingSpot(128),ringspot(128),.jpg,87783,False,640,480,f13e7f4dd225ff6d79ac8f987286fa8b3a99563e,8afe4a2dfd02a8a9,
image,RingSpot,RingSpot,/content/drive/MyDrive/Papaya_Leaf_Disease_Classification/BDPapayaLeaf/Original Images/RingSpot/RingSpot(129).jpg,BDPapayaLeaf/Original Images/RingSpot/RingSpot(129).jpg,RingSpot(129).jpg,RingSpot(129),ringspot(129),.jpg,88229,False,640,480,e9f08c83d323a3ecca18802126f15b86e50d2696,f58407f8db0136d5,
image,RingSpot,RingSpot,/content/drive/MyDrive/Papaya_Leaf_Disease_Classification/BDPapayaLeaf/Original Images/RingSpot/RingSpot(13).jpg,BDPapayaLeaf/Original Images/RingSpot/RingSpot(13).jpg,RingSpot(13).jpg,RingSpot(13),ringspot(13),.jpg,109625,False,640,480,0240b88a7415c0cd1ab06fe473268856c950a20b,b9c82c0f878785d7,
image,RingSpot,RingSpot,/content/drive/MyDrive/Papaya_Leaf_Disease_Classification/BDPapayaLeaf/Original Images/RingSpot/RingSpot(130).jpg,BDPapayaLeaf/Original Images/RingSpot/RingSpot(130).jpg,RingSpot(130).jpg,RingSpot(130),ringspot(130),.jpg,83627,False,640,480,96ab5c094763b6030c22c1b00368573e0ed39bb7,e39499c7de3a10a9,
image,RingSpot,RingSpot,/content/drive/MyDrive/Papaya_Leaf_Disease_Classification/BDPapayaLeaf/Original Images/RingSpot/RingSpot(131).jpg,BDPapayaLeaf/Original Images/RingSpot/RingSpot(131).jpg,RingSpot(131).jpg,RingSpot(131),ringspot(131),.jpg,87836,False,640,480,22f1a533b2fcd701da8facebd1e1afc388a6ac38,ed4d0c8c8f6c6c65,
image,RingSpot,RingSpot,/content/drive/MyDrive/Papaya_Leaf_Disease_Classification/BDPapayaLeaf/Original Images/RingSpot/RingSpot(132).jpg,BDPapayaLeaf/Original Images/RingSpot/RingSpot(132).jpg,RingSpot(132).jpg,RingSpot(132),ringspot(132),.jpg,81620,False,640,480,8d34b7b072aaa9559f96771739756a94aa0874a7,efff578180e92260,
image,RingSpot,RingSpot,/content/drive/MyDrive/Papaya_Leaf_Disease_Classification/BDPapayaLeaf/Original Images/RingSpot/RingSpot(133).jpg,BDPapayaLeaf/Original Images/RingSpot/RingSpot(133).jpg,RingSpot(133).jpg,RingSpot(133),ringspot(133),.jpg,88139,False,640,480,aaf08ca90d508c40106a7a9ec30ab7e891ff4a38,ed7c8a62aa689ae4,
image,RingSpot,RingSpot,/content/drive/MyDrive/Papaya_Leaf_Disease_Classification/BDPapayaLeaf/Original Images/RingSpot/RingSpot(134).jpg,BDPapayaLeaf/Original Images/RingSpot/RingSpot(134).jpg,RingSpot(134).jpg,RingSpot(134),ringspot(134),.jpg,96934,False,640,480,cd7c0a3dd648246053d3a98d01510c7a4383885e,ed40ad8d7949395a,
image,RingSpot,RingSpot,/content/drive/MyDrive/Papaya_Leaf_Disease_Classification/BDPapayaLeaf/Original Images/RingSpot/RingSpot(135).jpg,BDPapayaLeaf/Original Images/RingSpot/RingSpot(135).jpg,RingSpot(135).jpg,RingSpot(135),ringspot(135),.jpg,79774,False,640,480,e58ea741c017ca06dc7bf90b5c947733b7acac65,f14cb7d924d34946,
image,RingSpot,RingSpot,/content/drive/MyDrive/Papaya_Leaf_Disease_Classification/BDPapayaLeaf/Original Images/RingSpot/RingSpot(136).jpg,BDPapayaLeaf/Original Images/RingSpot/RingSpot(136).jpg,RingSpot(136).jpg,RingSpot(136),ringspot(136),.jpg,72793,False,640,480,7b3f9f64642dc00bc7af68341e4583a65146ab48,84aa015f68e7be74,
image,RingSpot,RingSpot,/content/drive/MyDrive/Papaya_Leaf_Disease_Classification/BDPapayaLeaf/Original Images/RingSpot/RingSpot(137).jpg,BDPapayaLeaf/Original Images/RingSpot/RingSpot(137).jpg,RingSpot(137).jpg,RingSpot(137),ringspot(137),.jpg,85195,False,640,480,dd86539517d06b11bfca79648d9a8d03b61f1262,80ebfea00397bdb0,
image,RingSpot,RingSpot,/content/drive/MyDrive/Papaya_Leaf_Disease_Classification/BDPapayaLeaf/Original Images/RingSpot/RingSpot(138).jpg,BDPapayaLeaf/Original Images/RingSpot/RingSpot(138).jpg,RingSpot(138).jpg,RingSpot(138),ringspot(138),.jpg,93470,False,640,480,a00567f9e295debe2ca8fc4d4c914c9c3affb9c4,91ca123fe039f7d0,
image,RingSpot,RingSpot,/content/drive/MyDrive/Papaya_Leaf_Disease_Classification/BDPapayaLeaf/Original Images/RingSpot/RingSpot(139).jpg,BDPapayaLeaf/Original Images/RingSpot/RingSpot(139).jpg,RingSpot(139).jpg,RingSpot(139),ringspot(139),.jpg,93895,False,640,480,f68e0f92f915d53f1f8d912ca3f89d4abae21958,acd1759ac30e8375,
image,RingSpot,RingSpot,/content/drive/MyDrive/Papaya_Leaf_Disease_Classification/BDPapayaLeaf/Original Images/RingSpot/RingSpot(14).jpg,BDPapayaLeaf/Original Images/RingSpot/RingSpot(14).jpg,RingSpot(14).jpg,RingSpot(14),ringspot(14),.jpg,91655,False,640,480,beb27a68ecce48299262af01a5794ea1e3b18c1a,ea5ef24974f1a222,
image,RingSpot,RingSpot,/content/drive/MyDrive/Papaya_Leaf_Disease_Classification/BDPapayaLeaf/Original Images/RingSpot/RingSpot(140).jpg,BDPapayaLeaf/Original Images/RingSpot/RingSpot(140).jpg,RingSpot(140).jpg,RingSpot(140),ringspot(140),.jpg,96222,False,640,480,5fb332634ec2e8585e092c481597fa805215209b,c2cbad3da5a3a514,
image,RingSpot,RingSpot,/content/drive/MyDrive/Papaya_Leaf_Disease_Classification/BDPapayaLeaf/Original Images/RingSpot/RingSpot(141).jpg,BDPapayaLeaf/Original Images/RingSpot/RingSpot(141).jpg,RingSpot(141).jpg,RingSpot(141),ringspot(141),.jpg,80317,False,640,480,23e30ae673c04c8e6921061008b3a8780b1ab076,ab5a95a9a25a97a1,
image,RingSpot,RingSpot,/content/drive/MyDrive/Papaya_Leaf_Disease_Classification/BDPapayaLeaf/Original Images/RingSpot/RingSpot(142).jpg,BDPapayaLeaf/Original Images/RingSpot/RingSpot(142).jpg,RingSpot(142).jpg,RingSpot(142),ringspot(142),.jpg,73868,False,640,480,4d2c61fde1aa7918d10a3f05cd54712b2fb314cc,8fc1684f1f2df0e0,
image,RingSpot,RingSpot,/content/drive/MyDrive/Papaya_Leaf_Disease_Classification/BDPapayaLeaf/Original Images/RingSpot/RingSpot(143).jpg,BDPapayaLeaf/Original Images/RingSpot/RingSpot(143).jpg,RingSpot(143).jpg,RingSpot(143),ringspot(143),.jpg,82562,False,640,480,4eff0021dd509797d067f487c230c56b0c7a40c6,8acda5a6339bda0a,
image,RingSpot,RingSpot,/content/drive/MyDrive/Papaya_Leaf_Disease_Classification/BDPapayaLeaf/Original Images/RingSpot/RingSpot(144).jpg,BDPapayaLeaf/Original Images/RingSpot/RingSpot(144).jpg,RingSpot(144).jpg,RingSpot(144),ringspot(144),.jpg,85176,False,640,480,73e22f3f9a0d2540414e3793e75d8aa48ae7cdf2,a69312c31ce37dc6,
image,RingSpot,RingSpot,/content/drive/MyDrive/Papaya_Leaf_Disease_Classification/BDPapayaLeaf/Original Images/RingSpot/RingSpot(145).jpg,BDPapayaLeaf/Original Images/RingSpot/RingSpot(145).jpg,RingSpot(145).jpg,RingSpot(145),ringspot(145),.jpg,94290,False,640,480,a667cd1131ff9b6075181a40a9a59c1b7e6e99ec,9da6291fe2dd1017,
image,RingSpot,RingSpot,/content/drive/MyDrive/Papaya_Leaf_Disease_Classification/BDPapayaLeaf/Original Images/RingSpot/RingSpot(146).jpg,BDPapayaLeaf/Original Images/RingSpot/RingSpot(146).jpg,RingSpot(146).jpg,RingSpot(146),ringspot(146),.jpg,93488,False,640,480,1f911ba05edd86a1084dd84137167bf58f88a024,fffe269361198403,
image,RingSpot,RingSpot,/content/drive/MyDrive/Papaya_Leaf_Disease_Classification/BDPapayaLeaf/Original Images/RingSpot/RingSpot(147).jpg,BDPapayaLeaf/Original Images/RingSpot/RingSpot(147).jpg,RingSpot(147).jpg,RingSpot(147),ringspot(147),.jpg,93051,False,640,480,5873bc99074b3f25ff9c07c5756a259234f04139,a2c24bf89aabe01f,
image,RingSpot,RingSpot,/content/drive/MyDrive/Papaya_Leaf_Disease_Classification/BDPapayaLeaf/Original Images/RingSpot/RingSpot(148).jpg,BDPapayaLeaf/Original Images/RingSpot/RingSpot(148).jpg,RingSpot(148).jpg,RingSpot(148),ringspot(148),.jpg,91910,False,640,480,9158ba5fd68c5299284024985576da5cd36cb046,863505e3cae2abcd,
image,RingSpot,RingSpot,/content/drive/MyDrive/Papaya_Leaf_Disease_Classification/BDPapayaLeaf/Original Images/RingSpot/RingSpot(149).jpg,BDPapayaLeaf/Original Images/RingSpot/RingSpot(149).jpg,RingSpot(149).jpg,RingSpot(149),ringspot(149),.jpg,89071,False,640,480,000cb6ac772806ef847337916408e79e07a1a8bc,abe61259a442ff85,
image,RingSpot,RingSpot,/content/drive/MyDrive/Papaya_Leaf_Disease_Classification/BDPapayaLeaf/Original Images/RingSpot/RingSpot(15).jpg,BDPapayaLeaf/Original Images/RingSpot/RingSpot(15).jpg,RingSpot(15).jpg,RingSpot(15),ringspot(15),.jpg,90506,False,640,480,c08d846bf2155881cb67d27e8cc82bb8edab1fa8,e9a555a51532cb5a,
image,RingSpot,RingSpot,/content/drive/MyDrive/Papaya_Leaf_Disease_Classification/BDPapayaLeaf/Original Images/RingSpot/RingSpot(150).jpg,BDPapayaLeaf/Original Images/RingSpot/RingSpot(150).jpg,RingSpot(150).jpg,RingSpot(150),ringspot(150),.jpg,105575,False,640,480,ed8ad06ba3b56709f2ac45db8ee641532dadd4d5,cc4737f1863ef081,
image,RingSpot,RingSpot,/content/drive/MyDrive/Papaya_Leaf_Disease_Classification/BDPapayaLeaf/Original Images/RingSpot/RingSpot(151).jpg,BDPapayaLeaf/Original Images/RingSpot/RingSpot(151).jpg,RingSpot(151).jpg,RingSpot(151),ringspot(151),.jpg,96264,False,640,480,6bdcb90695058e115acc2268c29adae22056aa2b,a7cbebe5b9a15010,
image,RingSpot,RingSpot,/content/drive/MyDrive/Papaya_Leaf_Disease_Classification/BDPapayaLeaf/Original Images/RingSpot/RingSpot(152).jpg,BDPapayaLeaf/Original Images/RingSpot/RingSpot(152).jpg,RingSpot(152).jpg,RingSpot(152),ringspot(152),.jpg,86977,False,640,480,2e937ca554c63e6898ac414b4530e007b86f6b35,8ebaa149a5f56d14,
image,RingSpot,RingSpot,/content/drive/MyDrive/Papaya_Leaf_Disease_Classification/BDPapayaLeaf/Original Images/RingSpot/RingSpot(153).jpg,BDPapayaLeaf/Original Images/RingSpot/RingSpot(153).jpg,RingSpot(153).jpg,RingSpot(153),ringspot(153),.jpg,88493,False,640,480,a7f47211b9672b5e1975b7269b0b7f866604d666,a7eabb4aadad1028,
image,RingSpot,RingSpot,/content/drive/MyDrive/Papaya_Leaf_Disease_Classification/BDPapayaLeaf/Original Images/RingSpot/RingSpot(154).jpg,BDPapayaLeaf/Original Images/RingSpot/RingSpot(154).jpg,RingSpot(154).jpg,RingSpot(154),ringspot(154),.jpg,100844,False,640,480,6b2a99c98418c025c092c750c35c7536e92f81e7,ae91f5c843910d7d,
image,RingSpot,RingSpot,/content/drive/MyDrive/Papaya_Leaf_Disease_Classification/BDPapayaLeaf/Original Images/RingSpot/RingSpot(155).jpg,BDPapayaLeaf/Original Images/RingSpot/RingSpot(155).jpg,RingSpot(155).jpg,RingSpot(155),ringspot(155),.jpg,73748,False,640,480,571ca1dc7ee7114bf9fee545e20c557ccf81ce75,8328c21fc5ab7a57,
image,RingSpot,RingSpot,/content/drive/MyDrive/Papaya_Leaf_Disease_Classification/BDPapayaLeaf/Original Images/RingSpot/RingSpot(156).jpg,BDPapayaLeaf/Original Images/RingSpot/RingSpot(156).jpg,RingSpot(156).jpg,RingSpot(156),ringspot(156),.jpg,84272,False,640,480,08680ee03c2398ddbf7af00c3c7bc86be406f90c,a8a9f6b70854ae9c,
image,RingSpot,RingSpot,/content/drive/MyDrive/Papaya_Leaf_Disease_Classification/BDPapayaLeaf/Original Images/RingSpot/RingSpot(157).jpg,BDPapayaLeaf/Original Images/RingSpot/RingSpot(157).jpg,RingSpot(157).jpg,RingSpot(157),ringspot(157),.jpg,87756,False,640,480,4483438313e1f7809b58910079ecf189793d987a,8de07a0714fafd03,
image,RingSpot,RingSpot,/content/drive/MyDrive/Papaya_Leaf_Disease_Classification/BDPapayaLeaf/Original Images/RingSpot/RingSpot(158).jpg,BDPapayaLeaf/Original Images/RingSpot/RingSpot(158).jpg,RingSpot(158).jpg,RingSpot(158),ringspot(158),.jpg,77391,False,640,480,2a76539264cf85a9bbfe7153979ca4cab3088ddb,94e502545baf7e31,
image,RingSpot,RingSpot,/content/drive/MyDrive/Papaya_Leaf_Disease_Classification/BDPapayaLeaf/Original Images/RingSpot/RingSpot(159).jpg,BDPapayaLeaf/Original Images/RingSpot/RingSpot(159).jpg,RingSpot(159).jpg,RingSpot(159),ringspot(159),.jpg,91619,False,640,480,6b47311311ce39d009effd81a6b0f1d991beb53b,a6ca4b0fe2464d57,
image,RingSpot,RingSpot,/content/drive/MyDrive/Papaya_Leaf_Disease_Classification/BDPapayaLeaf/Original Images/RingSpot/RingSpot(16).jpg,BDPapayaLeaf/Original Images/RingSpot/RingSpot(16).jpg,RingSpot(16).jpg,RingSpot(16),ringspot(16),.jpg,79245,False,640,480,53fcd75abe9d1e73fd0d660661854fb63ed94228,99f0422df8022ffd,
image,RingSpot,RingSpot,/content/drive/MyDrive/Papaya_Leaf_Disease_Classification/BDPapayaLeaf/Original Images/RingSpot/RingSpot(160).jpg,BDPapayaLeaf/Original Images/RingSpot/RingSpot(160).jpg,RingSpot(160).jpg,RingSpot(160),ringspot(160),.jpg,79517,False,640,480,357aff794e6b5d29eda5af49e16d056bdb52f522,bda18377759ea0a0,
image,RingSpot,RingSpot,/content/drive/MyDrive/Papaya_Leaf_Disease_Classification/BDPapayaLeaf/Original Images/RingSpot/RingSpot(161).jpg,BDPapayaLeaf/Original Images/RingSpot/RingSpot(161).jpg,RingSpot(161).jpg,RingSpot(161),ringspot(161),.jpg,102516,False,640,480,ed7c51762377d77ab5a10b6fe461167f1c8115d7,aa2ba5f4c20d1b5e,
image,RingSpot,RingSpot,/content/drive/MyDrive/Papaya_Leaf_Disease_Classification/BDPapayaLeaf/Original Images/RingSpot/RingSpot(162).jpg,BDPapayaLeaf/Original Images/RingSpot/RingSpot(162).jpg,RingSpot(162).jpg,RingSpot(162),ringspot(162),.jpg,113841,False,640,480,efb32043b7825d90bf788a41458a0b5f71d36dfc,973e68a8fef45220,
image,RingSpot,RingSpot,/content/drive/MyDrive/Papaya_Leaf_Disease_Classification/BDPapayaLeaf/Original Images/RingSpot/RingSpot(163).jpg,BDPapayaLeaf/Original Images/RingSpot/RingSpot(163).jpg,RingSpot(163).jpg,RingSpot(163),ringspot(163),.jpg,111092,False,640,480,ffa71264988e7e2397523f89bd3345ccad41e0dc,8b9d138bd5437d30,
image,RingSpot,RingSpot,/content/drive/MyDrive/Papaya_Leaf_Disease_Classification/BDPapayaLeaf/Original Images/RingSpot/RingSpot(164).jpg,BDPapayaLeaf/Original Images/RingSpot/RingSpot(164).jpg,RingSpot(164).jpg,RingSpot(164),ringspot(164),.jpg,89167,False,640,480,d183a131ea2385360f10d32cf42f9347b239f6a5,99dddcd885c2c1c3,
image,RingSpot,RingSpot,/content/drive/MyDrive/Papaya_Leaf_Disease_Classification/BDPapayaLeaf/Original Images/RingSpot/RingSpot(165).jpg,BDPapayaLeaf/Original Images/RingSpot/RingSpot(165).jpg,RingSpot(165).jpg,RingSpot(165),ringspot(165),.jpg,98986,False,640,480,849626751c848dce278db073416affd67674e89f,c2d40e426b0ba9ff,
image,RingSpot,RingSpot,/content/drive/MyDrive/Papaya_Leaf_Disease_Classification/BDPapayaLeaf/Original Images/RingSpot/RingSpot(166).jpg,BDPapayaLeaf/Original Images/RingSpot/RingSpot(166).jpg,RingSpot(166).jpg,RingSpot(166),ringspot(166),.jpg,106661,False,640,480,9c5fd72829c8682c6f05c1b76a609b1af3df15ff,a6faf8811389e4e5,
image,RingSpot,RingSpot,/content/drive/MyDrive/Papaya_Leaf_Disease_Classification/BDPapayaLeaf/Original Images/RingSpot/RingSpot(167).jpg,BDPapayaLeaf/Original Images/RingSpot/RingSpot(167).jpg,RingSpot(167).jpg,RingSpot(167),ringspot(167),.jpg,93750,False,640,480,437909a339c7f5eff7fb1ffe00c90e69272669c6,f8cf79c0130d4f1a,
image,RingSpot,RingSpot,/content/drive/MyDrive/Papaya_Leaf_Disease_Classification/BDPapayaLeaf/Original Images/RingSpot/RingSpot(168).jpg,BDPapayaLeaf/Original Images/RingSpot/RingSpot(168).jpg,RingSpot(168).jpg,RingSpot(168),ringspot(168),.jpg,85843,False,640,480,dc404ec49f0c99a2b1e8bc12a6e8c44a29aa09a0,abe9892d15fd50a4,
image,RingSpot,RingSpot,/content/drive/MyDrive/Papaya_Leaf_Disease_Classification/BDPapayaLeaf/Original Images/RingSpot/RingSpot(169).jpg,BDPapayaLeaf/Original Images/RingSpot/RingSpot(169).jpg,RingSpot(169).jpg,RingSpot(169),ringspot(169),.jpg,104450,False,640,480,244d48939409d9eb3f916ae8137650fd55a349f8,c68e524b0c76b2de,
image,RingSpot,RingSpot,/content/drive/MyDrive/Papaya_Leaf_Disease_Classification/BDPapayaLeaf/Original Images/RingSpot/RingSpot(17).jpg,BDPapayaLeaf/Original Images/RingSpot/RingSpot(17).jpg,RingSpot(17).jpg,RingSpot(17),ringspot(17),.jpg,84293,False,640,480,3c4f9edb7635f805b0c854fcb671d160db4727ad,d5d369f8f802071b,
image,RingSpot,RingSpot,/content/drive/MyDrive/Papaya_Leaf_Disease_Classification/BDPapayaLeaf/Original Images/RingSpot/RingSpot(170).jpg,BDPapayaLeaf/Original Images/RingSpot/RingSpot(170).jpg,RingSpot(170).jpg,RingSpot(170),ringspot(170),.jpg,108048,False,640,480,49653240d3b65569b22f3134ac9acb411f9befea,d48caea4b4d3e552,
image,RingSpot,RingSpot,/content/drive/MyDrive/Papaya_Leaf_Disease_Classification/BDPapayaLeaf/Original Images/RingSpot/RingSpot(171).jpg,BDPapayaLeaf/Original Images/RingSpot/RingSpot(171).jpg,RingSpot(171).jpg,RingSpot(171),ringspot(171),.jpg,110909,False,640,480,1b1e64d6339f30060111188f376889684a9f0694,c6936ccc410df6d3,
image,RingSpot,RingSpot,/content/drive/MyDrive/Papaya_Leaf_Disease_Classification/BDPapayaLeaf/Original Images/RingSpot/RingSpot(172).jpg,BDPapayaLeaf/Original Images/RingSpot/RingSpot(172).jpg,RingSpot(172).jpg,RingSpot(172),ringspot(172),.jpg,120939,False,640,480,fbd470a56a2006d1aeaae34c81d293e9a07387b8,aad9f2adf0e1c051,
image,RingSpot,RingSpot,/content/drive/MyDrive/Papaya_Leaf_Disease_Classification/BDPapayaLeaf/Original Images/RingSpot/RingSpot(173).jpg,BDPapayaLeaf/Original Images/RingSpot/RingSpot(173).jpg,RingSpot(173).jpg,RingSpot(173),ringspot(173),.jpg,88842,False,640,480,3cceef806c7db8a3e2f21f50409a6e33b610aa57,874bf0f82d0f0e69,
image,RingSpot,RingSpot,/content/drive/MyDrive/Papaya_Leaf_Disease_Classification/BDPapayaLeaf/Original Images/RingSpot/RingSpot(174).jpg,BDPapayaLeaf/Original Images/RingSpot/RingSpot(174).jpg,RingSpot(174).jpg,RingSpot(174),ringspot(174),.jpg,57995,False,640,480,c03b376be7dd2c6424b5a5afecfe4b1b48e855ad,e9f692492db432a9,
image,RingSpot,RingSpot,/content/drive/MyDrive/Papaya_Leaf_Disease_Classification/BDPapayaLeaf/Original Images/RingSpot/RingSpot(175).jpg,BDPapayaLeaf/Original Images/RingSpot/RingSpot(175).jpg,RingSpot(175).jpg,RingSpot(175),ringspot(175),.jpg,92083,False,640,480,5623ebdaa0c99e38223cf8b96dcecb8e9235b1ce,89b23fdde2c7b800,
image,RingSpot,RingSpot,/content/drive/MyDrive/Papaya_Leaf_Disease_Classification/BDPapayaLeaf/Original Images/RingSpot/RingSpot(176).jpg,BDPapayaLeaf/Original Images/RingSpot/RingSpot(176).jpg,RingSpot(176).jpg,RingSpot(176),ringspot(176),.jpg,108876,False,640,480,f62ebd00aebc72ec15b224779b7a8360603fccfd,caca3bd36b70083e,
image,RingSpot,RingSpot,/content/drive/MyDrive/Papaya_Leaf_Disease_Classification/BDPapayaLeaf/Original Images/RingSpot/RingSpot(177).jpg,BDPapayaLeaf/Original Images/RingSpot/RingSpot(177).jpg,RingSpot(177).jpg,RingSpot(177),ringspot(177),.jpg,99012,False,640,480,6aae3dbfba21a5ae78e4756f998fe78b1f51f595,b50363a6396c93ae,
image,RingSpot,RingSpot,/content/drive/MyDrive/Papaya_Leaf_Disease_Classification/BDPapayaLeaf/Original Images/RingSpot/RingSpot(178).jpg,BDPapayaLeaf/Original Images/RingSpot/RingSpot(178).jpg,RingSpot(178).jpg,RingSpot(178),ringspot(178),.jpg,69592,False,640,480,3e1bf6344b8251cfa746108a7acb4f0a765de441,8cf5167a3d38531c,
image,RingSpot,RingSpot,/content/drive/MyDrive/Papaya_Leaf_Disease_Classification/BDPapayaLeaf/Original Images/RingSpot/RingSpot(179).jpg,BDPapayaLeaf/Original Images/RingSpot/RingSpot(179).jpg,RingSpot(179).jpg,RingSpot(179),ringspot(179),.jpg,99643,False,640,480,a87be6811aa479fea7ff664a7662e0bd89306fcc,e492931c739b341f,
image,RingSpot,RingSpot,/content/drive/MyDrive/Papaya_Leaf_Disease_Classification/BDPapayaLeaf/Original Images/RingSpot/RingSpot(18).jpg,BDPapayaLeaf/Original Images/RingSpot/RingSpot(18).jpg,RingSpot(18).jpg,RingSpot(18),ringspot(18),.jpg,94856,False,640,480,75b774765ea8e66021f157a8289071f72a526b21,c7d4432ae203bf55,
image,RingSpot,RingSpot,/content/drive/MyDrive/Papaya_Leaf_Disease_Classification/BDPapayaLeaf/Original Images/RingSpot/RingSpot(180).jpg,BDPapayaLeaf/Original Images/RingSpot/RingSpot(180).jpg,RingSpot(180).jpg,RingSpot(180),ringspot(180),.jpg,96838,False,640,480,74c1fee9c4fa155c626e260fb71dc1889a62b79a,d2c359a94af9e813,
image,RingSpot,RingSpot,/content/drive/MyDrive/Papaya_Leaf_Disease_Classification/BDPapayaLeaf/Original Images/RingSpot/RingSpot(181).jpg,BDPapayaLeaf/Original Images/RingSpot/RingSpot(181).jpg,RingSpot(181).jpg,RingSpot(181),ringspot(181),.jpg,67560,False,640,480,9fa9884daa966f0d03f91d237b71dc495d4b6644,91e99258e8e156fa,
image,RingSpot,RingSpot,/content/drive/MyDrive/Papaya_Leaf_Disease_Classification/BDPapayaLeaf/Original Images/RingSpot/RingSpot(182).jpg,BDPapayaLeaf/Original Images/RingSpot/RingSpot(182).jpg,RingSpot(182).jpg,RingSpot(182),ringspot(182),.jpg,81075,False,640,480,28ea4f7864bf125649f8d01957ad5764a6cc6273,d1cc52aca62d35b9,
image,RingSpot,RingSpot,/content/drive/MyDrive/Papaya_Leaf_Disease_Classification/BDPapayaLeaf/Original Images/RingSpot/RingSpot(183).jpg,BDPapayaLeaf/Original Images/RingSpot/RingSpot(183).jpg,RingSpot(183).jpg,RingSpot(183),ringspot(183),.jpg,63147,False,640,480,7509599097d01b7ca8f82a2af28a32d016ec8038,ead0760e6326b7a1,
image,RingSpot,RingSpot,/content/drive/MyDrive/Papaya_Leaf_Disease_Classification/BDPapayaLeaf/Original Images/RingSpot/RingSpot(184).jpg,BDPapayaLeaf/Original Images/RingSpot/RingSpot(184).jpg,RingSpot(184).jpg,RingSpot(184),ringspot(184),.jpg,92453,False,640,480,0423cc75e7f5f0b3a673f5d0a14c8316c48b247c,c6f4480ff5481ef4,
image,RingSpot,RingSpot,/content/drive/MyDrive/Papaya_Leaf_Disease_Classification/BDPapayaLeaf/Original Images/RingSpot/RingSpot(185).jpg,BDPapayaLeaf/Original Images/RingSpot/RingSpot(185).jpg,RingSpot(185).jpg,RingSpot(185),ringspot(185),.jpg,79127,False,640,480,6a33ee2f143dbe612d762097704df19a46dbfa91,cd9eb5a0001d5f5e,
image,RingSpot,RingSpot,/content/drive/MyDrive/Papaya_Leaf_Disease_Classification/BDPapayaLeaf/Original Images/RingSpot/RingSpot(186).jpg,BDPapayaLeaf/Original Images/RingSpot/RingSpot(186).jpg,RingSpot(186).jpg,RingSpot(186),ringspot(186),.jpg,87494,False,640,480,e4da90bb2323e547e0fe7f6767d0a17bead3a62a,a649ac169ff6a10b,
image,RingSpot,RingSpot,/content/drive/MyDrive/Papaya_Leaf_Disease_Classification/BDPapayaLeaf/Original Images/RingSpot/RingSpot(187).jpg,BDPapayaLeaf/Original Images/RingSpot/RingSpot(187).jpg,RingSpot(187).jpg,RingSpot(187),ringspot(187),.jpg,61533,False,640,480,600f4d7f03ac4940554d0939acf6041cd871645f,d5411589caebf0d3,
image,RingSpot,RingSpot,/content/drive/MyDrive/Papaya_Leaf_Disease_Classification/BDPapayaLeaf/Original Images/RingSpot/RingSpot(188).jpg,BDPapayaLeaf/Original Images/RingSpot/RingSpot(188).jpg,RingSpot(188).jpg,RingSpot(188),ringspot(188),.jpg,80270,False,640,480,d475f6e5f5b77be4557c14351847a22a7bcc18bf,b63f57d5918b0909,
image,RingSpot,RingSpot,/content/drive/MyDrive/Papaya_Leaf_Disease_Classification/BDPapayaLeaf/Original Images/RingSpot/RingSpot(189).jpg,BDPapayaLeaf/Original Images/RingSpot/RingSpot(189).jpg,RingSpot(189).jpg,RingSpot(189),ringspot(189),.jpg,90592,False,640,480,1530e275ae5f9a196b363ee4adb1df36d2eb73f5,9cde7181abaa8655,
image,RingSpot,RingSpot,/content/drive/MyDrive/Papaya_Leaf_Disease_Classification/BDPapayaLeaf/Original Images/RingSpot/RingSpot(19).jpg,BDPapayaLeaf/Original Images/RingSpot/RingSpot(19).jpg,RingSpot(19).jpg,RingSpot(19),ringspot(19),.jpg,71109,False,640,480,8c31f478d5ef30953480068dfe1853635a8d6fe5,f5bbb863a900aacc,
image,RingSpot,RingSpot,/content/drive/MyDrive/Papaya_Leaf_Disease_Classification/BDPapayaLeaf/Original Images/RingSpot/RingSpot(190).jpg,BDPapayaLeaf/Original Images/RingSpot/RingSpot(190).jpg,RingSpot(190).jpg,RingSpot(190),ringspot(190),.jpg,103785,False,640,480,4ec3efc7b0e4dae706fbfa836a5ce9c832858313,dcd16fb6b20a1351,
image,RingSpot,RingSpot,/content/drive/MyDrive/Papaya_Leaf_Disease_Classification/BDPapayaLeaf/Original Images/RingSpot/RingSpot(191).jpg,BDPapayaLeaf/Original Images/RingSpot/RingSpot(191).jpg,RingSpot(191).jpg,RingSpot(191),ringspot(191),.jpg,114702,False,640,480,31a02ed7803d8f82b1dc619058467674a71d5075,cdf8498595bd9503,
image,RingSpot,RingSpot,/content/drive/MyDrive/Papaya_Leaf_Disease_Classification/BDPapayaLeaf/Original Images/RingSpot/RingSpot(192).jpg,BDPapayaLeaf/Original Images/RingSpot/RingSpot(192).jpg,RingSpot(192).jpg,RingSpot(192),ringspot(192),.jpg,98054,False,640,480,58cc6f45838cbd197cc4533fdd06bc0b3c00e75d,8bc821047f936d5f,
image,RingSpot,RingSpot,/content/drive/MyDrive/Papaya_Leaf_Disease_Classification/BDPapayaLeaf/Original Images/RingSpot/RingSpot(193).jpg,BDPapayaLeaf/Original Images/RingSpot/RingSpot(193).jpg,RingSpot(193).jpg,RingSpot(193),ringspot(193),.jpg,84290,False,640,480,b1120ed31460d4af302baf595d16370f50644c1e,c8e2f5871fd47848,
image,RingSpot,RingSpot,/content/drive/MyDrive/Papaya_Leaf_Disease_Classification/BDPapayaLeaf/Original Images/RingSpot/RingSpot(194).jpg,BDPapayaLeaf/Original Images/RingSpot/RingSpot(194).jpg,RingSpot(194).jpg,RingSpot(194),ringspot(194),.jpg,75728,False,640,480,e47575cc0eca35906fcb7dc16d66e4c86a5c5af4,98f0bd21f143437b,
image,RingSpot,RingSpot,/content/drive/MyDrive/Papaya_Leaf_Disease_Classification/BDPapayaLeaf/Original Images/RingSpot/RingSpot(195).jpg,BDPapayaLeaf/Original Images/RingSpot/RingSpot(195).jpg,RingSpot(195).jpg,RingSpot(195),ringspot(195),.jpg,106627,False,640,480,c3a19795d5082959ca363a310763acf26a58063e,c5d442c972567f58,
image,RingSpot,RingSpot,/content/drive/MyDrive/Papaya_Leaf_Disease_Classification/BDPapayaLeaf/Original Images/RingSpot/RingSpot(196).jpg,BDPapayaLeaf/Original Images/RingSpot/RingSpot(196).jpg,RingSpot(196).jpg,RingSpot(196),ringspot(196),.jpg,73756,False,640,480,ca3617a41b7174147056d146e98b43fc5caec956,9efdc31e38f3c100,
image,RingSpot,RingSpot,/content/drive/MyDrive/Papaya_Leaf_Disease_Classification/BDPapayaLeaf/Original Images/RingSpot/RingSpot(197).jpg,BDPapayaLeaf/Original Images/RingSpot/RingSpot(197).jpg,RingSpot(197).jpg,RingSpot(197),ringspot(197),.jpg,102880,False,640,480,229a7329e743e0a4b70a2c27377b2b33a032dc94,c2be124be805bfb1,
image,RingSpot,RingSpot,/content/drive/MyDrive/Papaya_Leaf_Disease_Classification/BDPapayaLeaf/Original Images/RingSpot/RingSpot(198).jpg,BDPapayaLeaf/Original Images/RingSpot/RingSpot(198).jpg,RingSpot(198).jpg,RingSpot(198),ringspot(198),.jpg,101832,False,640,480,cec78f91309c524d5d04a09d2ad96e0bfcd54686,84891c0bedf55da6,
image,RingSpot,RingSpot,/content/drive/MyDrive/Papaya_Leaf_Disease_Classification/BDPapayaLeaf/Original Images/RingSpot/RingSpot(199).jpg,BDPapayaLeaf/Original Images/RingSpot/RingSpot(199).jpg,RingSpot(199).jpg,RingSpot(199),ringspot(199),.jpg,89804,False,640,480,fbe7a9dfd77f0f9bedb123de0ab70233d76a3d71,c495bada09362677,
image,RingSpot,RingSpot,/content/drive/MyDrive/Papaya_Leaf_Disease_Classification/BDPapayaLeaf/Original Images/RingSpot/RingSpot(2).jpg,BDPapayaLeaf/Original Images/RingSpot/RingSpot(2).jpg,RingSpot(2).jpg,RingSpot(2),ringspot(2),.jpg,105200,False,640,480,50df95397dfe93decde64162123d159510c2734d,e2c30fb9e9057585,
image,RingSpot,RingSpot,/content/drive/MyDrive/Papaya_Leaf_Disease_Classification/BDPapayaLeaf/Original Images/RingSpot/RingSpot(20).jpg,BDPapayaLeaf/Original Images/RingSpot/RingSpot(20).jpg,RingSpot(20).jpg,RingSpot(20),ringspot(20),.jpg,81068,False,640,480,57618a65f59709fc364183eba2ed991bade6e9a2,d7b5e17f02bb0608,
image,RingSpot,RingSpot,/content/drive/MyDrive/Papaya_Leaf_Disease_Classification/BDPapayaLeaf/Original Images/RingSpot/RingSpot(200).jpg,BDPapayaLeaf/Original Images/RingSpot/RingSpot(200).jpg,RingSpot(200).jpg,RingSpot(200),ringspot(200),.jpg,111873,False,640,480,aadafa82c646a16309ed9d51607628d5fd768c69,b5970b84476ebc15,
image,RingSpot,RingSpot,/content/drive/MyDrive/Papaya_Leaf_Disease_Classification/BDPapayaLeaf/Original Images/RingSpot/RingSpot(201).jpg,BDPapayaLeaf/Original Images/RingSpot/RingSpot(201).jpg,RingSpot(201).jpg,RingSpot(201),ringspot(201),.jpg,98043,False,640,480,92e0e96c06ad3fd84e113d78c40abac8f3caa897,91d9ec92055771ab,
image,RingSpot,RingSpot,/content/drive/MyDrive/Papaya_Leaf_Disease_Classification/BDPapayaLeaf/Original Images/RingSpot/RingSpot(202).jpg,BDPapayaLeaf/Original Images/RingSpot/RingSpot(202).jpg,RingSpot(202).jpg,RingSpot(202),ringspot(202),.jpg,80904,False,640,480,dc5df93088880a38ba923e94115987e9bf7dfadb,92c2c4471f5b4aeb,
image,RingSpot,RingSpot,/content/drive/MyDrive/Papaya_Leaf_Disease_Classification/BDPapayaLeaf/Original Images/RingSpot/RingSpot(203).jpg,BDPapayaLeaf/Original Images/RingSpot/RingSpot(203).jpg,RingSpot(203).jpg,RingSpot(203),ringspot(203),.jpg,90040,False,640,480,8d95452b8dbcababec886822d9d519db6fdb27db,bfe9240fa9e4b015,
image,RingSpot,RingSpot,/content/drive/MyDrive/Papaya_Leaf_Disease_Classification/BDPapayaLeaf/Original Images/RingSpot/RingSpot(204).jpg,BDPapayaLeaf/Original Images/RingSpot/RingSpot(204).jpg,RingSpot(204).jpg,RingSpot(204),ringspot(204),.jpg,87960,False,640,480,28f4ceb87402904292b595437291b5dacc163420,f8def8e10281d497,
image,RingSpot,RingSpot,/content/drive/MyDrive/Papaya_Leaf_Disease_Classification/BDPapayaLeaf/Original Images/RingSpot/RingSpot(205).jpg,BDPapayaLeaf/Original Images/RingSpot/RingSpot(205).jpg,RingSpot(205).jpg,RingSpot(205),ringspot(205),.jpg,102081,False,640,480,141fe3cbde3f0ef2235ede5974e23b05e893e7f1,fcc9a2971a7f6840,
image,RingSpot,RingSpot,/content/drive/MyDrive/Papaya_Leaf_Disease_Classification/BDPapayaLeaf/Original Images/RingSpot/RingSpot(206).jpg,BDPapayaLeaf/Original Images/RingSpot/RingSpot(206).jpg,RingSpot(206).jpg,RingSpot(206),ringspot(206),.jpg,107995,False,640,480,47bf9f9f70e1ca2fc57a536e4ddefa25e5412873,9481729b3d3e6873,
image,RingSpot,RingSpot,/content/drive/MyDrive/Papaya_Leaf_Disease_Classification/BDPapayaLeaf/Original Images/RingSpot/RingSpot(207).jpg,BDPapayaLeaf/Original Images/RingSpot/RingSpot(207).jpg,RingSpot(207).jpg,RingSpot(207),ringspot(207),.jpg,83607,False,640,480,bede98e9495d7e732d6d42f266344cc39183fdee,c8b4527fe1055ec9,
image,RingSpot,RingSpot,/content/drive/MyDrive/Papaya_Leaf_Disease_Classification/BDPapayaLeaf/Original Images/RingSpot/RingSpot(208).jpg,BDPapayaLeaf/Original Images/RingSpot/RingSpot(208).jpg,RingSpot(208).jpg,RingSpot(208),ringspot(208),.jpg,97564,False,640,480,842c6b8d238ccd13741578377b84d23cd55ed832,c080008bfffe74f6,
image,RingSpot,RingSpot,/content/drive/MyDrive/Papaya_Leaf_Disease_Classification/BDPapayaLeaf/Original Images/RingSpot/RingSpot(209).jpg,BDPapayaLeaf/Original Images/RingSpot/RingSpot(209).jpg,RingSpot(209).jpg,RingSpot(209),ringspot(209),.jpg,96566,False,640,480,f59111c3bf24c8deccd98b21584091085c92308c,bedc82536faba005,
image,RingSpot,RingSpot,/content/drive/MyDrive/Papaya_Leaf_Disease_Classification/BDPapayaLeaf/Original Images/RingSpot/RingSpot(21).jpg,BDPapayaLeaf/Original Images/RingSpot/RingSpot(21).jpg,RingSpot(21).jpg,RingSpot(21),ringspot(21),.jpg,105521,False,640,480,e9ddfe1e9e953bdbf6fe17dae0d44fbe94791e0b,c6a6b5d5524a8b3c,
image,RingSpot,RingSpot,/content/drive/MyDrive/Papaya_Leaf_Disease_Classification/BDPapayaLeaf/Original Images/RingSpot/RingSpot(210).jpg,BDPapayaLeaf/Original Images/RingSpot/RingSpot(210).jpg,RingSpot(210).jpg,RingSpot(210),ringspot(210),.jpg,87111,False,640,480,d6bfd2b5836ed39886fe40935089b4c3b4265bd4,aaa1ffe4751e9808,
image,RingSpot,RingSpot,/content/drive/MyDrive/Papaya_Leaf_Disease_Classification/BDPapayaLeaf/Original Images/RingSpot/RingSpot(211).jpg,BDPapayaLeaf/Original Images/RingSpot/RingSpot(211).jpg,RingSpot(211).jpg,RingSpot(211),ringspot(211),.jpg,86960,False,640,480,5b10f20456f2b8d11e98e7152a0894b2a27799ec,c0bb596eb2d9a462,
image,RingSpot,RingSpot,/content/drive/MyDrive/Papaya_Leaf_Disease_Classification/BDPapayaLeaf/Original Images/RingSpot/RingSpot(212).jpg,BDPapayaLeaf/Original Images/RingSpot/RingSpot(212).jpg,RingSpot(212).jpg,RingSpot(212),ringspot(212),.jpg,65377,False,640,480,f7fad3ae3d2247912ee6337cbf6953b50e070a7d,d806c0f8f1e8b5e3,
image,RingSpot,RingSpot,/content/drive/MyDrive/Papaya_Leaf_Disease_Classification/BDPapayaLeaf/Original Images/RingSpot/RingSpot(213).jpg,BDPapayaLeaf/Original Images/RingSpot/RingSpot(213).jpg,RingSpot(213).jpg,RingSpot(213),ringspot(213),.jpg,110211,False,640,480,1f377ab3788979ad31fdaeb4b3e0d58d1891d375,d0a10a95fe6e9659,
image,RingSpot,RingSpot,/content/drive/MyDrive/Papaya_Leaf_Disease_Classification/BDPapayaLeaf/Original Images/RingSpot/RingSpot(214).jpg,BDPapayaLeaf/Original Images/RingSpot/RingSpot(214).jpg,RingSpot(214).jpg,RingSpot(214),ringspot(214),.jpg,76434,False,640,480,7c3bbbd2af30d7ec50dbc88428632e6f0cf70ab4,e3a1aab4556cd649,
image,RingSpot,RingSpot,/content/drive/MyDrive/Papaya_Leaf_Disease_Classification/BDPapayaLeaf/Original Images/RingSpot/RingSpot(215).jpg,BDPapayaLeaf/Original Images/RingSpot/RingSpot(215).jpg,RingSpot(215).jpg,RingSpot(215),ringspot(215),.jpg,62967,False,640,480,153538766823954fd5cfa10bf9732ea2375e07dc,cfa2977ee2740c22,
image,RingSpot,RingSpot,/content/drive/MyDrive/Papaya_Leaf_Disease_Classification/BDPapayaLeaf/Original Images/RingSpot/RingSpot(216).jpg,BDPapayaLeaf/Original Images/RingSpot/RingSpot(216).jpg,RingSpot(216).jpg,RingSpot(216),ringspot(216),.jpg,70727,False,640,480,1d27faf5a34c0d955567fb5059ca2601cc769e33,86b1955aed651758,
image,RingSpot,RingSpot,/content/drive/MyDrive/Papaya_Leaf_Disease_Classification/BDPapayaLeaf/Original Images/RingSpot/RingSpot(217).jpg,BDPapayaLeaf/Original Images/RingSpot/RingSpot(217).jpg,RingSpot(217).jpg,RingSpot(217),ringspot(217),.jpg,75514,False,640,480,791ff9b5c50e848a347e250819dd009e3b40b0b8,ccf36aa9355086f4,
image,RingSpot,RingSpot,/content/drive/MyDrive/Papaya_Leaf_Disease_Classification/BDPapayaLeaf/Original Images/RingSpot/RingSpot(218).jpg,BDPapayaLeaf/Original Images/RingSpot/RingSpot(218).jpg,RingSpot(218).jpg,RingSpot(218),ringspot(218),.jpg,76043,False,640,480,76e7fa81fd9706a0d0db4baa0a0d641a46b47ced,c7c5e01f1df8e013,
image,RingSpot,RingSpot,/content/drive/MyDrive/Papaya_Leaf_Disease_Classification/BDPapayaLeaf/Original Images/RingSpot/RingSpot(219).jpg,BDPapayaLeaf/Original Images/RingSpot/RingSpot(219).jpg,RingSpot(219).jpg,RingSpot(219),ringspot(219),.jpg,84744,False,640,480,d3a181ca0e3c444568f18173e2d82a2dd856198b,81447cdc57635a7c,
image,RingSpot,RingSpot,/content/drive/MyDrive/Papaya_Leaf_Disease_Classification/BDPapayaLeaf/Original Images/RingSpot/RingSpot(22).jpg,BDPapayaLeaf/Original Images/RingSpot/RingSpot(22).jpg,RingSpot(22).jpg,RingSpot(22),ringspot(22),.jpg,84218,False,640,480,e18c2d63281ae53901457b415b83e9c0f9dc2aa8,a1965accdaeb9449,
image,RingSpot,RingSpot,/content/drive/MyDrive/Papaya_Leaf_Disease_Classification/BDPapayaLeaf/Original Images/RingSpot/RingSpot(220).jpg,BDPapayaLeaf/Original Images/RingSpot/RingSpot(220).jpg,RingSpot(220).jpg,RingSpot(220),ringspot(220),.jpg,69017,False,640,480,5c8f65036979a3773b38c9ae86c8478c37e89526,80fdd3878cc5570e,
image,RingSpot,RingSpot,/content/drive/MyDrive/Papaya_Leaf_Disease_Classification/BDPapayaLeaf/Original Images/RingSpot/RingSpot(221).jpg,BDPapayaLeaf/Original Images/RingSpot/RingSpot(221).jpg,RingSpot(221).jpg,RingSpot(221),ringspot(221),.jpg,75689,False,640,480,569e3cd04411f73b2584a259c73e8d35d150942b,bfc87a24094fc0f9,
image,RingSpot,RingSpot,/content/drive/MyDrive/Papaya_Leaf_Disease_Classification/BDPapayaLeaf/Original Images/RingSpot/RingSpot(222).jpg,BDPapayaLeaf/Original Images/RingSpot/RingSpot(222).jpg,RingSpot(222).jpg,RingSpot(222),ringspot(222),.jpg,74593,False,640,480,9f33dfb9573cf79e488141d94932ad9cbc07c4a4,9cb1b380e2fef8c0,
image,RingSpot,RingSpot,/content/drive/MyDrive/Papaya_Leaf_Disease_Classification/BDPapayaLeaf/Original Images/RingSpot/RingSpot(223).jpg,BDPapayaLeaf/Original Images/RingSpot/RingSpot(223).jpg,RingSpot(223).jpg,RingSpot(223),ringspot(223),.jpg,93793,False,640,480,6f93d85f4e0c154cf311f4ab88d8d22cac31b0b3,85daf54a055d5479,
image,RingSpot,RingSpot,/content/drive/MyDrive/Papaya_Leaf_Disease_Classification/BDPapayaLeaf/Original Images/RingSpot/RingSpot(224).jpg,BDPapayaLeaf/Original Images/RingSpot/RingSpot(224).jpg,RingSpot(224).jpg,RingSpot(224),ringspot(224),.jpg,100808,False,640,480,93ad9ff80e55eed75fe9f2f397b52c30185ea1f6,e7d57caa1955020f,
image,RingSpot,RingSpot,/content/drive/MyDrive/Papaya_Leaf_Disease_Classification/BDPapayaLeaf/Original Images/RingSpot/RingSpot(225).jpg,BDPapayaLeaf/Original Images/RingSpot/RingSpot(225).jpg,RingSpot(225).jpg,RingSpot(225),ringspot(225),.jpg,96744,False,640,480,a7bcadc23e0acdbba0b948cfbaacf8df7b03304b,ce6ebc7453575900,
image,RingSpot,RingSpot,/content/drive/MyDrive/Papaya_Leaf_Disease_Classification/BDPapayaLeaf/Original Images/RingSpot/RingSpot(226).jpg,BDPapayaLeaf/Original Images/RingSpot/RingSpot(226).jpg,RingSpot(226).jpg,RingSpot(226),ringspot(226),.jpg,92028,False,640,480,48be9e3a4dcc46ee976bc55f62580901e58dfa18,8dec439f58293556,
image,RingSpot,RingSpot,/content/drive/MyDrive/Papaya_Leaf_Disease_Classification/BDPapayaLeaf/Original Images/RingSpot/RingSpot(227).jpg,BDPapayaLeaf/Original Images/RingSpot/RingSpot(227).jpg,RingSpot(227).jpg,RingSpot(227),ringspot(227),.jpg,91140,False,640,480,e0a98463071497f9c9b304d37eb82155708a6982,a9888d99d81ff332,
image,RingSpot,RingSpot,/content/drive/MyDrive/Papaya_Leaf_Disease_Classification/BDPapayaLeaf/Original Images/RingSpot/RingSpot(228).jpg,BDPapayaLeaf/Original Images/RingSpot/RingSpot(228).jpg,RingSpot(228).jpg,RingSpot(228),ringspot(228),.jpg,94458,False,640,480,b909e53419bd4ca59229c09ca727b3738c4bf1f1,a360525653d3f792,
image,RingSpot,RingSpot,/content/drive/MyDrive/Papaya_Leaf_Disease_Classification/BDPapayaLeaf/Original Images/RingSpot/RingSpot(229).jpg,BDPapayaLeaf/Original Images/RingSpot/RingSpot(229).jpg,RingSpot(229).jpg,RingSpot(229),ringspot(229),.jpg,81774,False,640,480,cf2c1ffb294d9fd0b6521ba330412c12ee13b47d,d79f3a859c136518,
image,RingSpot,RingSpot,/content/drive/MyDrive/Papaya_Leaf_Disease_Classification/BDPapayaLeaf/Original Images/RingSpot/RingSpot(23).jpg,BDPapayaLeaf/Original Images/RingSpot/RingSpot(23).jpg,RingSpot(23).jpg,RingSpot(23),ringspot(23),.jpg,98241,False,640,480,41a10616cf607882e49d95f805b56a049a83f434,84d90a891d0b1fff,
image,RingSpot,RingSpot,/content/drive/MyDrive/Papaya_Leaf_Disease_Classification/BDPapayaLeaf/Original Images/RingSpot/RingSpot(230).jpg,BDPapayaLeaf/Original Images/RingSpot/RingSpot(230).jpg,RingSpot(230).jpg,RingSpot(230),ringspot(230),.jpg,92482,False,640,480,254318aeb55251404fa9c64900106a76a48e4d53,86abac012ffe096d,
image,RingSpot,RingSpot,/content/drive/MyDrive/Papaya_Leaf_Disease_Classification/BDPapayaLeaf/Original Images/RingSpot/RingSpot(231).jpg,BDPapayaLeaf/Original Images/RingSpot/RingSpot(231).jpg,RingSpot(231).jpg,RingSpot(231),ringspot(231),.jpg,74098,False,640,480,f270eefc8c5a67bf41fe682c70f63d816e95b309,e9ebc5460a3935b1,
image,RingSpot,RingSpot,/content/drive/MyDrive/Papaya_Leaf_Disease_Classification/BDPapayaLeaf/Original Images/RingSpot/RingSpot(232).jpg,BDPapayaLeaf/Original Images/RingSpot/RingSpot(232).jpg,RingSpot(232).jpg,RingSpot(232),ringspot(232),.jpg,96378,False,640,480,b04c1a58bdd97e60d9b58ef38de39977010a936b,c7e001a6b355ad97,
image,RingSpot,RingSpot,/content/drive/MyDrive/Papaya_Leaf_Disease_Classification/BDPapayaLeaf/Original Images/RingSpot/RingSpot(233).jpg,BDPapayaLeaf/Original Images/RingSpot/RingSpot(233).jpg,RingSpot(233).jpg,RingSpot(233),ringspot(233),.jpg,79574,False,640,480,3f825da707cef8d070ffa05816ff39b5cce78458,ac4bb5d905e6a994,
image,RingSpot,RingSpot,/content/drive/MyDrive/Papaya_Leaf_Disease_Classification/BDPapayaLeaf/Original Images/RingSpot/RingSpot(234).jpg,BDPapayaLeaf/Original Images/RingSpot/RingSpot(234).jpg,RingSpot(234).jpg,RingSpot(234),ringspot(234),.jpg,95251,False,640,480,b2242199a6e7f5d817452be564a85b83e1b39803,a3d8cc4d3e932c66,
image,RingSpot,RingSpot,/content/drive/MyDrive/Papaya_Leaf_Disease_Classification/BDPapayaLeaf/Original Images/RingSpot/RingSpot(235).jpg,BDPapayaLeaf/Original Images/RingSpot/RingSpot(235).jpg,RingSpot(235).jpg,RingSpot(235),ringspot(235),.jpg,77694,False,640,480,783c2ae45c426b48b2758a4b00e538841bf33a59,b852ca6773724b49,
image,RingSpot,RingSpot,/content/drive/MyDrive/Papaya_Leaf_Disease_Classification/BDPapayaLeaf/Original Images/RingSpot/RingSpot(236).jpg,BDPapayaLeaf/Original Images/RingSpot/RingSpot(236).jpg,RingSpot(236).jpg,RingSpot(236),ringspot(236),.jpg,91418,False,640,480,203b03ad074ddb667f0f41f17375026e2b68de92,88cafa4b05a5edf0,
image,RingSpot,RingSpot,/content/drive/MyDrive/Papaya_Leaf_Disease_Classification/BDPapayaLeaf/Original Images/RingSpot/RingSpot(237).jpg,BDPapayaLeaf/Original Images/RingSpot/RingSpot(237).jpg,RingSpot(237).jpg,RingSpot(237),ringspot(237),.jpg,85065,False,640,480,795c49bb9a8ff6b5c51833e08cb6204853e44a59,adec15db1f04921b,
image,RingSpot,RingSpot,/content/drive/MyDrive/Papaya_Leaf_Disease_Classification/BDPapayaLeaf/Original Images/RingSpot/RingSpot(238).jpg,BDPapayaLeaf/Original Images/RingSpot/RingSpot(238).jpg,RingSpot(238).jpg,RingSpot(238),ringspot(238),.jpg,94910,False,640,480,1e1e2f84d97bb59829c2a84ab8f4aeb9ec01d1d8,8edfe0c24d1d7d40,
image,RingSpot,RingSpot,/content/drive/MyDrive/Papaya_Leaf_Disease_Classification/BDPapayaLeaf/Original Images/RingSpot/RingSpot(239).jpg,BDPapayaLeaf/Original Images/RingSpot/RingSpot(239).jpg,RingSpot(239).jpg,RingSpot(239),ringspot(239),.jpg,85595,False,640,480,d71c1b7715bf163320e3f555f64e18d2ea52d429,e7d4482dd0427df2,
image,RingSpot,RingSpot,/content/drive/MyDrive/Papaya_Leaf_Disease_Classification/BDPapayaLeaf/Original Images/RingSpot/RingSpot(24).jpg,BDPapayaLeaf/Original Images/RingSpot/RingSpot(24).jpg,RingSpot(24).jpg,RingSpot(24),ringspot(24),.jpg,75394,False,640,480,5f889c1b900b60932301a73d88394a797c49e4f0,cbbdd40eb7906849,
image,RingSpot,RingSpot,/content/drive/MyDrive/Papaya_Leaf_Disease_Classification/BDPapayaLeaf/Original Images/RingSpot/RingSpot(240).jpg,BDPapayaLeaf/Original Images/RingSpot/RingSpot(240).jpg,RingSpot(240).jpg,RingSpot(240),ringspot(240),.jpg,106399,False,640,480,1c8b069ea915c22a34448c977472e14ad4a9bb92,8cf0a5df520813fb,
image,RingSpot,RingSpot,/content/drive/MyDrive/Papaya_Leaf_Disease_Classification/BDPapayaLeaf/Original Images/RingSpot/RingSpot(241).jpg,BDPapayaLeaf/Original Images/RingSpot/RingSpot(241).jpg,RingSpot(241).jpg,RingSpot(241),ringspot(241),.jpg,89176,False,640,480,9aba2772cb7ca8d16a53ddb1b5a52f04d18a6518,9ad0bfaa01a2ed8d,
image,RingSpot,RingSpot,/content/drive/MyDrive/Papaya_Leaf_Disease_Classification/BDPapayaLeaf/Original Images/RingSpot/RingSpot(242).jpg,BDPapayaLeaf/Original Images/RingSpot/RingSpot(242).jpg,RingSpot(242).jpg,RingSpot(242),ringspot(242),.jpg,86485,False,640,480,0da489d2ef6cbe9066f8c87a30e5501c2f515d12,99fae2b1879d7c00,
image,RingSpot,RingSpot,/content/drive/MyDrive/Papaya_Leaf_Disease_Classification/BDPapayaLeaf/Original Images/RingSpot/RingSpot(243).jpg,BDPapayaLeaf/Original Images/RingSpot/RingSpot(243).jpg,RingSpot(243).jpg,RingSpot(243),ringspot(243),.jpg,104195,False,640,480,4bd9bf1ec3f984fc1ba09274f3ebc245fa7bca89,95281f7a2915f28f,
image,RingSpot,RingSpot,/content/drive/MyDrive/Papaya_Leaf_Disease_Classification/BDPapayaLeaf/Original Images/RingSpot/RingSpot(244).jpg,BDPapayaLeaf/Original Images/RingSpot/RingSpot(244).jpg,RingSpot(244).jpg,RingSpot(244),ringspot(244),.jpg,98525,False,640,480,76f26bb51e781712ebe699a5620f0f6d739acca1,8ae95da555a587d0,
image,RingSpot,RingSpot,/content/drive/MyDrive/Papaya_Leaf_Disease_Classification/BDPapayaLeaf/Original Images/RingSpot/RingSpot(245).jpg,BDPapayaLeaf/Original Images/RingSpot/RingSpot(245).jpg,RingSpot(245).jpg,RingSpot(245),ringspot(245),.jpg,62938,False,640,480,401d5b7af2bdea36f6635933eae5e8e74f124db0,b99b7828b8e171e1,
image,RingSpot,RingSpot,/content/drive/MyDrive/Papaya_Leaf_Disease_Classification/BDPapayaLeaf/Original Images/RingSpot/RingSpot(246).jpg,BDPapayaLeaf/Original Images/RingSpot/RingSpot(246).jpg,RingSpot(246).jpg,RingSpot(246),ringspot(246),.jpg,96029,False,640,480,f6944e91103732b8e28de4af35e7712a62e58b2d,cef5526da61ae007,
image,RingSpot,RingSpot,/content/drive/MyDrive/Papaya_Leaf_Disease_Classification/BDPapayaLeaf/Original Images/RingSpot/RingSpot(247).jpg,BDPapayaLeaf/Original Images/RingSpot/RingSpot(247).jpg,RingSpot(247).jpg,RingSpot(247),ringspot(247),.jpg,92752,False,640,480,281caab04900207952663130e988df289cd7b9b4,891bfca0e3130bbb,
image,RingSpot,RingSpot,/content/drive/MyDrive/Papaya_Leaf_Disease_Classification/BDPapayaLeaf/Original Images/RingSpot/RingSpot(248).jpg,BDPapayaLeaf/Original Images/RingSpot/RingSpot(248).jpg,RingSpot(248).jpg,RingSpot(248),ringspot(248),.jpg,97706,False,640,480,644b6c5f94afd1ab4bf5f2b2f0921ba955b6ff8e,c5da41838bbfaca1,
image,RingSpot,RingSpot,/content/drive/MyDrive/Papaya_Leaf_Disease_Classification/BDPapayaLeaf/Original Images/RingSpot/RingSpot(249).jpg,BDPapayaLeaf/Original Images/RingSpot/RingSpot(249).jpg,RingSpot(249).jpg,RingSpot(249),ringspot(249),.jpg,89434,False,640,480,2761739befaf5fd1b8ea4ac0b7de19dca32ee87d,caa15a0f34f1a31f,
image,RingSpot,RingSpot,/content/drive/MyDrive/Papaya_Leaf_Disease_Classification/BDPapayaLeaf/Original Images/RingSpot/RingSpot(25).jpg,BDPapayaLeaf/Original Images/RingSpot/RingSpot(25).jpg,RingSpot(25).jpg,RingSpot(25),ringspot(25),.jpg,75147,False,640,480,0b32c34f8b0e19e944986de069e00999e99571e2,cbbdd40cbf944849,
image,RingSpot,RingSpot,/content/drive/MyDrive/Papaya_Leaf_Disease_Classification/BDPapayaLeaf/Original Images/RingSpot/RingSpot(250).jpg,BDPapayaLeaf/Original Images/RingSpot/RingSpot(250).jpg,RingSpot(250).jpg,RingSpot(250),ringspot(250),.jpg,99228,False,640,480,7f72c443e019ae62c892f95c2b22238b244db9ef,826ef55189155bad,
image,RingSpot,RingSpot,/content/drive/MyDrive/Papaya_Leaf_Disease_Classification/BDPapayaLeaf/Original Images/RingSpot/RingSpot(251).jpg,BDPapayaLeaf/Original Images/RingSpot/RingSpot(251).jpg,RingSpot(251).jpg,RingSpot(251),ringspot(251),.jpg,91502,False,640,480,3b6f984cbd80c322fd474a9c475f82e8edc3e818,cab934d20b4927f9,
image,RingSpot,RingSpot,/content/drive/MyDrive/Papaya_Leaf_Disease_Classification/BDPapayaLeaf/Original Images/RingSpot/RingSpot(252).jpg,BDPapayaLeaf/Original Images/RingSpot/RingSpot(252).jpg,RingSpot(252).jpg,RingSpot(252),ringspot(252),.jpg,95803,False,640,480,109521a6e7cc36596d753672c50de5f3f9ab509f,ae51975aa9544d96,
image,RingSpot,RingSpot,/content/drive/MyDrive/Papaya_Leaf_Disease_Classification/BDPapayaLeaf/Original Images/RingSpot/RingSpot(253).jpg,BDPapayaLeaf/Original Images/RingSpot/RingSpot(253).jpg,RingSpot(253).jpg,RingSpot(253),ringspot(253),.jpg,95297,False,640,480,4e16962e905c97e0949db522fd3130006bf847a6,d6b53f5395a8c04c,
image,RingSpot,RingSpot,/content/drive/MyDrive/Papaya_Leaf_Disease_Classification/BDPapayaLeaf/Original Images/RingSpot/RingSpot(254).jpg,BDPapayaLeaf/Original Images/RingSpot/RingSpot(254).jpg,RingSpot(254).jpg,RingSpot(254),ringspot(254),.jpg,96189,False,640,480,a850e3f244e4f50af3ff316d9df75704c3838d0c,c0bd16536fbc2546,
image,RingSpot,RingSpot,/content/drive/MyDrive/Papaya_Leaf_Disease_Classification/BDPapayaLeaf/Original Images/RingSpot/RingSpot(255).jpg,BDPapayaLeaf/Original Images/RingSpot/RingSpot(255).jpg,RingSpot(255).jpg,RingSpot(255),ringspot(255),.jpg,105666,False,640,480,e421d4b2bb74f0aa9c2239b13a2b3c4ac1d1f3a3,b98fb51d55540ed0,
image,RingSpot,RingSpot,/content/drive/MyDrive/Papaya_Leaf_Disease_Classification/BDPapayaLeaf/Original Images/RingSpot/RingSpot(256).jpg,BDPapayaLeaf/Original Images/RingSpot/RingSpot(256).jpg,RingSpot(256).jpg,RingSpot(256),ringspot(256),.jpg,86105,False,640,480,535021993fb202a5fdc72c34a61af76857557ecf,9ecb4dd94964689a,
image,RingSpot,RingSpot,/content/drive/MyDrive/Papaya_Leaf_Disease_Classification/BDPapayaLeaf/Original Images/RingSpot/RingSpot(257).jpg,BDPapayaLeaf/Original Images/RingSpot/RingSpot(257).jpg,RingSpot(257).jpg,RingSpot(257),ringspot(257),.jpg,104276,False,640,480,119603e912139ae49260141a977d14fa93e24eaf,98c64392faf67609,
image,RingSpot,RingSpot,/content/drive/MyDrive/Papaya_Leaf_Disease_Classification/BDPapayaLeaf/Original Images/RingSpot/RingSpot(258).jpg,BDPapayaLeaf/Original Images/RingSpot/RingSpot(258).jpg,RingSpot(258).jpg,RingSpot(258),ringspot(258),.jpg,103844,False,640,480,4fd08adfe809c4b32a2b0a56e49307f4c83d797c,85f7581518d0c7de,
image,RingSpot,RingSpot,/content/drive/MyDrive/Papaya_Leaf_Disease_Classification/BDPapayaLeaf/Original Images/RingSpot/RingSpot(259).jpg,BDPapayaLeaf/Original Images/RingSpot/RingSpot(259).jpg,RingSpot(259).jpg,RingSpot(259),ringspot(259),.jpg,89240,False,640,480,894b65cff65a0d8c22fda490b451a0d8615d6329,d9d97887161cf03a,
image,RingSpot,RingSpot,/content/drive/MyDrive/Papaya_Leaf_Disease_Classification/BDPapayaLeaf/Original Images/RingSpot/RingSpot(26).jpg,BDPapayaLeaf/Original Images/RingSpot/RingSpot(26).jpg,RingSpot(26).jpg,RingSpot(26),ringspot(26),.jpg,82072,False,640,480,9812bd7f8af85b2bd68c2f42a4704aabac4bc827,b0a833db29cc56f4,
image,RingSpot,RingSpot,/content/drive/MyDrive/Papaya_Leaf_Disease_Classification/BDPapayaLeaf/Original Images/RingSpot/RingSpot(260).jpg,BDPapayaLeaf/Original Images/RingSpot/RingSpot(260).jpg,RingSpot(260).jpg,RingSpot(260),ringspot(260),.jpg,93839,False,640,480,0429aea71ea2f10c09d5203c17c13108f1245e44,87c70790f011f79e,
image,RingSpot,RingSpot,/content/drive/MyDrive/Papaya_Leaf_Disease_Classification/BDPapayaLeaf/Original Images/RingSpot/RingSpot(261).jpg,BDPapayaLeaf/Original Images/RingSpot/RingSpot(261).jpg,RingSpot(261).jpg,RingSpot(261),ringspot(261),.jpg,75873,False,640,480,4110a0bb692da2936701a35303059b2aed783721,83c2bc6066769bd9,
image,RingSpot,RingSpot,/content/drive/MyDrive/Papaya_Leaf_Disease_Classification/BDPapayaLeaf/Original Images/RingSpot/RingSpot(262).jpg,BDPapayaLeaf/Original Images/RingSpot/RingSpot(262).jpg,RingSpot(262).jpg,RingSpot(262),ringspot(262),.jpg,98714,False,640,480,02e01d50a4348c35f758b4917f359cba0f58b668,c99e78801f0cbff0,
image,RingSpot,RingSpot,/content/drive/MyDrive/Papaya_Leaf_Disease_Classification/BDPapayaLeaf/Original Images/RingSpot/RingSpot(263).jpg,BDPapayaLeaf/Original Images/RingSpot/RingSpot(263).jpg,RingSpot(263).jpg,RingSpot(263),ringspot(263),.jpg,96060,False,640,480,01777eaa1523ce71163c6863b8d117b831644375,8f1f7fbdf080c081,
image,RingSpot,RingSpot,/content/drive/MyDrive/Papaya_Leaf_Disease_Classification/BDPapayaLeaf/Original Images/RingSpot/RingSpot(264).jpg,BDPapayaLeaf/Original Images/RingSpot/RingSpot(264).jpg,RingSpot(264).jpg,RingSpot(264),ringspot(264),.jpg,88491,False,640,480,5bdf2197ffa08e830bb8fbca0d72e5befbfda57f,ccb1532aa5d89b17,
image,RingSpot,RingSpot,/content/drive/MyDrive/Papaya_Leaf_Disease_Classification/BDPapayaLeaf/Original Images/RingSpot/RingSpot(265).jpg,BDPapayaLeaf/Original Images/RingSpot/RingSpot(265).jpg,RingSpot(265).jpg,RingSpot(265),ringspot(265),.jpg,89100,False,640,480,38162823e5310de62f41d6ce2ce8cd95ecd5227d,c1e0682d394dee73,
image,RingSpot,RingSpot,/content/drive/MyDrive/Papaya_Leaf_Disease_Classification/BDPapayaLeaf/Original Images/RingSpot/RingSpot(266).jpg,BDPapayaLeaf/Original Images/RingSpot/RingSpot(266).jpg,RingSpot(266).jpg,RingSpot(266),ringspot(266),.jpg,84493,False,640,480,2d9b6baa185442ed4398b42b01399aedb829620f,8983630700b5febf,
image,RingSpot,RingSpot,/content/drive/MyDrive/Papaya_Leaf_Disease_Classification/BDPapayaLeaf/Original Images/RingSpot/RingSpot(267).jpg,BDPapayaLeaf/Original Images/RingSpot/RingSpot(267).jpg,RingSpot(267).jpg,RingSpot(267),ringspot(267),.jpg,95447,False,640,480,0e86e3c9415c1620d92e0087ff2f3686192aec95,88863b35ce28f5c7,
image,RingSpot,RingSpot,/content/drive/MyDrive/Papaya_Leaf_Disease_Classification/BDPapayaLeaf/Original Images/RingSpot/RingSpot(268).jpg,BDPapayaLeaf/Original Images/RingSpot/RingSpot(268).jpg,RingSpot(268).jpg,RingSpot(268),ringspot(268),.jpg,92223,False,640,480,eb95db61e3bc4890eadc50a6f6de1fbc2e92169a,cfda0516e9056fc8,
image,RingSpot,RingSpot,/content/drive/MyDrive/Papaya_Leaf_Disease_Classification/BDPapayaLeaf/Original Images/RingSpot/RingSpot(269).jpg,BDPapayaLeaf/Original Images/RingSpot/RingSpot(269).jpg,RingSpot(269).jpg,RingSpot(269),ringspot(269),.jpg,99234,False,640,480,e4ea3b013dd2e33fd8961b3a08c07036b8052b28,f9f1f2b081250f78,
image,RingSpot,RingSpot,/content/drive/MyDrive/Papaya_Leaf_Disease_Classification/BDPapayaLeaf/Original Images/RingSpot/RingSpot(27).jpg,BDPapayaLeaf/Original Images/RingSpot/RingSpot(27).jpg,RingSpot(27).jpg,RingSpot(27),ringspot(27),.jpg,89358,False,640,480,ca5a4d4f17513820543ef3e30333921205dcfdb9,93a3778d7e013592,
image,RingSpot,RingSpot,/content/drive/MyDrive/Papaya_Leaf_Disease_Classification/BDPapayaLeaf/Original Images/RingSpot/RingSpot(270).jpg,BDPapayaLeaf/Original Images/RingSpot/RingSpot(270).jpg,RingSpot(270).jpg,RingSpot(270),ringspot(270),.jpg,94407,False,640,480,93afb9a67e80d508241ebebfe8dfe8ad11b884f8,e0cf102f4cffc990,
image,RingSpot,RingSpot,/content/drive/MyDrive/Papaya_Leaf_Disease_Classification/BDPapayaLeaf/Original Images/RingSpot/RingSpot(271).jpg,BDPapayaLeaf/Original Images/RingSpot/RingSpot(271).jpg,RingSpot(271).jpg,RingSpot(271),ringspot(271),.jpg,91037,False,640,480,233282e18c4bef13eb04f1a0e13a1729e0cbcda0,8c9cc3c23a38e2ef,
image,RingSpot,RingSpot,/content/drive/MyDrive/Papaya_Leaf_Disease_Classification/BDPapayaLeaf/Original Images/RingSpot/RingSpot(272).jpg,BDPapayaLeaf/Original Images/RingSpot/RingSpot(272).jpg,RingSpot(272).jpg,RingSpot(272),ringspot(272),.jpg,89377,False,640,480,3dafcbb8c28b3a9a7101fd8a7573a206d3812277,d9b6aa8e9f316403,
image,RingSpot,RingSpot,/content/drive/MyDrive/Papaya_Leaf_Disease_Classification/BDPapayaLeaf/Original Images/RingSpot/RingSpot(273).jpg,BDPapayaLeaf/Original Images/RingSpot/RingSpot(273).jpg,RingSpot(273).jpg,RingSpot(273),ringspot(273),.jpg,100367,False,640,480,3fe5698e8a8f545b1ae63f9f19c692f1b3ac64bf,c6882cd2c3ffc12d,
image,RingSpot,RingSpot,/content/drive/MyDrive/Papaya_Leaf_Disease_Classification/BDPapayaLeaf/Original Images/RingSpot/RingSpot(274).jpg,BDPapayaLeaf/Original Images/RingSpot/RingSpot(274).jpg,RingSpot(274).jpg,RingSpot(274),ringspot(274),.jpg,92036,False,640,480,75f165fda52e145d283e05dbe5f6672af3b7bf42,c70c4c5ab7787147,
image,RingSpot,RingSpot,/content/drive/MyDrive/Papaya_Leaf_Disease_Classification/BDPapayaLeaf/Original Images/RingSpot/RingSpot(275).jpg,BDPapayaLeaf/Original Images/RingSpot/RingSpot(275).jpg,RingSpot(275).jpg,RingSpot(275),ringspot(275),.jpg,81933,False,640,480,bc43d448bd93dda835cec61bde665c0e1a34bd4c,ca94bbf1214327d6,
image,RingSpot,RingSpot,/content/drive/MyDrive/Papaya_Leaf_Disease_Classification/BDPapayaLeaf/Original Images/RingSpot/RingSpot(276).jpg,BDPapayaLeaf/Original Images/RingSpot/RingSpot(276).jpg,RingSpot(276).jpg,RingSpot(276),ringspot(276),.jpg,90710,False,640,480,c9473824a798665b9e52c885f4df22c96e0fb7a9,d926a2a68b151f3e,
image,RingSpot,RingSpot,/content/drive/MyDrive/Papaya_Leaf_Disease_Classification/BDPapayaLeaf/Original Images/RingSpot/RingSpot(277).jpg,BDPapayaLeaf/Original Images/RingSpot/RingSpot(277).jpg,RingSpot(277).jpg,RingSpot(277),ringspot(277),.jpg,92930,False,640,480,afc85b39b3b8305a5c0658827969f0ea1e321582,9769423e9681dd8e,
image,RingSpot,RingSpot,/content/drive/MyDrive/Papaya_Leaf_Disease_Classification/BDPapayaLeaf/Original Images/RingSpot/RingSpot(278).jpg,BDPapayaLeaf/Original Images/RingSpot/RingSpot(278).jpg,RingSpot(278).jpg,RingSpot(278),ringspot(278),.jpg,89573,False,640,480,d7aad587f15ec94ebc3f6ad4c1cc23ca8f9ec518,e666276a10ddc8f8,
image,RingSpot,RingSpot,/content/drive/MyDrive/Papaya_Leaf_Disease_Classification/BDPapayaLeaf/Original Images/RingSpot/RingSpot(279).jpg,BDPapayaLeaf/Original Images/RingSpot/RingSpot(279).jpg,RingSpot(279).jpg,RingSpot(279),ringspot(279),.jpg,85670,False,640,480,d3ed17fcda516005de3b76275eee55e8d4688954,ae969425ada5eea0,
image,RingSpot,RingSpot,/content/drive/MyDrive/Papaya_Leaf_Disease_Classification/BDPapayaLeaf/Original Images/RingSpot/RingSpot(28).jpg,BDPapayaLeaf/Original Images/RingSpot/RingSpot(28).jpg,RingSpot(28).jpg,RingSpot(28),ringspot(28),.jpg,100676,False,640,480,8d760fe3cc15f6413b3f4f0bbc94733b006ce8bd,c8ec2cee6e687238,
image,RingSpot,RingSpot,/content/drive/MyDrive/Papaya_Leaf_Disease_Classification/BDPapayaLeaf/Original Images/RingSpot/RingSpot(280).jpg,BDPapayaLeaf/Original Images/RingSpot/RingSpot(280).jpg,RingSpot(280).jpg,RingSpot(280),ringspot(280),.jpg,87035,False,640,480,2c916b3dc0446169ae5ae80c7121b518ef7bb364,928b07244b7d3af9,
image,RingSpot,RingSpot,/content/drive/MyDrive/Papaya_Leaf_Disease_Classification/BDPapayaLeaf/Original Images/RingSpot/RingSpot(281).jpg,BDPapayaLeaf/Original Images/RingSpot/RingSpot(281).jpg,RingSpot(281).jpg,RingSpot(281),ringspot(281),.jpg,102501,False,640,480,b10cefb027c32b3dbb50c5ff28487eecd08d3e6b,8b5f9a070d178d2b,
image,RingSpot,RingSpot,/content/drive/MyDrive/Papaya_Leaf_Disease_Classification/BDPapayaLeaf/Original Images/RingSpot/RingSpot(282).jpg,BDPapayaLeaf/Original Images/RingSpot/RingSpot(282).jpg,RingSpot(282).jpg,RingSpot(282),ringspot(282),.jpg,105229,False,640,480,abfe63ddd4fbe511474e978381ff3a93aa054f5b,e2465766ad8aa26d,
image,RingSpot,RingSpot,/content/drive/MyDrive/Papaya_Leaf_Disease_Classification/BDPapayaLeaf/Original Images/RingSpot/RingSpot(283).jpg,BDPapayaLeaf/Original Images/RingSpot/RingSpot(283).jpg,RingSpot(283).jpg,RingSpot(283),ringspot(283),.jpg,86915,False,640,480,a0634c643de6ebfb389ef975ec9280a6ccfbfe1e,c284079efd58d03f,
image,RingSpot,RingSpot,/content/drive/MyDrive/Papaya_Leaf_Disease_Classification/BDPapayaLeaf/Original Images/RingSpot/RingSpot(284).jpg,BDPapayaLeaf/Original Images/RingSpot/RingSpot(284).jpg,RingSpot(284).jpg,RingSpot(284),ringspot(284),.jpg,86882,False,640,480,e254c316cddc1f0419ea5c19ccac5c53e3cff0e3,ea8b958852677d51,
image,RingSpot,RingSpot,/content/drive/MyDrive/Papaya_Leaf_Disease_Classification/BDPapayaLeaf/Original Images/RingSpot/RingSpot(285).jpg,BDPapayaLeaf/Original Images/RingSpot/RingSpot(285).jpg,RingSpot(285).jpg,RingSpot(285),ringspot(285),.jpg,87425,False,640,480,712e710866a2e2df2e21d8942aae6a10202e2df8,c3ec596c4de26c45,
image,RingSpot,RingSpot,/content/drive/MyDrive/Papaya_Leaf_Disease_Classification/BDPapayaLeaf/Original Images/RingSpot/RingSpot(286).jpg,BDPapayaLeaf/Original Images/RingSpot/RingSpot(286).jpg,RingSpot(286).jpg,RingSpot(286),ringspot(286),.jpg,100563,False,640,480,89160a3bac94d3d64af2f178623d0183b53666dc,c64eaba7296d44c5,
image,RingSpot,RingSpot,/content/drive/MyDrive/Papaya_Leaf_Disease_Classification/BDPapayaLeaf/Original Images/RingSpot/RingSpot(287).jpg,BDPapayaLeaf/Original Images/RingSpot/RingSpot(287).jpg,RingSpot(287).jpg,RingSpot(287),ringspot(287),.jpg,94202,False,640,480,5d1c8c0e641c19ed58d791779aa452391493e5ec,b70c1c1f33bc2f30,
image,RingSpot,RingSpot,/content/drive/MyDrive/Papaya_Leaf_Disease_Classification/BDPapayaLeaf/Original Images/RingSpot/RingSpot(288).jpg,BDPapayaLeaf/Original Images/RingSpot/RingSpot(288).jpg,RingSpot(288).jpg,RingSpot(288),ringspot(288),.jpg,88368,False,640,480,d1f6ef7f092058bb5a67c9e0646e69aeef8dc276,b99b23ad85349e54,
image,RingSpot,RingSpot,/content/drive/MyDrive/Papaya_Leaf_Disease_Classification/BDPapayaLeaf/Original Images/RingSpot/RingSpot(289).jpg,BDPapayaLeaf/Original Images/RingSpot/RingSpot(289).jpg,RingSpot(289).jpg,RingSpot(289),ringspot(289),.jpg,85965,False,640,480,ddaff86e3b23f569abe6d7292202a0561c8c913c,f591ce888ad73a85,
image,RingSpot,RingSpot,/content/drive/MyDrive/Papaya_Leaf_Disease_Classification/BDPapayaLeaf/Original Images/RingSpot/RingSpot(29).jpg,BDPapayaLeaf/Original Images/RingSpot/RingSpot(29).jpg,RingSpot(29).jpg,RingSpot(29),ringspot(29),.jpg,95581,False,640,480,f5bc43d3ee05b1de4b857c462241ef63dffd4e7a,cc4f630ff51a4398,
image,RingSpot,RingSpot,/content/drive/MyDrive/Papaya_Leaf_Disease_Classification/BDPapayaLeaf/Original Images/RingSpot/RingSpot(290).jpg,BDPapayaLeaf/Original Images/RingSpot/RingSpot(290).jpg,RingSpot(290).jpg,RingSpot(290),ringspot(290),.jpg,97581,False,640,480,38cb8564307ad13a63fc20fed345f9329dd58f78,9606538b1f3cbac9,
image,RingSpot,RingSpot,/content/drive/MyDrive/Papaya_Leaf_Disease_Classification/BDPapayaLeaf/Original Images/RingSpot/RingSpot(291).jpg,BDPapayaLeaf/Original Images/RingSpot/RingSpot(291).jpg,RingSpot(291).jpg,RingSpot(291),ringspot(291),.jpg,73759,False,640,480,0da5a1e1aa4aa9c247413f9b92fa933ae4dc0ddb,8b9e0dd7b4c9f060,
image,RingSpot,RingSpot,/content/drive/MyDrive/Papaya_Leaf_Disease_Classification/BDPapayaLeaf/Original Images/RingSpot/RingSpot(292).jpg,BDPapayaLeaf/Original Images/RingSpot/RingSpot(292).jpg,RingSpot(292).jpg,RingSpot(292),ringspot(292),.jpg,76160,False,640,480,be20fb3c7eb07c712a3e7cd8c1266539efc992e9,8fb63514b4e0e761,
image,RingSpot,RingSpot,/content/drive/MyDrive/Papaya_Leaf_Disease_Classification/BDPapayaLeaf/Original Images/RingSpot/RingSpot(293).jpg,BDPapayaLeaf/Original Images/RingSpot/RingSpot(293).jpg,RingSpot(293).jpg,RingSpot(293),ringspot(293),.jpg,95225,False,640,480,c5b9170678d0f79c242bc39af1e83976ed2f493d,c5e02fbae1c74d88,
image,RingSpot,RingSpot,/content/drive/MyDrive/Papaya_Leaf_Disease_Classification/BDPapayaLeaf/Original Images/RingSpot/RingSpot(294).jpg,BDPapayaLeaf/Original Images/RingSpot/RingSpot(294).jpg,RingSpot(294).jpg,RingSpot(294),ringspot(294),.jpg,91258,False,640,480,04ba8bd0ca8ba2a8c3b7f58c36f819c8dd80621d,d254293fbd2fd600,
image,RingSpot,RingSpot,/content/drive/MyDrive/Papaya_Leaf_Disease_Classification/BDPapayaLeaf/Original Images/RingSpot/RingSpot(295).jpg,BDPapayaLeaf/Original Images/RingSpot/RingSpot(295).jpg,RingSpot(295).jpg,RingSpot(295),ringspot(295),.jpg,92549,False,640,480,b06ff40a4317b86a281a0897a349d0d809e483db,b75a62a3873ce861,
image,RingSpot,RingSpot,/content/drive/MyDrive/Papaya_Leaf_Disease_Classification/BDPapayaLeaf/Original Images/RingSpot/RingSpot(296).jpg,BDPapayaLeaf/Original Images/RingSpot/RingSpot(296).jpg,RingSpot(296).jpg,RingSpot(296),ringspot(296),.jpg,96386,False,640,480,1136d628515b8e78d386c302edb30604b8a5b150,fda5a6c0d65235a4,
image,RingSpot,RingSpot,/content/drive/MyDrive/Papaya_Leaf_Disease_Classification/BDPapayaLeaf/Original Images/RingSpot/RingSpot(297).jpg,BDPapayaLeaf/Original Images/RingSpot/RingSpot(297).jpg,RingSpot(297).jpg,RingSpot(297),ringspot(297),.jpg,79840,False,640,480,a241a507522cd4288362c6e97ad46e1752a32394,969ed2aa22a509ef,
image,RingSpot,RingSpot,/content/drive/MyDrive/Papaya_Leaf_Disease_Classification/BDPapayaLeaf/Original Images/RingSpot/RingSpot(298).jpg,BDPapayaLeaf/Original Images/RingSpot/RingSpot(298).jpg,RingSpot(298).jpg,RingSpot(298),ringspot(298),.jpg,94424,False,640,480,b2f3f725e51531bf1eb8275aa619393b1b5a17f4,c7b4462ff5023f48,
image,RingSpot,RingSpot,/content/drive/MyDrive/Papaya_Leaf_Disease_Classification/BDPapayaLeaf/Original Images/RingSpot/RingSpot(299).jpg,BDPapayaLeaf/Original Images/RingSpot/RingSpot(299).jpg,RingSpot(299).jpg,RingSpot(299),ringspot(299),.jpg,102975,False,640,480,3f5c8ea89db17a52761fecf1a7245327e6fcb8fb,eced4eedd4928148,
image,RingSpot,RingSpot,/content/drive/MyDrive/Papaya_Leaf_Disease_Classification/BDPapayaLeaf/Original Images/RingSpot/RingSpot(3).jpg,BDPapayaLeaf/Original Images/RingSpot/RingSpot(3).jpg,RingSpot(3).jpg,RingSpot(3),ringspot(3),.jpg,105806,False,640,480,d5d1eaa78a16e10fb1e1a42e699299219c7e2c5d,ba9554ea035bc28f,
image,RingSpot,RingSpot,/content/drive/MyDrive/Papaya_Leaf_Disease_Classification/BDPapayaLeaf/Original Images/RingSpot/RingSpot(30).jpg,BDPapayaLeaf/Original Images/RingSpot/RingSpot(30).jpg,RingSpot(30).jpg,RingSpot(30),ringspot(30),.jpg,90436,False,640,480,b7597689c4a76bb0c4879db7cb3def427471e6c8,eee0921fb5d00bd4,
image,RingSpot,RingSpot,/content/drive/MyDrive/Papaya_Leaf_Disease_Classification/BDPapayaLeaf/Original Images/RingSpot/RingSpot(300).jpg,BDPapayaLeaf/Original Images/RingSpot/RingSpot(300).jpg,RingSpot(300).jpg,RingSpot(300),ringspot(300),.jpg,98335,False,640,480,3519721fd39967ed9768df19a18676a4ceeb7dda,d7ce69e5446a4b88,
image,RingSpot,RingSpot,/content/drive/MyDrive/Papaya_Leaf_Disease_Classification/BDPapayaLeaf/Original Images/RingSpot/RingSpot(301).jpg,BDPapayaLeaf/Original Images/RingSpot/RingSpot(301).jpg,RingSpot(301).jpg,RingSpot(301),ringspot(301),.jpg,97958,False,640,480,0e905f289449c5d1c9a2e90b905f9c0af963c7be,d5cc27e6f8714c11,
image,RingSpot,RingSpot,/content/drive/MyDrive/Papaya_Leaf_Disease_Classification/BDPapayaLeaf/Original Images/RingSpot/RingSpot(302).jpg,BDPapayaLeaf/Original Images/RingSpot/RingSpot(302).jpg,RingSpot(302).jpg,RingSpot(302),ringspot(302),.jpg,102917,False,640,480,f34786247f714ce88bb5c1e346fb1e3610659e42,babde041e1f72f00,
image,RingSpot,RingSpot,/content/drive/MyDrive/Papaya_Leaf_Disease_Classification/BDPapayaLeaf/Original Images/RingSpot/RingSpot(303).jpg,BDPapayaLeaf/Original Images/RingSpot/RingSpot(303).jpg,RingSpot(303).jpg,RingSpot(303),ringspot(303),.jpg,99192,False,640,480,b4d86ae87eb4f22879be702086b1a637b3bb689e,8c9d5aa8a5b5f0e8,
image,RingSpot,RingSpot,/content/drive/MyDrive/Papaya_Leaf_Disease_Classification/BDPapayaLeaf/Original Images/RingSpot/RingSpot(304).jpg,BDPapayaLeaf/Original Images/RingSpot/RingSpot(304).jpg,RingSpot(304).jpg,RingSpot(304),ringspot(304),.jpg,90360,False,640,480,fa380362df86a007f01ce478bb5fdc5fd0a5d2b8,d289a8d0ad86aafd,
image,RingSpot,RingSpot,/content/drive/MyDrive/Papaya_Leaf_Disease_Classification/BDPapayaLeaf/Original Images/RingSpot/RingSpot(305).jpg,BDPapayaLeaf/Original Images/RingSpot/RingSpot(305).jpg,RingSpot(305).jpg,RingSpot(305),ringspot(305),.jpg,76501,False,640,480,8ac149d90ff7b64f7ed83592a4b5cfd4ef062d76,cbaca5f8dbd99200,
image,RingSpot,RingSpot,/content/drive/MyDrive/Papaya_Leaf_Disease_Classification/BDPapayaLeaf/Original Images/RingSpot/RingSpot(306).jpg,BDPapayaLeaf/Original Images/RingSpot/RingSpot(306).jpg,RingSpot(306).jpg,RingSpot(306),ringspot(306),.jpg,80573,False,640,480,f1ba7736b90c1c6fc0cc5df9fbe773275c505329,8d4f037d96414cd7,
image,RingSpot,RingSpot,/content/drive/MyDrive/Papaya_Leaf_Disease_Classification/BDPapayaLeaf/Original Images/RingSpot/RingSpot(307).jpg,BDPapayaLeaf/Original Images/RingSpot/RingSpot(307).jpg,RingSpot(307).jpg,RingSpot(307),ringspot(307),.jpg,71582,False,640,480,96b58b0e1a2d025ea553c76c8055b29a38811259,aaa402bfd50fff00,
image,RingSpot,RingSpot,/content/drive/MyDrive/Papaya_Leaf_Disease_Classification/BDPapayaLeaf/Original Images/RingSpot/RingSpot(308).jpg,BDPapayaLeaf/Original Images/RingSpot/RingSpot(308).jpg,RingSpot(308).jpg,RingSpot(308),ringspot(308),.jpg,74272,False,640,480,b00b0775f00d4bf60bee98a95453996bb18d29d5,a9b6b484f88507eb,
image,RingSpot,RingSpot,/content/drive/MyDrive/Papaya_Leaf_Disease_Classification/BDPapayaLeaf/Original Images/RingSpot/RingSpot(309).jpg,BDPapayaLeaf/Original Images/RingSpot/RingSpot(309).jpg,RingSpot(309).jpg,RingSpot(309),ringspot(309),.jpg,77728,False,640,480,7938dc062e1c0385dfcf65baaf348e79956bbdf1,c2971f6fbef88004,
image,RingSpot,RingSpot,/content/drive/MyDrive/Papaya_Leaf_Disease_Classification/BDPapayaLeaf/Original Images/RingSpot/RingSpot(31).jpg,BDPapayaLeaf/Original Images/RingSpot/RingSpot(31).jpg,RingSpot(31).jpg,RingSpot(31),ringspot(31),.jpg,111143,False,640,480,42223e73080fd7a8400770ffa3d832017126ddcf,e77ea3e0d2e4144c,
image,RingSpot,RingSpot,/content/drive/MyDrive/Papaya_Leaf_Disease_Classification/BDPapayaLeaf/Original Images/RingSpot/RingSpot(310).jpg,BDPapayaLeaf/Original Images/RingSpot/RingSpot(310).jpg,RingSpot(310).jpg,RingSpot(310),ringspot(310),.jpg,71874,False,640,480,ae287b45cc5f0905fb5973ad0536c9692c57654b,858a16938bd96df4,
image,RingSpot,RingSpot,/content/drive/MyDrive/Papaya_Leaf_Disease_Classification/BDPapayaLeaf/Original Images/RingSpot/RingSpot(311).jpg,BDPapayaLeaf/Original Images/RingSpot/RingSpot(311).jpg,RingSpot(311).jpg,RingSpot(311),ringspot(311),.jpg,75458,False,640,480,96fa85865f6dbfcaae885c0f31cf0cde252b6db8,8396dd64965b6654,
image,RingSpot,RingSpot,/content/drive/MyDrive/Papaya_Leaf_Disease_Classification/BDPapayaLeaf/Original Images/RingSpot/RingSpot(312).jpg,BDPapayaLeaf/Original Images/RingSpot/RingSpot(312).jpg,RingSpot(312).jpg,RingSpot(312),ringspot(312),.jpg,73260,False,640,480,74ae15584c026d99b75f56de1655e9db43de13e7,c4dbaf4420b74ba6,
image,RingSpot,RingSpot,/content/drive/MyDrive/Papaya_Leaf_Disease_Classification/BDPapayaLeaf/Original Images/RingSpot/RingSpot(313).jpg,BDPapayaLeaf/Original Images/RingSpot/RingSpot(313).jpg,RingSpot(313).jpg,RingSpot(313),ringspot(313),.jpg,75046,False,640,480,cdae66945382b6068dc28e1587f8800444df1d54,e9977dfa50b0b104,
image,RingSpot,RingSpot,/content/drive/MyDrive/Papaya_Leaf_Disease_Classification/BDPapayaLeaf/Original Images/RingSpot/RingSpot(314).jpg,BDPapayaLeaf/Original Images/RingSpot/RingSpot(314).jpg,RingSpot(314).jpg,RingSpot(314),ringspot(314),.jpg,77128,False,640,480,f332f87977e2b5fe634f1089e722807ede29d46a,dace020f3dd0b339,
image,RingSpot,RingSpot,/content/drive/MyDrive/Papaya_Leaf_Disease_Classification/BDPapayaLeaf/Original Images/RingSpot/RingSpot(315).jpg,BDPapayaLeaf/Original Images/RingSpot/RingSpot(315).jpg,RingSpot(315).jpg,RingSpot(315),ringspot(315),.jpg,74685,False,640,480,ebb3178af9af19d26127c94b903465290ee86459,8aafe18287bcf582,
image,RingSpot,RingSpot,/content/drive/MyDrive/Papaya_Leaf_Disease_Classification/BDPapayaLeaf/Original Images/RingSpot/RingSpot(316).jpg,BDPapayaLeaf/Original Images/RingSpot/RingSpot(316).jpg,RingSpot(316).jpg,RingSpot(316),ringspot(316),.jpg,87578,False,640,480,0cdb73ef09743e6744bc67a0c41bd93f875a1ce4,89e04fde105a2bcf,
image,RingSpot,RingSpot,/content/drive/MyDrive/Papaya_Leaf_Disease_Classification/BDPapayaLeaf/Original Images/RingSpot/RingSpot(317).jpg,BDPapayaLeaf/Original Images/RingSpot/RingSpot(317).jpg,RingSpot(317).jpg,RingSpot(317),ringspot(317),.jpg,77081,False,640,480,54be906396aa51416e8fbe8f9dd1aab73267ef7c,f582930a1d7eb949,
image,RingSpot,RingSpot,/content/drive/MyDrive/Papaya_Leaf_Disease_Classification/BDPapayaLeaf/Original Images/RingSpot/RingSpot(318).jpg,BDPapayaLeaf/Original Images/RingSpot/RingSpot(318).jpg,RingSpot(318).jpg,RingSpot(318),ringspot(318),.jpg,84797,False,640,480,b4c7dfe4ae9ee7945953377078b2b407a26616cd,c6d249ad2d5d532a,
image,RingSpot,RingSpot,/content/drive/MyDrive/Papaya_Leaf_Disease_Classification/BDPapayaLeaf/Original Images/RingSpot/RingSpot(319).jpg,BDPapayaLeaf/Original Images/RingSpot/RingSpot(319).jpg,RingSpot(319).jpg,RingSpot(319),ringspot(319),.jpg,96521,False,640,480,0fe92a012ddd18154707559749e931eadcd833cd,aee8be5e782122e1,
image,RingSpot,RingSpot,/content/drive/MyDrive/Papaya_Leaf_Disease_Classification/BDPapayaLeaf/Original Images/RingSpot/RingSpot(32).jpg,BDPapayaLeaf/Original Images/RingSpot/RingSpot(32).jpg,RingSpot(32).jpg,RingSpot(32),ringspot(32),.jpg,114697,False,640,480,04103a9e780c3d3fa3a1671b64f87cdc99453fc4,b7a75490028b6fe9,
image,RingSpot,RingSpot,/content/drive/MyDrive/Papaya_Leaf_Disease_Classification/BDPapayaLeaf/Original Images/RingSpot/RingSpot(320).jpg,BDPapayaLeaf/Original Images/RingSpot/RingSpot(320).jpg,RingSpot(320).jpg,RingSpot(320),ringspot(320),.jpg,90866,False,640,480,464f9f7c5b5bd92dcb18a7102730fbd5e229d251,c7edb0f0585616aa,
image,RingSpot,RingSpot,/content/drive/MyDrive/Papaya_Leaf_Disease_Classification/BDPapayaLeaf/Original Images/RingSpot/RingSpot(321).jpg,BDPapayaLeaf/Original Images/RingSpot/RingSpot(321).jpg,RingSpot(321).jpg,RingSpot(321),ringspot(321),.jpg,85474,False,640,480,1b0398d72a00babbb8cb63ddd3271dc5b5682116,cedfea045402ba75,
image,RingSpot,RingSpot,/content/drive/MyDrive/Papaya_Leaf_Disease_Classification/BDPapayaLeaf/Original Images/RingSpot/RingSpot(322).jpg,BDPapayaLeaf/Original Images/RingSpot/RingSpot(322).jpg,RingSpot(322).jpg,RingSpot(322),ringspot(322),.jpg,81019,False,640,480,7034ac071130165dfdf212d6c73d03395b7f1a9b,8caef1d3031ebc70,
image,RingSpot,RingSpot,/content/drive/MyDrive/Papaya_Leaf_Disease_Classification/BDPapayaLeaf/Original Images/RingSpot/RingSpot(323).jpg,BDPapayaLeaf/Original Images/RingSpot/RingSpot(323).jpg,RingSpot(323).jpg,RingSpot(323),ringspot(323),.jpg,78625,False,640,480,0717b292b460ed94f6505941448ff291664f552b,e3d96c690cccd531,
image,RingSpot,RingSpot,/content/drive/MyDrive/Papaya_Leaf_Disease_Classification/BDPapayaLeaf/Original Images/RingSpot/RingSpot(324).jpg,BDPapayaLeaf/Original Images/RingSpot/RingSpot(324).jpg,RingSpot(324).jpg,RingSpot(324),ringspot(324),.jpg,70257,False,640,480,bd681aa058047cbdb1d2bb2f069504612c14ee5a,ddc8101a2971be7d,
image,RingSpot,RingSpot,/content/drive/MyDrive/Papaya_Leaf_Disease_Classification/BDPapayaLeaf/Original Images/RingSpot/RingSpot(325).jpg,BDPapayaLeaf/Original Images/RingSpot/RingSpot(325).jpg,RingSpot(325).jpg,RingSpot(325),ringspot(325),.jpg,82924,False,640,480,1cc36ca8990ea5cc5996791e2c7d25c3139e0e1f,ca8ba7f4522807de,
image,RingSpot,RingSpot,/content/drive/MyDrive/Papaya_Leaf_Disease_Classification/BDPapayaLeaf/Original Images/RingSpot/RingSpot(326).jpg,BDPapayaLeaf/Original Images/RingSpot/RingSpot(326).jpg,RingSpot(326).jpg,RingSpot(326),ringspot(326),.jpg,78778,False,640,480,5d5c4c32bcc77202a207ddf1cbbd584b5bdc3187,8edb41a5360fbec0,
image,RingSpot,RingSpot,/content/drive/MyDrive/Papaya_Leaf_Disease_Classification/BDPapayaLeaf/Original Images/RingSpot/RingSpot(327).jpg,BDPapayaLeaf/Original Images/RingSpot/RingSpot(327).jpg,RingSpot(327).jpg,RingSpot(327),ringspot(327),.jpg,79184,False,640,480,b015efc735518b132655e4a66718162438462e63,dcb5173f34d07824,
image,RingSpot,RingSpot,/content/drive/MyDrive/Papaya_Leaf_Disease_Classification/BDPapayaLeaf/Original Images/RingSpot/RingSpot(328).jpg,BDPapayaLeaf/Original Images/RingSpot/RingSpot(328).jpg,RingSpot(328).jpg,RingSpot(328),ringspot(328),.jpg,87586,False,640,480,2742c69194852eac6180d0992ba2d0f54002b836,8c2df2d4080be5f7,
image,RingSpot,RingSpot,/content/drive/MyDrive/Papaya_Leaf_Disease_Classification/BDPapayaLeaf/Original Images/RingSpot/RingSpot(329).jpg,BDPapayaLeaf/Original Images/RingSpot/RingSpot(329).jpg,RingSpot(329).jpg,RingSpot(329),ringspot(329),.jpg,90502,False,640,480,7eda92332afd4d523a13020b4ebe63eb55726dc0,96da11cf464e5f50,
image,RingSpot,RingSpot,/content/drive/MyDrive/Papaya_Leaf_Disease_Classification/BDPapayaLeaf/Original Images/RingSpot/RingSpot(33).jpg,BDPapayaLeaf/Original Images/RingSpot/RingSpot(33).jpg,RingSpot(33).jpg,RingSpot(33),ringspot(33),.jpg,80749,False,640,480,bc57cb7bafb9961924911826a01f09311a29c1e9,99890fb65fa9a02d,
image,RingSpot,RingSpot,/content/drive/MyDrive/Papaya_Leaf_Disease_Classification/BDPapayaLeaf/Original Images/RingSpot/RingSpot(330).jpg,BDPapayaLeaf/Original Images/RingSpot/RingSpot(330).jpg,RingSpot(330).jpg,RingSpot(330),ringspot(330),.jpg,84039,False,640,480,844f097c831c859d194613f991a8f97d9d81842c,d9e1965ea0410f9f,
image,RingSpot,RingSpot,/content/drive/MyDrive/Papaya_Leaf_Disease_Classification/BDPapayaLeaf/Original Images/RingSpot/RingSpot(331).jpg,BDPapayaLeaf/Original Images/RingSpot/RingSpot(331).jpg,RingSpot(331).jpg,RingSpot(331),ringspot(331),.jpg,83906,False,640,480,66c6a42c4288c0e7cd409270da722290e71432a8,ccd61a675a9b2945,
image,RingSpot,RingSpot,/content/drive/MyDrive/Papaya_Leaf_Disease_Classification/BDPapayaLeaf/Original Images/RingSpot/RingSpot(332).jpg,BDPapayaLeaf/Original Images/RingSpot/RingSpot(332).jpg,RingSpot(332).jpg,RingSpot(332),ringspot(332),.jpg,83378,False,640,480,8a803971cfcac144eb0b8165e668177a0bd0ea27,d9c886d2c34c297f,
image,RingSpot,RingSpot,/content/drive/MyDrive/Papaya_Leaf_Disease_Classification/BDPapayaLeaf/Original Images/RingSpot/RingSpot(333).jpg,BDPapayaLeaf/Original Images/RingSpot/RingSpot(333).jpg,RingSpot(333).jpg,RingSpot(333),ringspot(333),.jpg,81192,False,640,480,6a497f63854e90265daefe655dbffb078160512e,a0d24666b2db9753,
image,RingSpot,RingSpot,/content/drive/MyDrive/Papaya_Leaf_Disease_Classification/BDPapayaLeaf/Original Images/RingSpot/RingSpot(334).jpg,BDPapayaLeaf/Original Images/RingSpot/RingSpot(334).jpg,RingSpot(334).jpg,RingSpot(334),ringspot(334),.jpg,81192,False,640,480,6a497f63854e90265daefe655dbffb078160512e,a0d24666b2db9753,
image,RingSpot,RingSpot,/content/drive/MyDrive/Papaya_Leaf_Disease_Classification/BDPapayaLeaf/Original Images/RingSpot/RingSpot(335).jpg,BDPapayaLeaf/Original Images/RingSpot/RingSpot(335).jpg,RingSpot(335).jpg,RingSpot(335),ringspot(335),.jpg,85955,False,640,480,d7e60c55d0be245cd73f65b370e87e0613ef9a63,a78448236ed53797,
image,RingSpot,RingSpot,/content/drive/MyDrive/Papaya_Leaf_Disease_Classification/BDPapayaLeaf/Original Images/RingSpot/RingSpot(336).jpg,BDPapayaLeaf/Original Images/RingSpot/RingSpot(336).jpg,RingSpot(336).jpg,RingSpot(336),ringspot(336),.jpg,80199,False,640,480,c0389fe1481f4cebf3bb3e00dff807cd31d2e24b,a4a6fb8d02555717,
image,RingSpot,RingSpot,/content/drive/MyDrive/Papaya_Leaf_Disease_Classification/BDPapayaLeaf/Original Images/RingSpot/RingSpot(337).jpg,BDPapayaLeaf/Original Images/RingSpot/RingSpot(337).jpg,RingSpot(337).jpg,RingSpot(337),ringspot(337),.jpg,88782,False,640,480,220802447dff2e9474b56b49801ee9390b2f7994,c89dd41e78a32755,
image,RingSpot,RingSpot,/content/drive/MyDrive/Papaya_Leaf_Disease_Classification/BDPapayaLeaf/Original Images/RingSpot/RingSpot(338).jpg,BDPapayaLeaf/Original Images/RingSpot/RingSpot(338).jpg,RingSpot(338).jpg,RingSpot(338),ringspot(338),.jpg,95698,False,640,480,1053693907b552f9837ba9ba534bd934e09e20b5,9c8516fa257ce31a,
image,RingSpot,RingSpot,/content/drive/MyDrive/Papaya_Leaf_Disease_Classification/BDPapayaLeaf/Original Images/RingSpot/RingSpot(339).jpg,BDPapayaLeaf/Original Images/RingSpot/RingSpot(339).jpg,RingSpot(339).jpg,RingSpot(339),ringspot(339),.jpg,89304,False,640,480,e0d26fbadfafaa1b5b9252f939e0a691ce841811,acf406c3b601f83f,
image,RingSpot,RingSpot,/content/drive/MyDrive/Papaya_Leaf_Disease_Classification/BDPapayaLeaf/Original Images/RingSpot/RingSpot(34).jpg,BDPapayaLeaf/Original Images/RingSpot/RingSpot(34).jpg,RingSpot(34).jpg,RingSpot(34),ringspot(34),.jpg,83687,False,640,480,6630ca4562a34f84d0236948b6e5b1781331cb7e,a6296db5e5659494,
image,RingSpot,RingSpot,/content/drive/MyDrive/Papaya_Leaf_Disease_Classification/BDPapayaLeaf/Original Images/RingSpot/RingSpot(340).jpg,BDPapayaLeaf/Original Images/RingSpot/RingSpot(340).jpg,RingSpot(340).jpg,RingSpot(340),ringspot(340),.jpg,71324,False,640,480,72ba27f732a3c124dfbf682d614224fa2f2a4341,cc405ff3f0e0a4a7,
image,RingSpot,RingSpot,/content/drive/MyDrive/Papaya_Leaf_Disease_Classification/BDPapayaLeaf/Original Images/RingSpot/RingSpot(341).jpg,BDPapayaLeaf/Original Images/RingSpot/RingSpot(341).jpg,RingSpot(341).jpg,RingSpot(341),ringspot(341),.jpg,81648,False,640,480,49f1aa098154515690cb2f7e4d1fa098cd33406e,dff2c28f281f1416,
image,RingSpot,RingSpot,/content/drive/MyDrive/Papaya_Leaf_Disease_Classification/BDPapayaLeaf/Original Images/RingSpot/RingSpot(342).jpg,BDPapayaLeaf/Original Images/RingSpot/RingSpot(342).jpg,RingSpot(342).jpg,RingSpot(342),ringspot(342),.jpg,94792,False,640,480,280fb846bcd505dc70aa279e64aaa4afb63fcd52,92afcfd20e2fe280,
image,RingSpot,RingSpot,/content/drive/MyDrive/Papaya_Leaf_Disease_Classification/BDPapayaLeaf/Original Images/RingSpot/RingSpot(343).jpg,BDPapayaLeaf/Original Images/RingSpot/RingSpot(343).jpg,RingSpot(343).jpg,RingSpot(343),ringspot(343),.jpg,77160,False,640,480,48e1b40c08788c77f432352b4121ec335613413c,9ee12556f8a1457c,
image,RingSpot,RingSpot,/content/drive/MyDrive/Papaya_Leaf_Disease_Classification/BDPapayaLeaf/Original Images/RingSpot/RingSpot(344).jpg,BDPapayaLeaf/Original Images/RingSpot/RingSpot(344).jpg,RingSpot(344).jpg,RingSpot(344),ringspot(344),.jpg,75605,False,640,480,25edbb81a25de13c0328a1add6bde30b7cad0516,8f5a64db0b2b2d89,
image,RingSpot,RingSpot,/content/drive/MyDrive/Papaya_Leaf_Disease_Classification/BDPapayaLeaf/Original Images/RingSpot/RingSpot(345).jpg,BDPapayaLeaf/Original Images/RingSpot/RingSpot(345).jpg,RingSpot(345).jpg,RingSpot(345),ringspot(345),.jpg,76918,False,640,480,35acbef5f6faba11e334f7bfc73d16a69913bc20,e99384c64d593b36,
image,RingSpot,RingSpot,/content/drive/MyDrive/Papaya_Leaf_Disease_Classification/BDPapayaLeaf/Original Images/RingSpot/RingSpot(346).jpg,BDPapayaLeaf/Original Images/RingSpot/RingSpot(346).jpg,RingSpot(346).jpg,RingSpot(346),ringspot(346),.jpg,72828,False,640,480,336043e076c79499535f9eaf37986208fd8fbffe,94e547474fa642b6,
image,RingSpot,RingSpot,/content/drive/MyDrive/Papaya_Leaf_Disease_Classification/BDPapayaLeaf/Original Images/RingSpot/RingSpot(347).jpg,BDPapayaLeaf/Original Images/RingSpot/RingSpot(347).jpg,RingSpot(347).jpg,RingSpot(347),ringspot(347),.jpg,90149,False,640,480,74ec11e01f50486ef9f1a0f8320e70fce7ff45c8,b9d06d98c6df6282,
image,RingSpot,RingSpot,/content/drive/MyDrive/Papaya_Leaf_Disease_Classification/BDPapayaLeaf/Original Images/RingSpot/RingSpot(348).jpg,BDPapayaLeaf/Original Images/RingSpot/RingSpot(348).jpg,RingSpot(348).jpg,RingSpot(348),ringspot(348),.jpg,94017,False,640,480,f93f30127039c7c34720bde2e6d999e75bb39fef,8c937af8b5c71ac0,
image,RingSpot,RingSpot,/content/drive/MyDrive/Papaya_Leaf_Disease_Classification/BDPapayaLeaf/Original Images/RingSpot/RingSpot(349).jpg,BDPapayaLeaf/Original Images/RingSpot/RingSpot(349).jpg,RingSpot(349).jpg,RingSpot(349),ringspot(349),.jpg,81814,False,640,480,14688c47f956568722004d9d6dac3c482efb7f92,83b70b6ba11ff904,
image,RingSpot,RingSpot,/content/drive/MyDrive/Papaya_Leaf_Disease_Classification/BDPapayaLeaf/Original Images/RingSpot/RingSpot(35).jpg,BDPapayaLeaf/Original Images/RingSpot/RingSpot(35).jpg,RingSpot(35).jpg,RingSpot(35),ringspot(35),.jpg,81261,False,640,480,ba2e7624d9a6c8837f9dbcaab736b61a117d6bec,fa87c70c1d383939,
image,RingSpot,RingSpot,/content/drive/MyDrive/Papaya_Leaf_Disease_Classification/BDPapayaLeaf/Original Images/RingSpot/RingSpot(350).jpg,BDPapayaLeaf/Original Images/RingSpot/RingSpot(350).jpg,RingSpot(350).jpg,RingSpot(350),ringspot(350),.jpg,98400,False,640,480,fa59cc8d72807c94c70ddd54288b2c899d945076,8f93073ca5973a61,
image,RingSpot,RingSpot,/content/drive/MyDrive/Papaya_Leaf_Disease_Classification/BDPapayaLeaf/Original Images/RingSpot/RingSpot(351).jpg,BDPapayaLeaf/Original Images/RingSpot/RingSpot(351).jpg,RingSpot(351).jpg,RingSpot(351),ringspot(351),.jpg,90000,False,640,480,2957e304a432680973f08115797b75d3ae9ae1e4,80c20b2fed871f79,
image,RingSpot,RingSpot,/content/drive/MyDrive/Papaya_Leaf_Disease_Classification/BDPapayaLeaf/Original Images/RingSpot/RingSpot(352).jpg,BDPapayaLeaf/Original Images/RingSpot/RingSpot(352).jpg,RingSpot(352).jpg,RingSpot(352),ringspot(352),.jpg,95647,False,640,480,6510c82e462f558c296cb579052fc5ab6643a2f9,f0ee33319c926a4d,
image,RingSpot,RingSpot,/content/drive/MyDrive/Papaya_Leaf_Disease_Classification/BDPapayaLeaf/Original Images/RingSpot/RingSpot(353).jpg,BDPapayaLeaf/Original Images/RingSpot/RingSpot(353).jpg,RingSpot(353).jpg,RingSpot(353),ringspot(353),.jpg,98590,False,640,480,44e74749f3c9669e1844dea5990623ccfb0ea171,8c8e1ff841bea0a7,
image,RingSpot,RingSpot,/content/drive/MyDrive/Papaya_Leaf_Disease_Classification/BDPapayaLeaf/Original Images/RingSpot/RingSpot(354).jpg,BDPapayaLeaf/Original Images/RingSpot/RingSpot(354).jpg,RingSpot(354).jpg,RingSpot(354),ringspot(354),.jpg,93493,False,640,480,54c61072021a4589acb8fe3eeb55ee4c82a1af24,8581be7382f7a48d,
image,RingSpot,RingSpot,/content/drive/MyDrive/Papaya_Leaf_Disease_Classification/BDPapayaLeaf/Original Images/RingSpot/RingSpot(355).jpg,BDPapayaLeaf/Original Images/RingSpot/RingSpot(355).jpg,RingSpot(355).jpg,RingSpot(355),ringspot(355),.jpg,85646,False,640,480,a4a6854c3968d52a2f2d0f87270792dad4f637a0,aeb2311f208d5cd7,
image,RingSpot,RingSpot,/content/drive/MyDrive/Papaya_Leaf_Disease_Classification/BDPapayaLeaf/Original Images/RingSpot/RingSpot(356).jpg,BDPapayaLeaf/Original Images/RingSpot/RingSpot(356).jpg,RingSpot(356).jpg,RingSpot(356),ringspot(356),.jpg,89166,False,640,480,dcbfb360a311567b9be925e9cac5556e4f354e6e,8ece1095adbf27a0,
image,RingSpot,RingSpot,/content/drive/MyDrive/Papaya_Leaf_Disease_Classification/BDPapayaLeaf/Original Images/RingSpot/RingSpot(357).jpg,BDPapayaLeaf/Original Images/RingSpot/RingSpot(357).jpg,RingSpot(357).jpg,RingSpot(357),ringspot(357),.jpg,89836,False,640,480,f6d4561f9e164e934c84664a386fed8faa66d926,83864ba77ece5621,
image,RingSpot,RingSpot,/content/drive/MyDrive/Papaya_Leaf_Disease_Classification/BDPapayaLeaf/Original Images/RingSpot/RingSpot(358).jpg,BDPapayaLeaf/Original Images/RingSpot/RingSpot(358).jpg,RingSpot(358).jpg,RingSpot(358),ringspot(358),.jpg,103167,False,640,480,ed18b55cc5a7606ae125f8a91c0417f286fc818b,83dff41e2e3a6098,
image,RingSpot,RingSpot,/content/drive/MyDrive/Papaya_Leaf_Disease_Classification/BDPapayaLeaf/Original Images/RingSpot/RingSpot(359).jpg,BDPapayaLeaf/Original Images/RingSpot/RingSpot(359).jpg,RingSpot(359).jpg,RingSpot(359),ringspot(359),.jpg,84961,False,640,480,036410e63cd0374e8cdb03eb69f6792a2eb74c36,ddd079ba354255d0,
image,RingSpot,RingSpot,/content/drive/MyDrive/Papaya_Leaf_Disease_Classification/BDPapayaLeaf/Original Images/RingSpot/RingSpot(36).jpg,BDPapayaLeaf/Original Images/RingSpot/RingSpot(36).jpg,RingSpot(36).jpg,RingSpot(36),ringspot(36),.jpg,86507,False,640,480,640c60ae671e896ba9c0fb2448220a86345e3733,9ef92201fffc9003,
image,RingSpot,RingSpot,/content/drive/MyDrive/Papaya_Leaf_Disease_Classification/BDPapayaLeaf/Original Images/RingSpot/RingSpot(360).jpg,BDPapayaLeaf/Original Images/RingSpot/RingSpot(360).jpg,RingSpot(360).jpg,RingSpot(360),ringspot(360),.jpg,83421,False,640,480,5bc92a1d7cbdf13d76173b4a4177ba7aa9159fb7,fdc078ba154755d0,
image,RingSpot,RingSpot,/content/drive/MyDrive/Papaya_Leaf_Disease_Classification/BDPapayaLeaf/Original Images/RingSpot/RingSpot(361).jpg,BDPapayaLeaf/Original Images/RingSpot/RingSpot(361).jpg,RingSpot(361).jpg,RingSpot(361),ringspot(361),.jpg,93670,False,640,480,f051f736cbb9cfc17f52aedc7ffd7fc822f5ae01,99c47496d208afdb,
image,RingSpot,RingSpot,/content/drive/MyDrive/Papaya_Leaf_Disease_Classification/BDPapayaLeaf/Original Images/RingSpot/RingSpot(362).jpg,BDPapayaLeaf/Original Images/RingSpot/RingSpot(362).jpg,RingSpot(362).jpg,RingSpot(362),ringspot(362),.jpg,96326,False,640,480,0b1162a1293da94871df592f6a8da1024fa43d89,aadd412f9f7c6084,
image,RingSpot,RingSpot,/content/drive/MyDrive/Papaya_Leaf_Disease_Classification/BDPapayaLeaf/Original Images/RingSpot/RingSpot(363).jpg,BDPapayaLeaf/Original Images/RingSpot/RingSpot(363).jpg,RingSpot(363).jpg,RingSpot(363),ringspot(363),.jpg,109224,False,640,480,4490b5e7480deb0244145453d5d824cbad956029,cddc4027f6421f1d,
image,RingSpot,RingSpot,/content/drive/MyDrive/Papaya_Leaf_Disease_Classification/BDPapayaLeaf/Original Images/RingSpot/RingSpot(364).jpg,BDPapayaLeaf/Original Images/RingSpot/RingSpot(364).jpg,RingSpot(364).jpg,RingSpot(364),ringspot(364),.jpg,89869,False,640,480,81dd1269c2ec8d47facd17d5be3c0940b2bfdb11,8debd206066c7dd8,
image,RingSpot,RingSpot,/content/drive/MyDrive/Papaya_Leaf_Disease_Classification/BDPapayaLeaf/Original Images/RingSpot/RingSpot(365).jpg,BDPapayaLeaf/Original Images/RingSpot/RingSpot(365).jpg,RingSpot(365).jpg,RingSpot(365),ringspot(365),.jpg,96483,False,640,480,0918e2fcd44cbf9ac3db2012d2dab3bcdb6310c0,96f40cb2c309dadd,
image,RingSpot,RingSpot,/content/drive/MyDrive/Papaya_Leaf_Disease_Classification/BDPapayaLeaf/Original Images/RingSpot/RingSpot(366).jpg,BDPapayaLeaf/Original Images/RingSpot/RingSpot(366).jpg,RingSpot(366).jpg,RingSpot(366),ringspot(366),.jpg,93327,False,640,480,dfbc33c487d05fe824ecbd20cc00f81944082a9a,c3867f68e692c9a8,
image,RingSpot,RingSpot,/content/drive/MyDrive/Papaya_Leaf_Disease_Classification/BDPapayaLeaf/Original Images/RingSpot/RingSpot(367).jpg,BDPapayaLeaf/Original Images/RingSpot/RingSpot(367).jpg,RingSpot(367).jpg,RingSpot(367),ringspot(367),.jpg,84205,False,640,480,b415643fb96b1fca25169bc4bc265ce67b6df188,c1f2abc7ce18409f,
image,RingSpot,RingSpot,/content/drive/MyDrive/Papaya_Leaf_Disease_Classification/BDPapayaLeaf/Original Images/RingSpot/RingSpot(368).jpg,BDPapayaLeaf/Original Images/RingSpot/RingSpot(368).jpg,RingSpot(368).jpg,RingSpot(368),ringspot(368),.jpg,86150,False,640,480,047a3d729d457ca0309366fbd0e3c4e8723dd34a,a486ffd249257472,
image,RingSpot,RingSpot,/content/drive/MyDrive/Papaya_Leaf_Disease_Classification/BDPapayaLeaf/Original Images/RingSpot/RingSpot(369).jpg,BDPapayaLeaf/Original Images/RingSpot/RingSpot(369).jpg,RingSpot(369).jpg,RingSpot(369),ringspot(369),.jpg,85335,False,640,480,1a0fb79fe296ae8b0e712fad9d763ab2cbcaec11,e0beb5994d44876a,
image,RingSpot,RingSpot,/content/drive/MyDrive/Papaya_Leaf_Disease_Classification/BDPapayaLeaf/Original Images/RingSpot/RingSpot(37).jpg,BDPapayaLeaf/Original Images/RingSpot/RingSpot(37).jpg,RingSpot(37).jpg,RingSpot(37),ringspot(37),.jpg,104874,False,640,480,14f66655995b8de42dcf7ee646674fa4b1cdc720,ac8d94d2c246cfae,
image,RingSpot,RingSpot,/content/drive/MyDrive/Papaya_Leaf_Disease_Classification/BDPapayaLeaf/Original Images/RingSpot/RingSpot(370).jpg,BDPapayaLeaf/Original Images/RingSpot/RingSpot(370).jpg,RingSpot(370).jpg,RingSpot(370),ringspot(370),.jpg,91883,False,640,480,864d295836e245c563600f9be81c235fef892fd3,81d86f665a2f22ab,
image,RingSpot,RingSpot,/content/drive/MyDrive/Papaya_Leaf_Disease_Classification/BDPapayaLeaf/Original Images/RingSpot/RingSpot(371).jpg,BDPapayaLeaf/Original Images/RingSpot/RingSpot(371).jpg,RingSpot(371).jpg,RingSpot(371),ringspot(371),.jpg,102107,False,640,480,23847b1397183855005d3de6756352ff92ac0f3b,87cfbe0401f5f454,
image,RingSpot,RingSpot,/content/drive/MyDrive/Papaya_Leaf_Disease_Classification/BDPapayaLeaf/Original Images/RingSpot/RingSpot(372).jpg,BDPapayaLeaf/Original Images/RingSpot/RingSpot(372).jpg,RingSpot(372).jpg,RingSpot(372),ringspot(372),.jpg,92233,False,640,480,6eaad81431d3e6ac1e3971948662e553d400c422,a1296927da6ba555,
image,RingSpot,RingSpot,/content/drive/MyDrive/Papaya_Leaf_Disease_Classification/BDPapayaLeaf/Original Images/RingSpot/RingSpot(373).jpg,BDPapayaLeaf/Original Images/RingSpot/RingSpot(373).jpg,RingSpot(373).jpg,RingSpot(373),ringspot(373),.jpg,91964,False,640,480,da5f415ad8ab73001391ee6ef9344addd1a63913,8387b4d25aaf0e1e,
image,RingSpot,RingSpot,/content/drive/MyDrive/Papaya_Leaf_Disease_Classification/BDPapayaLeaf/Original Images/RingSpot/RingSpot(374).jpg,BDPapayaLeaf/Original Images/RingSpot/RingSpot(374).jpg,RingSpot(374).jpg,RingSpot(374),ringspot(374),.jpg,85705,False,640,480,7f705ac13c9ee31b8a026ecd71bdea511c99490f,dac10e3ebc8be829,
image,RingSpot,RingSpot,/content/drive/MyDrive/Papaya_Leaf_Disease_Classification/BDPapayaLeaf/Original Images/RingSpot/RingSpot(375).jpg,BDPapayaLeaf/Original Images/RingSpot/RingSpot(375).jpg,RingSpot(375).jpg,RingSpot(375),ringspot(375),.jpg,91931,False,640,480,f2be750d7b588cfedc0667b8cc3890a19966efad,a1a517da11476bad,
image,RingSpot,RingSpot,/content/drive/MyDrive/Papaya_Leaf_Disease_Classification/BDPapayaLeaf/Original Images/RingSpot/RingSpot(376).jpg,BDPapayaLeaf/Original Images/RingSpot/RingSpot(376).jpg,RingSpot(376).jpg,RingSpot(376),ringspot(376),.jpg,106072,False,640,480,0dec4d0229b4a3ef0e20b760b56ce9e8f1200c6e,ccd369540bad94f4,
image,RingSpot,RingSpot,/content/drive/MyDrive/Papaya_Leaf_Disease_Classification/BDPapayaLeaf/Original Images/RingSpot/RingSpot(377).jpg,BDPapayaLeaf/Original Images/RingSpot/RingSpot(377).jpg,RingSpot(377).jpg,RingSpot(377),ringspot(377),.jpg,93737,False,640,480,571da6a51fd5d6aace17667437e2dfc7f22f0477,8d8d07f040f5d4be,
image,RingSpot,RingSpot,/content/drive/MyDrive/Papaya_Leaf_Disease_Classification/BDPapayaLeaf/Original Images/RingSpot/RingSpot(378).jpg,BDPapayaLeaf/Original Images/RingSpot/RingSpot(378).jpg,RingSpot(378).jpg,RingSpot(378),ringspot(378),.jpg,75339,False,640,480,226ad8ca2976d9f2ba98f5667778637f5ab27b1a,b3c9aebc90420f57,
image,RingSpot,RingSpot,/content/drive/MyDrive/Papaya_Leaf_Disease_Classification/BDPapayaLeaf/Original Images/RingSpot/RingSpot(379).jpg,BDPapayaLeaf/Original Images/RingSpot/RingSpot(379).jpg,RingSpot(379).jpg,RingSpot(379),ringspot(379),.jpg,89436,False,640,480,6e5a690eda2e7cf105402ce1f6738fc7f0fc3a84,abedb501269fb481,
image,RingSpot,RingSpot,/content/drive/MyDrive/Papaya_Leaf_Disease_Classification/BDPapayaLeaf/Original Images/RingSpot/RingSpot(38).jpg,BDPapayaLeaf/Original Images/RingSpot/RingSpot(38).jpg,RingSpot(38).jpg,RingSpot(38),ringspot(38),.jpg,84721,False,640,480,21fe06c629807a352d697db46834e6fd680163bc,ee4a2eb091b492cf,
image,RingSpot,RingSpot,/content/drive/MyDrive/Papaya_Leaf_Disease_Classification/BDPapayaLeaf/Original Images/RingSpot/RingSpot(380).jpg,BDPapayaLeaf/Original Images/RingSpot/RingSpot(380).jpg,RingSpot(380).jpg,RingSpot(380),ringspot(380),.jpg,87768,False,640,480,f15dfabe0ce3514ef28012b76b3eb27d644f31ee,dcd297ac5916a48b,
image,RingSpot,RingSpot,/content/drive/MyDrive/Papaya_Leaf_Disease_Classification/BDPapayaLeaf/Original Images/RingSpot/RingSpot(381).jpg,BDPapayaLeaf/Original Images/RingSpot/RingSpot(381).jpg,RingSpot(381).jpg,RingSpot(381),ringspot(381),.jpg,97261,False,640,480,c4a2060599d82b8e8a877b9a168fcfac32c1f4c0,e45e69a44845d67d,
image,RingSpot,RingSpot,/content/drive/MyDrive/Papaya_Leaf_Disease_Classification/BDPapayaLeaf/Original Images/RingSpot/RingSpot(382).jpg,BDPapayaLeaf/Original Images/RingSpot/RingSpot(382).jpg,RingSpot(382).jpg,RingSpot(382),ringspot(382),.jpg,103005,False,640,480,49e9ad90d4f21043cc955d7e3f426b27d72413e2,ce7974f3e9001a93,
image,RingSpot,RingSpot,/content/drive/MyDrive/Papaya_Leaf_Disease_Classification/BDPapayaLeaf/Original Images/RingSpot/RingSpot(383).jpg,BDPapayaLeaf/Original Images/RingSpot/RingSpot(383).jpg,RingSpot(383).jpg,RingSpot(383),ringspot(383),.jpg,100640,False,640,480,365a54d44c14b2c976e198351a6055af6c1ccba4,8c073ee147492db7,
image,RingSpot,RingSpot,/content/drive/MyDrive/Papaya_Leaf_Disease_Classification/BDPapayaLeaf/Original Images/RingSpot/RingSpot(384).jpg,BDPapayaLeaf/Original Images/RingSpot/RingSpot(384).jpg,RingSpot(384).jpg,RingSpot(384),ringspot(384),.jpg,102719,False,640,480,9eb99ed359639f23604f231fec660cb1c6a82b2c,c8d35ae9800b2dfd,
image,RingSpot,RingSpot,/content/drive/MyDrive/Papaya_Leaf_Disease_Classification/BDPapayaLeaf/Original Images/RingSpot/RingSpot(385).jpg,BDPapayaLeaf/Original Images/RingSpot/RingSpot(385).jpg,RingSpot(385).jpg,RingSpot(385),ringspot(385),.jpg,113720,False,640,480,27387132e9e99dd1cbb8a98ca63a50ab5a3a80df,ce84f2d8259ec9c5,
image,RingSpot,RingSpot,/content/drive/MyDrive/Papaya_Leaf_Disease_Classification/BDPapayaLeaf/Original Images/RingSpot/RingSpot(386).jpg,BDPapayaLeaf/Original Images/RingSpot/RingSpot(386).jpg,RingSpot(386).jpg,RingSpot(386),ringspot(386),.jpg,95545,False,640,480,90a0480a57beaa488eba74bc38f7d4de95cdd256,cea293d966cb1654,
image,RingSpot,RingSpot,/content/drive/MyDrive/Papaya_Leaf_Disease_Classification/BDPapayaLeaf/Original Images/RingSpot/RingSpot(387).jpg,BDPapayaLeaf/Original Images/RingSpot/RingSpot(387).jpg,RingSpot(387).jpg,RingSpot(387),ringspot(387),.jpg,125099,False,640,480,78d53962eb7009bcd693a93669ce974ef7e1e7b8,8fdcc02417ade0f3,
image,RingSpot,RingSpot,/content/drive/MyDrive/Papaya_Leaf_Disease_Classification/BDPapayaLeaf/Original Images/RingSpot/RingSpot(388).jpg,BDPapayaLeaf/Original Images/RingSpot/RingSpot(388).jpg,RingSpot(388).jpg,RingSpot(388),ringspot(388),.jpg,99352,False,640,480,75955a74f91aed53f0ded6cd0e4e02be2e1c5aeb,8ca0a5554aea7e3b,
image,RingSpot,RingSpot,/content/drive/MyDrive/Papaya_Leaf_Disease_Classification/BDPapayaLeaf/Original Images/RingSpot/RingSpot(389).jpg,BDPapayaLeaf/Original Images/RingSpot/RingSpot(389).jpg,RingSpot(389).jpg,RingSpot(389),ringspot(389),.jpg,116788,False,640,480,5f0b64e37a7b13aea1c3a0d20fd7e16361240474,cd86bf18934deca0,
image,RingSpot,RingSpot,/content/drive/MyDrive/Papaya_Leaf_Disease_Classification/BDPapayaLeaf/Original Images/RingSpot/RingSpot(39).jpg,BDPapayaLeaf/Original Images/RingSpot/RingSpot(39).jpg,RingSpot(39).jpg,RingSpot(39),ringspot(39),.jpg,78892,False,640,480,49410eb346a5ed26c9da4d1ade78dce6a6cb209f,c8edf2c5aea87114,
image,RingSpot,RingSpot,/content/drive/MyDrive/Papaya_Leaf_Disease_Classification/BDPapayaLeaf/Original Images/RingSpot/RingSpot(390).jpg,BDPapayaLeaf/Original Images/RingSpot/RingSpot(390).jpg,RingSpot(390).jpg,RingSpot(390),ringspot(390),.jpg,120748,False,640,480,a25e2b58b47fc41e5b776e786db3a1fcb37607e0,88e6a6964bad5e38,
image,RingSpot,RingSpot,/content/drive/MyDrive/Papaya_Leaf_Disease_Classification/BDPapayaLeaf/Original Images/RingSpot/RingSpot(391).jpg,BDPapayaLeaf/Original Images/RingSpot/RingSpot(391).jpg,RingSpot(391).jpg,RingSpot(391),ringspot(391),.jpg,98789,False,640,480,77f8c26609bdc6090be7d733c75611e30e8747f8,cff755f498a10c30,
image,RingSpot,RingSpot,/content/drive/MyDrive/Papaya_Leaf_Disease_Classification/BDPapayaLeaf/Original Images/RingSpot/RingSpot(392).jpg,BDPapayaLeaf/Original Images/RingSpot/RingSpot(392).jpg,RingSpot(392).jpg,RingSpot(392),ringspot(392),.jpg,105830,False,640,480,1ba82e03d6655af5a3b7738251de4d09fd721ca7,8f72e3d82977a184,
image,RingSpot,RingSpot,/content/drive/MyDrive/Papaya_Leaf_Disease_Classification/BDPapayaLeaf/Original Images/RingSpot/RingSpot(393).jpg,BDPapayaLeaf/Original Images/RingSpot/RingSpot(393).jpg,RingSpot(393).jpg,RingSpot(393),ringspot(393),.jpg,89155,False,640,480,195e30e6dbaf3aa0fba59fd78b7408105ea41b53,a2b3bdc168d1aa99,
image,RingSpot,RingSpot,/content/drive/MyDrive/Papaya_Leaf_Disease_Classification/BDPapayaLeaf/Original Images/RingSpot/RingSpot(394).jpg,BDPapayaLeaf/Original Images/RingSpot/RingSpot(394).jpg,RingSpot(394).jpg,RingSpot(394),ringspot(394),.jpg,106459,False,640,480,df421f17a0f69598390c9fe21ba9fba1f772f80f,e847f6031e38bb1c,
image,RingSpot,RingSpot,/content/drive/MyDrive/Papaya_Leaf_Disease_Classification/BDPapayaLeaf/Original Images/RingSpot/RingSpot(395).jpg,BDPapayaLeaf/Original Images/RingSpot/RingSpot(395).jpg,RingSpot(395).jpg,RingSpot(395),ringspot(395),.jpg,103546,False,640,480,e3f67aba8c1f103a74ed934afc7aa96dfea61802,c6925b1b3cc5dac2,
image,RingSpot,RingSpot,/content/drive/MyDrive/Papaya_Leaf_Disease_Classification/BDPapayaLeaf/Original Images/RingSpot/RingSpot(396).jpg,BDPapayaLeaf/Original Images/RingSpot/RingSpot(396).jpg,RingSpot(396).jpg,RingSpot(396),ringspot(396),.jpg,93280,False,640,480,79578a8648287d7368b160926acdb973bd65310e,ed861cf8039f5724,
image,RingSpot,RingSpot,/content/drive/MyDrive/Papaya_Leaf_Disease_Classification/BDPapayaLeaf/Original Images/RingSpot/RingSpot(397).jpg,BDPapayaLeaf/Original Images/RingSpot/RingSpot(397).jpg,RingSpot(397).jpg,RingSpot(397),ringspot(397),.jpg,110620,False,640,480,0ee25b4a15d15f52c20b9882570f9b20635ba10c,cc8d39f155501f56,
image,RingSpot,RingSpot,/content/drive/MyDrive/Papaya_Leaf_Disease_Classification/BDPapayaLeaf/Original Images/RingSpot/RingSpot(398).jpg,BDPapayaLeaf/Original Images/RingSpot/RingSpot(398).jpg,RingSpot(398).jpg,RingSpot(398),ringspot(398),.jpg,115392,False,640,480,d367615cfc439a0a30477117236762cec6ddd7d6,aca2aa4b6a65aaa7,
image,RingSpot,RingSpot,/content/drive/MyDrive/Papaya_Leaf_Disease_Classification/BDPapayaLeaf/Original Images/RingSpot/RingSpot(399).jpg,BDPapayaLeaf/Original Images/RingSpot/RingSpot(399).jpg,RingSpot(399).jpg,RingSpot(399),ringspot(399),.jpg,111649,False,640,480,e7e8678a9132c7e526b9bdf2eecf3a326f901c1c,8952633517d87cf2,
image,RingSpot,RingSpot,/content/drive/MyDrive/Papaya_Leaf_Disease_Classification/BDPapayaLeaf/Original Images/RingSpot/RingSpot(4).jpg,BDPapayaLeaf/Original Images/RingSpot/RingSpot(4).jpg,RingSpot(4).jpg,RingSpot(4),ringspot(4),.jpg,114168,False,640,480,89655744c5d6d8e3dc49169296e30dd40889ace7,e68c19d189555aaf,
image,RingSpot,RingSpot,/content/drive/MyDrive/Papaya_Leaf_Disease_Classification/BDPapayaLeaf/Original Images/RingSpot/RingSpot(40).jpg,BDPapayaLeaf/Original Images/RingSpot/RingSpot(40).jpg,RingSpot(40).jpg,RingSpot(40),ringspot(40),.jpg,94811,False,640,480,c99342b1360b0d36e95693243da7f5b40cf538c0,e19b4ba514cbb546,
image,RingSpot,RingSpot,/content/drive/MyDrive/Papaya_Leaf_Disease_Classification/BDPapayaLeaf/Original Images/RingSpot/RingSpot(400).jpg,BDPapayaLeaf/Original Images/RingSpot/RingSpot(400).jpg,RingSpot(400).jpg,RingSpot(400),ringspot(400),.jpg,123909,False,640,480,20d39d47b8642d78df833021dcc2fe79a82d2d2d,99d552438ea555dc,
image,RingSpot,RingSpot,/content/drive/MyDrive/Papaya_Leaf_Disease_Classification/BDPapayaLeaf/Original Images/RingSpot/RingSpot(401).jpg,BDPapayaLeaf/Original Images/RingSpot/RingSpot(401).jpg,RingSpot(401).jpg,RingSpot(401),ringspot(401),.jpg,119861,False,640,480,c6d5012a24aae4f0d76b0284b3631f5e3c276635,961969b4a506ded3,
image,RingSpot,RingSpot,/content/drive/MyDrive/Papaya_Leaf_Disease_Classification/BDPapayaLeaf/Original Images/RingSpot/RingSpot(402).jpg,BDPapayaLeaf/Original Images/RingSpot/RingSpot(402).jpg,RingSpot(402).jpg,RingSpot(402),ringspot(402),.jpg,107586,False,640,480,af8527a37cdc7642b30a105122355ab480f33ec3,f9870cb8a52117f5,
image,RingSpot,RingSpot,/content/drive/MyDrive/Papaya_Leaf_Disease_Classification/BDPapayaLeaf/Original Images/RingSpot/RingSpot(403).jpg,BDPapayaLeaf/Original Images/RingSpot/RingSpot(403).jpg,RingSpot(403).jpg,RingSpot(403),ringspot(403),.jpg,117869,False,640,480,a39832c503f921b9ceac3617187471e525299faf,e39fece086c930e4,
image,RingSpot,RingSpot,/content/drive/MyDrive/Papaya_Leaf_Disease_Classification/BDPapayaLeaf/Original Images/RingSpot/RingSpot(404).jpg,BDPapayaLeaf/Original Images/RingSpot/RingSpot(404).jpg,RingSpot(404).jpg,RingSpot(404),ringspot(404),.jpg,121394,False,640,480,f2623e8ef3110dba10561526f2b76888e749489d,fbddffee0104a800,
image,RingSpot,RingSpot,/content/drive/MyDrive/Papaya_Leaf_Disease_Classification/BDPapayaLeaf/Original Images/RingSpot/RingSpot(405).jpg,BDPapayaLeaf/Original Images/RingSpot/RingSpot(405).jpg,RingSpot(405).jpg,RingSpot(405),ringspot(405),.jpg,137927,False,640,480,bbe3971a1692a8d744f24699045b37f9129d2f00,8e8efdc04e1a1bc9,
image,RingSpot,RingSpot,/content/drive/MyDrive/Papaya_Leaf_Disease_Classification/BDPapayaLeaf/Original Images/RingSpot/RingSpot(406).jpg,BDPapayaLeaf/Original Images/RingSpot/RingSpot(406).jpg,RingSpot(406).jpg,RingSpot(406),ringspot(406),.jpg,134851,False,640,480,8135ce180f9a022331e5c14aceae8e9eb875f4fd,d34f9d18ec50c78a,
image,RingSpot,RingSpot,/content/drive/MyDrive/Papaya_Leaf_Disease_Classification/BDPapayaLeaf/Original Images/RingSpot/RingSpot(407).jpg,BDPapayaLeaf/Original Images/RingSpot/RingSpot(407).jpg,RingSpot(407).jpg,RingSpot(407),ringspot(407),.jpg,83696,False,640,480,8b5d890763f220ff0b0e8df736f5993d309160a9,915536671ea8672e,
image,RingSpot,RingSpot,/content/drive/MyDrive/Papaya_Leaf_Disease_Classification/BDPapayaLeaf/Original Images/RingSpot/RingSpot(408).jpg,BDPapayaLeaf/Original Images/RingSpot/RingSpot(408).jpg,RingSpot(408).jpg,RingSpot(408),ringspot(408),.jpg,119102,False,640,480,30b9635baac859ab9be8c3b245a264be0f5c8a6b,82592526f1d707fc,
image,RingSpot,RingSpot,/content/drive/MyDrive/Papaya_Leaf_Disease_Classification/BDPapayaLeaf/Original Images/RingSpot/RingSpot(409).jpg,BDPapayaLeaf/Original Images/RingSpot/RingSpot(409).jpg,RingSpot(409).jpg,RingSpot(409),ringspot(409),.jpg,138196,False,640,480,0d56313dcfe7016a25548e1cb9701f76667ff302,9ac84d7d74e8a8a3,
image,RingSpot,RingSpot,/content/drive/MyDrive/Papaya_Leaf_Disease_Classification/BDPapayaLeaf/Original Images/RingSpot/RingSpot(41).jpg,BDPapayaLeaf/Original Images/RingSpot/RingSpot(41).jpg,RingSpot(41).jpg,RingSpot(41),ringspot(41),.jpg,110798,False,640,480,c2d0edec4e32081430d407ac81206893d42e4eaf,d2c9f1002fe828ff,
image,RingSpot,RingSpot,/content/drive/MyDrive/Papaya_Leaf_Disease_Classification/BDPapayaLeaf/Original Images/RingSpot/RingSpot(410).jpg,BDPapayaLeaf/Original Images/RingSpot/RingSpot(410).jpg,RingSpot(410).jpg,RingSpot(410),ringspot(410),.jpg,126892,False,640,480,04fa274f37381b88e1b33e0c5bf71874b2792c29,8ec883ed64574b36,
image,RingSpot,RingSpot,/content/drive/MyDrive/Papaya_Leaf_Disease_Classification/BDPapayaLeaf/Original Images/RingSpot/RingSpot(411).jpg,BDPapayaLeaf/Original Images/RingSpot/RingSpot(411).jpg,RingSpot(411).jpg,RingSpot(411),ringspot(411),.jpg,119946,False,640,480,46343dfa360232242745797701438c2a574c8a65,dc5159534f10c7da,
image,RingSpot,RingSpot,/content/drive/MyDrive/Papaya_Leaf_Disease_Classification/BDPapayaLeaf/Original Images/RingSpot/RingSpot(412).jpg,BDPapayaLeaf/Original Images/RingSpot/RingSpot(412).jpg,RingSpot(412).jpg,RingSpot(412),ringspot(412),.jpg,87306,False,640,480,b3baaac77c8a5826bb698e8b47b0a6328b2af613,e5d6f968029512ed,
image,RingSpot,RingSpot,/content/drive/MyDrive/Papaya_Leaf_Disease_Classification/BDPapayaLeaf/Original Images/RingSpot/RingSpot(413).jpg,BDPapayaLeaf/Original Images/RingSpot/RingSpot(413).jpg,RingSpot(413).jpg,RingSpot(413),ringspot(413),.jpg,127260,False,640,480,cc4c08ffd9ea78ad98142352093d088cbc33e03d,a6c90871723f7953,
image,RingSpot,RingSpot,/content/drive/MyDrive/Papaya_Leaf_Disease_Classification/BDPapayaLeaf/Original Images/RingSpot/RingSpot(414).jpg,BDPapayaLeaf/Original Images/RingSpot/RingSpot(414).jpg,RingSpot(414).jpg,RingSpot(414),ringspot(414),.jpg,134672,False,640,480,9d33c992a8fb911762142940e647836e75e76293,9c0d3d136e627b94,
image,RingSpot,RingSpot,/content/drive/MyDrive/Papaya_Leaf_Disease_Classification/BDPapayaLeaf/Original Images/RingSpot/RingSpot(415).jpg,BDPapayaLeaf/Original Images/RingSpot/RingSpot(415).jpg,RingSpot(415).jpg,RingSpot(415),ringspot(415),.jpg,129696,False,640,480,b9b985e15349050a80b5eb3e2a1305cc79d74c1f,8d641376f0876aec,
image,RingSpot,RingSpot,/content/drive/MyDrive/Papaya_Leaf_Disease_Classification/BDPapayaLeaf/Original Images/RingSpot/RingSpot(416).jpg,BDPapayaLeaf/Original Images/RingSpot/RingSpot(416).jpg,RingSpot(416).jpg,RingSpot(416),ringspot(416),.jpg,119199,False,640,480,f131525de9d48b9c43be30c49b90491e8a29bcb2,ec833450e9e596da,
image,RingSpot,RingSpot,/content/drive/MyDrive/Papaya_Leaf_Disease_Classification/BDPapayaLeaf/Original Images/RingSpot/RingSpot(417).jpg,BDPapayaLeaf/Original Images/RingSpot/RingSpot(417).jpg,RingSpot(417).jpg,RingSpot(417),ringspot(417),.jpg,90406,False,640,480,91d3521920a0510fabf95f9cf1ee171165a8e849,b4ba76e48366844f,
image,RingSpot,RingSpot,/content/drive/MyDrive/Papaya_Leaf_Disease_Classification/BDPapayaLeaf/Original Images/RingSpot/RingSpot(418).jpg,BDPapayaLeaf/Original Images/RingSpot/RingSpot(418).jpg,RingSpot(418).jpg,RingSpot(418),ringspot(418),.jpg,116705,False,640,480,fa4af7fd50eb887008ecede7cf6b1688cc5d66bd,9bfbe5f4c434b800,
image,RingSpot,RingSpot,/content/drive/MyDrive/Papaya_Leaf_Disease_Classification/BDPapayaLeaf/Original Images/RingSpot/RingSpot(419).jpg,BDPapayaLeaf/Original Images/RingSpot/RingSpot(419).jpg,RingSpot(419).jpg,RingSpot(419),ringspot(419),.jpg,120036,False,640,480,d512938cf23ff3d43492801bdd785583fdd26c5e,8e882dbf41567b0d,
image,RingSpot,RingSpot,/content/drive/MyDrive/Papaya_Leaf_Disease_Classification/BDPapayaLeaf/Original Images/RingSpot/RingSpot(42).jpg,BDPapayaLeaf/Original Images/RingSpot/RingSpot(42).jpg,RingSpot(42).jpg,RingSpot(42),ringspot(42),.jpg,95464,False,640,480,e83280273c4743ec9c07066b13439fa7d26b8f7c,cca85e6dadb4403d,
image,RingSpot,RingSpot,/content/drive/MyDrive/Papaya_Leaf_Disease_Classification/BDPapayaLeaf/Original Images/RingSpot/RingSpot(420).jpg,BDPapayaLeaf/Original Images/RingSpot/RingSpot(420).jpg,RingSpot(420).jpg,RingSpot(420),ringspot(420),.jpg,106179,False,640,480,e8123ffe7b1be2527f7751168b9c84e600d4abb2,b598e1e72ea4013f,
image,RingSpot,RingSpot,/content/drive/MyDrive/Papaya_Leaf_Disease_Classification/BDPapayaLeaf/Original Images/RingSpot/RingSpot(421).jpg,BDPapayaLeaf/Original Images/RingSpot/RingSpot(421).jpg,RingSpot(421).jpg,RingSpot(421),ringspot(421),.jpg,108032,False,640,480,1ed1058db72436edeb101945c9eee4c1d3431832,efb4145e18a91d55,
image,RingSpot,RingSpot,/content/drive/MyDrive/Papaya_Leaf_Disease_Classification/BDPapayaLeaf/Original Images/RingSpot/RingSpot(422).jpg,BDPapayaLeaf/Original Images/RingSpot/RingSpot(422).jpg,RingSpot(422).jpg,RingSpot(422),ringspot(422),.jpg,114402,False,640,480,bfb2ae9e1efb481c8c5e1683accd4a38432f825b,9b9ad5f9e0a889a4,
image,RingSpot,RingSpot,/content/drive/MyDrive/Papaya_Leaf_Disease_Classification/BDPapayaLeaf/Original Images/RingSpot/RingSpot(423).jpg,BDPapayaLeaf/Original Images/RingSpot/RingSpot(423).jpg,RingSpot(423).jpg,RingSpot(423),ringspot(423),.jpg,95477,False,640,480,e4c3acfac5b2881e047bb59aa45ed128cf38ef5e,83cd67c74aa58c56,
image,RingSpot,RingSpot,/content/drive/MyDrive/Papaya_Leaf_Disease_Classification/BDPapayaLeaf/Original Images/RingSpot/RingSpot(424).jpg,BDPapayaLeaf/Original Images/RingSpot/RingSpot(424).jpg,RingSpot(424).jpg,RingSpot(424),ringspot(424),.jpg,114634,False,640,480,f3eea61e2197de95e025e858b8deb76f56f7fc32,c6eda4eb2b2d2416,
image,RingSpot,RingSpot,/content/drive/MyDrive/Papaya_Leaf_Disease_Classification/BDPapayaLeaf/Original Images/RingSpot/RingSpot(425).jpg,BDPapayaLeaf/Original Images/RingSpot/RingSpot(425).jpg,RingSpot(425).jpg,RingSpot(425),ringspot(425),.jpg,114050,False,640,480,5b2a1459dbcb354e07b1d461b1bab098fdd08e48,aae3bfd4403aaa91,
image,RingSpot,RingSpot,/content/drive/MyDrive/Papaya_Leaf_Disease_Classification/BDPapayaLeaf/Original Images/RingSpot/RingSpot(426).jpg,BDPapayaLeaf/Original Images/RingSpot/RingSpot(426).jpg,RingSpot(426).jpg,RingSpot(426),ringspot(426),.jpg,125180,False,640,480,812d8c33889e80a851402c6e6c145ba89f1d9287,bb8dec6c9032e259,
image,RingSpot,RingSpot,/content/drive/MyDrive/Papaya_Leaf_Disease_Classification/BDPapayaLeaf/Original Images/RingSpot/RingSpot(427).jpg,BDPapayaLeaf/Original Images/RingSpot/RingSpot(427).jpg,RingSpot(427).jpg,RingSpot(427),ringspot(427),.jpg,116906,False,640,480,117638a878e4e1d178c76adef1512b26a47440f7,e45cf1471c1fc64a,
image,RingSpot,RingSpot,/content/drive/MyDrive/Papaya_Leaf_Disease_Classification/BDPapayaLeaf/Original Images/RingSpot/RingSpot(428).jpg,BDPapayaLeaf/Original Images/RingSpot/RingSpot(428).jpg,RingSpot(428).jpg,RingSpot(428),ringspot(428),.jpg,110050,False,640,480,18937fdfcfa8d4ddba34591c12870cbf1ffba9e2,beedea230347ec20,
image,RingSpot,RingSpot,/content/drive/MyDrive/Papaya_Leaf_Disease_Classification/BDPapayaLeaf/Original Images/RingSpot/RingSpot(429).jpg,BDPapayaLeaf/Original Images/RingSpot/RingSpot(429).jpg,RingSpot(429).jpg,RingSpot(429),ringspot(429),.jpg,113031,False,640,480,05580416888e6fcd4e27edef0131ef2410e21444,f98f2bb292d25254,
image,RingSpot,RingSpot,/content/drive/MyDrive/Papaya_Leaf_Disease_Classification/BDPapayaLeaf/Original Images/RingSpot/RingSpot(43).jpg,BDPapayaLeaf/Original Images/RingSpot/RingSpot(43).jpg,RingSpot(43).jpg,RingSpot(43),ringspot(43),.jpg,92737,False,640,480,85072c0ff57b7aeeacfe307a3473e1aa37d431b3,8ca91dfde1fc5082,
image,RingSpot,RingSpot,/content/drive/MyDrive/Papaya_Leaf_Disease_Classification/BDPapayaLeaf/Original Images/RingSpot/RingSpot(430).jpg,BDPapayaLeaf/Original Images/RingSpot/RingSpot(430).jpg,RingSpot(430).jpg,RingSpot(430),ringspot(430),.jpg,65691,False,640,480,73c92d30118c5f072e5fe32bf1a994e23285126a,9c62ed926cd9126d,
image,RingSpot,RingSpot,/content/drive/MyDrive/Papaya_Leaf_Disease_Classification/BDPapayaLeaf/Original Images/RingSpot/RingSpot(431).jpg,BDPapayaLeaf/Original Images/RingSpot/RingSpot(431).jpg,RingSpot(431).jpg,RingSpot(431),ringspot(431),.jpg,86706,False,640,480,1cc018cba0344f7d85fe625063408eb7028564b4,b02bdec5c5e6cc50,
image,RingSpot,RingSpot,/content/drive/MyDrive/Papaya_Leaf_Disease_Classification/BDPapayaLeaf/Original Images/RingSpot/RingSpot(432).jpg,BDPapayaLeaf/Original Images/RingSpot/RingSpot(432).jpg,RingSpot(432).jpg,RingSpot(432),ringspot(432),.jpg,99311,False,640,480,e945f956e753c5aa036f24792d9a70a71e52b277,8bcc29337b712715,
image,RingSpot,RingSpot,/content/drive/MyDrive/Papaya_Leaf_Disease_Classification/BDPapayaLeaf/Original Images/RingSpot/RingSpot(433).jpg,BDPapayaLeaf/Original Images/RingSpot/RingSpot(433).jpg,RingSpot(433).jpg,RingSpot(433),ringspot(433),.jpg,115316,False,640,480,f7b61244688e03842f45f819c16c47989bfeec0b,ee4a39f7160b0c74,
image,RingSpot,RingSpot,/content/drive/MyDrive/Papaya_Leaf_Disease_Classification/BDPapayaLeaf/Original Images/RingSpot/RingSpot(434).jpg,BDPapayaLeaf/Original Images/RingSpot/RingSpot(434).jpg,RingSpot(434).jpg,RingSpot(434),ringspot(434),.jpg,109793,False,640,480,f88e1e2b0baa5db3ad647c6b1229ff24a449de2a,d246db09a6ea292f,
image,RingSpot,RingSpot,/content/drive/MyDrive/Papaya_Leaf_Disease_Classification/BDPapayaLeaf/Original Images/RingSpot/RingSpot(435).jpg,BDPapayaLeaf/Original Images/RingSpot/RingSpot(435).jpg,RingSpot(435).jpg,RingSpot(435),ringspot(435),.jpg,98859,False,640,480,ef423d37d34ba0d20d337626853aa339c48c1138,a178ad9750d26acb,
image,RingSpot,RingSpot,/content/drive/MyDrive/Papaya_Leaf_Disease_Classification/BDPapayaLeaf/Original Images/RingSpot/RingSpot(436).jpg,BDPapayaLeaf/Original Images/RingSpot/RingSpot(436).jpg,RingSpot(436).jpg,RingSpot(436),ringspot(436),.jpg,107260,False,640,480,974e0e5f0303a1c955acbb094b80099ccb170daf,e48f8e66d0cc9aca,
image,RingSpot,RingSpot,/content/drive/MyDrive/Papaya_Leaf_Disease_Classification/BDPapayaLeaf/Original Images/RingSpot/RingSpot(437).jpg,BDPapayaLeaf/Original Images/RingSpot/RingSpot(437).jpg,RingSpot(437).jpg,RingSpot(437),ringspot(437),.jpg,116018,False,640,480,5d277a2aaab6925ccb58853cafc7e2a34ffd5906,d9093599b8a1f8ae,
image,RingSpot,RingSpot,/content/drive/MyDrive/Papaya_Leaf_Disease_Classification/BDPapayaLeaf/Original Images/RingSpot/RingSpot(438).jpg,BDPapayaLeaf/Original Images/RingSpot/RingSpot(438).jpg,RingSpot(438).jpg,RingSpot(438),ringspot(438),.jpg,96579,False,640,480,89a7721efefa5d5c076330fe7608be5f433c2bad,c36da9a9b42526ba,
image,RingSpot,RingSpot,/content/drive/MyDrive/Papaya_Leaf_Disease_Classification/BDPapayaLeaf/Original Images/RingSpot/RingSpot(439).jpg,BDPapayaLeaf/Original Images/RingSpot/RingSpot(439).jpg,RingSpot(439).jpg,RingSpot(439),ringspot(439),.jpg,121170,False,640,480,38e0d1a67ad82d20f3d4d8d1940f14189f4ec0e2,9c3c13f9e12ef490,
image,RingSpot,RingSpot,/content/drive/MyDrive/Papaya_Leaf_Disease_Classification/BDPapayaLeaf/Original Images/RingSpot/RingSpot(44).jpg,BDPapayaLeaf/Original Images/RingSpot/RingSpot(44).jpg,RingSpot(44).jpg,RingSpot(44),ringspot(44),.jpg,80435,False,640,480,c92a9ed8ddb7914e6e5f7b10c899e42123278726,f982172795c5398d,
image,RingSpot,RingSpot,/content/drive/MyDrive/Papaya_Leaf_Disease_Classification/BDPapayaLeaf/Original Images/RingSpot/RingSpot(440).jpg,BDPapayaLeaf/Original Images/RingSpot/RingSpot(440).jpg,RingSpot(440).jpg,RingSpot(440),ringspot(440),.jpg,88262,False,640,480,64c757dd60ce8ac67536d5431599b7e868e7459d,99f0040a7de6ac6f,
image,RingSpot,RingSpot,/content/drive/MyDrive/Papaya_Leaf_Disease_Classification/BDPapayaLeaf/Original Images/RingSpot/RingSpot(441).jpg,BDPapayaLeaf/Original Images/RingSpot/RingSpot(441).jpg,RingSpot(441).jpg,RingSpot(441),ringspot(441),.jpg,93057,False,640,480,aa7ffd9716d2a6ab7435f93fe8732bd6169ad8a7,dac354531d7c2aa5,
image,RingSpot,RingSpot,/content/drive/MyDrive/Papaya_Leaf_Disease_Classification/BDPapayaLeaf/Original Images/RingSpot/RingSpot(442).jpg,BDPapayaLeaf/Original Images/RingSpot/RingSpot(442).jpg,RingSpot(442).jpg,RingSpot(442),ringspot(442),.jpg,113762,False,640,480,23f651719b54262fdbeec9f7c2f59ca6ece90946,81ec3c9f158f8715,
image,RingSpot,RingSpot,/content/drive/MyDrive/Papaya_Leaf_Disease_Classification/BDPapayaLeaf/Original Images/RingSpot/RingSpot(443).jpg,BDPapayaLeaf/Original Images/RingSpot/RingSpot(443).jpg,RingSpot(443).jpg,RingSpot(443),ringspot(443),.jpg,113762,False,640,480,23f651719b54262fdbeec9f7c2f59ca6ece90946,81ec3c9f158f8715,
image,RingSpot,RingSpot,/content/drive/MyDrive/Papaya_Leaf_Disease_Classification/BDPapayaLeaf/Original Images/RingSpot/RingSpot(444).jpg,BDPapayaLeaf/Original Images/RingSpot/RingSpot(444).jpg,RingSpot(444).jpg,RingSpot(444),ringspot(444),.jpg,105844,False,640,480,a669db3b9165ba576021333208b877afbf46de71,9ef8515fa807831b,
image,RingSpot,RingSpot,/content/drive/MyDrive/Papaya_Leaf_Disease_Classification/BDPapayaLeaf/Original Images/RingSpot/RingSpot(445).jpg,BDPapayaLeaf/Original Images/RingSpot/RingSpot(445).jpg,RingSpot(445).jpg,RingSpot(445),ringspot(445),.jpg,105844,False,640,480,a669db3b9165ba576021333208b877afbf46de71,9ef8515fa807831b,
image,RingSpot,RingSpot,/content/drive/MyDrive/Papaya_Leaf_Disease_Classification/BDPapayaLeaf/Original Images/RingSpot/RingSpot(446).jpg,BDPapayaLeaf/Original Images/RingSpot/RingSpot(446).jpg,RingSpot(446).jpg,RingSpot(446),ringspot(446),.jpg,115476,False,640,480,7f4da56f64527821311bef023556e9bc8d26a150,9f79a74e08851cf4,
image,RingSpot,RingSpot,/content/drive/MyDrive/Papaya_Leaf_Disease_Classification/BDPapayaLeaf/Original Images/RingSpot/RingSpot(447).jpg,BDPapayaLeaf/Original Images/RingSpot/RingSpot(447).jpg,RingSpot(447).jpg,RingSpot(447),ringspot(447),.jpg,115476,False,640,480,7f4da56f64527821311bef023556e9bc8d26a150,9f79a74e08851cf4,
image,RingSpot,RingSpot,/content/drive/MyDrive/Papaya_Leaf_Disease_Classification/BDPapayaLeaf/Original Images/RingSpot/RingSpot(448).jpg,BDPapayaLeaf/Original Images/RingSpot/RingSpot(448).jpg,RingSpot(448).jpg,RingSpot(448),ringspot(448),.jpg,94370,False,640,480,e023914d717a450cb6570706e00220a8433ac4b8,e5b9a8646c94ba55,
image,RingSpot,RingSpot,/content/drive/MyDrive/Papaya_Leaf_Disease_Classification/BDPapayaLeaf/Original Images/RingSpot/RingSpot(449).jpg,BDPapayaLeaf/Original Images/RingSpot/RingSpot(449).jpg,RingSpot(449).jpg,RingSpot(449),ringspot(449),.jpg,94370,False,640,480,e023914d717a450cb6570706e00220a8433ac4b8,e5b9a8646c94ba55,
image,RingSpot,RingSpot,/content/drive/MyDrive/Papaya_Leaf_Disease_Classification/BDPapayaLeaf/Original Images/RingSpot/RingSpot(45).jpg,BDPapayaLeaf/Original Images/RingSpot/RingSpot(45).jpg,RingSpot(45).jpg,RingSpot(45),ringspot(45),.jpg,102264,False,640,480,a521fe5f55f63bde2d0808d9479d91af408d3b23,bd009f5e48a3afa4,
image,RingSpot,RingSpot,/content/drive/MyDrive/Papaya_Leaf_Disease_Classification/BDPapayaLeaf/Original Images/RingSpot/RingSpot(450).jpg,BDPapayaLeaf/Original Images/RingSpot/RingSpot(450).jpg,RingSpot(450).jpg,RingSpot(450),ringspot(450),.jpg,105770,False,640,480,56d1734ad097b465c5fff3070634235210d27b6f,e5800fe0e878bf2d,
image,RingSpot,RingSpot,/content/drive/MyDrive/Papaya_Leaf_Disease_Classification/BDPapayaLeaf/Original Images/RingSpot/RingSpot(451).jpg,BDPapayaLeaf/Original Images/RingSpot/RingSpot(451).jpg,RingSpot(451).jpg,RingSpot(451),ringspot(451),.jpg,105770,False,640,480,56d1734ad097b465c5fff3070634235210d27b6f,e5800fe0e878bf2d,
image,RingSpot,RingSpot,/content/drive/MyDrive/Papaya_Leaf_Disease_Classification/BDPapayaLeaf/Original Images/RingSpot/RingSpot(452).jpg,BDPapayaLeaf/Original Images/RingSpot/RingSpot(452).jpg,RingSpot(452).jpg,RingSpot(452),ringspot(452),.jpg,94409,False,640,480,73c78a42d4380ad7e58a0316d82ce5f25e289a9c,ba69935a3ab7b480,
image,RingSpot,RingSpot,/content/drive/MyDrive/Papaya_Leaf_Disease_Classification/BDPapayaLeaf/Original Images/RingSpot/RingSpot(453).jpg,BDPapayaLeaf/Original Images/RingSpot/RingSpot(453).jpg,RingSpot(453).jpg,RingSpot(453),ringspot(453),.jpg,94409,False,640,480,73c78a42d4380ad7e58a0316d82ce5f25e289a9c,ba69935a3ab7b480,
image,RingSpot,RingSpot,/content/drive/MyDrive/Papaya_Leaf_Disease_Classification/BDPapayaLeaf/Original Images/RingSpot/RingSpot(454).jpg,BDPapayaLeaf/Original Images/RingSpot/RingSpot(454).jpg,RingSpot(454).jpg,RingSpot(454),ringspot(454),.jpg,87383,False,640,480,6f57eab11a436932c803a05bbe463ff7a5b95d13,8e444b2c566f5d2e,
image,RingSpot,RingSpot,/content/drive/MyDrive/Papaya_Leaf_Disease_Classification/BDPapayaLeaf/Original Images/RingSpot/RingSpot(455).jpg,BDPapayaLeaf/Original Images/RingSpot/RingSpot(455).jpg,RingSpot(455).jpg,RingSpot(455),ringspot(455),.jpg,109655,False,640,480,6b707164e99f1b60e6a76826449a79e1f35772cc,cf96b9a5365a090b,
image,RingSpot,RingSpot,/content/drive/MyDrive/Papaya_Leaf_Disease_Classification/BDPapayaLeaf/Original Images/RingSpot/RingSpot(456).jpg,BDPapayaLeaf/Original Images/RingSpot/RingSpot(456).jpg,RingSpot(456).jpg,RingSpot(456),ringspot(456),.jpg,114820,False,640,480,6fe357c87e2655ba4449d00e7994a8b8189cb71d,9cc6c2affe615412,
image,RingSpot,RingSpot,/content/drive/MyDrive/Papaya_Leaf_Disease_Classification/BDPapayaLeaf/Original Images/RingSpot/RingSpot(457).jpg,BDPapayaLeaf/Original Images/RingSpot/RingSpot(457).jpg,RingSpot(457).jpg,RingSpot(457),ringspot(457),.jpg,120979,False,640,480,4b3f66a4bb49b1af92125afd94a8f1011b3ce6ca,84c85656f4b626bd,
image,RingSpot,RingSpot,/content/drive/MyDrive/Papaya_Leaf_Disease_Classification/BDPapayaLeaf/Original Images/RingSpot/RingSpot(458).jpg,BDPapayaLeaf/Original Images/RingSpot/RingSpot(458).jpg,RingSpot(458).jpg,RingSpot(458),ringspot(458),.jpg,115348,False,640,480,7c6de6bf06c121975406ed5b5f0124230377e975,faa98327299b6e22,
image,RingSpot,RingSpot,/content/drive/MyDrive/Papaya_Leaf_Disease_Classification/BDPapayaLeaf/Original Images/RingSpot/RingSpot(459).jpg,BDPapayaLeaf/Original Images/RingSpot/RingSpot(459).jpg,RingSpot(459).jpg,RingSpot(459),ringspot(459),.jpg,105602,False,640,480,b86941bfe17a29cedcf39d32bdb71d199d88a567,a7ec14520baf7c83,
image,RingSpot,RingSpot,/content/drive/MyDrive/Papaya_Leaf_Disease_Classification/BDPapayaLeaf/Original Images/RingSpot/RingSpot(46).jpg,BDPapayaLeaf/Original Images/RingSpot/RingSpot(46).jpg,RingSpot(46).jpg,RingSpot(46),ringspot(46),.jpg,90521,False,640,480,bde123c9bf32d9ef69df1bc0cb78f273f0291542,96999a9aba41632f,
image,RingSpot,RingSpot,/content/drive/MyDrive/Papaya_Leaf_Disease_Classification/BDPapayaLeaf/Original Images/RingSpot/RingSpot(460).jpg,BDPapayaLeaf/Original Images/RingSpot/RingSpot(460).jpg,RingSpot(460).jpg,RingSpot(460),ringspot(460),.jpg,105602,False,640,480,b86941bfe17a29cedcf39d32bdb71d199d88a567,a7ec14520baf7c83,
image,RingSpot,RingSpot,/content/drive/MyDrive/Papaya_Leaf_Disease_Classification/BDPapayaLeaf/Original Images/RingSpot/RingSpot(461).jpg,BDPapayaLeaf/Original Images/RingSpot/RingSpot(461).jpg,RingSpot(461).jpg,RingSpot(461),ringspot(461),.jpg,97585,False,640,480,459da1156535440e0dad59d335fa2a8e84d25186,e1e50eb55494562f,
image,RingSpot,RingSpot,/content/drive/MyDrive/Papaya_Leaf_Disease_Classification/BDPapayaLeaf/Original Images/RingSpot/RingSpot(462).jpg,BDPapayaLeaf/Original Images/RingSpot/RingSpot(462).jpg,RingSpot(462).jpg,RingSpot(462),ringspot(462),.jpg,97585,False,640,480,459da1156535440e0dad59d335fa2a8e84d25186,e1e50eb55494562f,
image,RingSpot,RingSpot,/content/drive/MyDrive/Papaya_Leaf_Disease_Classification/BDPapayaLeaf/Original Images/RingSpot/RingSpot(463).jpg,BDPapayaLeaf/Original Images/RingSpot/RingSpot(463).jpg,RingSpot(463).jpg,RingSpot(463),ringspot(463),.jpg,82353,False,640,480,92d2526d3b223249d3690928e53a37971f3298f0,a0d5c0a2c21fff78,
image,RingSpot,RingSpot,/content/drive/MyDrive/Papaya_Leaf_Disease_Classification/BDPapayaLeaf/Original Images/RingSpot/RingSpot(464).jpg,BDPapayaLeaf/Original Images/RingSpot/RingSpot(464).jpg,RingSpot(464).jpg,RingSpot(464),ringspot(464),.jpg,82353,False,640,480,92d2526d3b223249d3690928e53a37971f3298f0,a0d5c0a2c21fff78,
image,RingSpot,RingSpot,/content/drive/MyDrive/Papaya_Leaf_Disease_Classification/BDPapayaLeaf/Original Images/RingSpot/RingSpot(465).jpg,BDPapayaLeaf/Original Images/RingSpot/RingSpot(465).jpg,RingSpot(465).jpg,RingSpot(465),ringspot(465),.jpg,116203,False,640,480,f892faaa7be94f089f72d8b18131123156e43098,a58687391e4a7b69,
image,RingSpot,RingSpot,/content/drive/MyDrive/Papaya_Leaf_Disease_Classification/BDPapayaLeaf/Original Images/RingSpot/RingSpot(466).jpg,BDPapayaLeaf/Original Images/RingSpot/RingSpot(466).jpg,RingSpot(466).jpg,RingSpot(466),ringspot(466),.jpg,116203,False,640,480,f892faaa7be94f089f72d8b18131123156e43098,a58687391e4a7b69,
image,RingSpot,RingSpot,/content/drive/MyDrive/Papaya_Leaf_Disease_Classification/BDPapayaLeaf/Original Images/RingSpot/RingSpot(467).jpg,BDPapayaLeaf/Original Images/RingSpot/RingSpot(467).jpg,RingSpot(467).jpg,RingSpot(467),ringspot(467),.jpg,99442,False,640,480,a0521bd5e39fc12cd8754118046dbf9d1fdb96cd,c40935722af7f64a,
image,RingSpot,RingSpot,/content/drive/MyDrive/Papaya_Leaf_Disease_Classification/BDPapayaLeaf/Original Images/RingSpot/RingSpot(468).jpg,BDPapayaLeaf/Original Images/RingSpot/RingSpot(468).jpg,RingSpot(468).jpg,RingSpot(468),ringspot(468),.jpg,99442,False,640,480,a0521bd5e39fc12cd8754118046dbf9d1fdb96cd,c40935722af7f64a,
image,RingSpot,RingSpot,/content/drive/MyDrive/Papaya_Leaf_Disease_Classification/BDPapayaLeaf/Original Images/RingSpot/RingSpot(469).jpg,BDPapayaLeaf/Original Images/RingSpot/RingSpot(469).jpg,RingSpot(469).jpg,RingSpot(469),ringspot(469),.jpg,111518,False,640,480,3670515aa69f68c5ece0a8b270312b4ec8564edd,eb0a8a051dfb0df8,
image,RingSpot,RingSpot,/content/drive/MyDrive/Papaya_Leaf_Disease_Classification/BDPapayaLeaf/Original Images/RingSpot/RingSpot(47).jpg,BDPapayaLeaf/Original Images/RingSpot/RingSpot(47).jpg,RingSpot(47).jpg,RingSpot(47),ringspot(47),.jpg,73084,False,640,480,23e20ba8f93dd69d3471e50de686b007d7c0b643,f3c680181ffd1077,
image,RingSpot,RingSpot,/content/drive/MyDrive/Papaya_Leaf_Disease_Classification/BDPapayaLeaf/Original Images/RingSpot/RingSpot(470).jpg,BDPapayaLeaf/Original Images/RingSpot/RingSpot(470).jpg,RingSpot(470).jpg,RingSpot(470),ringspot(470),.jpg,111518,False,640,480,3670515aa69f68c5ece0a8b270312b4ec8564edd,eb0a8a051dfb0df8,
image,RingSpot,RingSpot,/content/drive/MyDrive/Papaya_Leaf_Disease_Classification/BDPapayaLeaf/Original Images/RingSpot/RingSpot(471).jpg,BDPapayaLeaf/Original Images/RingSpot/RingSpot(471).jpg,RingSpot(471).jpg,RingSpot(471),ringspot(471),.jpg,112812,False,640,480,2bc1f5177657d65211eafb35e5a4716596df91ea,aca8a9aca3a86add,
image,RingSpot,RingSpot,/content/drive/MyDrive/Papaya_Leaf_Disease_Classification/BDPapayaLeaf/Original Images/RingSpot/RingSpot(472).jpg,BDPapayaLeaf/Original Images/RingSpot/RingSpot(472).jpg,RingSpot(472).jpg,RingSpot(472),ringspot(472),.jpg,102124,False,640,480,d908eef098bd4ce73c08b38d8b140612d326f6d4,a4a35456baaeea19,
image,RingSpot,RingSpot,/content/drive/MyDrive/Papaya_Leaf_Disease_Classification/BDPapayaLeaf/Original Images/RingSpot/RingSpot(473).jpg,BDPapayaLeaf/Original Images/RingSpot/RingSpot(473).jpg,RingSpot(473).jpg,RingSpot(473),ringspot(473),.jpg,124004,False,640,480,99aaff7bd5ca024861a1ef99ee064ae12b371742,abd7bfc04e282847,
image,RingSpot,RingSpot,/content/drive/MyDrive/Papaya_Leaf_Disease_Classification/BDPapayaLeaf/Original Images/RingSpot/RingSpot(474).jpg,BDPapayaLeaf/Original Images/RingSpot/RingSpot(474).jpg,RingSpot(474).jpg,RingSpot(474),ringspot(474),.jpg,124004,False,640,480,99aaff7bd5ca024861a1ef99ee064ae12b371742,abd7bfc04e282847,
image,RingSpot,RingSpot,/content/drive/MyDrive/Papaya_Leaf_Disease_Classification/BDPapayaLeaf/Original Images/RingSpot/RingSpot(475).jpg,BDPapayaLeaf/Original Images/RingSpot/RingSpot(475).jpg,RingSpot(475).jpg,RingSpot(475),ringspot(475),.jpg,102851,False,640,480,d67047fd07d12a720935d071357bc7b32480b376,ae68cf8083f7e183,
image,RingSpot,RingSpot,/content/drive/MyDrive/Papaya_Leaf_Disease_Classification/BDPapayaLeaf/Original Images/RingSpot/RingSpot(476).jpg,BDPapayaLeaf/Original Images/RingSpot/RingSpot(476).jpg,RingSpot(476).jpg,RingSpot(476),ringspot(476),.jpg,102851,False,640,480,d67047fd07d12a720935d071357bc7b32480b376,ae68cf8083f7e183,
image,RingSpot,RingSpot,/content/drive/MyDrive/Papaya_Leaf_Disease_Classification/BDPapayaLeaf/Original Images/RingSpot/RingSpot(477).jpg,BDPapayaLeaf/Original Images/RingSpot/RingSpot(477).jpg,RingSpot(477).jpg,RingSpot(477),ringspot(477),.jpg,110475,False,640,480,d39f9f3d728369d1e4ae76d112760ce3e136a851,f2292eabfd000d3e,
image,RingSpot,RingSpot,/content/drive/MyDrive/Papaya_Leaf_Disease_Classification/BDPapayaLeaf/Original Images/RingSpot/RingSpot(478).jpg,BDPapayaLeaf/Original Images/RingSpot/RingSpot(478).jpg,RingSpot(478).jpg,RingSpot(478),ringspot(478),.jpg,129662,False,640,480,7f7a9cce85859a74d726e48c037eff7d81514411,c639677aa98e09e2,
image,RingSpot,RingSpot,/content/drive/MyDrive/Papaya_Leaf_Disease_Classification/BDPapayaLeaf/Original Images/RingSpot/RingSpot(479).jpg,BDPapayaLeaf/Original Images/RingSpot/RingSpot(479).jpg,RingSpot(479).jpg,RingSpot(479),ringspot(479),.jpg,129662,False,640,480,7f7a9cce85859a74d726e48c037eff7d81514411,c639677aa98e09e2,
image,RingSpot,RingSpot,/content/drive/MyDrive/Papaya_Leaf_Disease_Classification/BDPapayaLeaf/Original Images/RingSpot/RingSpot(48).jpg,BDPapayaLeaf/Original Images/RingSpot/RingSpot(48).jpg,RingSpot(48).jpg,RingSpot(48),ringspot(48),.jpg,76887,False,640,480,6c18caea4ab3c0fed8ef42d6ae5afb0b9f107436,93f278f3e3468560,
image,RingSpot,RingSpot,/content/drive/MyDrive/Papaya_Leaf_Disease_Classification/BDPapayaLeaf/Original Images/RingSpot/RingSpot(480).jpg,BDPapayaLeaf/Original Images/RingSpot/RingSpot(480).jpg,RingSpot(480).jpg,RingSpot(480),ringspot(480),.jpg,116845,False,640,480,113eba2fb056b7701232afeeb3f95dba21872ef2,8abc3ac6de4f3502,
image,RingSpot,RingSpot,/content/drive/MyDrive/Papaya_Leaf_Disease_Classification/BDPapayaLeaf/Original Images/RingSpot/RingSpot(481).jpg,BDPapayaLeaf/Original Images/RingSpot/RingSpot(481).jpg,RingSpot(481).jpg,RingSpot(481),ringspot(481),.jpg,116845,False,640,480,113eba2fb056b7701232afeeb3f95dba21872ef2,8abc3ac6de4f3502,
image,RingSpot,RingSpot,/content/drive/MyDrive/Papaya_Leaf_Disease_Classification/BDPapayaLeaf/Original Images/RingSpot/RingSpot(482).jpg,BDPapayaLeaf/Original Images/RingSpot/RingSpot(482).jpg,RingSpot(482).jpg,RingSpot(482),ringspot(482),.jpg,107709,False,640,480,824e64f6ecafe14e00808b231b285bf149f37239,a548b55ea890cbcf,
image,RingSpot,RingSpot,/content/drive/MyDrive/Papaya_Leaf_Disease_Classification/BDPapayaLeaf/Original Images/RingSpot/RingSpot(483).jpg,BDPapayaLeaf/Original Images/RingSpot/RingSpot(483).jpg,RingSpot(483).jpg,RingSpot(483),ringspot(483),.jpg,107709,False,640,480,824e64f6ecafe14e00808b231b285bf149f37239,a548b55ea890cbcf,
image,RingSpot,RingSpot,/content/drive/MyDrive/Papaya_Leaf_Disease_Classification/BDPapayaLeaf/Original Images/RingSpot/RingSpot(484).jpg,BDPapayaLeaf/Original Images/RingSpot/RingSpot(484).jpg,RingSpot(484).jpg,RingSpot(484),ringspot(484),.jpg,116339,False,640,480,6f08a65ae666f43e2a78b2ec3c52beb903c71de9,e452e14a110f4eff,
image,RingSpot,RingSpot,/content/drive/MyDrive/Papaya_Leaf_Disease_Classification/BDPapayaLeaf/Original Images/RingSpot/RingSpot(485).jpg,BDPapayaLeaf/Original Images/RingSpot/RingSpot(485).jpg,RingSpot(485).jpg,RingSpot(485),ringspot(485),.jpg,116339,False,640,480,6f08a65ae666f43e2a78b2ec3c52beb903c71de9,e452e14a110f4eff,
image,RingSpot,RingSpot,/content/drive/MyDrive/Papaya_Leaf_Disease_Classification/BDPapayaLeaf/Original Images/RingSpot/RingSpot(486).jpg,BDPapayaLeaf/Original Images/RingSpot/RingSpot(486).jpg,RingSpot(486).jpg,RingSpot(486),ringspot(486),.jpg,120656,False,640,480,87e9fa362cf37995b918be0e44402228b69007e0,aadcc41e380e5be3,
image,RingSpot,RingSpot,/content/drive/MyDrive/Papaya_Leaf_Disease_Classification/BDPapayaLeaf/Original Images/RingSpot/RingSpot(487).jpg,BDPapayaLeaf/Original Images/RingSpot/RingSpot(487).jpg,RingSpot(487).jpg,RingSpot(487),ringspot(487),.jpg,120656,False,640,480,87e9fa362cf37995b918be0e44402228b69007e0,aadcc41e380e5be3,
image,RingSpot,RingSpot,/content/drive/MyDrive/Papaya_Leaf_Disease_Classification/BDPapayaLeaf/Original Images/RingSpot/RingSpot(488).jpg,BDPapayaLeaf/Original Images/RingSpot/RingSpot(488).jpg,RingSpot(488).jpg,RingSpot(488),ringspot(488),.jpg,118872,False,640,480,586e2e0b6211825a0291ad510b6dc6db38184384,ae39ac98f286fa06,
image,RingSpot,RingSpot,/content/drive/MyDrive/Papaya_Leaf_Disease_Classification/BDPapayaLeaf/Original Images/RingSpot/RingSpot(489).jpg,BDPapayaLeaf/Original Images/RingSpot/RingSpot(489).jpg,RingSpot(489).jpg,RingSpot(489),ringspot(489),.jpg,118872,False,640,480,586e2e0b6211825a0291ad510b6dc6db38184384,ae39ac98f286fa06,
image,RingSpot,RingSpot,/content/drive/MyDrive/Papaya_Leaf_Disease_Classification/BDPapayaLeaf/Original Images/RingSpot/RingSpot(49).jpg,BDPapayaLeaf/Original Images/RingSpot/RingSpot(49).jpg,RingSpot(49).jpg,RingSpot(49),ringspot(49),.jpg,88158,False,640,480,4edf779c33da1a3169c1e9b27068348c0f72fd12,f1bf840abcda093c,
image,RingSpot,RingSpot,/content/drive/MyDrive/Papaya_Leaf_Disease_Classification/BDPapayaLeaf/Original Images/RingSpot/RingSpot(490).jpg,BDPapayaLeaf/Original Images/RingSpot/RingSpot(490).jpg,RingSpot(490).jpg,RingSpot(490),ringspot(490),.jpg,118844,False,640,480,20682bc7de370de947bff68320eb289aed3d817b,b8d88b07034fde3a,
image,RingSpot,RingSpot,/content/drive/MyDrive/Papaya_Leaf_Disease_Classification/BDPapayaLeaf/Original Images/RingSpot/RingSpot(491).jpg,BDPapayaLeaf/Original Images/RingSpot/RingSpot(491).jpg,RingSpot(491).jpg,RingSpot(491),ringspot(491),.jpg,97322,False,640,480,5495a7b9ccb6b305fb19781a4a1411194ad78d88,95f3070ef9081ee9,
image,RingSpot,RingSpot,/content/drive/MyDrive/Papaya_Leaf_Disease_Classification/BDPapayaLeaf/Original Images/RingSpot/RingSpot(492).jpg,BDPapayaLeaf/Original Images/RingSpot/RingSpot(492).jpg,RingSpot(492).jpg,RingSpot(492),ringspot(492),.jpg,94019,False,640,480,addae44ebabe34e52dc670916fb9f33e12084969,ccc71eb9817870f1,
image,RingSpot,RingSpot,/content/drive/MyDrive/Papaya_Leaf_Disease_Classification/BDPapayaLeaf/Original Images/RingSpot/RingSpot(493).jpg,BDPapayaLeaf/Original Images/RingSpot/RingSpot(493).jpg,RingSpot(493).jpg,RingSpot(493),ringspot(493),.jpg,94019,False,640,480,addae44ebabe34e52dc670916fb9f33e12084969,ccc71eb9817870f1,
image,RingSpot,RingSpot,/content/drive/MyDrive/Papaya_Leaf_Disease_Classification/BDPapayaLeaf/Original Images/RingSpot/RingSpot(494).jpg,BDPapayaLeaf/Original Images/RingSpot/RingSpot(494).jpg,RingSpot(494).jpg,RingSpot(494),ringspot(494),.jpg,111096,False,640,480,1e391e714a20eb5c0dc12fb75a75efe6cf48845d,b683c8969bfb5045,
image,RingSpot,RingSpot,/content/drive/MyDrive/Papaya_Leaf_Disease_Classification/BDPapayaLeaf/Original Images/RingSpot/RingSpot(495).jpg,BDPapayaLeaf/Original Images/RingSpot/RingSpot(495).jpg,RingSpot(495).jpg,RingSpot(495),ringspot(495),.jpg,111096,False,640,480,1e391e714a20eb5c0dc12fb75a75efe6cf48845d,b683c8969bfb5045,
image,RingSpot,RingSpot,/content/drive/MyDrive/Papaya_Leaf_Disease_Classification/BDPapayaLeaf/Original Images/RingSpot/RingSpot(496).jpg,BDPapayaLeaf/Original Images/RingSpot/RingSpot(496).jpg,RingSpot(496).jpg,RingSpot(496),ringspot(496),.jpg,113505,False,640,480,30f68b2f03b01375a7e0bbb8a7515730ae3bb0ea,b369569a919ae2aa,
image,RingSpot,RingSpot,/content/drive/MyDrive/Papaya_Leaf_Disease_Classification/BDPapayaLeaf/Original Images/RingSpot/RingSpot(497).jpg,BDPapayaLeaf/Original Images/RingSpot/RingSpot(497).jpg,RingSpot(497).jpg,RingSpot(497),ringspot(497),.jpg,93653,False,640,480,f44805ff5452f6fa73acff2d8668408e132c815e,c1fd322e1cecc670,
image,RingSpot,RingSpot,/content/drive/MyDrive/Papaya_Leaf_Disease_Classification/BDPapayaLeaf/Original Images/RingSpot/RingSpot(498).jpg,BDPapayaLeaf/Original Images/RingSpot/RingSpot(498).jpg,RingSpot(498).jpg,RingSpot(498),ringspot(498),.jpg,93653,False,640,480,f44805ff5452f6fa73acff2d8668408e132c815e,c1fd322e1cecc670,
image,RingSpot,RingSpot,/content/drive/MyDrive/Papaya_Leaf_Disease_Classification/BDPapayaLeaf/Original Images/RingSpot/RingSpot(499).jpg,BDPapayaLeaf/Original Images/RingSpot/RingSpot(499).jpg,RingSpot(499).jpg,RingSpot(499),ringspot(499),.jpg,94252,False,640,480,9503372b324c430ca0e64de568b51b0850d47fa7,99e4cce914722af9,
image,RingSpot,RingSpot,/content/drive/MyDrive/Papaya_Leaf_Disease_Classification/BDPapayaLeaf/Original Images/RingSpot/RingSpot(5).jpg,BDPapayaLeaf/Original Images/RingSpot/RingSpot(5).jpg,RingSpot(5).jpg,RingSpot(5),ringspot(5),.jpg,86606,False,640,480,16c08da6508ed202120759511dc5158fa0fe268e,d4280be9097f5576,
image,RingSpot,RingSpot,/content/drive/MyDrive/Papaya_Leaf_Disease_Classification/BDPapayaLeaf/Original Images/RingSpot/RingSpot(50).jpg,BDPapayaLeaf/Original Images/RingSpot/RingSpot(50).jpg,RingSpot(50).jpg,RingSpot(50),ringspot(50),.jpg,72116,False,640,480,8696dabef4e192c51c1a29a043c6ef54a9c2fdd6,e29b1065c94b37b6,
image,RingSpot,RingSpot,/content/drive/MyDrive/Papaya_Leaf_Disease_Classification/BDPapayaLeaf/Original Images/RingSpot/RingSpot(500).jpg,BDPapayaLeaf/Original Images/RingSpot/RingSpot(500).jpg,RingSpot(500).jpg,RingSpot(500),ringspot(500),.jpg,94252,False,640,480,9503372b324c430ca0e64de568b51b0850d47fa7,99e4cce914722af9,
image,RingSpot,RingSpot,/content/drive/MyDrive/Papaya_Leaf_Disease_Classification/BDPapayaLeaf/Original Images/RingSpot/RingSpot(501).jpg,BDPapayaLeaf/Original Images/RingSpot/RingSpot(501).jpg,RingSpot(501).jpg,RingSpot(501),ringspot(501),.jpg,101716,False,640,480,95b3b5c48c2b702fef1e01db1010915954f3fbd8,e0731bec5a6e500f,
image,RingSpot,RingSpot,/content/drive/MyDrive/Papaya_Leaf_Disease_Classification/BDPapayaLeaf/Original Images/RingSpot/RingSpot(502).jpg,BDPapayaLeaf/Original Images/RingSpot/RingSpot(502).jpg,RingSpot(502).jpg,RingSpot(502),ringspot(502),.jpg,101716,False,640,480,95b3b5c48c2b702fef1e01db1010915954f3fbd8,e0731bec5a6e500f,
image,RingSpot,RingSpot,/content/drive/MyDrive/Papaya_Leaf_Disease_Classification/BDPapayaLeaf/Original Images/RingSpot/RingSpot(503).jpg,BDPapayaLeaf/Original Images/RingSpot/RingSpot(503).jpg,RingSpot(503).jpg,RingSpot(503),ringspot(503),.jpg,91367,False,640,480,f5d1682d7a6af211eefbfd9f46669a50eed1c134,f8f5571aa45292c5,
image,RingSpot,RingSpot,/content/drive/MyDrive/Papaya_Leaf_Disease_Classification/BDPapayaLeaf/Original Images/RingSpot/RingSpot(504).jpg,BDPapayaLeaf/Original Images/RingSpot/RingSpot(504).jpg,RingSpot(504).jpg,RingSpot(504),ringspot(504),.jpg,91367,False,640,480,f5d1682d7a6af211eefbfd9f46669a50eed1c134,f8f5571aa45292c5,
image,RingSpot,RingSpot,/content/drive/MyDrive/Papaya_Leaf_Disease_Classification/BDPapayaLeaf/Original Images/RingSpot/RingSpot(505).jpg,BDPapayaLeaf/Original Images/RingSpot/RingSpot(505).jpg,RingSpot(505).jpg,RingSpot(505),ringspot(505),.jpg,119636,False,640,480,9afa8a4ac210357d67e752e180d1e0193984e113,dad9c08abad0955b,
image,RingSpot,RingSpot,/content/drive/MyDrive/Papaya_Leaf_Disease_Classification/BDPapayaLeaf/Original Images/RingSpot/RingSpot(506).jpg,BDPapayaLeaf/Original Images/RingSpot/RingSpot(506).jpg,RingSpot(506).jpg,RingSpot(506),ringspot(506),.jpg,119636,False,640,480,9afa8a4ac210357d67e752e180d1e0193984e113,dad9c08abad0955b,
image,RingSpot,RingSpot,/content/drive/MyDrive/Papaya_Leaf_Disease_Classification/BDPapayaLeaf/Original Images/RingSpot/RingSpot(507).jpg,BDPapayaLeaf/Original Images/RingSpot/RingSpot(507).jpg,RingSpot(507).jpg,RingSpot(507),ringspot(507),.jpg,110462,False,640,480,111981124219fe1f34f1c6c5f194ed5ccc4541b8,fb06bde02934c387,
image,RingSpot,RingSpot,/content/drive/MyDrive/Papaya_Leaf_Disease_Classification/BDPapayaLeaf/Original Images/RingSpot/RingSpot(508).jpg,BDPapayaLeaf/Original Images/RingSpot/RingSpot(508).jpg,RingSpot(508).jpg,RingSpot(508),ringspot(508),.jpg,110462,False,640,480,111981124219fe1f34f1c6c5f194ed5ccc4541b8,fb06bde02934c387,
image,RingSpot,RingSpot,/content/drive/MyDrive/Papaya_Leaf_Disease_Classification/BDPapayaLeaf/Original Images/RingSpot/RingSpot(509).jpg,BDPapayaLeaf/Original Images/RingSpot/RingSpot(509).jpg,RingSpot(509).jpg,RingSpot(509),ringspot(509),.jpg,118868,False,640,480,178fa493e743cc3389d2480f7b12c221fc643938,d69d5a6a950da7c0,
image,RingSpot,RingSpot,/content/drive/MyDrive/Papaya_Leaf_Disease_Classification/BDPapayaLeaf/Original Images/RingSpot/RingSpot(51).jpg,BDPapayaLeaf/Original Images/RingSpot/RingSpot(51).jpg,RingSpot(51).jpg,RingSpot(51),ringspot(51),.jpg,72848,False,640,480,7e4ba46002e794ef1a4389c867803894b5fcb02a,dfdc7880d0d152e9,
image,RingSpot,RingSpot,/content/drive/MyDrive/Papaya_Leaf_Disease_Classification/BDPapayaLeaf/Original Images/RingSpot/RingSpot(510).jpg,BDPapayaLeaf/Original Images/RingSpot/RingSpot(510).jpg,RingSpot(510).jpg,RingSpot(510),ringspot(510),.jpg,110416,False,640,480,d6c938d02a05b7b4755d03cfca44e3231e1e3c55,a6709a41716ecb67,
image,RingSpot,RingSpot,/content/drive/MyDrive/Papaya_Leaf_Disease_Classification/BDPapayaLeaf/Original Images/RingSpot/RingSpot(511).jpg,BDPapayaLeaf/Original Images/RingSpot/RingSpot(511).jpg,RingSpot(511).jpg,RingSpot(511),ringspot(511),.jpg,118246,False,640,480,e2b47c601d62db01dea21a0a4d5c7d800569189e,ee6c1191eb018f5e,
image,RingSpot,RingSpot,/content/drive/MyDrive/Papaya_Leaf_Disease_Classification/BDPapayaLeaf/Original Images/RingSpot/RingSpot(512).jpg,BDPapayaLeaf/Original Images/RingSpot/RingSpot(512).jpg,RingSpot(512).jpg,RingSpot(512),ringspot(512),.jpg,118246,False,640,480,e2b47c601d62db01dea21a0a4d5c7d800569189e,ee6c1191eb018f5e,
image,RingSpot,RingSpot,/content/drive/MyDrive/Papaya_Leaf_Disease_Classification/BDPapayaLeaf/Original Images/RingSpot/RingSpot(513).jpg,BDPapayaLeaf/Original Images/RingSpot/RingSpot(513).jpg,RingSpot(513).jpg,RingSpot(513),ringspot(513),.jpg,121475,False,640,480,8792865e20418e7cd757cc213d0bde8625eb1e01,cc2c05ea5ed8c177,
image,RingSpot,RingSpot,/content/drive/MyDrive/Papaya_Leaf_Disease_Classification/BDPapayaLeaf/Original Images/RingSpot/RingSpot(514).jpg,BDPapayaLeaf/Original Images/RingSpot/RingSpot(514).jpg,RingSpot(514).jpg,RingSpot(514),ringspot(514),.jpg,121475,False,640,480,8792865e20418e7cd757cc213d0bde8625eb1e01,cc2c05ea5ed8c177,
image,RingSpot,RingSpot,/content/drive/MyDrive/Papaya_Leaf_Disease_Classification/BDPapayaLeaf/Original Images/RingSpot/RingSpot(515).jpg,BDPapayaLeaf/Original Images/RingSpot/RingSpot(515).jpg,RingSpot(515).jpg,RingSpot(515),ringspot(515),.jpg,126265,False,640,480,8f12c25f2d8b94930edea47d14bf0374938bb199,d68591624c58bebe,
image,RingSpot,RingSpot,/content/drive/MyDrive/Papaya_Leaf_Disease_Classification/BDPapayaLeaf/Original Images/RingSpot/RingSpot(516).jpg,BDPapayaLeaf/Original Images/RingSpot/RingSpot(516).jpg,RingSpot(516).jpg,RingSpot(516),ringspot(516),.jpg,136951,False,640,480,479b8c003700aef9ee143b17e3c3d378bf19801c,d80fe1045fd4d93c,
image,RingSpot,RingSpot,/content/drive/MyDrive/Papaya_Leaf_Disease_Classification/BDPapayaLeaf/Original Images/RingSpot/RingSpot(517).jpg,BDPapayaLeaf/Original Images/RingSpot/RingSpot(517).jpg,RingSpot(517).jpg,RingSpot(517),ringspot(517),.jpg,136951,False,640,480,479b8c003700aef9ee143b17e3c3d378bf19801c,d80fe1045fd4d93c,
image,RingSpot,RingSpot,/content/drive/MyDrive/Papaya_Leaf_Disease_Classification/BDPapayaLeaf/Original Images/RingSpot/RingSpot(518).jpg,BDPapayaLeaf/Original Images/RingSpot/RingSpot(518).jpg,RingSpot(518).jpg,RingSpot(518),ringspot(518),.jpg,64922,False,640,480,83c3df0cb9ee7267b598b8b4064ecf71c2a10ec6,eac29a9e33f4c41c,
image,RingSpot,RingSpot,/content/drive/MyDrive/Papaya_Leaf_Disease_Classification/BDPapayaLeaf/Original Images/RingSpot/RingSpot(519).jpg,BDPapayaLeaf/Original Images/RingSpot/RingSpot(519).jpg,RingSpot(519).jpg,RingSpot(519),ringspot(519),.jpg,64922,False,640,480,83c3df0cb9ee7267b598b8b4064ecf71c2a10ec6,eac29a9e33f4c41c,
image,RingSpot,RingSpot,/content/drive/MyDrive/Papaya_Leaf_Disease_Classification/BDPapayaLeaf/Original Images/RingSpot/RingSpot(52).jpg,BDPapayaLeaf/Original Images/RingSpot/RingSpot(52).jpg,RingSpot(52).jpg,RingSpot(52),ringspot(52),.jpg,93513,False,640,480,4c88142eb406cb57a1029c5725f4b13393dc7a72,e9ce1d738cd91886,
image,RingSpot,RingSpot,/content/drive/MyDrive/Papaya_Leaf_Disease_Classification/BDPapayaLeaf/Original Images/RingSpot/RingSpot(520).jpg,BDPapayaLeaf/Original Images/RingSpot/RingSpot(520).jpg,RingSpot(520).jpg,RingSpot(520),ringspot(520),.jpg,107560,False,640,480,fc264bdebceb0a7ea3535ec89f57bf8c03756bd4,99d2521af3ef0a07,
image,RingSpot,RingSpot,/content/drive/MyDrive/Papaya_Leaf_Disease_Classification/BDPapayaLeaf/Original Images/RingSpot/RingSpot(521).jpg,BDPapayaLeaf/Original Images/RingSpot/RingSpot(521).jpg,RingSpot(521).jpg,RingSpot(521),ringspot(521),.jpg,107560,False,640,480,fc264bdebceb0a7ea3535ec89f57bf8c03756bd4,99d2521af3ef0a07,
image,RingSpot,RingSpot,/content/drive/MyDrive/Papaya_Leaf_Disease_Classification/BDPapayaLeaf/Original Images/RingSpot/RingSpot(522).jpg,BDPapayaLeaf/Original Images/RingSpot/RingSpot(522).jpg,RingSpot(522).jpg,RingSpot(522),ringspot(522),.jpg,111385,False,640,480,1274ceb3556aa8250cb24996bb3618a28b81d9da,e55abde0edd12510,
image,RingSpot,RingSpot,/content/drive/MyDrive/Papaya_Leaf_Disease_Classification/BDPapayaLeaf/Original Images/RingSpot/RingSpot(523).jpg,BDPapayaLeaf/Original Images/RingSpot/RingSpot(523).jpg,RingSpot(523).jpg,RingSpot(523),ringspot(523),.jpg,111385,False,640,480,1274ceb3556aa8250cb24996bb3618a28b81d9da,e55abde0edd12510,
image,RingSpot,RingSpot,/content/drive/MyDrive/Papaya_Leaf_Disease_Classification/BDPapayaLeaf/Original Images/RingSpot/RingSpot(524).jpg,BDPapayaLeaf/Original Images/RingSpot/RingSpot(524).jpg,RingSpot(524).jpg,RingSpot(524),ringspot(524),.jpg,90287,False,640,480,269497d35d557f76b10f99b9ada2a87b7c52afa7,e794484aa73aad55,
image,RingSpot,RingSpot,/content/drive/MyDrive/Papaya_Leaf_Disease_Classification/BDPapayaLeaf/Original Images/RingSpot/RingSpot(525).jpg,BDPapayaLeaf/Original Images/RingSpot/RingSpot(525).jpg,RingSpot(525).jpg,RingSpot(525),ringspot(525),.jpg,90287,False,640,480,269497d35d557f76b10f99b9ada2a87b7c52afa7,e794484aa73aad55,
image,RingSpot,RingSpot,/content/drive/MyDrive/Papaya_Leaf_Disease_Classification/BDPapayaLeaf/Original Images/RingSpot/RingSpot(526).jpg,BDPapayaLeaf/Original Images/RingSpot/RingSpot(526).jpg,RingSpot(526).jpg,RingSpot(526),ringspot(526),.jpg,113782,False,640,480,98ceb3408ee039fa3927123e87cbeb0a44d3751b,8dbdd6e0420f3d92,
image,RingSpot,RingSpot,/content/drive/MyDrive/Papaya_Leaf_Disease_Classification/BDPapayaLeaf/Original Images/RingSpot/RingSpot(527).jpg,BDPapayaLeaf/Original Images/RingSpot/RingSpot(527).jpg,RingSpot(527).jpg,RingSpot(527),ringspot(527),.jpg,113782,False,640,480,98ceb3408ee039fa3927123e87cbeb0a44d3751b,8dbdd6e0420f3d92,
image,RingSpot,RingSpot,/content/drive/MyDrive/Papaya_Leaf_Disease_Classification/BDPapayaLeaf/Original Images/RingSpot/RingSpot(528).jpg,BDPapayaLeaf/Original Images/RingSpot/RingSpot(528).jpg,RingSpot(528).jpg,RingSpot(528),ringspot(528),.jpg,88614,False,640,480,6d0f045dcbbe8f1c445ae39347c1ed94da7f59fc,9b3e6cdee8381c09,
image,RingSpot,RingSpot,/content/drive/MyDrive/Papaya_Leaf_Disease_Classification/BDPapayaLeaf/Original Images/RingSpot/RingSpot(529).jpg,BDPapayaLeaf/Original Images/RingSpot/RingSpot(529).jpg,RingSpot(529).jpg,RingSpot(529),ringspot(529),.jpg,125430,False,640,480,2f1c6ca6aa798e0cfe50e68aef91cff016181ab4,9a93d54b5fb0c08d,
image,RingSpot,RingSpot,/content/drive/MyDrive/Papaya_Leaf_Disease_Classification/BDPapayaLeaf/Original Images/RingSpot/RingSpot(53).jpg,BDPapayaLeaf/Original Images/RingSpot/RingSpot(53).jpg,RingSpot(53).jpg,RingSpot(53),ringspot(53),.jpg,78262,False,640,480,d74c95ebd6bf56cd1c74cdcccdb526324c9cde98,85e2a99b4df65612,
image,RingSpot,RingSpot,/content/drive/MyDrive/Papaya_Leaf_Disease_Classification/BDPapayaLeaf/Original Images/RingSpot/RingSpot(530).jpg,BDPapayaLeaf/Original Images/RingSpot/RingSpot(530).jpg,RingSpot(530).jpg,RingSpot(530),ringspot(530),.jpg,101122,False,640,480,6289b8b0025e4efd5210032b379b2c73dfc8c702,c2b5934259ccbad3,
image,RingSpot,RingSpot,/content/drive/MyDrive/Papaya_Leaf_Disease_Classification/BDPapayaLeaf/Original Images/RingSpot/RingSpot(531).jpg,BDPapayaLeaf/Original Images/RingSpot/RingSpot(531).jpg,RingSpot(531).jpg,RingSpot(531),ringspot(531),.jpg,101122,False,640,480,6289b8b0025e4efd5210032b379b2c73dfc8c702,c2b5934259ccbad3,
image,RingSpot,RingSpot,/content/drive/MyDrive/Papaya_Leaf_Disease_Classification/BDPapayaLeaf/Original Images/RingSpot/RingSpot(532).jpg,BDPapayaLeaf/Original Images/RingSpot/RingSpot(532).jpg,RingSpot(532).jpg,RingSpot(532),ringspot(532),.jpg,103587,False,640,480,5214b7b72bb529ee033922bb2f463bc724756279,ac1989d7cc1ef8c1,
image,RingSpot,RingSpot,/content/drive/MyDrive/Papaya_Leaf_Disease_Classification/BDPapayaLeaf/Original Images/RingSpot/RingSpot(533).jpg,BDPapayaLeaf/Original Images/RingSpot/RingSpot(533).jpg,RingSpot(533).jpg,RingSpot(533),ringspot(533),.jpg,103587,False,640,480,5214b7b72bb529ee033922bb2f463bc724756279,ac1989d7cc1ef8c1,
image,RingSpot,RingSpot,/content/drive/MyDrive/Papaya_Leaf_Disease_Classification/BDPapayaLeaf/Original Images/RingSpot/RingSpot(54).jpg,BDPapayaLeaf/Original Images/RingSpot/RingSpot(54).jpg,RingSpot(54).jpg,RingSpot(54),ringspot(54),.jpg,81311,False,640,480,f413e01c23434f358a7c65965de53960b875c7b8,a6f4514dd6f98807,
image,RingSpot,RingSpot,/content/drive/MyDrive/Papaya_Leaf_Disease_Classification/BDPapayaLeaf/Original Images/RingSpot/RingSpot(55).jpg,BDPapayaLeaf/Original Images/RingSpot/RingSpot(55).jpg,RingSpot(55).jpg,RingSpot(55),ringspot(55),.jpg,79247,False,640,480,d7417bb985582d63dda5e7395390e5e46c7fdd9e,c6b9b5b245482bb5,
image,RingSpot,RingSpot,/content/drive/MyDrive/Papaya_Leaf_Disease_Classification/BDPapayaLeaf/Original Images/RingSpot/RingSpot(56).jpg,BDPapayaLeaf/Original Images/RingSpot/RingSpot(56).jpg,RingSpot(56).jpg,RingSpot(56),ringspot(56),.jpg,77766,False,640,480,b451e7ac027a0c7872183442f5378b07387053f3,b85bce7c7588d0c4,
image,RingSpot,RingSpot,/content/drive/MyDrive/Papaya_Leaf_Disease_Classification/BDPapayaLeaf/Original Images/RingSpot/RingSpot(57).jpg,BDPapayaLeaf/Original Images/RingSpot/RingSpot(57).jpg,RingSpot(57).jpg,RingSpot(57),ringspot(57),.jpg,94637,False,640,480,ab2c1d9775f1dda6df20a1916beb11f1b1c6ba0a,cc65c2ad561b14eb,
image,RingSpot,RingSpot,/content/drive/MyDrive/Papaya_Leaf_Disease_Classification/BDPapayaLeaf/Original Images/RingSpot/RingSpot(58).jpg,BDPapayaLeaf/Original Images/RingSpot/RingSpot(58).jpg,RingSpot(58).jpg,RingSpot(58),ringspot(58),.jpg,78921,False,640,480,4740aaec3030478095f861e8829e7b44f381bd37,d66a9d12e4697b42,
image,RingSpot,RingSpot,/content/drive/MyDrive/Papaya_Leaf_Disease_Classification/BDPapayaLeaf/Original Images/RingSpot/RingSpot(59).jpg,BDPapayaLeaf/Original Images/RingSpot/RingSpot(59).jpg,RingSpot(59).jpg,RingSpot(59),ringspot(59),.jpg,93402,False,640,480,db84efd2628db5a6a5df9b41640ecd900aa076dc,a1d886f646bb6992,
image,RingSpot,RingSpot,/content/drive/MyDrive/Papaya_Leaf_Disease_Classification/BDPapayaLeaf/Original Images/RingSpot/RingSpot(6).jpg,BDPapayaLeaf/Original Images/RingSpot/RingSpot(6).jpg,RingSpot(6).jpg,RingSpot(6),ringspot(6),.jpg,93904,False,640,480,97721318b0169c9c1a1c66ecf37af34c2f04c73a,c5adbfe9a0a2524a,
image,RingSpot,RingSpot,/content/drive/MyDrive/Papaya_Leaf_Disease_Classification/BDPapayaLeaf/Original Images/RingSpot/RingSpot(60).jpg,BDPapayaLeaf/Original Images/RingSpot/RingSpot(60).jpg,RingSpot(60).jpg,RingSpot(60),ringspot(60),.jpg,100331,False,640,480,af3a0517641b21af71e4bc12ac4fe537057007a9,89ba3cb5a24be5b0,
image,RingSpot,RingSpot,/content/drive/MyDrive/Papaya_Leaf_Disease_Classification/BDPapayaLeaf/Original Images/RingSpot/RingSpot(61).jpg,BDPapayaLeaf/Original Images/RingSpot/RingSpot(61).jpg,RingSpot(61).jpg,RingSpot(61),ringspot(61),.jpg,91669,False,640,480,89f34aa566497e414cf1383a470a643f1d05e6d1,8ddd4142ef1fb510,
image,RingSpot,RingSpot,/content/drive/MyDrive/Papaya_Leaf_Disease_Classification/BDPapayaLeaf/Original Images/RingSpot/RingSpot(62).jpg,BDPapayaLeaf/Original Images/RingSpot/RingSpot(62).jpg,RingSpot(62).jpg,RingSpot(62),ringspot(62),.jpg,92877,False,640,480,eee7d43ae5ac5d965b9c2236a5e1974cbd66588b,d9f90a09a9f73c60,
image,RingSpot,RingSpot,/content/drive/MyDrive/Papaya_Leaf_Disease_Classification/BDPapayaLeaf/Original Images/RingSpot/RingSpot(63).jpg,BDPapayaLeaf/Original Images/RingSpot/RingSpot(63).jpg,RingSpot(63).jpg,RingSpot(63),ringspot(63),.jpg,104374,False,640,480,0ad923d108c81c10eacc0cb28078ada5d1ae5049,89977eea3dc8086a,
image,RingSpot,RingSpot,/content/drive/MyDrive/Papaya_Leaf_Disease_Classification/BDPapayaLeaf/Original Images/RingSpot/RingSpot(64).jpg,BDPapayaLeaf/Original Images/RingSpot/RingSpot(64).jpg,RingSpot(64).jpg,RingSpot(64),ringspot(64),.jpg,110679,False,640,480,7426e8bffb56b5e0832b20d460ba554b8670f16f,fcf8c0af81fda014,
image,RingSpot,RingSpot,/content/drive/MyDrive/Papaya_Leaf_Disease_Classification/BDPapayaLeaf/Original Images/RingSpot/RingSpot(65).jpg,BDPapayaLeaf/Original Images/RingSpot/RingSpot(65).jpg,RingSpot(65).jpg,RingSpot(65),ringspot(65),.jpg,103197,False,640,480,2b361d40de862a70812b9e5e08a3d1285c6267d8,bf1bacfa02285e83,
image,RingSpot,RingSpot,/content/drive/MyDrive/Papaya_Leaf_Disease_Classification/BDPapayaLeaf/Original Images/RingSpot/RingSpot(66).jpg,BDPapayaLeaf/Original Images/RingSpot/RingSpot(66).jpg,RingSpot(66).jpg,RingSpot(66),ringspot(66),.jpg,86497,False,640,480,12b35b3d9581a29c6388b6af41a2edde9ab90950,ac11566aadb7524e,
image,RingSpot,RingSpot,/content/drive/MyDrive/Papaya_Leaf_Disease_Classification/BDPapayaLeaf/Original Images/RingSpot/RingSpot(67).jpg,BDPapayaLeaf/Original Images/RingSpot/RingSpot(67).jpg,RingSpot(67).jpg,RingSpot(67),ringspot(67),.jpg,91219,False,640,480,4af2bc9dcd74b236edb46dcced9e88c1d89e8726,c7ada5d4f4b4e006,
image,RingSpot,RingSpot,/content/drive/MyDrive/Papaya_Leaf_Disease_Classification/BDPapayaLeaf/Original Images/RingSpot/RingSpot(68).jpg,BDPapayaLeaf/Original Images/RingSpot/RingSpot(68).jpg,RingSpot(68).jpg,RingSpot(68),ringspot(68),.jpg,109160,False,640,480,58c0fcd6a6f67bb76c761a9654b9434bf8ae7aa5,81b6419eb05a78fe,
image,RingSpot,RingSpot,/content/drive/MyDrive/Papaya_Leaf_Disease_Classification/BDPapayaLeaf/Original Images/RingSpot/RingSpot(69).jpg,BDPapayaLeaf/Original Images/RingSpot/RingSpot(69).jpg,RingSpot(69).jpg,RingSpot(69),ringspot(69),.jpg,92897,False,640,480,c0b62b0668e6ef3143948ebfeda63442f77aac30,8cd66d868becaa8a,
image,RingSpot,RingSpot,/content/drive/MyDrive/Papaya_Leaf_Disease_Classification/BDPapayaLeaf/Original Images/RingSpot/RingSpot(7).jpg,BDPapayaLeaf/Original Images/RingSpot/RingSpot(7).jpg,RingSpot(7).jpg,RingSpot(7),ringspot(7),.jpg,103447,False,640,480,199f6609919f893a3a9f5b43a07690c6c74f79d1,b827a6f19642176b,
image,RingSpot,RingSpot,/content/drive/MyDrive/Papaya_Leaf_Disease_Classification/BDPapayaLeaf/Original Images/RingSpot/RingSpot(70).jpg,BDPapayaLeaf/Original Images/RingSpot/RingSpot(70).jpg,RingSpot(70).jpg,RingSpot(70),ringspot(70),.jpg,109315,False,640,480,8e7ec01923b020acb7af196f8a8d1f2af0a31c84,9cae0607bfd2d292,
image,RingSpot,RingSpot,/content/drive/MyDrive/Papaya_Leaf_Disease_Classification/BDPapayaLeaf/Original Images/RingSpot/RingSpot(71).jpg,BDPapayaLeaf/Original Images/RingSpot/RingSpot(71).jpg,RingSpot(71).jpg,RingSpot(71),ringspot(71),.jpg,102430,False,640,480,4038e355dc8dca13ae40a097c9d60e0d704bf286,91a1f8d38f5f2a14,
image,RingSpot,RingSpot,/content/drive/MyDrive/Papaya_Leaf_Disease_Classification/BDPapayaLeaf/Original Images/RingSpot/RingSpot(72).jpg,BDPapayaLeaf/Original Images/RingSpot/RingSpot(72).jpg,RingSpot(72).jpg,RingSpot(72),ringspot(72),.jpg,91871,False,640,480,aef8d049da50be2b7c463c9b4f7d8f6f4b85f473,ba03adfd036d1f40,
image,RingSpot,RingSpot,/content/drive/MyDrive/Papaya_Leaf_Disease_Classification/BDPapayaLeaf/Original Images/RingSpot/RingSpot(73).jpg,BDPapayaLeaf/Original Images/RingSpot/RingSpot(73).jpg,RingSpot(73).jpg,RingSpot(73),ringspot(73),.jpg,88453,False,640,480,b16d4e7a5d844bb76dae45d5691533b64679e13d,894016b2876b4fef,
image,RingSpot,RingSpot,/content/drive/MyDrive/Papaya_Leaf_Disease_Classification/BDPapayaLeaf/Original Images/RingSpot/RingSpot(74).jpg,BDPapayaLeaf/Original Images/RingSpot/RingSpot(74).jpg,RingSpot(74).jpg,RingSpot(74),ringspot(74),.jpg,62001,False,640,480,77a912f0aae26890f91d5d92e080781111d78e80,8b8f90fae381055f,
image,RingSpot,RingSpot,/content/drive/MyDrive/Papaya_Leaf_Disease_Classification/BDPapayaLeaf/Original Images/RingSpot/RingSpot(75).jpg,BDPapayaLeaf/Original Images/RingSpot/RingSpot(75).jpg,RingSpot(75).jpg,RingSpot(75),ringspot(75),.jpg,73564,False,640,480,f9aa0452f8f252a35911809067f2b64c5c63235e,c5ec8b98919c99ab,
image,RingSpot,RingSpot,/content/drive/MyDrive/Papaya_Leaf_Disease_Classification/BDPapayaLeaf/Original Images/RingSpot/RingSpot(76).jpg,BDPapayaLeaf/Original Images/RingSpot/RingSpot(76).jpg,RingSpot(76).jpg,RingSpot(76),ringspot(76),.jpg,90014,False,640,480,4a7cf11ca0a68d596d9e463e5e1c7b08c662cfcb,89fae00457bdd02f,
image,RingSpot,RingSpot,/content/drive/MyDrive/Papaya_Leaf_Disease_Classification/BDPapayaLeaf/Original Images/RingSpot/RingSpot(77).jpg,BDPapayaLeaf/Original Images/RingSpot/RingSpot(77).jpg,RingSpot(77).jpg,RingSpot(77),ringspot(77),.jpg,108314,False,640,480,4a7c4aba16da665084dfcf1d61678352d0352385,9c48aeb1ea999672,
image,RingSpot,RingSpot,/content/drive/MyDrive/Papaya_Leaf_Disease_Classification/BDPapayaLeaf/Original Images/RingSpot/RingSpot(78).jpg,BDPapayaLeaf/Original Images/RingSpot/RingSpot(78).jpg,RingSpot(78).jpg,RingSpot(78),ringspot(78),.jpg,101430,False,640,480,7dd846930b8ece04dfd1a3d4c0bd54ef3198a9ef,d2f5548a2f11f48e,
image,RingSpot,RingSpot,/content/drive/MyDrive/Papaya_Leaf_Disease_Classification/BDPapayaLeaf/Original Images/RingSpot/RingSpot(79).jpg,BDPapayaLeaf/Original Images/RingSpot/RingSpot(79).jpg,RingSpot(79).jpg,RingSpot(79),ringspot(79),.jpg,110403,False,640,480,26678b388938d699ef7d020485e7ad12f6e6841e,a39553bddc092ed0,
image,RingSpot,RingSpot,/content/drive/MyDrive/Papaya_Leaf_Disease_Classification/BDPapayaLeaf/Original Images/RingSpot/RingSpot(8).jpg,BDPapayaLeaf/Original Images/RingSpot/RingSpot(8).jpg,RingSpot(8).jpg,RingSpot(8),ringspot(8),.jpg,100061,False,640,480,b692f36ef7388ec16285b56c0b3a85b551fde2e1,e28b2db49b95a6a4,
image,RingSpot,RingSpot,/content/drive/MyDrive/Papaya_Leaf_Disease_Classification/BDPapayaLeaf/Original Images/RingSpot/RingSpot(80).jpg,BDPapayaLeaf/Original Images/RingSpot/RingSpot(80).jpg,RingSpot(80).jpg,RingSpot(80),ringspot(80),.jpg,97861,False,640,480,a343be36b2654ae1e04be5f4316dad2d306f1896,b6d849fc107e6315,
image,RingSpot,RingSpot,/content/drive/MyDrive/Papaya_Leaf_Disease_Classification/BDPapayaLeaf/Original Images/RingSpot/RingSpot(81).jpg,BDPapayaLeaf/Original Images/RingSpot/RingSpot(81).jpg,RingSpot(81).jpg,RingSpot(81),ringspot(81),.jpg,99757,False,640,480,f9193596c234a52b554059bc0563da0328240997,c2ad95da7a7821e1,
image,RingSpot,RingSpot,/content/drive/MyDrive/Papaya_Leaf_Disease_Classification/BDPapayaLeaf/Original Images/RingSpot/RingSpot(82).jpg,BDPapayaLeaf/Original Images/RingSpot/RingSpot(82).jpg,RingSpot(82).jpg,RingSpot(82),ringspot(82),.jpg,102391,False,640,480,2831a4772bc8af3d377f58b96da7c1abaeb624bc,ef2f8a81e66a84cc,
image,RingSpot,RingSpot,/content/drive/MyDrive/Papaya_Leaf_Disease_Classification/BDPapayaLeaf/Original Images/RingSpot/RingSpot(83).jpg,BDPapayaLeaf/Original Images/RingSpot/RingSpot(83).jpg,RingSpot(83).jpg,RingSpot(83),ringspot(83),.jpg,109829,False,640,480,82d0897e3177b5a205f71217d08b6053b5edd823,ea8b165bf5185a83,
image,RingSpot,RingSpot,/content/drive/MyDrive/Papaya_Leaf_Disease_Classification/BDPapayaLeaf/Original Images/RingSpot/RingSpot(84).jpg,BDPapayaLeaf/Original Images/RingSpot/RingSpot(84).jpg,RingSpot(84).jpg,RingSpot(84),ringspot(84),.jpg,98752,False,640,480,320d395be9e032f10f056ce5ec34d64a79c12289,e6d3a5d6035656e0,
image,RingSpot,RingSpot,/content/drive/MyDrive/Papaya_Leaf_Disease_Classification/BDPapayaLeaf/Original Images/RingSpot/RingSpot(85).jpg,BDPapayaLeaf/Original Images/RingSpot/RingSpot(85).jpg,RingSpot(85).jpg,RingSpot(85),ringspot(85),.jpg,78464,False,640,480,55c3dc21300d8ae094149d1a53401acd0ed290be,e3a39c9580846dfb,
image,RingSpot,RingSpot,/content/drive/MyDrive/Papaya_Leaf_Disease_Classification/BDPapayaLeaf/Original Images/RingSpot/RingSpot(86).jpg,BDPapayaLeaf/Original Images/RingSpot/RingSpot(86).jpg,RingSpot(86).jpg,RingSpot(86),ringspot(86),.jpg,99591,False,640,480,0153fd9f1d4ad02df69b53f94de5b9c65c95624e,e3241653b94d1dda,
image,RingSpot,RingSpot,/content/drive/MyDrive/Papaya_Leaf_Disease_Classification/BDPapayaLeaf/Original Images/RingSpot/RingSpot(87).jpg,BDPapayaLeaf/Original Images/RingSpot/RingSpot(87).jpg,RingSpot(87).jpg,RingSpot(87),ringspot(87),.jpg,93031,False,640,480,d508082ddb9c8f8380ba8ae6b845b022e26708e1,c46c34525fba1ed8,
image,RingSpot,RingSpot,/content/drive/MyDrive/Papaya_Leaf_Disease_Classification/BDPapayaLeaf/Original Images/RingSpot/RingSpot(88).jpg,BDPapayaLeaf/Original Images/RingSpot/RingSpot(88).jpg,RingSpot(88).jpg,RingSpot(88),ringspot(88),.jpg,86805,False,640,480,78b50e9aef5de3fcf0f7ef1971907d4f8a7c0c60,ce1c5268eba50d5b,
image,RingSpot,RingSpot,/content/drive/MyDrive/Papaya_Leaf_Disease_Classification/BDPapayaLeaf/Original Images/RingSpot/RingSpot(89).jpg,BDPapayaLeaf/Original Images/RingSpot/RingSpot(89).jpg,RingSpot(89).jpg,RingSpot(89),ringspot(89),.jpg,85828,False,640,480,d31766772479c27fb34b671fcd52871294fd7955,bfc864b8cde65092,
image,RingSpot,RingSpot,/content/drive/MyDrive/Papaya_Leaf_Disease_Classification/BDPapayaLeaf/Original Images/RingSpot/RingSpot(9).jpg,BDPapayaLeaf/Original Images/RingSpot/RingSpot(9).jpg,RingSpot(9).jpg,RingSpot(9),ringspot(9),.jpg,106709,False,640,480,ea4e354558fdb7ecdcf05eb702b20efaf1d10d3a,dd82131efee64c28,
image,RingSpot,RingSpot,/content/drive/MyDrive/Papaya_Leaf_Disease_Classification/BDPapayaLeaf/Original Images/RingSpot/RingSpot(90).jpg,BDPapayaLeaf/Original Images/RingSpot/RingSpot(90).jpg,RingSpot(90).jpg,RingSpot(90),ringspot(90),.jpg,94011,False,640,480,5ed61c525b6267d72e25fa862144808a59f542ce,ca89bdfad2a20d15,
image,RingSpot,RingSpot,/content/drive/MyDrive/Papaya_Leaf_Disease_Classification/BDPapayaLeaf/Original Images/RingSpot/RingSpot(91).jpg,BDPapayaLeaf/Original Images/RingSpot/RingSpot(91).jpg,RingSpot(91).jpg,RingSpot(91),ringspot(91),.jpg,85964,False,640,480,5c214125ce3e1fb1e8b31dcd9c105de38001843f,e7f65a802e7b49a0,
image,RingSpot,RingSpot,/content/drive/MyDrive/Papaya_Leaf_Disease_Classification/BDPapayaLeaf/Original Images/RingSpot/RingSpot(92).jpg,BDPapayaLeaf/Original Images/RingSpot/RingSpot(92).jpg,RingSpot(92).jpg,RingSpot(92),ringspot(92),.jpg,88309,False,640,480,62f6625a64c8994d90e74cece89af59264d9429f,c45a69f47eba0994,
image,RingSpot,RingSpot,/content/drive/MyDrive/Papaya_Leaf_Disease_Classification/BDPapayaLeaf/Original Images/RingSpot/RingSpot(93).jpg,BDPapayaLeaf/Original Images/RingSpot/RingSpot(93).jpg,RingSpot(93).jpg,RingSpot(93),ringspot(93),.jpg,82293,False,640,480,927a5257bd4ffad1792f8eb14dff380de307b624,e2a5adb4d692526a,
image,RingSpot,RingSpot,/content/drive/MyDrive/Papaya_Leaf_Disease_Classification/BDPapayaLeaf/Original Images/RingSpot/RingSpot(94).jpg,BDPapayaLeaf/Original Images/RingSpot/RingSpot(94).jpg,RingSpot(94).jpg,RingSpot(94),ringspot(94),.jpg,80529,False,640,480,ed13c6e432060cdbc90e1432b85aae902252f3a1,84dbb9b4ab292572,
image,RingSpot,RingSpot,/content/drive/MyDrive/Papaya_Leaf_Disease_Classification/BDPapayaLeaf/Original Images/RingSpot/RingSpot(95).jpg,BDPapayaLeaf/Original Images/RingSpot/RingSpot(95).jpg,RingSpot(95).jpg,RingSpot(95),ringspot(95),.jpg,92307,False,640,480,22101f772e024a0e6682c52aeae7b830afec3e39,cd9a575a14faa851,
image,RingSpot,RingSpot,/content/drive/MyDrive/Papaya_Leaf_Disease_Classification/BDPapayaLeaf/Original Images/RingSpot/RingSpot(96).jpg,BDPapayaLeaf/Original Images/RingSpot/RingSpot(96).jpg,RingSpot(96).jpg,RingSpot(96),ringspot(96),.jpg,81674,False,640,480,faeafd7ccc7bb9bb736c52f2031f1873a650a89f,e3ea2907550a0fbe,
image,RingSpot,RingSpot,/content/drive/MyDrive/Papaya_Leaf_Disease_Classification/BDPapayaLeaf/Original Images/RingSpot/RingSpot(97).jpg,BDPapayaLeaf/Original Images/RingSpot/RingSpot(97).jpg,RingSpot(97).jpg,RingSpot(97),ringspot(97),.jpg,87692,False,640,480,b6aa3e6624a352521ece1d5e27ad3caae9c5c1b6,c65f0c3fbec0b4c0,
image,RingSpot,RingSpot,/content/drive/MyDrive/Papaya_Leaf_Disease_Classification/BDPapayaLeaf/Original Images/RingSpot/RingSpot(98).jpg,BDPapayaLeaf/Original Images/RingSpot/RingSpot(98).jpg,RingSpot(98).jpg,RingSpot(98),ringspot(98),.jpg,99736,False,640,480,66940aab90068de58df2725f14e45c13b018ad24,c2de402ca6fae1ae,
image,RingSpot,RingSpot,/content/drive/MyDrive/Papaya_Leaf_Disease_Classification/BDPapayaLeaf/Original Images/RingSpot/RingSpot(99).jpg,BDPapayaLeaf/Original Images/RingSpot/RingSpot(99).jpg,RingSpot(99).jpg,RingSpot(99),ringspot(99),.jpg,88917,False,640,480,0dd022a4b5bfe7c2a4ce9337aa6e5f6b0b026876,cb35482d966b839e,
