source_type,source_class_folder,canonical_class,label_path,label_relpath,filename,stem,stem_key,suffix,file_size_bytes
label,Anthracnose,Anthracnose,/content/drive/MyDrive/Papaya_Leaf_Disease_Classification/YOLO_Bounding_Box/Anthracnose/Anthracnose(1).txt,YOLO_Bounding_Box/Anthracnose/Anthracnose(1).txt,Anthracnose(1).txt,Anthracnose(1),anthracnose(1),.txt,234
label,Anthracnose,Anthracnose,/content/drive/MyDrive/Papaya_Leaf_Disease_Classification/YOLO_Bounding_Box/Anthracnose/Anthracnose(10).txt,YOLO_Bounding_Box/Anthracnose/Anthracnose(10).txt,Anthracnose(10).txt,Anthracnose(10),anthracnose(10),.txt,1318
label,Anthracnose,Anthracnose,/content/drive/MyDrive/Papaya_Leaf_Disease_Classification/YOLO_Bounding_Box/Anthracnose/Anthracnose(100).txt,YOLO_Bounding_Box/Anthracnose/Anthracnose(100).txt,Anthracnose(100).txt,Anthracnose(100),anthracnose(100),.txt,744
label,Anthracnose,Anthracnose,/content/drive/MyDrive/Papaya_Leaf_Disease_Classification/YOLO_Bounding_Box/Anthracnose/Anthracnose(101).txt,YOLO_Bounding_Box/Anthracnose/Anthracnose(101).txt,Anthracnose(101).txt,Anthracnose(101),anthracnose(101),.txt,2457
label,Anthracnose,Anthracnose,/content/drive/MyDrive/Papaya_Leaf_Disease_Classification/YOLO_Bounding_Box/Anthracnose/Anthracnose(102).txt,YOLO_Bounding_Box/Anthracnose/Anthracnose(102).txt,Anthracnose(102).txt,Anthracnose(102),anthracnose(102),.txt,1611
label,Anthracnose,Anthracnose,/content/drive/MyDrive/Papaya_Leaf_Disease_Classification/YOLO_Bounding_Box/Anthracnose/Anthracnose(103).txt,YOLO_Bounding_Box/Anthracnose/Anthracnose(103).txt,Anthracnose(103).txt,Anthracnose(103),anthracnose(103),.txt,639
label,Anthracnose,Anthracnose,/content/drive/MyDrive/Papaya_Leaf_Disease_Classification/YOLO_Bounding_Box/Anthracnose/Anthracnose(104).txt,YOLO_Bounding_Box/Anthracnose/Anthracnose(104).txt,Anthracnose(104).txt,Anthracnose(104),anthracnose(104),.txt,190
label,Anthracnose,Anthracnose,/content/drive/MyDrive/Papaya_Leaf_Disease_Classification/YOLO_Bounding_Box/Anthracnose/Anthracnose(105).txt,YOLO_Bounding_Box/Anthracnose/Anthracnose(105).txt,Anthracnose(105).txt,Anthracnose(105),anthracnose(105),.txt,62
label,Anthracnose,Anthracnose,/content/drive/MyDrive/Papaya_Leaf_Disease_Classification/YOLO_Bounding_Box/Anthracnose/Anthracnose(106).txt,YOLO_Bounding_Box/Anthracnose/Anthracnose(106).txt,Anthracnose(106).txt,Anthracnose(106),anthracnose(106),.txt,2536
label,Anthracnose,Anthracnose,/content/drive/MyDrive/Papaya_Leaf_Disease_Classification/YOLO_Bounding_Box/Anthracnose/Anthracnose(107).txt,YOLO_Bounding_Box/Anthracnose/Anthracnose(107).txt,Anthracnose(107).txt,Anthracnose(107),anthracnose(107),.txt,2180
label,Anthracnose,Anthracnose,/content/drive/MyDrive/Papaya_Leaf_Disease_Classification/YOLO_Bounding_Box/Anthracnose/Anthracnose(108).txt,YOLO_Bounding_Box/Anthracnose/Anthracnose(108).txt,Anthracnose(108).txt,Anthracnose(108),anthracnose(108),.txt,2978
label,Anthracnose,Anthracnose,/content/drive/MyDrive/Papaya_Leaf_Disease_Classification/YOLO_Bounding_Box/Anthracnose/Anthracnose(109).txt,YOLO_Bounding_Box/Anthracnose/Anthracnose(109).txt,Anthracnose(109).txt,Anthracnose(109),anthracnose(109),.txt,1892
label,Anthracnose,Anthracnose,/content/drive/MyDrive/Papaya_Leaf_Disease_Classification/YOLO_Bounding_Box/Anthracnose/Anthracnose(11).txt,YOLO_Bounding_Box/Anthracnose/Anthracnose(11).txt,Anthracnose(11).txt,Anthracnose(11),anthracnose(11),.txt,1708
label,Anthracnose,Anthracnose,/content/drive/MyDrive/Papaya_Leaf_Disease_Classification/YOLO_Bounding_Box/Anthracnose/Anthracnose(110).txt,YOLO_Bounding_Box/Anthracnose/Anthracnose(110).txt,Anthracnose(110).txt,Anthracnose(110),anthracnose(110),.txt,1171
label,Anthracnose,Anthracnose,/content/drive/MyDrive/Papaya_Leaf_Disease_Classification/YOLO_Bounding_Box/Anthracnose/Anthracnose(111).txt,YOLO_Bounding_Box/Anthracnose/Anthracnose(111).txt,Anthracnose(111).txt,Anthracnose(111),anthracnose(111),.txt,1749
label,Anthracnose,Anthracnose,/content/drive/MyDrive/Papaya_Leaf_Disease_Classification/YOLO_Bounding_Box/Anthracnose/Anthracnose(112).txt,YOLO_Bounding_Box/Anthracnose/Anthracnose(112).txt,Anthracnose(112).txt,Anthracnose(112),anthracnose(112),.txt,2260
label,Anthracnose,Anthracnose,/content/drive/MyDrive/Papaya_Leaf_Disease_Classification/YOLO_Bounding_Box/Anthracnose/Anthracnose(113).txt,YOLO_Bounding_Box/Anthracnose/Anthracnose(113).txt,Anthracnose(113).txt,Anthracnose(113),anthracnose(113),.txt,931
label,Anthracnose,Anthracnose,/content/drive/MyDrive/Papaya_Leaf_Disease_Classification/YOLO_Bounding_Box/Anthracnose/Anthracnose(114).txt,YOLO_Bounding_Box/Anthracnose/Anthracnose(114).txt,Anthracnose(114).txt,Anthracnose(114),anthracnose(114),.txt,491
label,Anthracnose,Anthracnose,/content/drive/MyDrive/Papaya_Leaf_Disease_Classification/YOLO_Bounding_Box/Anthracnose/Anthracnose(115).txt,YOLO_Bounding_Box/Anthracnose/Anthracnose(115).txt,Anthracnose(115).txt,Anthracnose(115),anthracnose(115),.txt,508
label,Anthracnose,Anthracnose,/content/drive/MyDrive/Papaya_Leaf_Disease_Classification/YOLO_Bounding_Box/Anthracnose/Anthracnose(116).txt,YOLO_Bounding_Box/Anthracnose/Anthracnose(116).txt,Anthracnose(116).txt,Anthracnose(116),anthracnose(116),.txt,668
label,Anthracnose,Anthracnose,/content/drive/MyDrive/Papaya_Leaf_Disease_Classification/YOLO_Bounding_Box/Anthracnose/Anthracnose(117).txt,YOLO_Bounding_Box/Anthracnose/Anthracnose(117).txt,Anthracnose(117).txt,Anthracnose(117),anthracnose(117),.txt,629
label,Anthracnose,Anthracnose,/content/drive/MyDrive/Papaya_Leaf_Disease_Classification/YOLO_Bounding_Box/Anthracnose/Anthracnose(118).txt,YOLO_Bounding_Box/Anthracnose/Anthracnose(118).txt,Anthracnose(118).txt,Anthracnose(118),anthracnose(118),.txt,523
label,Anthracnose,Anthracnose,/content/drive/MyDrive/Papaya_Leaf_Disease_Classification/YOLO_Bounding_Box/Anthracnose/Anthracnose(119).txt,YOLO_Bounding_Box/Anthracnose/Anthracnose(119).txt,Anthracnose(119).txt,Anthracnose(119),anthracnose(119),.txt,1479
label,Anthracnose,Anthracnose,/content/drive/MyDrive/Papaya_Leaf_Disease_Classification/YOLO_Bounding_Box/Anthracnose/Anthracnose(12).txt,YOLO_Bounding_Box/Anthracnose/Anthracnose(12).txt,Anthracnose(12).txt,Anthracnose(12),anthracnose(12),.txt,1458
label,Anthracnose,Anthracnose,/content/drive/MyDrive/Papaya_Leaf_Disease_Classification/YOLO_Bounding_Box/Anthracnose/Anthracnose(120).txt,YOLO_Bounding_Box/Anthracnose/Anthracnose(120).txt,Anthracnose(120).txt,Anthracnose(120),anthracnose(120),.txt,1655
label,Anthracnose,Anthracnose,/content/drive/MyDrive/Papaya_Leaf_Disease_Classification/YOLO_Bounding_Box/Anthracnose/Anthracnose(121).txt,YOLO_Bounding_Box/Anthracnose/Anthracnose(121).txt,Anthracnose(121).txt,Anthracnose(121),anthracnose(121),.txt,890
label,Anthracnose,Anthracnose,/content/drive/MyDrive/Papaya_Leaf_Disease_Classification/YOLO_Bounding_Box/Anthracnose/Anthracnose(122).txt,YOLO_Bounding_Box/Anthracnose/Anthracnose(122).txt,Anthracnose(122).txt,Anthracnose(122),anthracnose(122),.txt,2334
label,Anthracnose,Anthracnose,/content/drive/MyDrive/Papaya_Leaf_Disease_Classification/YOLO_Bounding_Box/Anthracnose/Anthracnose(123).txt,YOLO_Bounding_Box/Anthracnose/Anthracnose(123).txt,Anthracnose(123).txt,Anthracnose(123),anthracnose(123),.txt,2084
label,Anthracnose,Anthracnose,/content/drive/MyDrive/Papaya_Leaf_Disease_Classification/YOLO_Bounding_Box/Anthracnose/Anthracnose(124).txt,YOLO_Bounding_Box/Anthracnose/Anthracnose(124).txt,Anthracnose(124).txt,Anthracnose(124),anthracnose(124),.txt,2077
label,Anthracnose,Anthracnose,/content/drive/MyDrive/Papaya_Leaf_Disease_Classification/YOLO_Bounding_Box/Anthracnose/Anthracnose(125).txt,YOLO_Bounding_Box/Anthracnose/Anthracnose(125).txt,Anthracnose(125).txt,Anthracnose(125),anthracnose(125),.txt,1241
label,Anthracnose,Anthracnose,/content/drive/MyDrive/Papaya_Leaf_Disease_Classification/YOLO_Bounding_Box/Anthracnose/Anthracnose(126).txt,YOLO_Bounding_Box/Anthracnose/Anthracnose(126).txt,Anthracnose(126).txt,Anthracnose(126),anthracnose(126),.txt,118
label,Anthracnose,Anthracnose,/content/drive/MyDrive/Papaya_Leaf_Disease_Classification/YOLO_Bounding_Box/Anthracnose/Anthracnose(127).txt,YOLO_Bounding_Box/Anthracnose/Anthracnose(127).txt,Anthracnose(127).txt,Anthracnose(127),anthracnose(127),.txt,356
label,Anthracnose,Anthracnose,/content/drive/MyDrive/Papaya_Leaf_Disease_Classification/YOLO_Bounding_Box/Anthracnose/Anthracnose(128).txt,YOLO_Bounding_Box/Anthracnose/Anthracnose(128).txt,Anthracnose(128).txt,Anthracnose(128),anthracnose(128),.txt,112
label,Anthracnose,Anthracnose,/content/drive/MyDrive/Papaya_Leaf_Disease_Classification/YOLO_Bounding_Box/Anthracnose/Anthracnose(129).txt,YOLO_Bounding_Box/Anthracnose/Anthracnose(129).txt,Anthracnose(129).txt,Anthracnose(129),anthracnose(129),.txt,134
label,Anthracnose,Anthracnose,/content/drive/MyDrive/Papaya_Leaf_Disease_Classification/YOLO_Bounding_Box/Anthracnose/Anthracnose(13).txt,YOLO_Bounding_Box/Anthracnose/Anthracnose(13).txt,Anthracnose(13).txt,Anthracnose(13),anthracnose(13),.txt,125
label,Anthracnose,Anthracnose,/content/drive/MyDrive/Papaya_Leaf_Disease_Classification/YOLO_Bounding_Box/Anthracnose/Anthracnose(130).txt,YOLO_Bounding_Box/Anthracnose/Anthracnose(130).txt,Anthracnose(130).txt,Anthracnose(130),anthracnose(130),.txt,1405
label,Anthracnose,Anthracnose,/content/drive/MyDrive/Papaya_Leaf_Disease_Classification/YOLO_Bounding_Box/Anthracnose/Anthracnose(131).txt,YOLO_Bounding_Box/Anthracnose/Anthracnose(131).txt,Anthracnose(131).txt,Anthracnose(131),anthracnose(131),.txt,2900
label,Anthracnose,Anthracnose,/content/drive/MyDrive/Papaya_Leaf_Disease_Classification/YOLO_Bounding_Box/Anthracnose/Anthracnose(132).txt,YOLO_Bounding_Box/Anthracnose/Anthracnose(132).txt,Anthracnose(132).txt,Anthracnose(132),anthracnose(132),.txt,178
label,Anthracnose,Anthracnose,/content/drive/MyDrive/Papaya_Leaf_Disease_Classification/YOLO_Bounding_Box/Anthracnose/Anthracnose(133).txt,YOLO_Bounding_Box/Anthracnose/Anthracnose(133).txt,Anthracnose(133).txt,Anthracnose(133),anthracnose(133),.txt,326
label,Anthracnose,Anthracnose,/content/drive/MyDrive/Papaya_Leaf_Disease_Classification/YOLO_Bounding_Box/Anthracnose/Anthracnose(134).txt,YOLO_Bounding_Box/Anthracnose/Anthracnose(134).txt,Anthracnose(134).txt,Anthracnose(134),anthracnose(134),.txt,100
label,Anthracnose,Anthracnose,/content/drive/MyDrive/Papaya_Leaf_Disease_Classification/YOLO_Bounding_Box/Anthracnose/Anthracnose(135).txt,YOLO_Bounding_Box/Anthracnose/Anthracnose(135).txt,Anthracnose(135).txt,Anthracnose(135),anthracnose(135),.txt,1407
label,Anthracnose,Anthracnose,/content/drive/MyDrive/Papaya_Leaf_Disease_Classification/YOLO_Bounding_Box/Anthracnose/Anthracnose(136).txt,YOLO_Bounding_Box/Anthracnose/Anthracnose(136).txt,Anthracnose(136).txt,Anthracnose(136),anthracnose(136),.txt,796
label,Anthracnose,Anthracnose,/content/drive/MyDrive/Papaya_Leaf_Disease_Classification/YOLO_Bounding_Box/Anthracnose/Anthracnose(137).txt,YOLO_Bounding_Box/Anthracnose/Anthracnose(137).txt,Anthracnose(137).txt,Anthracnose(137),anthracnose(137),.txt,269
label,Anthracnose,Anthracnose,/content/drive/MyDrive/Papaya_Leaf_Disease_Classification/YOLO_Bounding_Box/Anthracnose/Anthracnose(138).txt,YOLO_Bounding_Box/Anthracnose/Anthracnose(138).txt,Anthracnose(138).txt,Anthracnose(138),anthracnose(138),.txt,1604
label,Anthracnose,Anthracnose,/content/drive/MyDrive/Papaya_Leaf_Disease_Classification/YOLO_Bounding_Box/Anthracnose/Anthracnose(139).txt,YOLO_Bounding_Box/Anthracnose/Anthracnose(139).txt,Anthracnose(139).txt,Anthracnose(139),anthracnose(139),.txt,614
label,Anthracnose,Anthracnose,/content/drive/MyDrive/Papaya_Leaf_Disease_Classification/YOLO_Bounding_Box/Anthracnose/Anthracnose(14).txt,YOLO_Bounding_Box/Anthracnose/Anthracnose(14).txt,Anthracnose(14).txt,Anthracnose(14),anthracnose(14),.txt,269
label,Anthracnose,Anthracnose,/content/drive/MyDrive/Papaya_Leaf_Disease_Classification/YOLO_Bounding_Box/Anthracnose/Anthracnose(140).txt,YOLO_Bounding_Box/Anthracnose/Anthracnose(140).txt,Anthracnose(140).txt,Anthracnose(140),anthracnose(140),.txt,2857
label,Anthracnose,Anthracnose,/content/drive/MyDrive/Papaya_Leaf_Disease_Classification/YOLO_Bounding_Box/Anthracnose/Anthracnose(141).txt,YOLO_Bounding_Box/Anthracnose/Anthracnose(141).txt,Anthracnose(141).txt,Anthracnose(141),anthracnose(141),.txt,3866
label,Anthracnose,Anthracnose,/content/drive/MyDrive/Papaya_Leaf_Disease_Classification/YOLO_Bounding_Box/Anthracnose/Anthracnose(142).txt,YOLO_Bounding_Box/Anthracnose/Anthracnose(142).txt,Anthracnose(142).txt,Anthracnose(142),anthracnose(142),.txt,2404
label,Anthracnose,Anthracnose,/content/drive/MyDrive/Papaya_Leaf_Disease_Classification/YOLO_Bounding_Box/Anthracnose/Anthracnose(143).txt,YOLO_Bounding_Box/Anthracnose/Anthracnose(143).txt,Anthracnose(143).txt,Anthracnose(143),anthracnose(143),.txt,2255
label,Anthracnose,Anthracnose,/content/drive/MyDrive/Papaya_Leaf_Disease_Classification/YOLO_Bounding_Box/Anthracnose/Anthracnose(144).txt,YOLO_Bounding_Box/Anthracnose/Anthracnose(144).txt,Anthracnose(144).txt,Anthracnose(144),anthracnose(144),.txt,1850
label,Anthracnose,Anthracnose,/content/drive/MyDrive/Papaya_Leaf_Disease_Classification/YOLO_Bounding_Box/Anthracnose/Anthracnose(145).txt,YOLO_Bounding_Box/Anthracnose/Anthracnose(145).txt,Anthracnose(145).txt,Anthracnose(145),anthracnose(145),.txt,2645
label,Anthracnose,Anthracnose,/content/drive/MyDrive/Papaya_Leaf_Disease_Classification/YOLO_Bounding_Box/Anthracnose/Anthracnose(146).txt,YOLO_Bounding_Box/Anthracnose/Anthracnose(146).txt,Anthracnose(146).txt,Anthracnose(146),anthracnose(146),.txt,1108
label,Anthracnose,Anthracnose,/content/drive/MyDrive/Papaya_Leaf_Disease_Classification/YOLO_Bounding_Box/Anthracnose/Anthracnose(147).txt,YOLO_Bounding_Box/Anthracnose/Anthracnose(147).txt,Anthracnose(147).txt,Anthracnose(147),anthracnose(147),.txt,1821
label,Anthracnose,Anthracnose,/content/drive/MyDrive/Papaya_Leaf_Disease_Classification/YOLO_Bounding_Box/Anthracnose/Anthracnose(148).txt,YOLO_Bounding_Box/Anthracnose/Anthracnose(148).txt,Anthracnose(148).txt,Anthracnose(148),anthracnose(148),.txt,502
label,Anthracnose,Anthracnose,/content/drive/MyDrive/Papaya_Leaf_Disease_Classification/YOLO_Bounding_Box/Anthracnose/Anthracnose(149).txt,YOLO_Bounding_Box/Anthracnose/Anthracnose(149).txt,Anthracnose(149).txt,Anthracnose(149),anthracnose(149),.txt,574
label,Anthracnose,Anthracnose,/content/drive/MyDrive/Papaya_Leaf_Disease_Classification/YOLO_Bounding_Box/Anthracnose/Anthracnose(15).txt,YOLO_Bounding_Box/Anthracnose/Anthracnose(15).txt,Anthracnose(15).txt,Anthracnose(15),anthracnose(15),.txt,990
label,Anthracnose,Anthracnose,/content/drive/MyDrive/Papaya_Leaf_Disease_Classification/YOLO_Bounding_Box/Anthracnose/Anthracnose(150).txt,YOLO_Bounding_Box/Anthracnose/Anthracnose(150).txt,Anthracnose(150).txt,Anthracnose(150),anthracnose(150),.txt,273
label,Anthracnose,Anthracnose,/content/drive/MyDrive/Papaya_Leaf_Disease_Classification/YOLO_Bounding_Box/Anthracnose/Anthracnose(151).txt,YOLO_Bounding_Box/Anthracnose/Anthracnose(151).txt,Anthracnose(151).txt,Anthracnose(151),anthracnose(151),.txt,247
label,Anthracnose,Anthracnose,/content/drive/MyDrive/Papaya_Leaf_Disease_Classification/YOLO_Bounding_Box/Anthracnose/Anthracnose(152).txt,YOLO_Bounding_Box/Anthracnose/Anthracnose(152).txt,Anthracnose(152).txt,Anthracnose(152),anthracnose(152),.txt,214
label,Anthracnose,Anthracnose,/content/drive/MyDrive/Papaya_Leaf_Disease_Classification/YOLO_Bounding_Box/Anthracnose/Anthracnose(153).txt,YOLO_Bounding_Box/Anthracnose/Anthracnose(153).txt,Anthracnose(153).txt,Anthracnose(153),anthracnose(153),.txt,180
label,Anthracnose,Anthracnose,/content/drive/MyDrive/Papaya_Leaf_Disease_Classification/YOLO_Bounding_Box/Anthracnose/Anthracnose(154).txt,YOLO_Bounding_Box/Anthracnose/Anthracnose(154).txt,Anthracnose(154).txt,Anthracnose(154),anthracnose(154),.txt,182
label,Anthracnose,Anthracnose,/content/drive/MyDrive/Papaya_Leaf_Disease_Classification/YOLO_Bounding_Box/Anthracnose/Anthracnose(155).txt,YOLO_Bounding_Box/Anthracnose/Anthracnose(155).txt,Anthracnose(155).txt,Anthracnose(155),anthracnose(155),.txt,73
label,Anthracnose,Anthracnose,/content/drive/MyDrive/Papaya_Leaf_Disease_Classification/YOLO_Bounding_Box/Anthracnose/Anthracnose(156).txt,YOLO_Bounding_Box/Anthracnose/Anthracnose(156).txt,Anthracnose(156).txt,Anthracnose(156),anthracnose(156),.txt,62
label,Anthracnose,Anthracnose,/content/drive/MyDrive/Papaya_Leaf_Disease_Classification/YOLO_Bounding_Box/Anthracnose/Anthracnose(157).txt,YOLO_Bounding_Box/Anthracnose/Anthracnose(157).txt,Anthracnose(157).txt,Anthracnose(157),anthracnose(157),.txt,57
label,Anthracnose,Anthracnose,/content/drive/MyDrive/Papaya_Leaf_Disease_Classification/YOLO_Bounding_Box/Anthracnose/Anthracnose(158).txt,YOLO_Bounding_Box/Anthracnose/Anthracnose(158).txt,Anthracnose(158).txt,Anthracnose(158),anthracnose(158),.txt,207
label,Anthracnose,Anthracnose,/content/drive/MyDrive/Papaya_Leaf_Disease_Classification/YOLO_Bounding_Box/Anthracnose/Anthracnose(159).txt,YOLO_Bounding_Box/Anthracnose/Anthracnose(159).txt,Anthracnose(159).txt,Anthracnose(159),anthracnose(159),.txt,163
label,Anthracnose,Anthracnose,/content/drive/MyDrive/Papaya_Leaf_Disease_Classification/YOLO_Bounding_Box/Anthracnose/Anthracnose(16).txt,YOLO_Bounding_Box/Anthracnose/Anthracnose(16).txt,Anthracnose(16).txt,Anthracnose(16),anthracnose(16),.txt,992
label,Anthracnose,Anthracnose,/content/drive/MyDrive/Papaya_Leaf_Disease_Classification/YOLO_Bounding_Box/Anthracnose/Anthracnose(160).txt,YOLO_Bounding_Box/Anthracnose/Anthracnose(160).txt,Anthracnose(160).txt,Anthracnose(160),anthracnose(160),.txt,261
label,Anthracnose,Anthracnose,/content/drive/MyDrive/Papaya_Leaf_Disease_Classification/YOLO_Bounding_Box/Anthracnose/Anthracnose(161).txt,YOLO_Bounding_Box/Anthracnose/Anthracnose(161).txt,Anthracnose(161).txt,Anthracnose(161),anthracnose(161),.txt,116
label,Anthracnose,Anthracnose,/content/drive/MyDrive/Papaya_Leaf_Disease_Classification/YOLO_Bounding_Box/Anthracnose/Anthracnose(162).txt,YOLO_Bounding_Box/Anthracnose/Anthracnose(162).txt,Anthracnose(162).txt,Anthracnose(162),anthracnose(162),.txt,52
label,Anthracnose,Anthracnose,/content/drive/MyDrive/Papaya_Leaf_Disease_Classification/YOLO_Bounding_Box/Anthracnose/Anthracnose(163).txt,YOLO_Bounding_Box/Anthracnose/Anthracnose(163).txt,Anthracnose(163).txt,Anthracnose(163),anthracnose(163),.txt,65
label,Anthracnose,Anthracnose,/content/drive/MyDrive/Papaya_Leaf_Disease_Classification/YOLO_Bounding_Box/Anthracnose/Anthracnose(164).txt,YOLO_Bounding_Box/Anthracnose/Anthracnose(164).txt,Anthracnose(164).txt,Anthracnose(164),anthracnose(164),.txt,51
label,Anthracnose,Anthracnose,/content/drive/MyDrive/Papaya_Leaf_Disease_Classification/YOLO_Bounding_Box/Anthracnose/Anthracnose(165).txt,YOLO_Bounding_Box/Anthracnose/Anthracnose(165).txt,Anthracnose(165).txt,Anthracnose(165),anthracnose(165),.txt,63
label,Anthracnose,Anthracnose,/content/drive/MyDrive/Papaya_Leaf_Disease_Classification/YOLO_Bounding_Box/Anthracnose/Anthracnose(166).txt,YOLO_Bounding_Box/Anthracnose/Anthracnose(166).txt,Anthracnose(166).txt,Anthracnose(166),anthracnose(166),.txt,467
label,Anthracnose,Anthracnose,/content/drive/MyDrive/Papaya_Leaf_Disease_Classification/YOLO_Bounding_Box/Anthracnose/Anthracnose(167).txt,YOLO_Bounding_Box/Anthracnose/Anthracnose(167).txt,Anthracnose(167).txt,Anthracnose(167),anthracnose(167),.txt,853
label,Anthracnose,Anthracnose,/content/drive/MyDrive/Papaya_Leaf_Disease_Classification/YOLO_Bounding_Box/Anthracnose/Anthracnose(168).txt,YOLO_Bounding_Box/Anthracnose/Anthracnose(168).txt,Anthracnose(168).txt,Anthracnose(168),anthracnose(168),.txt,635
label,Anthracnose,Anthracnose,/content/drive/MyDrive/Papaya_Leaf_Disease_Classification/YOLO_Bounding_Box/Anthracnose/Anthracnose(169).txt,YOLO_Bounding_Box/Anthracnose/Anthracnose(169).txt,Anthracnose(169).txt,Anthracnose(169),anthracnose(169),.txt,735
label,Anthracnose,Anthracnose,/content/drive/MyDrive/Papaya_Leaf_Disease_Classification/YOLO_Bounding_Box/Anthracnose/Anthracnose(17).txt,YOLO_Bounding_Box/Anthracnose/Anthracnose(17).txt,Anthracnose(17).txt,Anthracnose(17),anthracnose(17),.txt,1631
label,Anthracnose,Anthracnose,/content/drive/MyDrive/Papaya_Leaf_Disease_Classification/YOLO_Bounding_Box/Anthracnose/Anthracnose(170).txt,YOLO_Bounding_Box/Anthracnose/Anthracnose(170).txt,Anthracnose(170).txt,Anthracnose(170),anthracnose(170),.txt,187
label,Anthracnose,Anthracnose,/content/drive/MyDrive/Papaya_Leaf_Disease_Classification/YOLO_Bounding_Box/Anthracnose/Anthracnose(171).txt,YOLO_Bounding_Box/Anthracnose/Anthracnose(171).txt,Anthracnose(171).txt,Anthracnose(171),anthracnose(171),.txt,272
label,Anthracnose,Anthracnose,/content/drive/MyDrive/Papaya_Leaf_Disease_Classification/YOLO_Bounding_Box/Anthracnose/Anthracnose(172).txt,YOLO_Bounding_Box/Anthracnose/Anthracnose(172).txt,Anthracnose(172).txt,Anthracnose(172),anthracnose(172),.txt,298
label,Anthracnose,Anthracnose,/content/drive/MyDrive/Papaya_Leaf_Disease_Classification/YOLO_Bounding_Box/Anthracnose/Anthracnose(173).txt,YOLO_Bounding_Box/Anthracnose/Anthracnose(173).txt,Anthracnose(173).txt,Anthracnose(173),anthracnose(173),.txt,394
label,Anthracnose,Anthracnose,/content/drive/MyDrive/Papaya_Leaf_Disease_Classification/YOLO_Bounding_Box/Anthracnose/Anthracnose(174).txt,YOLO_Bounding_Box/Anthracnose/Anthracnose(174).txt,Anthracnose(174).txt,Anthracnose(174),anthracnose(174),.txt,592
label,Anthracnose,Anthracnose,/content/drive/MyDrive/Papaya_Leaf_Disease_Classification/YOLO_Bounding_Box/Anthracnose/Anthracnose(175).txt,YOLO_Bounding_Box/Anthracnose/Anthracnose(175).txt,Anthracnose(175).txt,Anthracnose(175),anthracnose(175),.txt,1360
label,Anthracnose,Anthracnose,/content/drive/MyDrive/Papaya_Leaf_Disease_Classification/YOLO_Bounding_Box/Anthracnose/Anthracnose(176).txt,YOLO_Bounding_Box/Anthracnose/Anthracnose(176).txt,Anthracnose(176).txt,Anthracnose(176),anthracnose(176),.txt,2823
label,Anthracnose,Anthracnose,/content/drive/MyDrive/Papaya_Leaf_Disease_Classification/YOLO_Bounding_Box/Anthracnose/Anthracnose(177).txt,YOLO_Bounding_Box/Anthracnose/Anthracnose(177).txt,Anthracnose(177).txt,Anthracnose(177),anthracnose(177),.txt,1488
label,Anthracnose,Anthracnose,/content/drive/MyDrive/Papaya_Leaf_Disease_Classification/YOLO_Bounding_Box/Anthracnose/Anthracnose(178).txt,YOLO_Bounding_Box/Anthracnose/Anthracnose(178).txt,Anthracnose(178).txt,Anthracnose(178),anthracnose(178),.txt,1270
label,Anthracnose,Anthracnose,/content/drive/MyDrive/Papaya_Leaf_Disease_Classification/YOLO_Bounding_Box/Anthracnose/Anthracnose(179).txt,YOLO_Bounding_Box/Anthracnose/Anthracnose(179).txt,Anthracnose(179).txt,Anthracnose(179),anthracnose(179),.txt,2730
label,Anthracnose,Anthracnose,/content/drive/MyDrive/Papaya_Leaf_Disease_Classification/YOLO_Bounding_Box/Anthracnose/Anthracnose(18).txt,YOLO_Bounding_Box/Anthracnose/Anthracnose(18).txt,Anthracnose(18).txt,Anthracnose(18),anthracnose(18),.txt,1422
label,Anthracnose,Anthracnose,/content/drive/MyDrive/Papaya_Leaf_Disease_Classification/YOLO_Bounding_Box/Anthracnose/Anthracnose(180).txt,YOLO_Bounding_Box/Anthracnose/Anthracnose(180).txt,Anthracnose(180).txt,Anthracnose(180),anthracnose(180),.txt,3320
label,Anthracnose,Anthracnose,/content/drive/MyDrive/Papaya_Leaf_Disease_Classification/YOLO_Bounding_Box/Anthracnose/Anthracnose(181).txt,YOLO_Bounding_Box/Anthracnose/Anthracnose(181).txt,Anthracnose(181).txt,Anthracnose(181),anthracnose(181),.txt,2335
label,Anthracnose,Anthracnose,/content/drive/MyDrive/Papaya_Leaf_Disease_Classification/YOLO_Bounding_Box/Anthracnose/Anthracnose(182).txt,YOLO_Bounding_Box/Anthracnose/Anthracnose(182).txt,Anthracnose(182).txt,Anthracnose(182),anthracnose(182),.txt,2593
label,Anthracnose,Anthracnose,/content/drive/MyDrive/Papaya_Leaf_Disease_Classification/YOLO_Bounding_Box/Anthracnose/Anthracnose(183).txt,YOLO_Bounding_Box/Anthracnose/Anthracnose(183).txt,Anthracnose(183).txt,Anthracnose(183),anthracnose(183),.txt,1933
label,Anthracnose,Anthracnose,/content/drive/MyDrive/Papaya_Leaf_Disease_Classification/YOLO_Bounding_Box/Anthracnose/Anthracnose(184).txt,YOLO_Bounding_Box/Anthracnose/Anthracnose(184).txt,Anthracnose(184).txt,Anthracnose(184),anthracnose(184),.txt,666
label,Anthracnose,Anthracnose,/content/drive/MyDrive/Papaya_Leaf_Disease_Classification/YOLO_Bounding_Box/Anthracnose/Anthracnose(185).txt,YOLO_Bounding_Box/Anthracnose/Anthracnose(185).txt,Anthracnose(185).txt,Anthracnose(185),anthracnose(185),.txt,1453
label,Anthracnose,Anthracnose,/content/drive/MyDrive/Papaya_Leaf_Disease_Classification/YOLO_Bounding_Box/Anthracnose/Anthracnose(186).txt,YOLO_Bounding_Box/Anthracnose/Anthracnose(186).txt,Anthracnose(186).txt,Anthracnose(186),anthracnose(186),.txt,113
label,Anthracnose,Anthracnose,/content/drive/MyDrive/Papaya_Leaf_Disease_Classification/YOLO_Bounding_Box/Anthracnose/Anthracnose(187).txt,YOLO_Bounding_Box/Anthracnose/Anthracnose(187).txt,Anthracnose(187).txt,Anthracnose(187),anthracnose(187),.txt,1436
label,Anthracnose,Anthracnose,/content/drive/MyDrive/Papaya_Leaf_Disease_Classification/YOLO_Bounding_Box/Anthracnose/Anthracnose(188).txt,YOLO_Bounding_Box/Anthracnose/Anthracnose(188).txt,Anthracnose(188).txt,Anthracnose(188),anthracnose(188),.txt,2723
label,Anthracnose,Anthracnose,/content/drive/MyDrive/Papaya_Leaf_Disease_Classification/YOLO_Bounding_Box/Anthracnose/Anthracnose(189).txt,YOLO_Bounding_Box/Anthracnose/Anthracnose(189).txt,Anthracnose(189).txt,Anthracnose(189),anthracnose(189),.txt,2296
label,Anthracnose,Anthracnose,/content/drive/MyDrive/Papaya_Leaf_Disease_Classification/YOLO_Bounding_Box/Anthracnose/Anthracnose(19).txt,YOLO_Bounding_Box/Anthracnose/Anthracnose(19).txt,Anthracnose(19).txt,Anthracnose(19),anthracnose(19),.txt,416
label,Anthracnose,Anthracnose,/content/drive/MyDrive/Papaya_Leaf_Disease_Classification/YOLO_Bounding_Box/Anthracnose/Anthracnose(190).txt,YOLO_Bounding_Box/Anthracnose/Anthracnose(190).txt,Anthracnose(190).txt,Anthracnose(190),anthracnose(190),.txt,1977
label,Anthracnose,Anthracnose,/content/drive/MyDrive/Papaya_Leaf_Disease_Classification/YOLO_Bounding_Box/Anthracnose/Anthracnose(191).txt,YOLO_Bounding_Box/Anthracnose/Anthracnose(191).txt,Anthracnose(191).txt,Anthracnose(191),anthracnose(191),.txt,1442
label,Anthracnose,Anthracnose,/content/drive/MyDrive/Papaya_Leaf_Disease_Classification/YOLO_Bounding_Box/Anthracnose/Anthracnose(192).txt,YOLO_Bounding_Box/Anthracnose/Anthracnose(192).txt,Anthracnose(192).txt,Anthracnose(192),anthracnose(192),.txt,480
label,Anthracnose,Anthracnose,/content/drive/MyDrive/Papaya_Leaf_Disease_Classification/YOLO_Bounding_Box/Anthracnose/Anthracnose(193).txt,YOLO_Bounding_Box/Anthracnose/Anthracnose(193).txt,Anthracnose(193).txt,Anthracnose(193),anthracnose(193),.txt,191
label,Anthracnose,Anthracnose,/content/drive/MyDrive/Papaya_Leaf_Disease_Classification/YOLO_Bounding_Box/Anthracnose/Anthracnose(194).txt,YOLO_Bounding_Box/Anthracnose/Anthracnose(194).txt,Anthracnose(194).txt,Anthracnose(194),anthracnose(194),.txt,965
label,Anthracnose,Anthracnose,/content/drive/MyDrive/Papaya_Leaf_Disease_Classification/YOLO_Bounding_Box/Anthracnose/Anthracnose(195).txt,YOLO_Bounding_Box/Anthracnose/Anthracnose(195).txt,Anthracnose(195).txt,Anthracnose(195),anthracnose(195),.txt,741
label,Anthracnose,Anthracnose,/content/drive/MyDrive/Papaya_Leaf_Disease_Classification/YOLO_Bounding_Box/Anthracnose/Anthracnose(196).txt,YOLO_Bounding_Box/Anthracnose/Anthracnose(196).txt,Anthracnose(196).txt,Anthracnose(196),anthracnose(196),.txt,1018
label,Anthracnose,Anthracnose,/content/drive/MyDrive/Papaya_Leaf_Disease_Classification/YOLO_Bounding_Box/Anthracnose/Anthracnose(197).txt,YOLO_Bounding_Box/Anthracnose/Anthracnose(197).txt,Anthracnose(197).txt,Anthracnose(197),anthracnose(197),.txt,2949
label,Anthracnose,Anthracnose,/content/drive/MyDrive/Papaya_Leaf_Disease_Classification/YOLO_Bounding_Box/Anthracnose/Anthracnose(198).txt,YOLO_Bounding_Box/Anthracnose/Anthracnose(198).txt,Anthracnose(198).txt,Anthracnose(198),anthracnose(198),.txt,2946
label,Anthracnose,Anthracnose,/content/drive/MyDrive/Papaya_Leaf_Disease_Classification/YOLO_Bounding_Box/Anthracnose/Anthracnose(199).txt,YOLO_Bounding_Box/Anthracnose/Anthracnose(199).txt,Anthracnose(199).txt,Anthracnose(199),anthracnose(199),.txt,895
label,Anthracnose,Anthracnose,/content/drive/MyDrive/Papaya_Leaf_Disease_Classification/YOLO_Bounding_Box/Anthracnose/Anthracnose(2).txt,YOLO_Bounding_Box/Anthracnose/Anthracnose(2).txt,Anthracnose(2).txt,Anthracnose(2),anthracnose(2),.txt,239
label,Anthracnose,Anthracnose,/content/drive/MyDrive/Papaya_Leaf_Disease_Classification/YOLO_Bounding_Box/Anthracnose/Anthracnose(20).txt,YOLO_Bounding_Box/Anthracnose/Anthracnose(20).txt,Anthracnose(20).txt,Anthracnose(20),anthracnose(20),.txt,320
label,Anthracnose,Anthracnose,/content/drive/MyDrive/Papaya_Leaf_Disease_Classification/YOLO_Bounding_Box/Anthracnose/Anthracnose(200).txt,YOLO_Bounding_Box/Anthracnose/Anthracnose(200).txt,Anthracnose(200).txt,Anthracnose(200),anthracnose(200),.txt,1519
label,Anthracnose,Anthracnose,/content/drive/MyDrive/Papaya_Leaf_Disease_Classification/YOLO_Bounding_Box/Anthracnose/Anthracnose(201).txt,YOLO_Bounding_Box/Anthracnose/Anthracnose(201).txt,Anthracnose(201).txt,Anthracnose(201),anthracnose(201),.txt,2154
label,Anthracnose,Anthracnose,/content/drive/MyDrive/Papaya_Leaf_Disease_Classification/YOLO_Bounding_Box/Anthracnose/Anthracnose(202).txt,YOLO_Bounding_Box/Anthracnose/Anthracnose(202).txt,Anthracnose(202).txt,Anthracnose(202),anthracnose(202),.txt,2719
label,Anthracnose,Anthracnose,/content/drive/MyDrive/Papaya_Leaf_Disease_Classification/YOLO_Bounding_Box/Anthracnose/Anthracnose(203).txt,YOLO_Bounding_Box/Anthracnose/Anthracnose(203).txt,Anthracnose(203).txt,Anthracnose(203),anthracnose(203),.txt,1627
label,Anthracnose,Anthracnose,/content/drive/MyDrive/Papaya_Leaf_Disease_Classification/YOLO_Bounding_Box/Anthracnose/Anthracnose(204).txt,YOLO_Bounding_Box/Anthracnose/Anthracnose(204).txt,Anthracnose(204).txt,Anthracnose(204),anthracnose(204),.txt,2040
label,Anthracnose,Anthracnose,/content/drive/MyDrive/Papaya_Leaf_Disease_Classification/YOLO_Bounding_Box/Anthracnose/Anthracnose(205).txt,YOLO_Bounding_Box/Anthracnose/Anthracnose(205).txt,Anthracnose(205).txt,Anthracnose(205),anthracnose(205),.txt,2227
label,Anthracnose,Anthracnose,/content/drive/MyDrive/Papaya_Leaf_Disease_Classification/YOLO_Bounding_Box/Anthracnose/Anthracnose(206).txt,YOLO_Bounding_Box/Anthracnose/Anthracnose(206).txt,Anthracnose(206).txt,Anthracnose(206),anthracnose(206),.txt,2089
label,Anthracnose,Anthracnose,/content/drive/MyDrive/Papaya_Leaf_Disease_Classification/YOLO_Bounding_Box/Anthracnose/Anthracnose(207).txt,YOLO_Bounding_Box/Anthracnose/Anthracnose(207).txt,Anthracnose(207).txt,Anthracnose(207),anthracnose(207),.txt,1985
label,Anthracnose,Anthracnose,/content/drive/MyDrive/Papaya_Leaf_Disease_Classification/YOLO_Bounding_Box/Anthracnose/Anthracnose(208).txt,YOLO_Bounding_Box/Anthracnose/Anthracnose(208).txt,Anthracnose(208).txt,Anthracnose(208),anthracnose(208),.txt,132
label,Anthracnose,Anthracnose,/content/drive/MyDrive/Papaya_Leaf_Disease_Classification/YOLO_Bounding_Box/Anthracnose/Anthracnose(209).txt,YOLO_Bounding_Box/Anthracnose/Anthracnose(209).txt,Anthracnose(209).txt,Anthracnose(209),anthracnose(209),.txt,393
label,Anthracnose,Anthracnose,/content/drive/MyDrive/Papaya_Leaf_Disease_Classification/YOLO_Bounding_Box/Anthracnose/Anthracnose(21).txt,YOLO_Bounding_Box/Anthracnose/Anthracnose(21).txt,Anthracnose(21).txt,Anthracnose(21),anthracnose(21),.txt,1000
label,Anthracnose,Anthracnose,/content/drive/MyDrive/Papaya_Leaf_Disease_Classification/YOLO_Bounding_Box/Anthracnose/Anthracnose(210).txt,YOLO_Bounding_Box/Anthracnose/Anthracnose(210).txt,Anthracnose(210).txt,Anthracnose(210),anthracnose(210),.txt,640
label,Anthracnose,Anthracnose,/content/drive/MyDrive/Papaya_Leaf_Disease_Classification/YOLO_Bounding_Box/Anthracnose/Anthracnose(211).txt,YOLO_Bounding_Box/Anthracnose/Anthracnose(211).txt,Anthracnose(211).txt,Anthracnose(211),anthracnose(211),.txt,319
label,Anthracnose,Anthracnose,/content/drive/MyDrive/Papaya_Leaf_Disease_Classification/YOLO_Bounding_Box/Anthracnose/Anthracnose(212).txt,YOLO_Bounding_Box/Anthracnose/Anthracnose(212).txt,Anthracnose(212).txt,Anthracnose(212),anthracnose(212),.txt,652
label,Anthracnose,Anthracnose,/content/drive/MyDrive/Papaya_Leaf_Disease_Classification/YOLO_Bounding_Box/Anthracnose/Anthracnose(213).txt,YOLO_Bounding_Box/Anthracnose/Anthracnose(213).txt,Anthracnose(213).txt,Anthracnose(213),anthracnose(213),.txt,919
label,Anthracnose,Anthracnose,/content/drive/MyDrive/Papaya_Leaf_Disease_Classification/YOLO_Bounding_Box/Anthracnose/Anthracnose(214).txt,YOLO_Bounding_Box/Anthracnose/Anthracnose(214).txt,Anthracnose(214).txt,Anthracnose(214),anthracnose(214),.txt,689
label,Anthracnose,Anthracnose,/content/drive/MyDrive/Papaya_Leaf_Disease_Classification/YOLO_Bounding_Box/Anthracnose/Anthracnose(215).txt,YOLO_Bounding_Box/Anthracnose/Anthracnose(215).txt,Anthracnose(215).txt,Anthracnose(215),anthracnose(215),.txt,1305
label,Anthracnose,Anthracnose,/content/drive/MyDrive/Papaya_Leaf_Disease_Classification/YOLO_Bounding_Box/Anthracnose/Anthracnose(216).txt,YOLO_Bounding_Box/Anthracnose/Anthracnose(216).txt,Anthracnose(216).txt,Anthracnose(216),anthracnose(216),.txt,2311
label,Anthracnose,Anthracnose,/content/drive/MyDrive/Papaya_Leaf_Disease_Classification/YOLO_Bounding_Box/Anthracnose/Anthracnose(217).txt,YOLO_Bounding_Box/Anthracnose/Anthracnose(217).txt,Anthracnose(217).txt,Anthracnose(217),anthracnose(217),.txt,495
label,Anthracnose,Anthracnose,/content/drive/MyDrive/Papaya_Leaf_Disease_Classification/YOLO_Bounding_Box/Anthracnose/Anthracnose(218).txt,YOLO_Bounding_Box/Anthracnose/Anthracnose(218).txt,Anthracnose(218).txt,Anthracnose(218),anthracnose(218),.txt,268
label,Anthracnose,Anthracnose,/content/drive/MyDrive/Papaya_Leaf_Disease_Classification/YOLO_Bounding_Box/Anthracnose/Anthracnose(219).txt,YOLO_Bounding_Box/Anthracnose/Anthracnose(219).txt,Anthracnose(219).txt,Anthracnose(219),anthracnose(219),.txt,117
label,Anthracnose,Anthracnose,/content/drive/MyDrive/Papaya_Leaf_Disease_Classification/YOLO_Bounding_Box/Anthracnose/Anthracnose(22).txt,YOLO_Bounding_Box/Anthracnose/Anthracnose(22).txt,Anthracnose(22).txt,Anthracnose(22),anthracnose(22),.txt,497
label,Anthracnose,Anthracnose,/content/drive/MyDrive/Papaya_Leaf_Disease_Classification/YOLO_Bounding_Box/Anthracnose/Anthracnose(220).txt,YOLO_Bounding_Box/Anthracnose/Anthracnose(220).txt,Anthracnose(220).txt,Anthracnose(220),anthracnose(220),.txt,721
label,Anthracnose,Anthracnose,/content/drive/MyDrive/Papaya_Leaf_Disease_Classification/YOLO_Bounding_Box/Anthracnose/Anthracnose(221).txt,YOLO_Bounding_Box/Anthracnose/Anthracnose(221).txt,Anthracnose(221).txt,Anthracnose(221),anthracnose(221),.txt,654
label,Anthracnose,Anthracnose,/content/drive/MyDrive/Papaya_Leaf_Disease_Classification/YOLO_Bounding_Box/Anthracnose/Anthracnose(222).txt,YOLO_Bounding_Box/Anthracnose/Anthracnose(222).txt,Anthracnose(222).txt,Anthracnose(222),anthracnose(222),.txt,700
label,Anthracnose,Anthracnose,/content/drive/MyDrive/Papaya_Leaf_Disease_Classification/YOLO_Bounding_Box/Anthracnose/Anthracnose(223).txt,YOLO_Bounding_Box/Anthracnose/Anthracnose(223).txt,Anthracnose(223).txt,Anthracnose(223),anthracnose(223),.txt,2223
label,Anthracnose,Anthracnose,/content/drive/MyDrive/Papaya_Leaf_Disease_Classification/YOLO_Bounding_Box/Anthracnose/Anthracnose(224).txt,YOLO_Bounding_Box/Anthracnose/Anthracnose(224).txt,Anthracnose(224).txt,Anthracnose(224),anthracnose(224),.txt,662
label,Anthracnose,Anthracnose,/content/drive/MyDrive/Papaya_Leaf_Disease_Classification/YOLO_Bounding_Box/Anthracnose/Anthracnose(225).txt,YOLO_Bounding_Box/Anthracnose/Anthracnose(225).txt,Anthracnose(225).txt,Anthracnose(225),anthracnose(225),.txt,3446
label,Anthracnose,Anthracnose,/content/drive/MyDrive/Papaya_Leaf_Disease_Classification/YOLO_Bounding_Box/Anthracnose/Anthracnose(226).txt,YOLO_Bounding_Box/Anthracnose/Anthracnose(226).txt,Anthracnose(226).txt,Anthracnose(226),anthracnose(226),.txt,3232
label,Anthracnose,Anthracnose,/content/drive/MyDrive/Papaya_Leaf_Disease_Classification/YOLO_Bounding_Box/Anthracnose/Anthracnose(227).txt,YOLO_Bounding_Box/Anthracnose/Anthracnose(227).txt,Anthracnose(227).txt,Anthracnose(227),anthracnose(227),.txt,1025
label,Anthracnose,Anthracnose,/content/drive/MyDrive/Papaya_Leaf_Disease_Classification/YOLO_Bounding_Box/Anthracnose/Anthracnose(228).txt,YOLO_Bounding_Box/Anthracnose/Anthracnose(228).txt,Anthracnose(228).txt,Anthracnose(228),anthracnose(228),.txt,2678
label,Anthracnose,Anthracnose,/content/drive/MyDrive/Papaya_Leaf_Disease_Classification/YOLO_Bounding_Box/Anthracnose/Anthracnose(229).txt,YOLO_Bounding_Box/Anthracnose/Anthracnose(229).txt,Anthracnose(229).txt,Anthracnose(229),anthracnose(229),.txt,1741
label,Anthracnose,Anthracnose,/content/drive/MyDrive/Papaya_Leaf_Disease_Classification/YOLO_Bounding_Box/Anthracnose/Anthracnose(23).txt,YOLO_Bounding_Box/Anthracnose/Anthracnose(23).txt,Anthracnose(23).txt,Anthracnose(23),anthracnose(23),.txt,1017
label,Anthracnose,Anthracnose,/content/drive/MyDrive/Papaya_Leaf_Disease_Classification/YOLO_Bounding_Box/Anthracnose/Anthracnose(230).txt,YOLO_Bounding_Box/Anthracnose/Anthracnose(230).txt,Anthracnose(230).txt,Anthracnose(230),anthracnose(230),.txt,1182
label,Anthracnose,Anthracnose,/content/drive/MyDrive/Papaya_Leaf_Disease_Classification/YOLO_Bounding_Box/Anthracnose/Anthracnose(231).txt,YOLO_Bounding_Box/Anthracnose/Anthracnose(231).txt,Anthracnose(231).txt,Anthracnose(231),anthracnose(231),.txt,1846
label,Anthracnose,Anthracnose,/content/drive/MyDrive/Papaya_Leaf_Disease_Classification/YOLO_Bounding_Box/Anthracnose/Anthracnose(232).txt,YOLO_Bounding_Box/Anthracnose/Anthracnose(232).txt,Anthracnose(232).txt,Anthracnose(232),anthracnose(232),.txt,3983
label,Anthracnose,Anthracnose,/content/drive/MyDrive/Papaya_Leaf_Disease_Classification/YOLO_Bounding_Box/Anthracnose/Anthracnose(233).txt,YOLO_Bounding_Box/Anthracnose/Anthracnose(233).txt,Anthracnose(233).txt,Anthracnose(233),anthracnose(233),.txt,1759
label,Anthracnose,Anthracnose,/content/drive/MyDrive/Papaya_Leaf_Disease_Classification/YOLO_Bounding_Box/Anthracnose/Anthracnose(234).txt,YOLO_Bounding_Box/Anthracnose/Anthracnose(234).txt,Anthracnose(234).txt,Anthracnose(234),anthracnose(234),.txt,845
label,Anthracnose,Anthracnose,/content/drive/MyDrive/Papaya_Leaf_Disease_Classification/YOLO_Bounding_Box/Anthracnose/Anthracnose(235).txt,YOLO_Bounding_Box/Anthracnose/Anthracnose(235).txt,Anthracnose(235).txt,Anthracnose(235),anthracnose(235),.txt,80
label,Anthracnose,Anthracnose,/content/drive/MyDrive/Papaya_Leaf_Disease_Classification/YOLO_Bounding_Box/Anthracnose/Anthracnose(236).txt,YOLO_Bounding_Box/Anthracnose/Anthracnose(236).txt,Anthracnose(236).txt,Anthracnose(236),anthracnose(236),.txt,4841
label,Anthracnose,Anthracnose,/content/drive/MyDrive/Papaya_Leaf_Disease_Classification/YOLO_Bounding_Box/Anthracnose/Anthracnose(237).txt,YOLO_Bounding_Box/Anthracnose/Anthracnose(237).txt,Anthracnose(237).txt,Anthracnose(237),anthracnose(237),.txt,2655
label,Anthracnose,Anthracnose,/content/drive/MyDrive/Papaya_Leaf_Disease_Classification/YOLO_Bounding_Box/Anthracnose/Anthracnose(238).txt,YOLO_Bounding_Box/Anthracnose/Anthracnose(238).txt,Anthracnose(238).txt,Anthracnose(238),anthracnose(238),.txt,497
label,Anthracnose,Anthracnose,/content/drive/MyDrive/Papaya_Leaf_Disease_Classification/YOLO_Bounding_Box/Anthracnose/Anthracnose(239).txt,YOLO_Bounding_Box/Anthracnose/Anthracnose(239).txt,Anthracnose(239).txt,Anthracnose(239),anthracnose(239),.txt,2434
label,Anthracnose,Anthracnose,/content/drive/MyDrive/Papaya_Leaf_Disease_Classification/YOLO_Bounding_Box/Anthracnose/Anthracnose(24).txt,YOLO_Bounding_Box/Anthracnose/Anthracnose(24).txt,Anthracnose(24).txt,Anthracnose(24),anthracnose(24),.txt,299
label,Anthracnose,Anthracnose,/content/drive/MyDrive/Papaya_Leaf_Disease_Classification/YOLO_Bounding_Box/Anthracnose/Anthracnose(240).txt,YOLO_Bounding_Box/Anthracnose/Anthracnose(240).txt,Anthracnose(240).txt,Anthracnose(240),anthracnose(240),.txt,1444
label,Anthracnose,Anthracnose,/content/drive/MyDrive/Papaya_Leaf_Disease_Classification/YOLO_Bounding_Box/Anthracnose/Anthracnose(241).txt,YOLO_Bounding_Box/Anthracnose/Anthracnose(241).txt,Anthracnose(241).txt,Anthracnose(241),anthracnose(241),.txt,1485
label,Anthracnose,Anthracnose,/content/drive/MyDrive/Papaya_Leaf_Disease_Classification/YOLO_Bounding_Box/Anthracnose/Anthracnose(242).txt,YOLO_Bounding_Box/Anthracnose/Anthracnose(242).txt,Anthracnose(242).txt,Anthracnose(242),anthracnose(242),.txt,1390
label,Anthracnose,Anthracnose,/content/drive/MyDrive/Papaya_Leaf_Disease_Classification/YOLO_Bounding_Box/Anthracnose/Anthracnose(243).txt,YOLO_Bounding_Box/Anthracnose/Anthracnose(243).txt,Anthracnose(243).txt,Anthracnose(243),anthracnose(243),.txt,650
label,Anthracnose,Anthracnose,/content/drive/MyDrive/Papaya_Leaf_Disease_Classification/YOLO_Bounding_Box/Anthracnose/Anthracnose(244).txt,YOLO_Bounding_Box/Anthracnose/Anthracnose(244).txt,Anthracnose(244).txt,Anthracnose(244),anthracnose(244),.txt,1812
label,Anthracnose,Anthracnose,/content/drive/MyDrive/Papaya_Leaf_Disease_Classification/YOLO_Bounding_Box/Anthracnose/Anthracnose(245).txt,YOLO_Bounding_Box/Anthracnose/Anthracnose(245).txt,Anthracnose(245).txt,Anthracnose(245),anthracnose(245),.txt,1160
label,Anthracnose,Anthracnose,/content/drive/MyDrive/Papaya_Leaf_Disease_Classification/YOLO_Bounding_Box/Anthracnose/Anthracnose(246).txt,YOLO_Bounding_Box/Anthracnose/Anthracnose(246).txt,Anthracnose(246).txt,Anthracnose(246),anthracnose(246),.txt,1684
label,Anthracnose,Anthracnose,/content/drive/MyDrive/Papaya_Leaf_Disease_Classification/YOLO_Bounding_Box/Anthracnose/Anthracnose(247).txt,YOLO_Bounding_Box/Anthracnose/Anthracnose(247).txt,Anthracnose(247).txt,Anthracnose(247),anthracnose(247),.txt,891
label,Anthracnose,Anthracnose,/content/drive/MyDrive/Papaya_Leaf_Disease_Classification/YOLO_Bounding_Box/Anthracnose/Anthracnose(248).txt,YOLO_Bounding_Box/Anthracnose/Anthracnose(248).txt,Anthracnose(248).txt,Anthracnose(248),anthracnose(248),.txt,1455
label,Anthracnose,Anthracnose,/content/drive/MyDrive/Papaya_Leaf_Disease_Classification/YOLO_Bounding_Box/Anthracnose/Anthracnose(249).txt,YOLO_Bounding_Box/Anthracnose/Anthracnose(249).txt,Anthracnose(249).txt,Anthracnose(249),anthracnose(249),.txt,1295
label,Anthracnose,Anthracnose,/content/drive/MyDrive/Papaya_Leaf_Disease_Classification/YOLO_Bounding_Box/Anthracnose/Anthracnose(25).txt,YOLO_Bounding_Box/Anthracnose/Anthracnose(25).txt,Anthracnose(25).txt,Anthracnose(25),anthracnose(25),.txt,701
label,Anthracnose,Anthracnose,/content/drive/MyDrive/Papaya_Leaf_Disease_Classification/YOLO_Bounding_Box/Anthracnose/Anthracnose(250).txt,YOLO_Bounding_Box/Anthracnose/Anthracnose(250).txt,Anthracnose(250).txt,Anthracnose(250),anthracnose(250),.txt,381
label,Anthracnose,Anthracnose,/content/drive/MyDrive/Papaya_Leaf_Disease_Classification/YOLO_Bounding_Box/Anthracnose/Anthracnose(251).txt,YOLO_Bounding_Box/Anthracnose/Anthracnose(251).txt,Anthracnose(251).txt,Anthracnose(251),anthracnose(251),.txt,920
label,Anthracnose,Anthracnose,/content/drive/MyDrive/Papaya_Leaf_Disease_Classification/YOLO_Bounding_Box/Anthracnose/Anthracnose(252).txt,YOLO_Bounding_Box/Anthracnose/Anthracnose(252).txt,Anthracnose(252).txt,Anthracnose(252),anthracnose(252),.txt,1348
label,Anthracnose,Anthracnose,/content/drive/MyDrive/Papaya_Leaf_Disease_Classification/YOLO_Bounding_Box/Anthracnose/Anthracnose(253).txt,YOLO_Bounding_Box/Anthracnose/Anthracnose(253).txt,Anthracnose(253).txt,Anthracnose(253),anthracnose(253),.txt,826
label,Anthracnose,Anthracnose,/content/drive/MyDrive/Papaya_Leaf_Disease_Classification/YOLO_Bounding_Box/Anthracnose/Anthracnose(254).txt,YOLO_Bounding_Box/Anthracnose/Anthracnose(254).txt,Anthracnose(254).txt,Anthracnose(254),anthracnose(254),.txt,1162
label,Anthracnose,Anthracnose,/content/drive/MyDrive/Papaya_Leaf_Disease_Classification/YOLO_Bounding_Box/Anthracnose/Anthracnose(255).txt,YOLO_Bounding_Box/Anthracnose/Anthracnose(255).txt,Anthracnose(255).txt,Anthracnose(255),anthracnose(255),.txt,1228
label,Anthracnose,Anthracnose,/content/drive/MyDrive/Papaya_Leaf_Disease_Classification/YOLO_Bounding_Box/Anthracnose/Anthracnose(256).txt,YOLO_Bounding_Box/Anthracnose/Anthracnose(256).txt,Anthracnose(256).txt,Anthracnose(256),anthracnose(256),.txt,38
label,Anthracnose,Anthracnose,/content/drive/MyDrive/Papaya_Leaf_Disease_Classification/YOLO_Bounding_Box/Anthracnose/Anthracnose(257).txt,YOLO_Bounding_Box/Anthracnose/Anthracnose(257).txt,Anthracnose(257).txt,Anthracnose(257),anthracnose(257),.txt,93
label,Anthracnose,Anthracnose,/content/drive/MyDrive/Papaya_Leaf_Disease_Classification/YOLO_Bounding_Box/Anthracnose/Anthracnose(258).txt,YOLO_Bounding_Box/Anthracnose/Anthracnose(258).txt,Anthracnose(258).txt,Anthracnose(258),anthracnose(258),.txt,1269
label,Anthracnose,Anthracnose,/content/drive/MyDrive/Papaya_Leaf_Disease_Classification/YOLO_Bounding_Box/Anthracnose/Anthracnose(259).txt,YOLO_Bounding_Box/Anthracnose/Anthracnose(259).txt,Anthracnose(259).txt,Anthracnose(259),anthracnose(259),.txt,709
label,Anthracnose,Anthracnose,/content/drive/MyDrive/Papaya_Leaf_Disease_Classification/YOLO_Bounding_Box/Anthracnose/Anthracnose(26).txt,YOLO_Bounding_Box/Anthracnose/Anthracnose(26).txt,Anthracnose(26).txt,Anthracnose(26),anthracnose(26),.txt,1629
label,Anthracnose,Anthracnose,/content/drive/MyDrive/Papaya_Leaf_Disease_Classification/YOLO_Bounding_Box/Anthracnose/Anthracnose(260).txt,YOLO_Bounding_Box/Anthracnose/Anthracnose(260).txt,Anthracnose(260).txt,Anthracnose(260),anthracnose(260),.txt,961
label,Anthracnose,Anthracnose,/content/drive/MyDrive/Papaya_Leaf_Disease_Classification/YOLO_Bounding_Box/Anthracnose/Anthracnose(261).txt,YOLO_Bounding_Box/Anthracnose/Anthracnose(261).txt,Anthracnose(261).txt,Anthracnose(261),anthracnose(261),.txt,1436
label,Anthracnose,Anthracnose,/content/drive/MyDrive/Papaya_Leaf_Disease_Classification/YOLO_Bounding_Box/Anthracnose/Anthracnose(262).txt,YOLO_Bounding_Box/Anthracnose/Anthracnose(262).txt,Anthracnose(262).txt,Anthracnose(262),anthracnose(262),.txt,1524
label,Anthracnose,Anthracnose,/content/drive/MyDrive/Papaya_Leaf_Disease_Classification/YOLO_Bounding_Box/Anthracnose/Anthracnose(263).txt,YOLO_Bounding_Box/Anthracnose/Anthracnose(263).txt,Anthracnose(263).txt,Anthracnose(263),anthracnose(263),.txt,1230
label,Anthracnose,Anthracnose,/content/drive/MyDrive/Papaya_Leaf_Disease_Classification/YOLO_Bounding_Box/Anthracnose/Anthracnose(264).txt,YOLO_Bounding_Box/Anthracnose/Anthracnose(264).txt,Anthracnose(264).txt,Anthracnose(264),anthracnose(264),.txt,806
label,Anthracnose,Anthracnose,/content/drive/MyDrive/Papaya_Leaf_Disease_Classification/YOLO_Bounding_Box/Anthracnose/Anthracnose(265).txt,YOLO_Bounding_Box/Anthracnose/Anthracnose(265).txt,Anthracnose(265).txt,Anthracnose(265),anthracnose(265),.txt,699
label,Anthracnose,Anthracnose,/content/drive/MyDrive/Papaya_Leaf_Disease_Classification/YOLO_Bounding_Box/Anthracnose/Anthracnose(266).txt,YOLO_Bounding_Box/Anthracnose/Anthracnose(266).txt,Anthracnose(266).txt,Anthracnose(266),anthracnose(266),.txt,2899
label,Anthracnose,Anthracnose,/content/drive/MyDrive/Papaya_Leaf_Disease_Classification/YOLO_Bounding_Box/Anthracnose/Anthracnose(267).txt,YOLO_Bounding_Box/Anthracnose/Anthracnose(267).txt,Anthracnose(267).txt,Anthracnose(267),anthracnose(267),.txt,1718
label,Anthracnose,Anthracnose,/content/drive/MyDrive/Papaya_Leaf_Disease_Classification/YOLO_Bounding_Box/Anthracnose/Anthracnose(268).txt,YOLO_Bounding_Box/Anthracnose/Anthracnose(268).txt,Anthracnose(268).txt,Anthracnose(268),anthracnose(268),.txt,4049
label,Anthracnose,Anthracnose,/content/drive/MyDrive/Papaya_Leaf_Disease_Classification/YOLO_Bounding_Box/Anthracnose/Anthracnose(269).txt,YOLO_Bounding_Box/Anthracnose/Anthracnose(269).txt,Anthracnose(269).txt,Anthracnose(269),anthracnose(269),.txt,691
label,Anthracnose,Anthracnose,/content/drive/MyDrive/Papaya_Leaf_Disease_Classification/YOLO_Bounding_Box/Anthracnose/Anthracnose(27).txt,YOLO_Bounding_Box/Anthracnose/Anthracnose(27).txt,Anthracnose(27).txt,Anthracnose(27),anthracnose(27),.txt,1605
label,Anthracnose,Anthracnose,/content/drive/MyDrive/Papaya_Leaf_Disease_Classification/YOLO_Bounding_Box/Anthracnose/Anthracnose(270).txt,YOLO_Bounding_Box/Anthracnose/Anthracnose(270).txt,Anthracnose(270).txt,Anthracnose(270),anthracnose(270),.txt,2847
label,Anthracnose,Anthracnose,/content/drive/MyDrive/Papaya_Leaf_Disease_Classification/YOLO_Bounding_Box/Anthracnose/Anthracnose(271).txt,YOLO_Bounding_Box/Anthracnose/Anthracnose(271).txt,Anthracnose(271).txt,Anthracnose(271),anthracnose(271),.txt,2158
label,Anthracnose,Anthracnose,/content/drive/MyDrive/Papaya_Leaf_Disease_Classification/YOLO_Bounding_Box/Anthracnose/Anthracnose(272).txt,YOLO_Bounding_Box/Anthracnose/Anthracnose(272).txt,Anthracnose(272).txt,Anthracnose(272),anthracnose(272),.txt,986
label,Anthracnose,Anthracnose,/content/drive/MyDrive/Papaya_Leaf_Disease_Classification/YOLO_Bounding_Box/Anthracnose/Anthracnose(273).txt,YOLO_Bounding_Box/Anthracnose/Anthracnose(273).txt,Anthracnose(273).txt,Anthracnose(273),anthracnose(273),.txt,1190
label,Anthracnose,Anthracnose,/content/drive/MyDrive/Papaya_Leaf_Disease_Classification/YOLO_Bounding_Box/Anthracnose/Anthracnose(274).txt,YOLO_Bounding_Box/Anthracnose/Anthracnose(274).txt,Anthracnose(274).txt,Anthracnose(274),anthracnose(274),.txt,791
label,Anthracnose,Anthracnose,/content/drive/MyDrive/Papaya_Leaf_Disease_Classification/YOLO_Bounding_Box/Anthracnose/Anthracnose(275).txt,YOLO_Bounding_Box/Anthracnose/Anthracnose(275).txt,Anthracnose(275).txt,Anthracnose(275),anthracnose(275),.txt,1241
label,Anthracnose,Anthracnose,/content/drive/MyDrive/Papaya_Leaf_Disease_Classification/YOLO_Bounding_Box/Anthracnose/Anthracnose(276).txt,YOLO_Bounding_Box/Anthracnose/Anthracnose(276).txt,Anthracnose(276).txt,Anthracnose(276),anthracnose(276),.txt,1895
label,Anthracnose,Anthracnose,/content/drive/MyDrive/Papaya_Leaf_Disease_Classification/YOLO_Bounding_Box/Anthracnose/Anthracnose(277).txt,YOLO_Bounding_Box/Anthracnose/Anthracnose(277).txt,Anthracnose(277).txt,Anthracnose(277),anthracnose(277),.txt,1093
label,Anthracnose,Anthracnose,/content/drive/MyDrive/Papaya_Leaf_Disease_Classification/YOLO_Bounding_Box/Anthracnose/Anthracnose(278).txt,YOLO_Bounding_Box/Anthracnose/Anthracnose(278).txt,Anthracnose(278).txt,Anthracnose(278),anthracnose(278),.txt,1532
label,Anthracnose,Anthracnose,/content/drive/MyDrive/Papaya_Leaf_Disease_Classification/YOLO_Bounding_Box/Anthracnose/Anthracnose(279).txt,YOLO_Bounding_Box/Anthracnose/Anthracnose(279).txt,Anthracnose(279).txt,Anthracnose(279),anthracnose(279),.txt,2374
label,Anthracnose,Anthracnose,/content/drive/MyDrive/Papaya_Leaf_Disease_Classification/YOLO_Bounding_Box/Anthracnose/Anthracnose(28).txt,YOLO_Bounding_Box/Anthracnose/Anthracnose(28).txt,Anthracnose(28).txt,Anthracnose(28),anthracnose(28),.txt,4565
label,Anthracnose,Anthracnose,/content/drive/MyDrive/Papaya_Leaf_Disease_Classification/YOLO_Bounding_Box/Anthracnose/Anthracnose(280).txt,YOLO_Bounding_Box/Anthracnose/Anthracnose(280).txt,Anthracnose(280).txt,Anthracnose(280),anthracnose(280),.txt,3084
label,Anthracnose,Anthracnose,/content/drive/MyDrive/Papaya_Leaf_Disease_Classification/YOLO_Bounding_Box/Anthracnose/Anthracnose(281).txt,YOLO_Bounding_Box/Anthracnose/Anthracnose(281).txt,Anthracnose(281).txt,Anthracnose(281),anthracnose(281),.txt,1602
label,Anthracnose,Anthracnose,/content/drive/MyDrive/Papaya_Leaf_Disease_Classification/YOLO_Bounding_Box/Anthracnose/Anthracnose(282).txt,YOLO_Bounding_Box/Anthracnose/Anthracnose(282).txt,Anthracnose(282).txt,Anthracnose(282),anthracnose(282),.txt,1982
label,Anthracnose,Anthracnose,/content/drive/MyDrive/Papaya_Leaf_Disease_Classification/YOLO_Bounding_Box/Anthracnose/Anthracnose(283).txt,YOLO_Bounding_Box/Anthracnose/Anthracnose(283).txt,Anthracnose(283).txt,Anthracnose(283),anthracnose(283),.txt,1608
label,Anthracnose,Anthracnose,/content/drive/MyDrive/Papaya_Leaf_Disease_Classification/YOLO_Bounding_Box/Anthracnose/Anthracnose(284).txt,YOLO_Bounding_Box/Anthracnose/Anthracnose(284).txt,Anthracnose(284).txt,Anthracnose(284),anthracnose(284),.txt,1841
label,Anthracnose,Anthracnose,/content/drive/MyDrive/Papaya_Leaf_Disease_Classification/YOLO_Bounding_Box/Anthracnose/Anthracnose(285).txt,YOLO_Bounding_Box/Anthracnose/Anthracnose(285).txt,Anthracnose(285).txt,Anthracnose(285),anthracnose(285),.txt,2160
label,Anthracnose,Anthracnose,/content/drive/MyDrive/Papaya_Leaf_Disease_Classification/YOLO_Bounding_Box/Anthracnose/Anthracnose(286).txt,YOLO_Bounding_Box/Anthracnose/Anthracnose(286).txt,Anthracnose(286).txt,Anthracnose(286),anthracnose(286),.txt,2688
label,Anthracnose,Anthracnose,/content/drive/MyDrive/Papaya_Leaf_Disease_Classification/YOLO_Bounding_Box/Anthracnose/Anthracnose(287).txt,YOLO_Bounding_Box/Anthracnose/Anthracnose(287).txt,Anthracnose(287).txt,Anthracnose(287),anthracnose(287),.txt,3608
label,Anthracnose,Anthracnose,/content/drive/MyDrive/Papaya_Leaf_Disease_Classification/YOLO_Bounding_Box/Anthracnose/Anthracnose(288).txt,YOLO_Bounding_Box/Anthracnose/Anthracnose(288).txt,Anthracnose(288).txt,Anthracnose(288),anthracnose(288),.txt,1046
label,Anthracnose,Anthracnose,/content/drive/MyDrive/Papaya_Leaf_Disease_Classification/YOLO_Bounding_Box/Anthracnose/Anthracnose(289).txt,YOLO_Bounding_Box/Anthracnose/Anthracnose(289).txt,Anthracnose(289).txt,Anthracnose(289),anthracnose(289),.txt,620
label,Anthracnose,Anthracnose,/content/drive/MyDrive/Papaya_Leaf_Disease_Classification/YOLO_Bounding_Box/Anthracnose/Anthracnose(29).txt,YOLO_Bounding_Box/Anthracnose/Anthracnose(29).txt,Anthracnose(29).txt,Anthracnose(29),anthracnose(29),.txt,1330
label,Anthracnose,Anthracnose,/content/drive/MyDrive/Papaya_Leaf_Disease_Classification/YOLO_Bounding_Box/Anthracnose/Anthracnose(290).txt,YOLO_Bounding_Box/Anthracnose/Anthracnose(290).txt,Anthracnose(290).txt,Anthracnose(290),anthracnose(290),.txt,628
label,Anthracnose,Anthracnose,/content/drive/MyDrive/Papaya_Leaf_Disease_Classification/YOLO_Bounding_Box/Anthracnose/Anthracnose(291).txt,YOLO_Bounding_Box/Anthracnose/Anthracnose(291).txt,Anthracnose(291).txt,Anthracnose(291),anthracnose(291),.txt,908
label,Anthracnose,Anthracnose,/content/drive/MyDrive/Papaya_Leaf_Disease_Classification/YOLO_Bounding_Box/Anthracnose/Anthracnose(292).txt,YOLO_Bounding_Box/Anthracnose/Anthracnose(292).txt,Anthracnose(292).txt,Anthracnose(292),anthracnose(292),.txt,468
label,Anthracnose,Anthracnose,/content/drive/MyDrive/Papaya_Leaf_Disease_Classification/YOLO_Bounding_Box/Anthracnose/Anthracnose(293).txt,YOLO_Bounding_Box/Anthracnose/Anthracnose(293).txt,Anthracnose(293).txt,Anthracnose(293),anthracnose(293),.txt,1017
label,Anthracnose,Anthracnose,/content/drive/MyDrive/Papaya_Leaf_Disease_Classification/YOLO_Bounding_Box/Anthracnose/Anthracnose(294).txt,YOLO_Bounding_Box/Anthracnose/Anthracnose(294).txt,Anthracnose(294).txt,Anthracnose(294),anthracnose(294),.txt,436
label,Anthracnose,Anthracnose,/content/drive/MyDrive/Papaya_Leaf_Disease_Classification/YOLO_Bounding_Box/Anthracnose/Anthracnose(295).txt,YOLO_Bounding_Box/Anthracnose/Anthracnose(295).txt,Anthracnose(295).txt,Anthracnose(295),anthracnose(295),.txt,1139
label,Anthracnose,Anthracnose,/content/drive/MyDrive/Papaya_Leaf_Disease_Classification/YOLO_Bounding_Box/Anthracnose/Anthracnose(296).txt,YOLO_Bounding_Box/Anthracnose/Anthracnose(296).txt,Anthracnose(296).txt,Anthracnose(296),anthracnose(296),.txt,1682
label,Anthracnose,Anthracnose,/content/drive/MyDrive/Papaya_Leaf_Disease_Classification/YOLO_Bounding_Box/Anthracnose/Anthracnose(297).txt,YOLO_Bounding_Box/Anthracnose/Anthracnose(297).txt,Anthracnose(297).txt,Anthracnose(297),anthracnose(297),.txt,2319
label,Anthracnose,Anthracnose,/content/drive/MyDrive/Papaya_Leaf_Disease_Classification/YOLO_Bounding_Box/Anthracnose/Anthracnose(298).txt,YOLO_Bounding_Box/Anthracnose/Anthracnose(298).txt,Anthracnose(298).txt,Anthracnose(298),anthracnose(298),.txt,3084
label,Anthracnose,Anthracnose,/content/drive/MyDrive/Papaya_Leaf_Disease_Classification/YOLO_Bounding_Box/Anthracnose/Anthracnose(299).txt,YOLO_Bounding_Box/Anthracnose/Anthracnose(299).txt,Anthracnose(299).txt,Anthracnose(299),anthracnose(299),.txt,1219
label,Anthracnose,Anthracnose,/content/drive/MyDrive/Papaya_Leaf_Disease_Classification/YOLO_Bounding_Box/Anthracnose/Anthracnose(3).txt,YOLO_Bounding_Box/Anthracnose/Anthracnose(3).txt,Anthracnose(3).txt,Anthracnose(3),anthracnose(3),.txt,240
label,Anthracnose,Anthracnose,/content/drive/MyDrive/Papaya_Leaf_Disease_Classification/YOLO_Bounding_Box/Anthracnose/Anthracnose(30).txt,YOLO_Bounding_Box/Anthracnose/Anthracnose(30).txt,Anthracnose(30).txt,Anthracnose(30),anthracnose(30),.txt,1816
label,Anthracnose,Anthracnose,/content/drive/MyDrive/Papaya_Leaf_Disease_Classification/YOLO_Bounding_Box/Anthracnose/Anthracnose(300).txt,YOLO_Bounding_Box/Anthracnose/Anthracnose(300).txt,Anthracnose(300).txt,Anthracnose(300),anthracnose(300),.txt,3545
label,Anthracnose,Anthracnose,/content/drive/MyDrive/Papaya_Leaf_Disease_Classification/YOLO_Bounding_Box/Anthracnose/Anthracnose(301).txt,YOLO_Bounding_Box/Anthracnose/Anthracnose(301).txt,Anthracnose(301).txt,Anthracnose(301),anthracnose(301),.txt,2441
label,Anthracnose,Anthracnose,/content/drive/MyDrive/Papaya_Leaf_Disease_Classification/YOLO_Bounding_Box/Anthracnose/Anthracnose(302).txt,YOLO_Bounding_Box/Anthracnose/Anthracnose(302).txt,Anthracnose(302).txt,Anthracnose(302),anthracnose(302),.txt,721
label,Anthracnose,Anthracnose,/content/drive/MyDrive/Papaya_Leaf_Disease_Classification/YOLO_Bounding_Box/Anthracnose/Anthracnose(303).txt,YOLO_Bounding_Box/Anthracnose/Anthracnose(303).txt,Anthracnose(303).txt,Anthracnose(303),anthracnose(303),.txt,3393
label,Anthracnose,Anthracnose,/content/drive/MyDrive/Papaya_Leaf_Disease_Classification/YOLO_Bounding_Box/Anthracnose/Anthracnose(304).txt,YOLO_Bounding_Box/Anthracnose/Anthracnose(304).txt,Anthracnose(304).txt,Anthracnose(304),anthracnose(304),.txt,2485
label,Anthracnose,Anthracnose,/content/drive/MyDrive/Papaya_Leaf_Disease_Classification/YOLO_Bounding_Box/Anthracnose/Anthracnose(305).txt,YOLO_Bounding_Box/Anthracnose/Anthracnose(305).txt,Anthracnose(305).txt,Anthracnose(305),anthracnose(305),.txt,2190
label,Anthracnose,Anthracnose,/content/drive/MyDrive/Papaya_Leaf_Disease_Classification/YOLO_Bounding_Box/Anthracnose/Anthracnose(306).txt,YOLO_Bounding_Box/Anthracnose/Anthracnose(306).txt,Anthracnose(306).txt,Anthracnose(306),anthracnose(306),.txt,3508
label,Anthracnose,Anthracnose,/content/drive/MyDrive/Papaya_Leaf_Disease_Classification/YOLO_Bounding_Box/Anthracnose/Anthracnose(307).txt,YOLO_Bounding_Box/Anthracnose/Anthracnose(307).txt,Anthracnose(307).txt,Anthracnose(307),anthracnose(307),.txt,1546
label,Anthracnose,Anthracnose,/content/drive/MyDrive/Papaya_Leaf_Disease_Classification/YOLO_Bounding_Box/Anthracnose/Anthracnose(308).txt,YOLO_Bounding_Box/Anthracnose/Anthracnose(308).txt,Anthracnose(308).txt,Anthracnose(308),anthracnose(308),.txt,145
label,Anthracnose,Anthracnose,/content/drive/MyDrive/Papaya_Leaf_Disease_Classification/YOLO_Bounding_Box/Anthracnose/Anthracnose(309).txt,YOLO_Bounding_Box/Anthracnose/Anthracnose(309).txt,Anthracnose(309).txt,Anthracnose(309),anthracnose(309),.txt,1155
label,Anthracnose,Anthracnose,/content/drive/MyDrive/Papaya_Leaf_Disease_Classification/YOLO_Bounding_Box/Anthracnose/Anthracnose(31).txt,YOLO_Bounding_Box/Anthracnose/Anthracnose(31).txt,Anthracnose(31).txt,Anthracnose(31),anthracnose(31),.txt,2420
label,Anthracnose,Anthracnose,/content/drive/MyDrive/Papaya_Leaf_Disease_Classification/YOLO_Bounding_Box/Anthracnose/Anthracnose(310).txt,YOLO_Bounding_Box/Anthracnose/Anthracnose(310).txt,Anthracnose(310).txt,Anthracnose(310),anthracnose(310),.txt,394
label,Anthracnose,Anthracnose,/content/drive/MyDrive/Papaya_Leaf_Disease_Classification/YOLO_Bounding_Box/Anthracnose/Anthracnose(311).txt,YOLO_Bounding_Box/Anthracnose/Anthracnose(311).txt,Anthracnose(311).txt,Anthracnose(311),anthracnose(311),.txt,1519
label,Anthracnose,Anthracnose,/content/drive/MyDrive/Papaya_Leaf_Disease_Classification/YOLO_Bounding_Box/Anthracnose/Anthracnose(312).txt,YOLO_Bounding_Box/Anthracnose/Anthracnose(312).txt,Anthracnose(312).txt,Anthracnose(312),anthracnose(312),.txt,1725
label,Anthracnose,Anthracnose,/content/drive/MyDrive/Papaya_Leaf_Disease_Classification/YOLO_Bounding_Box/Anthracnose/Anthracnose(313).txt,YOLO_Bounding_Box/Anthracnose/Anthracnose(313).txt,Anthracnose(313).txt,Anthracnose(313),anthracnose(313),.txt,319
label,Anthracnose,Anthracnose,/content/drive/MyDrive/Papaya_Leaf_Disease_Classification/YOLO_Bounding_Box/Anthracnose/Anthracnose(314).txt,YOLO_Bounding_Box/Anthracnose/Anthracnose(314).txt,Anthracnose(314).txt,Anthracnose(314),anthracnose(314),.txt,1039
label,Anthracnose,Anthracnose,/content/drive/MyDrive/Papaya_Leaf_Disease_Classification/YOLO_Bounding_Box/Anthracnose/Anthracnose(315).txt,YOLO_Bounding_Box/Anthracnose/Anthracnose(315).txt,Anthracnose(315).txt,Anthracnose(315),anthracnose(315),.txt,603
label,Anthracnose,Anthracnose,/content/drive/MyDrive/Papaya_Leaf_Disease_Classification/YOLO_Bounding_Box/Anthracnose/Anthracnose(316).txt,YOLO_Bounding_Box/Anthracnose/Anthracnose(316).txt,Anthracnose(316).txt,Anthracnose(316),anthracnose(316),.txt,760
label,Anthracnose,Anthracnose,/content/drive/MyDrive/Papaya_Leaf_Disease_Classification/YOLO_Bounding_Box/Anthracnose/Anthracnose(317).txt,YOLO_Bounding_Box/Anthracnose/Anthracnose(317).txt,Anthracnose(317).txt,Anthracnose(317),anthracnose(317),.txt,135
label,Anthracnose,Anthracnose,/content/drive/MyDrive/Papaya_Leaf_Disease_Classification/YOLO_Bounding_Box/Anthracnose/Anthracnose(318).txt,YOLO_Bounding_Box/Anthracnose/Anthracnose(318).txt,Anthracnose(318).txt,Anthracnose(318),anthracnose(318),.txt,393
label,Anthracnose,Anthracnose,/content/drive/MyDrive/Papaya_Leaf_Disease_Classification/YOLO_Bounding_Box/Anthracnose/Anthracnose(319).txt,YOLO_Bounding_Box/Anthracnose/Anthracnose(319).txt,Anthracnose(319).txt,Anthracnose(319),anthracnose(319),.txt,344
label,Anthracnose,Anthracnose,/content/drive/MyDrive/Papaya_Leaf_Disease_Classification/YOLO_Bounding_Box/Anthracnose/Anthracnose(32).txt,YOLO_Bounding_Box/Anthracnose/Anthracnose(32).txt,Anthracnose(32).txt,Anthracnose(32),anthracnose(32),.txt,956
label,Anthracnose,Anthracnose,/content/drive/MyDrive/Papaya_Leaf_Disease_Classification/YOLO_Bounding_Box/Anthracnose/Anthracnose(320).txt,YOLO_Bounding_Box/Anthracnose/Anthracnose(320).txt,Anthracnose(320).txt,Anthracnose(320),anthracnose(320),.txt,380
label,Anthracnose,Anthracnose,/content/drive/MyDrive/Papaya_Leaf_Disease_Classification/YOLO_Bounding_Box/Anthracnose/Anthracnose(321).txt,YOLO_Bounding_Box/Anthracnose/Anthracnose(321).txt,Anthracnose(321).txt,Anthracnose(321),anthracnose(321),.txt,235
label,Anthracnose,Anthracnose,/content/drive/MyDrive/Papaya_Leaf_Disease_Classification/YOLO_Bounding_Box/Anthracnose/Anthracnose(322).txt,YOLO_Bounding_Box/Anthracnose/Anthracnose(322).txt,Anthracnose(322).txt,Anthracnose(322),anthracnose(322),.txt,794
label,Anthracnose,Anthracnose,/content/drive/MyDrive/Papaya_Leaf_Disease_Classification/YOLO_Bounding_Box/Anthracnose/Anthracnose(323).txt,YOLO_Bounding_Box/Anthracnose/Anthracnose(323).txt,Anthracnose(323).txt,Anthracnose(323),anthracnose(323),.txt,980
label,Anthracnose,Anthracnose,/content/drive/MyDrive/Papaya_Leaf_Disease_Classification/YOLO_Bounding_Box/Anthracnose/Anthracnose(324).txt,YOLO_Bounding_Box/Anthracnose/Anthracnose(324).txt,Anthracnose(324).txt,Anthracnose(324),anthracnose(324),.txt,736
label,Anthracnose,Anthracnose,/content/drive/MyDrive/Papaya_Leaf_Disease_Classification/YOLO_Bounding_Box/Anthracnose/Anthracnose(325).txt,YOLO_Bounding_Box/Anthracnose/Anthracnose(325).txt,Anthracnose(325).txt,Anthracnose(325),anthracnose(325),.txt,808
label,Anthracnose,Anthracnose,/content/drive/MyDrive/Papaya_Leaf_Disease_Classification/YOLO_Bounding_Box/Anthracnose/Anthracnose(326).txt,YOLO_Bounding_Box/Anthracnose/Anthracnose(326).txt,Anthracnose(326).txt,Anthracnose(326),anthracnose(326),.txt,861
label,Anthracnose,Anthracnose,/content/drive/MyDrive/Papaya_Leaf_Disease_Classification/YOLO_Bounding_Box/Anthracnose/Anthracnose(327).txt,YOLO_Bounding_Box/Anthracnose/Anthracnose(327).txt,Anthracnose(327).txt,Anthracnose(327),anthracnose(327),.txt,542
label,Anthracnose,Anthracnose,/content/drive/MyDrive/Papaya_Leaf_Disease_Classification/YOLO_Bounding_Box/Anthracnose/Anthracnose(328).txt,YOLO_Bounding_Box/Anthracnose/Anthracnose(328).txt,Anthracnose(328).txt,Anthracnose(328),anthracnose(328),.txt,646
label,Anthracnose,Anthracnose,/content/drive/MyDrive/Papaya_Leaf_Disease_Classification/YOLO_Bounding_Box/Anthracnose/Anthracnose(329).txt,YOLO_Bounding_Box/Anthracnose/Anthracnose(329).txt,Anthracnose(329).txt,Anthracnose(329),anthracnose(329),.txt,38
label,Anthracnose,Anthracnose,/content/drive/MyDrive/Papaya_Leaf_Disease_Classification/YOLO_Bounding_Box/Anthracnose/Anthracnose(33).txt,YOLO_Bounding_Box/Anthracnose/Anthracnose(33).txt,Anthracnose(33).txt,Anthracnose(33),anthracnose(33),.txt,62
label,Anthracnose,Anthracnose,/content/drive/MyDrive/Papaya_Leaf_Disease_Classification/YOLO_Bounding_Box/Anthracnose/Anthracnose(330).txt,YOLO_Bounding_Box/Anthracnose/Anthracnose(330).txt,Anthracnose(330).txt,Anthracnose(330),anthracnose(330),.txt,60
label,Anthracnose,Anthracnose,/content/drive/MyDrive/Papaya_Leaf_Disease_Classification/YOLO_Bounding_Box/Anthracnose/Anthracnose(331).txt,YOLO_Bounding_Box/Anthracnose/Anthracnose(331).txt,Anthracnose(331).txt,Anthracnose(331),anthracnose(331),.txt,437
label,Anthracnose,Anthracnose,/content/drive/MyDrive/Papaya_Leaf_Disease_Classification/YOLO_Bounding_Box/Anthracnose/Anthracnose(332).txt,YOLO_Bounding_Box/Anthracnose/Anthracnose(332).txt,Anthracnose(332).txt,Anthracnose(332),anthracnose(332),.txt,482
label,Anthracnose,Anthracnose,/content/drive/MyDrive/Papaya_Leaf_Disease_Classification/YOLO_Bounding_Box/Anthracnose/Anthracnose(333).txt,YOLO_Bounding_Box/Anthracnose/Anthracnose(333).txt,Anthracnose(333).txt,Anthracnose(333),anthracnose(333),.txt,352
label,Anthracnose,Anthracnose,/content/drive/MyDrive/Papaya_Leaf_Disease_Classification/YOLO_Bounding_Box/Anthracnose/Anthracnose(334).txt,YOLO_Bounding_Box/Anthracnose/Anthracnose(334).txt,Anthracnose(334).txt,Anthracnose(334),anthracnose(334),.txt,660
label,Anthracnose,Anthracnose,/content/drive/MyDrive/Papaya_Leaf_Disease_Classification/YOLO_Bounding_Box/Anthracnose/Anthracnose(335).txt,YOLO_Bounding_Box/Anthracnose/Anthracnose(335).txt,Anthracnose(335).txt,Anthracnose(335),anthracnose(335),.txt,181
label,Anthracnose,Anthracnose,/content/drive/MyDrive/Papaya_Leaf_Disease_Classification/YOLO_Bounding_Box/Anthracnose/Anthracnose(336).txt,YOLO_Bounding_Box/Anthracnose/Anthracnose(336).txt,Anthracnose(336).txt,Anthracnose(336),anthracnose(336),.txt,375
label,Anthracnose,Anthracnose,/content/drive/MyDrive/Papaya_Leaf_Disease_Classification/YOLO_Bounding_Box/Anthracnose/Anthracnose(337).txt,YOLO_Bounding_Box/Anthracnose/Anthracnose(337).txt,Anthracnose(337).txt,Anthracnose(337),anthracnose(337),.txt,61
label,Anthracnose,Anthracnose,/content/drive/MyDrive/Papaya_Leaf_Disease_Classification/YOLO_Bounding_Box/Anthracnose/Anthracnose(338).txt,YOLO_Bounding_Box/Anthracnose/Anthracnose(338).txt,Anthracnose(338).txt,Anthracnose(338),anthracnose(338),.txt,64
label,Anthracnose,Anthracnose,/content/drive/MyDrive/Papaya_Leaf_Disease_Classification/YOLO_Bounding_Box/Anthracnose/Anthracnose(339).txt,YOLO_Bounding_Box/Anthracnose/Anthracnose(339).txt,Anthracnose(339).txt,Anthracnose(339),anthracnose(339),.txt,213
label,Anthracnose,Anthracnose,/content/drive/MyDrive/Papaya_Leaf_Disease_Classification/YOLO_Bounding_Box/Anthracnose/Anthracnose(34).txt,YOLO_Bounding_Box/Anthracnose/Anthracnose(34).txt,Anthracnose(34).txt,Anthracnose(34),anthracnose(34),.txt,65
label,Anthracnose,Anthracnose,/content/drive/MyDrive/Papaya_Leaf_Disease_Classification/YOLO_Bounding_Box/Anthracnose/Anthracnose(340).txt,YOLO_Bounding_Box/Anthracnose/Anthracnose(340).txt,Anthracnose(340).txt,Anthracnose(340),anthracnose(340),.txt,1770
label,Anthracnose,Anthracnose,/content/drive/MyDrive/Papaya_Leaf_Disease_Classification/YOLO_Bounding_Box/Anthracnose/Anthracnose(341).txt,YOLO_Bounding_Box/Anthracnose/Anthracnose(341).txt,Anthracnose(341).txt,Anthracnose(341),anthracnose(341),.txt,2260
label,Anthracnose,Anthracnose,/content/drive/MyDrive/Papaya_Leaf_Disease_Classification/YOLO_Bounding_Box/Anthracnose/Anthracnose(342).txt,YOLO_Bounding_Box/Anthracnose/Anthracnose(342).txt,Anthracnose(342).txt,Anthracnose(342),anthracnose(342),.txt,442
label,Anthracnose,Anthracnose,/content/drive/MyDrive/Papaya_Leaf_Disease_Classification/YOLO_Bounding_Box/Anthracnose/Anthracnose(343).txt,YOLO_Bounding_Box/Anthracnose/Anthracnose(343).txt,Anthracnose(343).txt,Anthracnose(343),anthracnose(343),.txt,1206
label,Anthracnose,Anthracnose,/content/drive/MyDrive/Papaya_Leaf_Disease_Classification/YOLO_Bounding_Box/Anthracnose/Anthracnose(344).txt,YOLO_Bounding_Box/Anthracnose/Anthracnose(344).txt,Anthracnose(344).txt,Anthracnose(344),anthracnose(344),.txt,913
label,Anthracnose,Anthracnose,/content/drive/MyDrive/Papaya_Leaf_Disease_Classification/YOLO_Bounding_Box/Anthracnose/Anthracnose(345).txt,YOLO_Bounding_Box/Anthracnose/Anthracnose(345).txt,Anthracnose(345).txt,Anthracnose(345),anthracnose(345),.txt,812
label,Anthracnose,Anthracnose,/content/drive/MyDrive/Papaya_Leaf_Disease_Classification/YOLO_Bounding_Box/Anthracnose/Anthracnose(346).txt,YOLO_Bounding_Box/Anthracnose/Anthracnose(346).txt,Anthracnose(346).txt,Anthracnose(346),anthracnose(346),.txt,697
label,Anthracnose,Anthracnose,/content/drive/MyDrive/Papaya_Leaf_Disease_Classification/YOLO_Bounding_Box/Anthracnose/Anthracnose(347).txt,YOLO_Bounding_Box/Anthracnose/Anthracnose(347).txt,Anthracnose(347).txt,Anthracnose(347),anthracnose(347),.txt,52
label,Anthracnose,Anthracnose,/content/drive/MyDrive/Papaya_Leaf_Disease_Classification/YOLO_Bounding_Box/Anthracnose/Anthracnose(348).txt,YOLO_Bounding_Box/Anthracnose/Anthracnose(348).txt,Anthracnose(348).txt,Anthracnose(348),anthracnose(348),.txt,134
label,Anthracnose,Anthracnose,/content/drive/MyDrive/Papaya_Leaf_Disease_Classification/YOLO_Bounding_Box/Anthracnose/Anthracnose(349).txt,YOLO_Bounding_Box/Anthracnose/Anthracnose(349).txt,Anthracnose(349).txt,Anthracnose(349),anthracnose(349),.txt,185
label,Anthracnose,Anthracnose,/content/drive/MyDrive/Papaya_Leaf_Disease_Classification/YOLO_Bounding_Box/Anthracnose/Anthracnose(35).txt,YOLO_Bounding_Box/Anthracnose/Anthracnose(35).txt,Anthracnose(35).txt,Anthracnose(35),anthracnose(35),.txt,440
label,Anthracnose,Anthracnose,/content/drive/MyDrive/Papaya_Leaf_Disease_Classification/YOLO_Bounding_Box/Anthracnose/Anthracnose(350).txt,YOLO_Bounding_Box/Anthracnose/Anthracnose(350).txt,Anthracnose(350).txt,Anthracnose(350),anthracnose(350),.txt,177
label,Anthracnose,Anthracnose,/content/drive/MyDrive/Papaya_Leaf_Disease_Classification/YOLO_Bounding_Box/Anthracnose/Anthracnose(351).txt,YOLO_Bounding_Box/Anthracnose/Anthracnose(351).txt,Anthracnose(351).txt,Anthracnose(351),anthracnose(351),.txt,1189
label,Anthracnose,Anthracnose,/content/drive/MyDrive/Papaya_Leaf_Disease_Classification/YOLO_Bounding_Box/Anthracnose/Anthracnose(352).txt,YOLO_Bounding_Box/Anthracnose/Anthracnose(352).txt,Anthracnose(352).txt,Anthracnose(352),anthracnose(352),.txt,248
label,Anthracnose,Anthracnose,/content/drive/MyDrive/Papaya_Leaf_Disease_Classification/YOLO_Bounding_Box/Anthracnose/Anthracnose(353).txt,YOLO_Bounding_Box/Anthracnose/Anthracnose(353).txt,Anthracnose(353).txt,Anthracnose(353),anthracnose(353),.txt,161
label,Anthracnose,Anthracnose,/content/drive/MyDrive/Papaya_Leaf_Disease_Classification/YOLO_Bounding_Box/Anthracnose/Anthracnose(354).txt,YOLO_Bounding_Box/Anthracnose/Anthracnose(354).txt,Anthracnose(354).txt,Anthracnose(354),anthracnose(354),.txt,72
label,Anthracnose,Anthracnose,/content/drive/MyDrive/Papaya_Leaf_Disease_Classification/YOLO_Bounding_Box/Anthracnose/Anthracnose(355).txt,YOLO_Bounding_Box/Anthracnose/Anthracnose(355).txt,Anthracnose(355).txt,Anthracnose(355),anthracnose(355),.txt,180
label,Anthracnose,Anthracnose,/content/drive/MyDrive/Papaya_Leaf_Disease_Classification/YOLO_Bounding_Box/Anthracnose/Anthracnose(36).txt,YOLO_Bounding_Box/Anthracnose/Anthracnose(36).txt,Anthracnose(36).txt,Anthracnose(36),anthracnose(36),.txt,420
label,Anthracnose,Anthracnose,/content/drive/MyDrive/Papaya_Leaf_Disease_Classification/YOLO_Bounding_Box/Anthracnose/Anthracnose(37).txt,YOLO_Bounding_Box/Anthracnose/Anthracnose(37).txt,Anthracnose(37).txt,Anthracnose(37),anthracnose(37),.txt,1617
label,Anthracnose,Anthracnose,/content/drive/MyDrive/Papaya_Leaf_Disease_Classification/YOLO_Bounding_Box/Anthracnose/Anthracnose(38).txt,YOLO_Bounding_Box/Anthracnose/Anthracnose(38).txt,Anthracnose(38).txt,Anthracnose(38),anthracnose(38),.txt,254
label,Anthracnose,Anthracnose,/content/drive/MyDrive/Papaya_Leaf_Disease_Classification/YOLO_Bounding_Box/Anthracnose/Anthracnose(39).txt,YOLO_Bounding_Box/Anthracnose/Anthracnose(39).txt,Anthracnose(39).txt,Anthracnose(39),anthracnose(39),.txt,60
label,Anthracnose,Anthracnose,/content/drive/MyDrive/Papaya_Leaf_Disease_Classification/YOLO_Bounding_Box/Anthracnose/Anthracnose(4).txt,YOLO_Bounding_Box/Anthracnose/Anthracnose(4).txt,Anthracnose(4).txt,Anthracnose(4),anthracnose(4),.txt,602
label,Anthracnose,Anthracnose,/content/drive/MyDrive/Papaya_Leaf_Disease_Classification/YOLO_Bounding_Box/Anthracnose/Anthracnose(40).txt,YOLO_Bounding_Box/Anthracnose/Anthracnose(40).txt,Anthracnose(40).txt,Anthracnose(40),anthracnose(40),.txt,252
label,Anthracnose,Anthracnose,/content/drive/MyDrive/Papaya_Leaf_Disease_Classification/YOLO_Bounding_Box/Anthracnose/Anthracnose(41).txt,YOLO_Bounding_Box/Anthracnose/Anthracnose(41).txt,Anthracnose(41).txt,Anthracnose(41),anthracnose(41),.txt,71
label,Anthracnose,Anthracnose,/content/drive/MyDrive/Papaya_Leaf_Disease_Classification/YOLO_Bounding_Box/Anthracnose/Anthracnose(42).txt,YOLO_Bounding_Box/Anthracnose/Anthracnose(42).txt,Anthracnose(42).txt,Anthracnose(42),anthracnose(42),.txt,230
label,Anthracnose,Anthracnose,/content/drive/MyDrive/Papaya_Leaf_Disease_Classification/YOLO_Bounding_Box/Anthracnose/Anthracnose(43).txt,YOLO_Bounding_Box/Anthracnose/Anthracnose(43).txt,Anthracnose(43).txt,Anthracnose(43),anthracnose(43),.txt,103
label,Anthracnose,Anthracnose,/content/drive/MyDrive/Papaya_Leaf_Disease_Classification/YOLO_Bounding_Box/Anthracnose/Anthracnose(44).txt,YOLO_Bounding_Box/Anthracnose/Anthracnose(44).txt,Anthracnose(44).txt,Anthracnose(44),anthracnose(44),.txt,708
label,Anthracnose,Anthracnose,/content/drive/MyDrive/Papaya_Leaf_Disease_Classification/YOLO_Bounding_Box/Anthracnose/Anthracnose(45).txt,YOLO_Bounding_Box/Anthracnose/Anthracnose(45).txt,Anthracnose(45).txt,Anthracnose(45),anthracnose(45),.txt,197
label,Anthracnose,Anthracnose,/content/drive/MyDrive/Papaya_Leaf_Disease_Classification/YOLO_Bounding_Box/Anthracnose/Anthracnose(46).txt,YOLO_Bounding_Box/Anthracnose/Anthracnose(46).txt,Anthracnose(46).txt,Anthracnose(46),anthracnose(46),.txt,61
label,Anthracnose,Anthracnose,/content/drive/MyDrive/Papaya_Leaf_Disease_Classification/YOLO_Bounding_Box/Anthracnose/Anthracnose(47).txt,YOLO_Bounding_Box/Anthracnose/Anthracnose(47).txt,Anthracnose(47).txt,Anthracnose(47),anthracnose(47),.txt,455
label,Anthracnose,Anthracnose,/content/drive/MyDrive/Papaya_Leaf_Disease_Classification/YOLO_Bounding_Box/Anthracnose/Anthracnose(48).txt,YOLO_Bounding_Box/Anthracnose/Anthracnose(48).txt,Anthracnose(48).txt,Anthracnose(48),anthracnose(48),.txt,240
label,Anthracnose,Anthracnose,/content/drive/MyDrive/Papaya_Leaf_Disease_Classification/YOLO_Bounding_Box/Anthracnose/Anthracnose(49).txt,YOLO_Bounding_Box/Anthracnose/Anthracnose(49).txt,Anthracnose(49).txt,Anthracnose(49),anthracnose(49),.txt,60
label,Anthracnose,Anthracnose,/content/drive/MyDrive/Papaya_Leaf_Disease_Classification/YOLO_Bounding_Box/Anthracnose/Anthracnose(5).txt,YOLO_Bounding_Box/Anthracnose/Anthracnose(5).txt,Anthracnose(5).txt,Anthracnose(5),anthracnose(5),.txt,836
label,Anthracnose,Anthracnose,/content/drive/MyDrive/Papaya_Leaf_Disease_Classification/YOLO_Bounding_Box/Anthracnose/Anthracnose(50).txt,YOLO_Bounding_Box/Anthracnose/Anthracnose(50).txt,Anthracnose(50).txt,Anthracnose(50),anthracnose(50),.txt,883
label,Anthracnose,Anthracnose,/content/drive/MyDrive/Papaya_Leaf_Disease_Classification/YOLO_Bounding_Box/Anthracnose/Anthracnose(51).txt,YOLO_Bounding_Box/Anthracnose/Anthracnose(51).txt,Anthracnose(51).txt,Anthracnose(51),anthracnose(51),.txt,436
label,Anthracnose,Anthracnose,/content/drive/MyDrive/Papaya_Leaf_Disease_Classification/YOLO_Bounding_Box/Anthracnose/Anthracnose(52).txt,YOLO_Bounding_Box/Anthracnose/Anthracnose(52).txt,Anthracnose(52).txt,Anthracnose(52),anthracnose(52),.txt,574
label,Anthracnose,Anthracnose,/content/drive/MyDrive/Papaya_Leaf_Disease_Classification/YOLO_Bounding_Box/Anthracnose/Anthracnose(53).txt,YOLO_Bounding_Box/Anthracnose/Anthracnose(53).txt,Anthracnose(53).txt,Anthracnose(53),anthracnose(53),.txt,313
label,Anthracnose,Anthracnose,/content/drive/MyDrive/Papaya_Leaf_Disease_Classification/YOLO_Bounding_Box/Anthracnose/Anthracnose(54).txt,YOLO_Bounding_Box/Anthracnose/Anthracnose(54).txt,Anthracnose(54).txt,Anthracnose(54),anthracnose(54),.txt,411
label,Anthracnose,Anthracnose,/content/drive/MyDrive/Papaya_Leaf_Disease_Classification/YOLO_Bounding_Box/Anthracnose/Anthracnose(55).txt,YOLO_Bounding_Box/Anthracnose/Anthracnose(55).txt,Anthracnose(55).txt,Anthracnose(55),anthracnose(55),.txt,118
label,Anthracnose,Anthracnose,/content/drive/MyDrive/Papaya_Leaf_Disease_Classification/YOLO_Bounding_Box/Anthracnose/Anthracnose(56).txt,YOLO_Bounding_Box/Anthracnose/Anthracnose(56).txt,Anthracnose(56).txt,Anthracnose(56),anthracnose(56),.txt,1361
label,Anthracnose,Anthracnose,/content/drive/MyDrive/Papaya_Leaf_Disease_Classification/YOLO_Bounding_Box/Anthracnose/Anthracnose(57).txt,YOLO_Bounding_Box/Anthracnose/Anthracnose(57).txt,Anthracnose(57).txt,Anthracnose(57),anthracnose(57),.txt,63
label,Anthracnose,Anthracnose,/content/drive/MyDrive/Papaya_Leaf_Disease_Classification/YOLO_Bounding_Box/Anthracnose/Anthracnose(58).txt,YOLO_Bounding_Box/Anthracnose/Anthracnose(58).txt,Anthracnose(58).txt,Anthracnose(58),anthracnose(58),.txt,2820
label,Anthracnose,Anthracnose,/content/drive/MyDrive/Papaya_Leaf_Disease_Classification/YOLO_Bounding_Box/Anthracnose/Anthracnose(59).txt,YOLO_Bounding_Box/Anthracnose/Anthracnose(59).txt,Anthracnose(59).txt,Anthracnose(59),anthracnose(59),.txt,1552
label,Anthracnose,Anthracnose,/content/drive/MyDrive/Papaya_Leaf_Disease_Classification/YOLO_Bounding_Box/Anthracnose/Anthracnose(6).txt,YOLO_Bounding_Box/Anthracnose/Anthracnose(6).txt,Anthracnose(6).txt,Anthracnose(6),anthracnose(6),.txt,639
label,Anthracnose,Anthracnose,/content/drive/MyDrive/Papaya_Leaf_Disease_Classification/YOLO_Bounding_Box/Anthracnose/Anthracnose(60).txt,YOLO_Bounding_Box/Anthracnose/Anthracnose(60).txt,Anthracnose(60).txt,Anthracnose(60),anthracnose(60),.txt,253
label,Anthracnose,Anthracnose,/content/drive/MyDrive/Papaya_Leaf_Disease_Classification/YOLO_Bounding_Box/Anthracnose/Anthracnose(61).txt,YOLO_Bounding_Box/Anthracnose/Anthracnose(61).txt,Anthracnose(61).txt,Anthracnose(61),anthracnose(61),.txt,320
label,Anthracnose,Anthracnose,/content/drive/MyDrive/Papaya_Leaf_Disease_Classification/YOLO_Bounding_Box/Anthracnose/Anthracnose(62).txt,YOLO_Bounding_Box/Anthracnose/Anthracnose(62).txt,Anthracnose(62).txt,Anthracnose(62),anthracnose(62),.txt,335
label,Anthracnose,Anthracnose,/content/drive/MyDrive/Papaya_Leaf_Disease_Classification/YOLO_Bounding_Box/Anthracnose/Anthracnose(63).txt,YOLO_Bounding_Box/Anthracnose/Anthracnose(63).txt,Anthracnose(63).txt,Anthracnose(63),anthracnose(63),.txt,391
label,Anthracnose,Anthracnose,/content/drive/MyDrive/Papaya_Leaf_Disease_Classification/YOLO_Bounding_Box/Anthracnose/Anthracnose(64).txt,YOLO_Bounding_Box/Anthracnose/Anthracnose(64).txt,Anthracnose(64).txt,Anthracnose(64),anthracnose(64),.txt,167
label,Anthracnose,Anthracnose,/content/drive/MyDrive/Papaya_Leaf_Disease_Classification/YOLO_Bounding_Box/Anthracnose/Anthracnose(65).txt,YOLO_Bounding_Box/Anthracnose/Anthracnose(65).txt,Anthracnose(65).txt,Anthracnose(65),anthracnose(65),.txt,812
label,Anthracnose,Anthracnose,/content/drive/MyDrive/Papaya_Leaf_Disease_Classification/YOLO_Bounding_Box/Anthracnose/Anthracnose(66).txt,YOLO_Bounding_Box/Anthracnose/Anthracnose(66).txt,Anthracnose(66).txt,Anthracnose(66),anthracnose(66),.txt,280
label,Anthracnose,Anthracnose,/content/drive/MyDrive/Papaya_Leaf_Disease_Classification/YOLO_Bounding_Box/Anthracnose/Anthracnose(67).txt,YOLO_Bounding_Box/Anthracnose/Anthracnose(67).txt,Anthracnose(67).txt,Anthracnose(67),anthracnose(67),.txt,829
label,Anthracnose,Anthracnose,/content/drive/MyDrive/Papaya_Leaf_Disease_Classification/YOLO_Bounding_Box/Anthracnose/Anthracnose(68).txt,YOLO_Bounding_Box/Anthracnose/Anthracnose(68).txt,Anthracnose(68).txt,Anthracnose(68),anthracnose(68),.txt,133
label,Anthracnose,Anthracnose,/content/drive/MyDrive/Papaya_Leaf_Disease_Classification/YOLO_Bounding_Box/Anthracnose/Anthracnose(69).txt,YOLO_Bounding_Box/Anthracnose/Anthracnose(69).txt,Anthracnose(69).txt,Anthracnose(69),anthracnose(69),.txt,81
label,Anthracnose,Anthracnose,/content/drive/MyDrive/Papaya_Leaf_Disease_Classification/YOLO_Bounding_Box/Anthracnose/Anthracnose(7).txt,YOLO_Bounding_Box/Anthracnose/Anthracnose(7).txt,Anthracnose(7).txt,Anthracnose(7),anthracnose(7),.txt,1319
label,Anthracnose,Anthracnose,/content/drive/MyDrive/Papaya_Leaf_Disease_Classification/YOLO_Bounding_Box/Anthracnose/Anthracnose(70).txt,YOLO_Bounding_Box/Anthracnose/Anthracnose(70).txt,Anthracnose(70).txt,Anthracnose(70),anthracnose(70),.txt,1865
label,Anthracnose,Anthracnose,/content/drive/MyDrive/Papaya_Leaf_Disease_Classification/YOLO_Bounding_Box/Anthracnose/Anthracnose(71).txt,YOLO_Bounding_Box/Anthracnose/Anthracnose(71).txt,Anthracnose(71).txt,Anthracnose(71),anthracnose(71),.txt,807
label,Anthracnose,Anthracnose,/content/drive/MyDrive/Papaya_Leaf_Disease_Classification/YOLO_Bounding_Box/Anthracnose/Anthracnose(72).txt,YOLO_Bounding_Box/Anthracnose/Anthracnose(72).txt,Anthracnose(72).txt,Anthracnose(72),anthracnose(72),.txt,3905
label,Anthracnose,Anthracnose,/content/drive/MyDrive/Papaya_Leaf_Disease_Classification/YOLO_Bounding_Box/Anthracnose/Anthracnose(73).txt,YOLO_Bounding_Box/Anthracnose/Anthracnose(73).txt,Anthracnose(73).txt,Anthracnose(73),anthracnose(73),.txt,1597
label,Anthracnose,Anthracnose,/content/drive/MyDrive/Papaya_Leaf_Disease_Classification/YOLO_Bounding_Box/Anthracnose/Anthracnose(74).txt,YOLO_Bounding_Box/Anthracnose/Anthracnose(74).txt,Anthracnose(74).txt,Anthracnose(74),anthracnose(74),.txt,243
label,Anthracnose,Anthracnose,/content/drive/MyDrive/Papaya_Leaf_Disease_Classification/YOLO_Bounding_Box/Anthracnose/Anthracnose(75).txt,YOLO_Bounding_Box/Anthracnose/Anthracnose(75).txt,Anthracnose(75).txt,Anthracnose(75),anthracnose(75),.txt,1024
label,Anthracnose,Anthracnose,/content/drive/MyDrive/Papaya_Leaf_Disease_Classification/YOLO_Bounding_Box/Anthracnose/Anthracnose(76).txt,YOLO_Bounding_Box/Anthracnose/Anthracnose(76).txt,Anthracnose(76).txt,Anthracnose(76),anthracnose(76),.txt,1650
label,Anthracnose,Anthracnose,/content/drive/MyDrive/Papaya_Leaf_Disease_Classification/YOLO_Bounding_Box/Anthracnose/Anthracnose(77).txt,YOLO_Bounding_Box/Anthracnose/Anthracnose(77).txt,Anthracnose(77).txt,Anthracnose(77),anthracnose(77),.txt,2070
label,Anthracnose,Anthracnose,/content/drive/MyDrive/Papaya_Leaf_Disease_Classification/YOLO_Bounding_Box/Anthracnose/Anthracnose(78).txt,YOLO_Bounding_Box/Anthracnose/Anthracnose(78).txt,Anthracnose(78).txt,Anthracnose(78),anthracnose(78),.txt,1626
label,Anthracnose,Anthracnose,/content/drive/MyDrive/Papaya_Leaf_Disease_Classification/YOLO_Bounding_Box/Anthracnose/Anthracnose(79).txt,YOLO_Bounding_Box/Anthracnose/Anthracnose(79).txt,Anthracnose(79).txt,Anthracnose(79),anthracnose(79),.txt,886
label,Anthracnose,Anthracnose,/content/drive/MyDrive/Papaya_Leaf_Disease_Classification/YOLO_Bounding_Box/Anthracnose/Anthracnose(8).txt,YOLO_Bounding_Box/Anthracnose/Anthracnose(8).txt,Anthracnose(8).txt,Anthracnose(8),anthracnose(8),.txt,126
label,Anthracnose,Anthracnose,/content/drive/MyDrive/Papaya_Leaf_Disease_Classification/YOLO_Bounding_Box/Anthracnose/Anthracnose(80).txt,YOLO_Bounding_Box/Anthracnose/Anthracnose(80).txt,Anthracnose(80).txt,Anthracnose(80),anthracnose(80),.txt,3131
label,Anthracnose,Anthracnose,/content/drive/MyDrive/Papaya_Leaf_Disease_Classification/YOLO_Bounding_Box/Anthracnose/Anthracnose(81).txt,YOLO_Bounding_Box/Anthracnose/Anthracnose(81).txt,Anthracnose(81).txt,Anthracnose(81),anthracnose(81),.txt,697
label,Anthracnose,Anthracnose,/content/drive/MyDrive/Papaya_Leaf_Disease_Classification/YOLO_Bounding_Box/Anthracnose/Anthracnose(82).txt,YOLO_Bounding_Box/Anthracnose/Anthracnose(82).txt,Anthracnose(82).txt,Anthracnose(82),anthracnose(82),.txt,1742
label,Anthracnose,Anthracnose,/content/drive/MyDrive/Papaya_Leaf_Disease_Classification/YOLO_Bounding_Box/Anthracnose/Anthracnose(83).txt,YOLO_Bounding_Box/Anthracnose/Anthracnose(83).txt,Anthracnose(83).txt,Anthracnose(83),anthracnose(83),.txt,1166
label,Anthracnose,Anthracnose,/content/drive/MyDrive/Papaya_Leaf_Disease_Classification/YOLO_Bounding_Box/Anthracnose/Anthracnose(84).txt,YOLO_Bounding_Box/Anthracnose/Anthracnose(84).txt,Anthracnose(84).txt,Anthracnose(84),anthracnose(84),.txt,1839
label,Anthracnose,Anthracnose,/content/drive/MyDrive/Papaya_Leaf_Disease_Classification/YOLO_Bounding_Box/Anthracnose/Anthracnose(85).txt,YOLO_Bounding_Box/Anthracnose/Anthracnose(85).txt,Anthracnose(85).txt,Anthracnose(85),anthracnose(85),.txt,270
label,Anthracnose,Anthracnose,/content/drive/MyDrive/Papaya_Leaf_Disease_Classification/YOLO_Bounding_Box/Anthracnose/Anthracnose(86).txt,YOLO_Bounding_Box/Anthracnose/Anthracnose(86).txt,Anthracnose(86).txt,Anthracnose(86),anthracnose(86),.txt,1212
label,Anthracnose,Anthracnose,/content/drive/MyDrive/Papaya_Leaf_Disease_Classification/YOLO_Bounding_Box/Anthracnose/Anthracnose(87).txt,YOLO_Bounding_Box/Anthracnose/Anthracnose(87).txt,Anthracnose(87).txt,Anthracnose(87),anthracnose(87),.txt,713
label,Anthracnose,Anthracnose,/content/drive/MyDrive/Papaya_Leaf_Disease_Classification/YOLO_Bounding_Box/Anthracnose/Anthracnose(88).txt,YOLO_Bounding_Box/Anthracnose/Anthracnose(88).txt,Anthracnose(88).txt,Anthracnose(88),anthracnose(88),.txt,692
label,Anthracnose,Anthracnose,/content/drive/MyDrive/Papaya_Leaf_Disease_Classification/YOLO_Bounding_Box/Anthracnose/Anthracnose(89).txt,YOLO_Bounding_Box/Anthracnose/Anthracnose(89).txt,Anthracnose(89).txt,Anthracnose(89),anthracnose(89),.txt,2221
label,Anthracnose,Anthracnose,/content/drive/MyDrive/Papaya_Leaf_Disease_Classification/YOLO_Bounding_Box/Anthracnose/Anthracnose(9).txt,YOLO_Bounding_Box/Anthracnose/Anthracnose(9).txt,Anthracnose(9).txt,Anthracnose(9),anthracnose(9),.txt,717
label,Anthracnose,Anthracnose,/content/drive/MyDrive/Papaya_Leaf_Disease_Classification/YOLO_Bounding_Box/Anthracnose/Anthracnose(90).txt,YOLO_Bounding_Box/Anthracnose/Anthracnose(90).txt,Anthracnose(90).txt,Anthracnose(90),anthracnose(90),.txt,2878
label,Anthracnose,Anthracnose,/content/drive/MyDrive/Papaya_Leaf_Disease_Classification/YOLO_Bounding_Box/Anthracnose/Anthracnose(91).txt,YOLO_Bounding_Box/Anthracnose/Anthracnose(91).txt,Anthracnose(91).txt,Anthracnose(91),anthracnose(91),.txt,1914
label,Anthracnose,Anthracnose,/content/drive/MyDrive/Papaya_Leaf_Disease_Classification/YOLO_Bounding_Box/Anthracnose/Anthracnose(92).txt,YOLO_Bounding_Box/Anthracnose/Anthracnose(92).txt,Anthracnose(92).txt,Anthracnose(92),anthracnose(92),.txt,1743
label,Anthracnose,Anthracnose,/content/drive/MyDrive/Papaya_Leaf_Disease_Classification/YOLO_Bounding_Box/Anthracnose/Anthracnose(93).txt,YOLO_Bounding_Box/Anthracnose/Anthracnose(93).txt,Anthracnose(93).txt,Anthracnose(93),anthracnose(93),.txt,1259
label,Anthracnose,Anthracnose,/content/drive/MyDrive/Papaya_Leaf_Disease_Classification/YOLO_Bounding_Box/Anthracnose/Anthracnose(94).txt,YOLO_Bounding_Box/Anthracnose/Anthracnose(94).txt,Anthracnose(94).txt,Anthracnose(94),anthracnose(94),.txt,1371
label,Anthracnose,Anthracnose,/content/drive/MyDrive/Papaya_Leaf_Disease_Classification/YOLO_Bounding_Box/Anthracnose/Anthracnose(95).txt,YOLO_Bounding_Box/Anthracnose/Anthracnose(95).txt,Anthracnose(95).txt,Anthracnose(95),anthracnose(95),.txt,1110
label,Anthracnose,Anthracnose,/content/drive/MyDrive/Papaya_Leaf_Disease_Classification/YOLO_Bounding_Box/Anthracnose/Anthracnose(96).txt,YOLO_Bounding_Box/Anthracnose/Anthracnose(96).txt,Anthracnose(96).txt,Anthracnose(96),anthracnose(96),.txt,2136
label,Anthracnose,Anthracnose,/content/drive/MyDrive/Papaya_Leaf_Disease_Classification/YOLO_Bounding_Box/Anthracnose/Anthracnose(97).txt,YOLO_Bounding_Box/Anthracnose/Anthracnose(97).txt,Anthracnose(97).txt,Anthracnose(97),anthracnose(97),.txt,2970
label,Anthracnose,Anthracnose,/content/drive/MyDrive/Papaya_Leaf_Disease_Classification/YOLO_Bounding_Box/Anthracnose/Anthracnose(98).txt,YOLO_Bounding_Box/Anthracnose/Anthracnose(98).txt,Anthracnose(98).txt,Anthracnose(98),anthracnose(98),.txt,4683
label,Anthracnose,Anthracnose,/content/drive/MyDrive/Papaya_Leaf_Disease_Classification/YOLO_Bounding_Box/Anthracnose/Anthracnose(99).txt,YOLO_Bounding_Box/Anthracnose/Anthracnose(99).txt,Anthracnose(99).txt,Anthracnose(99),anthracnose(99),.txt,1739
label,BacterialSpot,BacterialSpot,/content/drive/MyDrive/Papaya_Leaf_Disease_Classification/YOLO_Bounding_Box/BacterialSpot/BacterialSpot(1).txt,YOLO_Bounding_Box/BacterialSpot/BacterialSpot(1).txt,BacterialSpot(1).txt,BacterialSpot(1),bacterialspot(1),.txt,69
label,BacterialSpot,BacterialSpot,/content/drive/MyDrive/Papaya_Leaf_Disease_Classification/YOLO_Bounding_Box/BacterialSpot/BacterialSpot(10).txt,YOLO_Bounding_Box/BacterialSpot/BacterialSpot(10).txt,BacterialSpot(10).txt,BacterialSpot(10),bacterialspot(10),.txt,13
label,BacterialSpot,BacterialSpot,/content/drive/MyDrive/Papaya_Leaf_Disease_Classification/YOLO_Bounding_Box/BacterialSpot/BacterialSpot(100).txt,YOLO_Bounding_Box/BacterialSpot/BacterialSpot(100).txt,BacterialSpot(100).txt,BacterialSpot(100),bacterialspot(100),.txt,30
label,BacterialSpot,BacterialSpot,/content/drive/MyDrive/Papaya_Leaf_Disease_Classification/YOLO_Bounding_Box/BacterialSpot/BacterialSpot(101).txt,YOLO_Bounding_Box/BacterialSpot/BacterialSpot(101).txt,BacterialSpot(101).txt,BacterialSpot(101),bacterialspot(101),.txt,46
label,BacterialSpot,BacterialSpot,/content/drive/MyDrive/Papaya_Leaf_Disease_Classification/YOLO_Bounding_Box/BacterialSpot/BacterialSpot(102).txt,YOLO_Bounding_Box/BacterialSpot/BacterialSpot(102).txt,BacterialSpot(102).txt,BacterialSpot(102),bacterialspot(102),.txt,71
label,BacterialSpot,BacterialSpot,/content/drive/MyDrive/Papaya_Leaf_Disease_Classification/YOLO_Bounding_Box/BacterialSpot/BacterialSpot(103).txt,YOLO_Bounding_Box/BacterialSpot/BacterialSpot(103).txt,BacterialSpot(103).txt,BacterialSpot(103),bacterialspot(103),.txt,72
label,BacterialSpot,BacterialSpot,/content/drive/MyDrive/Papaya_Leaf_Disease_Classification/YOLO_Bounding_Box/BacterialSpot/BacterialSpot(104).txt,YOLO_Bounding_Box/BacterialSpot/BacterialSpot(104).txt,BacterialSpot(104).txt,BacterialSpot(104),bacterialspot(104),.txt,13
label,BacterialSpot,BacterialSpot,/content/drive/MyDrive/Papaya_Leaf_Disease_Classification/YOLO_Bounding_Box/BacterialSpot/BacterialSpot(105).txt,YOLO_Bounding_Box/BacterialSpot/BacterialSpot(105).txt,BacterialSpot(105).txt,BacterialSpot(105),bacterialspot(105),.txt,78
label,BacterialSpot,BacterialSpot,/content/drive/MyDrive/Papaya_Leaf_Disease_Classification/YOLO_Bounding_Box/BacterialSpot/BacterialSpot(106).txt,YOLO_Bounding_Box/BacterialSpot/BacterialSpot(106).txt,BacterialSpot(106).txt,BacterialSpot(106),bacterialspot(106),.txt,59
label,BacterialSpot,BacterialSpot,/content/drive/MyDrive/Papaya_Leaf_Disease_Classification/YOLO_Bounding_Box/BacterialSpot/BacterialSpot(107).txt,YOLO_Bounding_Box/BacterialSpot/BacterialSpot(107).txt,BacterialSpot(107).txt,BacterialSpot(107),bacterialspot(107),.txt,79
label,BacterialSpot,BacterialSpot,/content/drive/MyDrive/Papaya_Leaf_Disease_Classification/YOLO_Bounding_Box/BacterialSpot/BacterialSpot(108).txt,YOLO_Bounding_Box/BacterialSpot/BacterialSpot(108).txt,BacterialSpot(108).txt,BacterialSpot(108),bacterialspot(108),.txt,62
label,BacterialSpot,BacterialSpot,/content/drive/MyDrive/Papaya_Leaf_Disease_Classification/YOLO_Bounding_Box/BacterialSpot/BacterialSpot(109).txt,YOLO_Bounding_Box/BacterialSpot/BacterialSpot(109).txt,BacterialSpot(109).txt,BacterialSpot(109),bacterialspot(109),.txt,13
label,BacterialSpot,BacterialSpot,/content/drive/MyDrive/Papaya_Leaf_Disease_Classification/YOLO_Bounding_Box/BacterialSpot/BacterialSpot(11).txt,YOLO_Bounding_Box/BacterialSpot/BacterialSpot(11).txt,BacterialSpot(11).txt,BacterialSpot(11),bacterialspot(11),.txt,31
label,BacterialSpot,BacterialSpot,/content/drive/MyDrive/Papaya_Leaf_Disease_Classification/YOLO_Bounding_Box/BacterialSpot/BacterialSpot(110).txt,YOLO_Bounding_Box/BacterialSpot/BacterialSpot(110).txt,BacterialSpot(110).txt,BacterialSpot(110),bacterialspot(110),.txt,77
label,BacterialSpot,BacterialSpot,/content/drive/MyDrive/Papaya_Leaf_Disease_Classification/YOLO_Bounding_Box/BacterialSpot/BacterialSpot(111).txt,YOLO_Bounding_Box/BacterialSpot/BacterialSpot(111).txt,BacterialSpot(111).txt,BacterialSpot(111),bacterialspot(111),.txt,61
label,BacterialSpot,BacterialSpot,/content/drive/MyDrive/Papaya_Leaf_Disease_Classification/YOLO_Bounding_Box/BacterialSpot/BacterialSpot(112).txt,YOLO_Bounding_Box/BacterialSpot/BacterialSpot(112).txt,BacterialSpot(112).txt,BacterialSpot(112),bacterialspot(112),.txt,59
label,BacterialSpot,BacterialSpot,/content/drive/MyDrive/Papaya_Leaf_Disease_Classification/YOLO_Bounding_Box/BacterialSpot/BacterialSpot(113).txt,YOLO_Bounding_Box/BacterialSpot/BacterialSpot(113).txt,BacterialSpot(113).txt,BacterialSpot(113),bacterialspot(113),.txt,77
label,BacterialSpot,BacterialSpot,/content/drive/MyDrive/Papaya_Leaf_Disease_Classification/YOLO_Bounding_Box/BacterialSpot/BacterialSpot(114).txt,YOLO_Bounding_Box/BacterialSpot/BacterialSpot(114).txt,BacterialSpot(114).txt,BacterialSpot(114),bacterialspot(114),.txt,41
label,BacterialSpot,BacterialSpot,/content/drive/MyDrive/Papaya_Leaf_Disease_Classification/YOLO_Bounding_Box/BacterialSpot/BacterialSpot(115).txt,YOLO_Bounding_Box/BacterialSpot/BacterialSpot(115).txt,BacterialSpot(115).txt,BacterialSpot(115),bacterialspot(115),.txt,13
label,BacterialSpot,BacterialSpot,/content/drive/MyDrive/Papaya_Leaf_Disease_Classification/YOLO_Bounding_Box/BacterialSpot/BacterialSpot(116).txt,YOLO_Bounding_Box/BacterialSpot/BacterialSpot(116).txt,BacterialSpot(116).txt,BacterialSpot(116),bacterialspot(116),.txt,13
label,BacterialSpot,BacterialSpot,/content/drive/MyDrive/Papaya_Leaf_Disease_Classification/YOLO_Bounding_Box/BacterialSpot/BacterialSpot(117).txt,YOLO_Bounding_Box/BacterialSpot/BacterialSpot(117).txt,BacterialSpot(117).txt,BacterialSpot(117),bacterialspot(117),.txt,70
label,BacterialSpot,BacterialSpot,/content/drive/MyDrive/Papaya_Leaf_Disease_Classification/YOLO_Bounding_Box/BacterialSpot/BacterialSpot(118).txt,YOLO_Bounding_Box/BacterialSpot/BacterialSpot(118).txt,BacterialSpot(118).txt,BacterialSpot(118),bacterialspot(118),.txt,59
label,BacterialSpot,BacterialSpot,/content/drive/MyDrive/Papaya_Leaf_Disease_Classification/YOLO_Bounding_Box/BacterialSpot/BacterialSpot(119).txt,YOLO_Bounding_Box/BacterialSpot/BacterialSpot(119).txt,BacterialSpot(119).txt,BacterialSpot(119),bacterialspot(119),.txt,45
label,BacterialSpot,BacterialSpot,/content/drive/MyDrive/Papaya_Leaf_Disease_Classification/YOLO_Bounding_Box/BacterialSpot/BacterialSpot(12).txt,YOLO_Bounding_Box/BacterialSpot/BacterialSpot(12).txt,BacterialSpot(12).txt,BacterialSpot(12),bacterialspot(12),.txt,41
label,BacterialSpot,BacterialSpot,/content/drive/MyDrive/Papaya_Leaf_Disease_Classification/YOLO_Bounding_Box/BacterialSpot/BacterialSpot(120).txt,YOLO_Bounding_Box/BacterialSpot/BacterialSpot(120).txt,BacterialSpot(120).txt,BacterialSpot(120),bacterialspot(120),.txt,70
label,BacterialSpot,BacterialSpot,/content/drive/MyDrive/Papaya_Leaf_Disease_Classification/YOLO_Bounding_Box/BacterialSpot/BacterialSpot(121).txt,YOLO_Bounding_Box/BacterialSpot/BacterialSpot(121).txt,BacterialSpot(121).txt,BacterialSpot(121),bacterialspot(121),.txt,46
label,BacterialSpot,BacterialSpot,/content/drive/MyDrive/Papaya_Leaf_Disease_Classification/YOLO_Bounding_Box/BacterialSpot/BacterialSpot(122).txt,YOLO_Bounding_Box/BacterialSpot/BacterialSpot(122).txt,BacterialSpot(122).txt,BacterialSpot(122),bacterialspot(122),.txt,62
label,BacterialSpot,BacterialSpot,/content/drive/MyDrive/Papaya_Leaf_Disease_Classification/YOLO_Bounding_Box/BacterialSpot/BacterialSpot(123).txt,YOLO_Bounding_Box/BacterialSpot/BacterialSpot(123).txt,BacterialSpot(123).txt,BacterialSpot(123),bacterialspot(123),.txt,71
label,BacterialSpot,BacterialSpot,/content/drive/MyDrive/Papaya_Leaf_Disease_Classification/YOLO_Bounding_Box/BacterialSpot/BacterialSpot(124).txt,YOLO_Bounding_Box/BacterialSpot/BacterialSpot(124).txt,BacterialSpot(124).txt,BacterialSpot(124),bacterialspot(124),.txt,66
label,BacterialSpot,BacterialSpot,/content/drive/MyDrive/Papaya_Leaf_Disease_Classification/YOLO_Bounding_Box/BacterialSpot/BacterialSpot(125).txt,YOLO_Bounding_Box/BacterialSpot/BacterialSpot(125).txt,BacterialSpot(125).txt,BacterialSpot(125),bacterialspot(125),.txt,37
label,BacterialSpot,BacterialSpot,/content/drive/MyDrive/Papaya_Leaf_Disease_Classification/YOLO_Bounding_Box/BacterialSpot/BacterialSpot(126).txt,YOLO_Bounding_Box/BacterialSpot/BacterialSpot(126).txt,BacterialSpot(126).txt,BacterialSpot(126),bacterialspot(126),.txt,46
label,BacterialSpot,BacterialSpot,/content/drive/MyDrive/Papaya_Leaf_Disease_Classification/YOLO_Bounding_Box/BacterialSpot/BacterialSpot(127).txt,YOLO_Bounding_Box/BacterialSpot/BacterialSpot(127).txt,BacterialSpot(127).txt,BacterialSpot(127),bacterialspot(127),.txt,13
label,BacterialSpot,BacterialSpot,/content/drive/MyDrive/Papaya_Leaf_Disease_Classification/YOLO_Bounding_Box/BacterialSpot/BacterialSpot(128).txt,YOLO_Bounding_Box/BacterialSpot/BacterialSpot(128).txt,BacterialSpot(128).txt,BacterialSpot(128),bacterialspot(128),.txt,13
label,BacterialSpot,BacterialSpot,/content/drive/MyDrive/Papaya_Leaf_Disease_Classification/YOLO_Bounding_Box/BacterialSpot/BacterialSpot(129).txt,YOLO_Bounding_Box/BacterialSpot/BacterialSpot(129).txt,BacterialSpot(129).txt,BacterialSpot(129),bacterialspot(129),.txt,50
label,BacterialSpot,BacterialSpot,/content/drive/MyDrive/Papaya_Leaf_Disease_Classification/YOLO_Bounding_Box/BacterialSpot/BacterialSpot(13).txt,YOLO_Bounding_Box/BacterialSpot/BacterialSpot(13).txt,BacterialSpot(13).txt,BacterialSpot(13),bacterialspot(13),.txt,69
label,BacterialSpot,BacterialSpot,/content/drive/MyDrive/Papaya_Leaf_Disease_Classification/YOLO_Bounding_Box/BacterialSpot/BacterialSpot(130).txt,YOLO_Bounding_Box/BacterialSpot/BacterialSpot(130).txt,BacterialSpot(130).txt,BacterialSpot(130),bacterialspot(130),.txt,37
label,BacterialSpot,BacterialSpot,/content/drive/MyDrive/Papaya_Leaf_Disease_Classification/YOLO_Bounding_Box/BacterialSpot/BacterialSpot(131).txt,YOLO_Bounding_Box/BacterialSpot/BacterialSpot(131).txt,BacterialSpot(131).txt,BacterialSpot(131),bacterialspot(131),.txt,30
label,BacterialSpot,BacterialSpot,/content/drive/MyDrive/Papaya_Leaf_Disease_Classification/YOLO_Bounding_Box/BacterialSpot/BacterialSpot(132).txt,YOLO_Bounding_Box/BacterialSpot/BacterialSpot(132).txt,BacterialSpot(132).txt,BacterialSpot(132),bacterialspot(132),.txt,39
label,BacterialSpot,BacterialSpot,/content/drive/MyDrive/Papaya_Leaf_Disease_Classification/YOLO_Bounding_Box/BacterialSpot/BacterialSpot(133).txt,YOLO_Bounding_Box/BacterialSpot/BacterialSpot(133).txt,BacterialSpot(133).txt,BacterialSpot(133),bacterialspot(133),.txt,60
label,BacterialSpot,BacterialSpot,/content/drive/MyDrive/Papaya_Leaf_Disease_Classification/YOLO_Bounding_Box/BacterialSpot/BacterialSpot(134).txt,YOLO_Bounding_Box/BacterialSpot/BacterialSpot(134).txt,BacterialSpot(134).txt,BacterialSpot(134),bacterialspot(134),.txt,37
label,BacterialSpot,BacterialSpot,/content/drive/MyDrive/Papaya_Leaf_Disease_Classification/YOLO_Bounding_Box/BacterialSpot/BacterialSpot(135).txt,YOLO_Bounding_Box/BacterialSpot/BacterialSpot(135).txt,BacterialSpot(135).txt,BacterialSpot(135),bacterialspot(135),.txt,59
label,BacterialSpot,BacterialSpot,/content/drive/MyDrive/Papaya_Leaf_Disease_Classification/YOLO_Bounding_Box/BacterialSpot/BacterialSpot(136).txt,YOLO_Bounding_Box/BacterialSpot/BacterialSpot(136).txt,BacterialSpot(136).txt,BacterialSpot(136),bacterialspot(136),.txt,70
label,BacterialSpot,BacterialSpot,/content/drive/MyDrive/Papaya_Leaf_Disease_Classification/YOLO_Bounding_Box/BacterialSpot/BacterialSpot(137).txt,YOLO_Bounding_Box/BacterialSpot/BacterialSpot(137).txt,BacterialSpot(137).txt,BacterialSpot(137),bacterialspot(137),.txt,51
label,BacterialSpot,BacterialSpot,/content/drive/MyDrive/Papaya_Leaf_Disease_Classification/YOLO_Bounding_Box/BacterialSpot/BacterialSpot(138).txt,YOLO_Bounding_Box/BacterialSpot/BacterialSpot(138).txt,BacterialSpot(138).txt,BacterialSpot(138),bacterialspot(138),.txt,78
label,BacterialSpot,BacterialSpot,/content/drive/MyDrive/Papaya_Leaf_Disease_Classification/YOLO_Bounding_Box/BacterialSpot/BacterialSpot(139).txt,YOLO_Bounding_Box/BacterialSpot/BacterialSpot(139).txt,BacterialSpot(139).txt,BacterialSpot(139),bacterialspot(139),.txt,67
label,BacterialSpot,BacterialSpot,/content/drive/MyDrive/Papaya_Leaf_Disease_Classification/YOLO_Bounding_Box/BacterialSpot/BacterialSpot(14).txt,YOLO_Bounding_Box/BacterialSpot/BacterialSpot(14).txt,BacterialSpot(14).txt,BacterialSpot(14),bacterialspot(14),.txt,71
label,BacterialSpot,BacterialSpot,/content/drive/MyDrive/Papaya_Leaf_Disease_Classification/YOLO_Bounding_Box/BacterialSpot/BacterialSpot(140).txt,YOLO_Bounding_Box/BacterialSpot/BacterialSpot(140).txt,BacterialSpot(140).txt,BacterialSpot(140),bacterialspot(140),.txt,30
label,BacterialSpot,BacterialSpot,/content/drive/MyDrive/Papaya_Leaf_Disease_Classification/YOLO_Bounding_Box/BacterialSpot/BacterialSpot(141).txt,YOLO_Bounding_Box/BacterialSpot/BacterialSpot(141).txt,BacterialSpot(141).txt,BacterialSpot(141),bacterialspot(141),.txt,45
label,BacterialSpot,BacterialSpot,/content/drive/MyDrive/Papaya_Leaf_Disease_Classification/YOLO_Bounding_Box/BacterialSpot/BacterialSpot(142).txt,YOLO_Bounding_Box/BacterialSpot/BacterialSpot(142).txt,BacterialSpot(142).txt,BacterialSpot(142),bacterialspot(142),.txt,37
label,BacterialSpot,BacterialSpot,/content/drive/MyDrive/Papaya_Leaf_Disease_Classification/YOLO_Bounding_Box/BacterialSpot/BacterialSpot(143).txt,YOLO_Bounding_Box/BacterialSpot/BacterialSpot(143).txt,BacterialSpot(143).txt,BacterialSpot(143),bacterialspot(143),.txt,29
label,BacterialSpot,BacterialSpot,/content/drive/MyDrive/Papaya_Leaf_Disease_Classification/YOLO_Bounding_Box/BacterialSpot/BacterialSpot(144).txt,YOLO_Bounding_Box/BacterialSpot/BacterialSpot(144).txt,BacterialSpot(144).txt,BacterialSpot(144),bacterialspot(144),.txt,25
label,BacterialSpot,BacterialSpot,/content/drive/MyDrive/Papaya_Leaf_Disease_Classification/YOLO_Bounding_Box/BacterialSpot/BacterialSpot(145).txt,YOLO_Bounding_Box/BacterialSpot/BacterialSpot(145).txt,BacterialSpot(145).txt,BacterialSpot(145),bacterialspot(145),.txt,46
label,BacterialSpot,BacterialSpot,/content/drive/MyDrive/Papaya_Leaf_Disease_Classification/YOLO_Bounding_Box/BacterialSpot/BacterialSpot(146).txt,YOLO_Bounding_Box/BacterialSpot/BacterialSpot(146).txt,BacterialSpot(146).txt,BacterialSpot(146),bacterialspot(146),.txt,64
label,BacterialSpot,BacterialSpot,/content/drive/MyDrive/Papaya_Leaf_Disease_Classification/YOLO_Bounding_Box/BacterialSpot/BacterialSpot(147).txt,YOLO_Bounding_Box/BacterialSpot/BacterialSpot(147).txt,BacterialSpot(147).txt,BacterialSpot(147),bacterialspot(147),.txt,30
label,BacterialSpot,BacterialSpot,/content/drive/MyDrive/Papaya_Leaf_Disease_Classification/YOLO_Bounding_Box/BacterialSpot/BacterialSpot(148).txt,YOLO_Bounding_Box/BacterialSpot/BacterialSpot(148).txt,BacterialSpot(148).txt,BacterialSpot(148),bacterialspot(148),.txt,68
label,BacterialSpot,BacterialSpot,/content/drive/MyDrive/Papaya_Leaf_Disease_Classification/YOLO_Bounding_Box/BacterialSpot/BacterialSpot(149).txt,YOLO_Bounding_Box/BacterialSpot/BacterialSpot(149).txt,BacterialSpot(149).txt,BacterialSpot(149),bacterialspot(149),.txt,62
label,BacterialSpot,BacterialSpot,/content/drive/MyDrive/Papaya_Leaf_Disease_Classification/YOLO_Bounding_Box/BacterialSpot/BacterialSpot(15).txt,YOLO_Bounding_Box/BacterialSpot/BacterialSpot(15).txt,BacterialSpot(15).txt,BacterialSpot(15),bacterialspot(15),.txt,37
label,BacterialSpot,BacterialSpot,/content/drive/MyDrive/Papaya_Leaf_Disease_Classification/YOLO_Bounding_Box/BacterialSpot/BacterialSpot(150).txt,YOLO_Bounding_Box/BacterialSpot/BacterialSpot(150).txt,BacterialSpot(150).txt,BacterialSpot(150),bacterialspot(150),.txt,31
label,BacterialSpot,BacterialSpot,/content/drive/MyDrive/Papaya_Leaf_Disease_Classification/YOLO_Bounding_Box/BacterialSpot/BacterialSpot(151).txt,YOLO_Bounding_Box/BacterialSpot/BacterialSpot(151).txt,BacterialSpot(151).txt,BacterialSpot(151),bacterialspot(151),.txt,37
label,BacterialSpot,BacterialSpot,/content/drive/MyDrive/Papaya_Leaf_Disease_Classification/YOLO_Bounding_Box/BacterialSpot/BacterialSpot(152).txt,YOLO_Bounding_Box/BacterialSpot/BacterialSpot(152).txt,BacterialSpot(152).txt,BacterialSpot(152),bacterialspot(152),.txt,29
label,BacterialSpot,BacterialSpot,/content/drive/MyDrive/Papaya_Leaf_Disease_Classification/YOLO_Bounding_Box/BacterialSpot/BacterialSpot(153).txt,YOLO_Bounding_Box/BacterialSpot/BacterialSpot(153).txt,BacterialSpot(153).txt,BacterialSpot(153),bacterialspot(153),.txt,61
label,BacterialSpot,BacterialSpot,/content/drive/MyDrive/Papaya_Leaf_Disease_Classification/YOLO_Bounding_Box/BacterialSpot/BacterialSpot(154).txt,YOLO_Bounding_Box/BacterialSpot/BacterialSpot(154).txt,BacterialSpot(154).txt,BacterialSpot(154),bacterialspot(154),.txt,56
label,BacterialSpot,BacterialSpot,/content/drive/MyDrive/Papaya_Leaf_Disease_Classification/YOLO_Bounding_Box/BacterialSpot/BacterialSpot(155).txt,YOLO_Bounding_Box/BacterialSpot/BacterialSpot(155).txt,BacterialSpot(155).txt,BacterialSpot(155),bacterialspot(155),.txt,46
label,BacterialSpot,BacterialSpot,/content/drive/MyDrive/Papaya_Leaf_Disease_Classification/YOLO_Bounding_Box/BacterialSpot/BacterialSpot(156).txt,YOLO_Bounding_Box/BacterialSpot/BacterialSpot(156).txt,BacterialSpot(156).txt,BacterialSpot(156),bacterialspot(156),.txt,13
label,BacterialSpot,BacterialSpot,/content/drive/MyDrive/Papaya_Leaf_Disease_Classification/YOLO_Bounding_Box/BacterialSpot/BacterialSpot(157).txt,YOLO_Bounding_Box/BacterialSpot/BacterialSpot(157).txt,BacterialSpot(157).txt,BacterialSpot(157),bacterialspot(157),.txt,71
label,BacterialSpot,BacterialSpot,/content/drive/MyDrive/Papaya_Leaf_Disease_Classification/YOLO_Bounding_Box/BacterialSpot/BacterialSpot(158).txt,YOLO_Bounding_Box/BacterialSpot/BacterialSpot(158).txt,BacterialSpot(158).txt,BacterialSpot(158),bacterialspot(158),.txt,29
label,BacterialSpot,BacterialSpot,/content/drive/MyDrive/Papaya_Leaf_Disease_Classification/YOLO_Bounding_Box/BacterialSpot/BacterialSpot(159).txt,YOLO_Bounding_Box/BacterialSpot/BacterialSpot(159).txt,BacterialSpot(159).txt,BacterialSpot(159),bacterialspot(159),.txt,46
label,BacterialSpot,BacterialSpot,/content/drive/MyDrive/Papaya_Leaf_Disease_Classification/YOLO_Bounding_Box/BacterialSpot/BacterialSpot(16).txt,YOLO_Bounding_Box/BacterialSpot/BacterialSpot(16).txt,BacterialSpot(16).txt,BacterialSpot(16),bacterialspot(16),.txt,72
label,BacterialSpot,BacterialSpot,/content/drive/MyDrive/Papaya_Leaf_Disease_Classification/YOLO_Bounding_Box/BacterialSpot/BacterialSpot(160).txt,YOLO_Bounding_Box/BacterialSpot/BacterialSpot(160).txt,BacterialSpot(160).txt,BacterialSpot(160),bacterialspot(160),.txt,68
label,BacterialSpot,BacterialSpot,/content/drive/MyDrive/Papaya_Leaf_Disease_Classification/YOLO_Bounding_Box/BacterialSpot/BacterialSpot(161).txt,YOLO_Bounding_Box/BacterialSpot/BacterialSpot(161).txt,BacterialSpot(161).txt,BacterialSpot(161),bacterialspot(161),.txt,79
label,BacterialSpot,BacterialSpot,/content/drive/MyDrive/Papaya_Leaf_Disease_Classification/YOLO_Bounding_Box/BacterialSpot/BacterialSpot(162).txt,YOLO_Bounding_Box/BacterialSpot/BacterialSpot(162).txt,BacterialSpot(162).txt,BacterialSpot(162),bacterialspot(162),.txt,51
label,BacterialSpot,BacterialSpot,/content/drive/MyDrive/Papaya_Leaf_Disease_Classification/YOLO_Bounding_Box/BacterialSpot/BacterialSpot(163).txt,YOLO_Bounding_Box/BacterialSpot/BacterialSpot(163).txt,BacterialSpot(163).txt,BacterialSpot(163),bacterialspot(163),.txt,46
label,BacterialSpot,BacterialSpot,/content/drive/MyDrive/Papaya_Leaf_Disease_Classification/YOLO_Bounding_Box/BacterialSpot/BacterialSpot(164).txt,YOLO_Bounding_Box/BacterialSpot/BacterialSpot(164).txt,BacterialSpot(164).txt,BacterialSpot(164),bacterialspot(164),.txt,52
label,BacterialSpot,BacterialSpot,/content/drive/MyDrive/Papaya_Leaf_Disease_Classification/YOLO_Bounding_Box/BacterialSpot/BacterialSpot(165).txt,YOLO_Bounding_Box/BacterialSpot/BacterialSpot(165).txt,BacterialSpot(165).txt,BacterialSpot(165),bacterialspot(165),.txt,38
label,BacterialSpot,BacterialSpot,/content/drive/MyDrive/Papaya_Leaf_Disease_Classification/YOLO_Bounding_Box/BacterialSpot/BacterialSpot(166).txt,YOLO_Bounding_Box/BacterialSpot/BacterialSpot(166).txt,BacterialSpot(166).txt,BacterialSpot(166),bacterialspot(166),.txt,45
label,BacterialSpot,BacterialSpot,/content/drive/MyDrive/Papaya_Leaf_Disease_Classification/YOLO_Bounding_Box/BacterialSpot/BacterialSpot(167).txt,YOLO_Bounding_Box/BacterialSpot/BacterialSpot(167).txt,BacterialSpot(167).txt,BacterialSpot(167),bacterialspot(167),.txt,46
label,BacterialSpot,BacterialSpot,/content/drive/MyDrive/Papaya_Leaf_Disease_Classification/YOLO_Bounding_Box/BacterialSpot/BacterialSpot(168).txt,YOLO_Bounding_Box/BacterialSpot/BacterialSpot(168).txt,BacterialSpot(168).txt,BacterialSpot(168),bacterialspot(168),.txt,69
label,BacterialSpot,BacterialSpot,/content/drive/MyDrive/Papaya_Leaf_Disease_Classification/YOLO_Bounding_Box/BacterialSpot/BacterialSpot(169).txt,YOLO_Bounding_Box/BacterialSpot/BacterialSpot(169).txt,BacterialSpot(169).txt,BacterialSpot(169),bacterialspot(169),.txt,58
label,BacterialSpot,BacterialSpot,/content/drive/MyDrive/Papaya_Leaf_Disease_Classification/YOLO_Bounding_Box/BacterialSpot/BacterialSpot(17).txt,YOLO_Bounding_Box/BacterialSpot/BacterialSpot(17).txt,BacterialSpot(17).txt,BacterialSpot(17),bacterialspot(17),.txt,36
label,BacterialSpot,BacterialSpot,/content/drive/MyDrive/Papaya_Leaf_Disease_Classification/YOLO_Bounding_Box/BacterialSpot/BacterialSpot(170).txt,YOLO_Bounding_Box/BacterialSpot/BacterialSpot(170).txt,BacterialSpot(170).txt,BacterialSpot(170),bacterialspot(170),.txt,13
label,BacterialSpot,BacterialSpot,/content/drive/MyDrive/Papaya_Leaf_Disease_Classification/YOLO_Bounding_Box/BacterialSpot/BacterialSpot(171).txt,YOLO_Bounding_Box/BacterialSpot/BacterialSpot(171).txt,BacterialSpot(171).txt,BacterialSpot(171),bacterialspot(171),.txt,79
label,BacterialSpot,BacterialSpot,/content/drive/MyDrive/Papaya_Leaf_Disease_Classification/YOLO_Bounding_Box/BacterialSpot/BacterialSpot(172).txt,YOLO_Bounding_Box/BacterialSpot/BacterialSpot(172).txt,BacterialSpot(172).txt,BacterialSpot(172),bacterialspot(172),.txt,71
label,BacterialSpot,BacterialSpot,/content/drive/MyDrive/Papaya_Leaf_Disease_Classification/YOLO_Bounding_Box/BacterialSpot/BacterialSpot(173).txt,YOLO_Bounding_Box/BacterialSpot/BacterialSpot(173).txt,BacterialSpot(173).txt,BacterialSpot(173),bacterialspot(173),.txt,79
label,BacterialSpot,BacterialSpot,/content/drive/MyDrive/Papaya_Leaf_Disease_Classification/YOLO_Bounding_Box/BacterialSpot/BacterialSpot(174).txt,YOLO_Bounding_Box/BacterialSpot/BacterialSpot(174).txt,BacterialSpot(174).txt,BacterialSpot(174),bacterialspot(174),.txt,43
label,BacterialSpot,BacterialSpot,/content/drive/MyDrive/Papaya_Leaf_Disease_Classification/YOLO_Bounding_Box/BacterialSpot/BacterialSpot(175).txt,YOLO_Bounding_Box/BacterialSpot/BacterialSpot(175).txt,BacterialSpot(175).txt,BacterialSpot(175),bacterialspot(175),.txt,45
label,BacterialSpot,BacterialSpot,/content/drive/MyDrive/Papaya_Leaf_Disease_Classification/YOLO_Bounding_Box/BacterialSpot/BacterialSpot(176).txt,YOLO_Bounding_Box/BacterialSpot/BacterialSpot(176).txt,BacterialSpot(176).txt,BacterialSpot(176),bacterialspot(176),.txt,20
label,BacterialSpot,BacterialSpot,/content/drive/MyDrive/Papaya_Leaf_Disease_Classification/YOLO_Bounding_Box/BacterialSpot/BacterialSpot(177).txt,YOLO_Bounding_Box/BacterialSpot/BacterialSpot(177).txt,BacterialSpot(177).txt,BacterialSpot(177),bacterialspot(177),.txt,71
label,BacterialSpot,BacterialSpot,/content/drive/MyDrive/Papaya_Leaf_Disease_Classification/YOLO_Bounding_Box/BacterialSpot/BacterialSpot(178).txt,YOLO_Bounding_Box/BacterialSpot/BacterialSpot(178).txt,BacterialSpot(178).txt,BacterialSpot(178),bacterialspot(178),.txt,45
label,BacterialSpot,BacterialSpot,/content/drive/MyDrive/Papaya_Leaf_Disease_Classification/YOLO_Bounding_Box/BacterialSpot/BacterialSpot(179).txt,YOLO_Bounding_Box/BacterialSpot/BacterialSpot(179).txt,BacterialSpot(179).txt,BacterialSpot(179),bacterialspot(179),.txt,66
label,BacterialSpot,BacterialSpot,/content/drive/MyDrive/Papaya_Leaf_Disease_Classification/YOLO_Bounding_Box/BacterialSpot/BacterialSpot(18).txt,YOLO_Bounding_Box/BacterialSpot/BacterialSpot(18).txt,BacterialSpot(18).txt,BacterialSpot(18),bacterialspot(18),.txt,13
label,BacterialSpot,BacterialSpot,/content/drive/MyDrive/Papaya_Leaf_Disease_Classification/YOLO_Bounding_Box/BacterialSpot/BacterialSpot(180).txt,YOLO_Bounding_Box/BacterialSpot/BacterialSpot(180).txt,BacterialSpot(180).txt,BacterialSpot(180),bacterialspot(180),.txt,45
label,BacterialSpot,BacterialSpot,/content/drive/MyDrive/Papaya_Leaf_Disease_Classification/YOLO_Bounding_Box/BacterialSpot/BacterialSpot(181).txt,YOLO_Bounding_Box/BacterialSpot/BacterialSpot(181).txt,BacterialSpot(181).txt,BacterialSpot(181),bacterialspot(181),.txt,42
label,BacterialSpot,BacterialSpot,/content/drive/MyDrive/Papaya_Leaf_Disease_Classification/YOLO_Bounding_Box/BacterialSpot/BacterialSpot(182).txt,YOLO_Bounding_Box/BacterialSpot/BacterialSpot(182).txt,BacterialSpot(182).txt,BacterialSpot(182),bacterialspot(182),.txt,45
label,BacterialSpot,BacterialSpot,/content/drive/MyDrive/Papaya_Leaf_Disease_Classification/YOLO_Bounding_Box/BacterialSpot/BacterialSpot(183).txt,YOLO_Bounding_Box/BacterialSpot/BacterialSpot(183).txt,BacterialSpot(183).txt,BacterialSpot(183),bacterialspot(183),.txt,70
label,BacterialSpot,BacterialSpot,/content/drive/MyDrive/Papaya_Leaf_Disease_Classification/YOLO_Bounding_Box/BacterialSpot/BacterialSpot(184).txt,YOLO_Bounding_Box/BacterialSpot/BacterialSpot(184).txt,BacterialSpot(184).txt,BacterialSpot(184),bacterialspot(184),.txt,69
label,BacterialSpot,BacterialSpot,/content/drive/MyDrive/Papaya_Leaf_Disease_Classification/YOLO_Bounding_Box/BacterialSpot/BacterialSpot(185).txt,YOLO_Bounding_Box/BacterialSpot/BacterialSpot(185).txt,BacterialSpot(185).txt,BacterialSpot(185),bacterialspot(185),.txt,45
label,BacterialSpot,BacterialSpot,/content/drive/MyDrive/Papaya_Leaf_Disease_Classification/YOLO_Bounding_Box/BacterialSpot/BacterialSpot(186).txt,YOLO_Bounding_Box/BacterialSpot/BacterialSpot(186).txt,BacterialSpot(186).txt,BacterialSpot(186),bacterialspot(186),.txt,69
label,BacterialSpot,BacterialSpot,/content/drive/MyDrive/Papaya_Leaf_Disease_Classification/YOLO_Bounding_Box/BacterialSpot/BacterialSpot(187).txt,YOLO_Bounding_Box/BacterialSpot/BacterialSpot(187).txt,BacterialSpot(187).txt,BacterialSpot(187),bacterialspot(187),.txt,46
label,BacterialSpot,BacterialSpot,/content/drive/MyDrive/Papaya_Leaf_Disease_Classification/YOLO_Bounding_Box/BacterialSpot/BacterialSpot(188).txt,YOLO_Bounding_Box/BacterialSpot/BacterialSpot(188).txt,BacterialSpot(188).txt,BacterialSpot(188),bacterialspot(188),.txt,45
label,BacterialSpot,BacterialSpot,/content/drive/MyDrive/Papaya_Leaf_Disease_Classification/YOLO_Bounding_Box/BacterialSpot/BacterialSpot(189).txt,YOLO_Bounding_Box/BacterialSpot/BacterialSpot(189).txt,BacterialSpot(189).txt,BacterialSpot(189),bacterialspot(189),.txt,68
label,BacterialSpot,BacterialSpot,/content/drive/MyDrive/Papaya_Leaf_Disease_Classification/YOLO_Bounding_Box/BacterialSpot/BacterialSpot(19).txt,YOLO_Bounding_Box/BacterialSpot/BacterialSpot(19).txt,BacterialSpot(19).txt,BacterialSpot(19),bacterialspot(19),.txt,38
label,BacterialSpot,BacterialSpot,/content/drive/MyDrive/Papaya_Leaf_Disease_Classification/YOLO_Bounding_Box/BacterialSpot/BacterialSpot(190).txt,YOLO_Bounding_Box/BacterialSpot/BacterialSpot(190).txt,BacterialSpot(190).txt,BacterialSpot(190),bacterialspot(190),.txt,37
label,BacterialSpot,BacterialSpot,/content/drive/MyDrive/Papaya_Leaf_Disease_Classification/YOLO_Bounding_Box/BacterialSpot/BacterialSpot(191).txt,YOLO_Bounding_Box/BacterialSpot/BacterialSpot(191).txt,BacterialSpot(191).txt,BacterialSpot(191),bacterialspot(191),.txt,44
label,BacterialSpot,BacterialSpot,/content/drive/MyDrive/Papaya_Leaf_Disease_Classification/YOLO_Bounding_Box/BacterialSpot/BacterialSpot(192).txt,YOLO_Bounding_Box/BacterialSpot/BacterialSpot(192).txt,BacterialSpot(192).txt,BacterialSpot(192),bacterialspot(192),.txt,41
label,BacterialSpot,BacterialSpot,/content/drive/MyDrive/Papaya_Leaf_Disease_Classification/YOLO_Bounding_Box/BacterialSpot/BacterialSpot(193).txt,YOLO_Bounding_Box/BacterialSpot/BacterialSpot(193).txt,BacterialSpot(193).txt,BacterialSpot(193),bacterialspot(193),.txt,53
label,BacterialSpot,BacterialSpot,/content/drive/MyDrive/Papaya_Leaf_Disease_Classification/YOLO_Bounding_Box/BacterialSpot/BacterialSpot(194).txt,YOLO_Bounding_Box/BacterialSpot/BacterialSpot(194).txt,BacterialSpot(194).txt,BacterialSpot(194),bacterialspot(194),.txt,56
label,BacterialSpot,BacterialSpot,/content/drive/MyDrive/Papaya_Leaf_Disease_Classification/YOLO_Bounding_Box/BacterialSpot/BacterialSpot(195).txt,YOLO_Bounding_Box/BacterialSpot/BacterialSpot(195).txt,BacterialSpot(195).txt,BacterialSpot(195),bacterialspot(195),.txt,43
label,BacterialSpot,BacterialSpot,/content/drive/MyDrive/Papaya_Leaf_Disease_Classification/YOLO_Bounding_Box/BacterialSpot/BacterialSpot(196).txt,YOLO_Bounding_Box/BacterialSpot/BacterialSpot(196).txt,BacterialSpot(196).txt,BacterialSpot(196),bacterialspot(196),.txt,30
label,BacterialSpot,BacterialSpot,/content/drive/MyDrive/Papaya_Leaf_Disease_Classification/YOLO_Bounding_Box/BacterialSpot/BacterialSpot(197).txt,YOLO_Bounding_Box/BacterialSpot/BacterialSpot(197).txt,BacterialSpot(197).txt,BacterialSpot(197),bacterialspot(197),.txt,77
label,BacterialSpot,BacterialSpot,/content/drive/MyDrive/Papaya_Leaf_Disease_Classification/YOLO_Bounding_Box/BacterialSpot/BacterialSpot(198).txt,YOLO_Bounding_Box/BacterialSpot/BacterialSpot(198).txt,BacterialSpot(198).txt,BacterialSpot(198),bacterialspot(198),.txt,26
label,BacterialSpot,BacterialSpot,/content/drive/MyDrive/Papaya_Leaf_Disease_Classification/YOLO_Bounding_Box/BacterialSpot/BacterialSpot(199).txt,YOLO_Bounding_Box/BacterialSpot/BacterialSpot(199).txt,BacterialSpot(199).txt,BacterialSpot(199),bacterialspot(199),.txt,46
label,BacterialSpot,BacterialSpot,/content/drive/MyDrive/Papaya_Leaf_Disease_Classification/YOLO_Bounding_Box/BacterialSpot/BacterialSpot(2).txt,YOLO_Bounding_Box/BacterialSpot/BacterialSpot(2).txt,BacterialSpot(2).txt,BacterialSpot(2),bacterialspot(2),.txt,68
label,BacterialSpot,BacterialSpot,/content/drive/MyDrive/Papaya_Leaf_Disease_Classification/YOLO_Bounding_Box/BacterialSpot/BacterialSpot(20).txt,YOLO_Bounding_Box/BacterialSpot/BacterialSpot(20).txt,BacterialSpot(20).txt,BacterialSpot(20),bacterialspot(20),.txt,45
label,BacterialSpot,BacterialSpot,/content/drive/MyDrive/Papaya_Leaf_Disease_Classification/YOLO_Bounding_Box/BacterialSpot/BacterialSpot(200).txt,YOLO_Bounding_Box/BacterialSpot/BacterialSpot(200).txt,BacterialSpot(200).txt,BacterialSpot(200),bacterialspot(200),.txt,31
label,BacterialSpot,BacterialSpot,/content/drive/MyDrive/Papaya_Leaf_Disease_Classification/YOLO_Bounding_Box/BacterialSpot/BacterialSpot(201).txt,YOLO_Bounding_Box/BacterialSpot/BacterialSpot(201).txt,BacterialSpot(201).txt,BacterialSpot(201),bacterialspot(201),.txt,72
label,BacterialSpot,BacterialSpot,/content/drive/MyDrive/Papaya_Leaf_Disease_Classification/YOLO_Bounding_Box/BacterialSpot/BacterialSpot(202).txt,YOLO_Bounding_Box/BacterialSpot/BacterialSpot(202).txt,BacterialSpot(202).txt,BacterialSpot(202),bacterialspot(202),.txt,59
label,BacterialSpot,BacterialSpot,/content/drive/MyDrive/Papaya_Leaf_Disease_Classification/YOLO_Bounding_Box/BacterialSpot/BacterialSpot(203).txt,YOLO_Bounding_Box/BacterialSpot/BacterialSpot(203).txt,BacterialSpot(203).txt,BacterialSpot(203),bacterialspot(203),.txt,44
label,BacterialSpot,BacterialSpot,/content/drive/MyDrive/Papaya_Leaf_Disease_Classification/YOLO_Bounding_Box/BacterialSpot/BacterialSpot(204).txt,YOLO_Bounding_Box/BacterialSpot/BacterialSpot(204).txt,BacterialSpot(204).txt,BacterialSpot(204),bacterialspot(204),.txt,57
label,BacterialSpot,BacterialSpot,/content/drive/MyDrive/Papaya_Leaf_Disease_Classification/YOLO_Bounding_Box/BacterialSpot/BacterialSpot(205).txt,YOLO_Bounding_Box/BacterialSpot/BacterialSpot(205).txt,BacterialSpot(205).txt,BacterialSpot(205),bacterialspot(205),.txt,52
label,BacterialSpot,BacterialSpot,/content/drive/MyDrive/Papaya_Leaf_Disease_Classification/YOLO_Bounding_Box/BacterialSpot/BacterialSpot(206).txt,YOLO_Bounding_Box/BacterialSpot/BacterialSpot(206).txt,BacterialSpot(206).txt,BacterialSpot(206),bacterialspot(206),.txt,78
label,BacterialSpot,BacterialSpot,/content/drive/MyDrive/Papaya_Leaf_Disease_Classification/YOLO_Bounding_Box/BacterialSpot/BacterialSpot(207).txt,YOLO_Bounding_Box/BacterialSpot/BacterialSpot(207).txt,BacterialSpot(207).txt,BacterialSpot(207),bacterialspot(207),.txt,28
label,BacterialSpot,BacterialSpot,/content/drive/MyDrive/Papaya_Leaf_Disease_Classification/YOLO_Bounding_Box/BacterialSpot/BacterialSpot(208).txt,YOLO_Bounding_Box/BacterialSpot/BacterialSpot(208).txt,BacterialSpot(208).txt,BacterialSpot(208),bacterialspot(208),.txt,59
label,BacterialSpot,BacterialSpot,/content/drive/MyDrive/Papaya_Leaf_Disease_Classification/YOLO_Bounding_Box/BacterialSpot/BacterialSpot(209).txt,YOLO_Bounding_Box/BacterialSpot/BacterialSpot(209).txt,BacterialSpot(209).txt,BacterialSpot(209),bacterialspot(209),.txt,63
label,BacterialSpot,BacterialSpot,/content/drive/MyDrive/Papaya_Leaf_Disease_Classification/YOLO_Bounding_Box/BacterialSpot/BacterialSpot(21).txt,YOLO_Bounding_Box/BacterialSpot/BacterialSpot(21).txt,BacterialSpot(21).txt,BacterialSpot(21),bacterialspot(21),.txt,26
label,BacterialSpot,BacterialSpot,/content/drive/MyDrive/Papaya_Leaf_Disease_Classification/YOLO_Bounding_Box/BacterialSpot/BacterialSpot(210).txt,YOLO_Bounding_Box/BacterialSpot/BacterialSpot(210).txt,BacterialSpot(210).txt,BacterialSpot(210),bacterialspot(210),.txt,29
label,BacterialSpot,BacterialSpot,/content/drive/MyDrive/Papaya_Leaf_Disease_Classification/YOLO_Bounding_Box/BacterialSpot/BacterialSpot(211).txt,YOLO_Bounding_Box/BacterialSpot/BacterialSpot(211).txt,BacterialSpot(211).txt,BacterialSpot(211),bacterialspot(211),.txt,63
label,BacterialSpot,BacterialSpot,/content/drive/MyDrive/Papaya_Leaf_Disease_Classification/YOLO_Bounding_Box/BacterialSpot/BacterialSpot(212).txt,YOLO_Bounding_Box/BacterialSpot/BacterialSpot(212).txt,BacterialSpot(212).txt,BacterialSpot(212),bacterialspot(212),.txt,32
label,BacterialSpot,BacterialSpot,/content/drive/MyDrive/Papaya_Leaf_Disease_Classification/YOLO_Bounding_Box/BacterialSpot/BacterialSpot(213).txt,YOLO_Bounding_Box/BacterialSpot/BacterialSpot(213).txt,BacterialSpot(213).txt,BacterialSpot(213),bacterialspot(213),.txt,39
label,BacterialSpot,BacterialSpot,/content/drive/MyDrive/Papaya_Leaf_Disease_Classification/YOLO_Bounding_Box/BacterialSpot/BacterialSpot(214).txt,YOLO_Bounding_Box/BacterialSpot/BacterialSpot(214).txt,BacterialSpot(214).txt,BacterialSpot(214),bacterialspot(214),.txt,68
label,BacterialSpot,BacterialSpot,/content/drive/MyDrive/Papaya_Leaf_Disease_Classification/YOLO_Bounding_Box/BacterialSpot/BacterialSpot(215).txt,YOLO_Bounding_Box/BacterialSpot/BacterialSpot(215).txt,BacterialSpot(215).txt,BacterialSpot(215),bacterialspot(215),.txt,26
label,BacterialSpot,BacterialSpot,/content/drive/MyDrive/Papaya_Leaf_Disease_Classification/YOLO_Bounding_Box/BacterialSpot/BacterialSpot(216).txt,YOLO_Bounding_Box/BacterialSpot/BacterialSpot(216).txt,BacterialSpot(216).txt,BacterialSpot(216),bacterialspot(216),.txt,46
label,BacterialSpot,BacterialSpot,/content/drive/MyDrive/Papaya_Leaf_Disease_Classification/YOLO_Bounding_Box/BacterialSpot/BacterialSpot(217).txt,YOLO_Bounding_Box/BacterialSpot/BacterialSpot(217).txt,BacterialSpot(217).txt,BacterialSpot(217),bacterialspot(217),.txt,45
label,BacterialSpot,BacterialSpot,/content/drive/MyDrive/Papaya_Leaf_Disease_Classification/YOLO_Bounding_Box/BacterialSpot/BacterialSpot(218).txt,YOLO_Bounding_Box/BacterialSpot/BacterialSpot(218).txt,BacterialSpot(218).txt,BacterialSpot(218),bacterialspot(218),.txt,36
label,BacterialSpot,BacterialSpot,/content/drive/MyDrive/Papaya_Leaf_Disease_Classification/YOLO_Bounding_Box/BacterialSpot/BacterialSpot(219).txt,YOLO_Bounding_Box/BacterialSpot/BacterialSpot(219).txt,BacterialSpot(219).txt,BacterialSpot(219),bacterialspot(219),.txt,62
label,BacterialSpot,BacterialSpot,/content/drive/MyDrive/Papaya_Leaf_Disease_Classification/YOLO_Bounding_Box/BacterialSpot/BacterialSpot(22).txt,YOLO_Bounding_Box/BacterialSpot/BacterialSpot(22).txt,BacterialSpot(22).txt,BacterialSpot(22),bacterialspot(22),.txt,30
label,BacterialSpot,BacterialSpot,/content/drive/MyDrive/Papaya_Leaf_Disease_Classification/YOLO_Bounding_Box/BacterialSpot/BacterialSpot(220).txt,YOLO_Bounding_Box/BacterialSpot/BacterialSpot(220).txt,BacterialSpot(220).txt,BacterialSpot(220),bacterialspot(220),.txt,46
label,BacterialSpot,BacterialSpot,/content/drive/MyDrive/Papaya_Leaf_Disease_Classification/YOLO_Bounding_Box/BacterialSpot/BacterialSpot(221).txt,YOLO_Bounding_Box/BacterialSpot/BacterialSpot(221).txt,BacterialSpot(221).txt,BacterialSpot(221),bacterialspot(221),.txt,45
label,BacterialSpot,BacterialSpot,/content/drive/MyDrive/Papaya_Leaf_Disease_Classification/YOLO_Bounding_Box/BacterialSpot/BacterialSpot(222).txt,YOLO_Bounding_Box/BacterialSpot/BacterialSpot(222).txt,BacterialSpot(222).txt,BacterialSpot(222),bacterialspot(222),.txt,57
label,BacterialSpot,BacterialSpot,/content/drive/MyDrive/Papaya_Leaf_Disease_Classification/YOLO_Bounding_Box/BacterialSpot/BacterialSpot(223).txt,YOLO_Bounding_Box/BacterialSpot/BacterialSpot(223).txt,BacterialSpot(223).txt,BacterialSpot(223),bacterialspot(223),.txt,69
label,BacterialSpot,BacterialSpot,/content/drive/MyDrive/Papaya_Leaf_Disease_Classification/YOLO_Bounding_Box/BacterialSpot/BacterialSpot(224).txt,YOLO_Bounding_Box/BacterialSpot/BacterialSpot(224).txt,BacterialSpot(224).txt,BacterialSpot(224),bacterialspot(224),.txt,46
label,BacterialSpot,BacterialSpot,/content/drive/MyDrive/Papaya_Leaf_Disease_Classification/YOLO_Bounding_Box/BacterialSpot/BacterialSpot(225).txt,YOLO_Bounding_Box/BacterialSpot/BacterialSpot(225).txt,BacterialSpot(225).txt,BacterialSpot(225),bacterialspot(225),.txt,61
label,BacterialSpot,BacterialSpot,/content/drive/MyDrive/Papaya_Leaf_Disease_Classification/YOLO_Bounding_Box/BacterialSpot/BacterialSpot(226).txt,YOLO_Bounding_Box/BacterialSpot/BacterialSpot(226).txt,BacterialSpot(226).txt,BacterialSpot(226),bacterialspot(226),.txt,54
label,BacterialSpot,BacterialSpot,/content/drive/MyDrive/Papaya_Leaf_Disease_Classification/YOLO_Bounding_Box/BacterialSpot/BacterialSpot(227).txt,YOLO_Bounding_Box/BacterialSpot/BacterialSpot(227).txt,BacterialSpot(227).txt,BacterialSpot(227),bacterialspot(227),.txt,68
label,BacterialSpot,BacterialSpot,/content/drive/MyDrive/Papaya_Leaf_Disease_Classification/YOLO_Bounding_Box/BacterialSpot/BacterialSpot(228).txt,YOLO_Bounding_Box/BacterialSpot/BacterialSpot(228).txt,BacterialSpot(228).txt,BacterialSpot(228),bacterialspot(228),.txt,13
label,BacterialSpot,BacterialSpot,/content/drive/MyDrive/Papaya_Leaf_Disease_Classification/YOLO_Bounding_Box/BacterialSpot/BacterialSpot(229).txt,YOLO_Bounding_Box/BacterialSpot/BacterialSpot(229).txt,BacterialSpot(229).txt,BacterialSpot(229),bacterialspot(229),.txt,24
label,BacterialSpot,BacterialSpot,/content/drive/MyDrive/Papaya_Leaf_Disease_Classification/YOLO_Bounding_Box/BacterialSpot/BacterialSpot(23).txt,YOLO_Bounding_Box/BacterialSpot/BacterialSpot(23).txt,BacterialSpot(23).txt,BacterialSpot(23),bacterialspot(23),.txt,38
label,BacterialSpot,BacterialSpot,/content/drive/MyDrive/Papaya_Leaf_Disease_Classification/YOLO_Bounding_Box/BacterialSpot/BacterialSpot(230).txt,YOLO_Bounding_Box/BacterialSpot/BacterialSpot(230).txt,BacterialSpot(230).txt,BacterialSpot(230),bacterialspot(230),.txt,30
label,BacterialSpot,BacterialSpot,/content/drive/MyDrive/Papaya_Leaf_Disease_Classification/YOLO_Bounding_Box/BacterialSpot/BacterialSpot(231).txt,YOLO_Bounding_Box/BacterialSpot/BacterialSpot(231).txt,BacterialSpot(231).txt,BacterialSpot(231),bacterialspot(231),.txt,72
label,BacterialSpot,BacterialSpot,/content/drive/MyDrive/Papaya_Leaf_Disease_Classification/YOLO_Bounding_Box/BacterialSpot/BacterialSpot(232).txt,YOLO_Bounding_Box/BacterialSpot/BacterialSpot(232).txt,BacterialSpot(232).txt,BacterialSpot(232),bacterialspot(232),.txt,70
label,BacterialSpot,BacterialSpot,/content/drive/MyDrive/Papaya_Leaf_Disease_Classification/YOLO_Bounding_Box/BacterialSpot/BacterialSpot(233).txt,YOLO_Bounding_Box/BacterialSpot/BacterialSpot(233).txt,BacterialSpot(233).txt,BacterialSpot(233),bacterialspot(233),.txt,46
label,BacterialSpot,BacterialSpot,/content/drive/MyDrive/Papaya_Leaf_Disease_Classification/YOLO_Bounding_Box/BacterialSpot/BacterialSpot(234).txt,YOLO_Bounding_Box/BacterialSpot/BacterialSpot(234).txt,BacterialSpot(234).txt,BacterialSpot(234),bacterialspot(234),.txt,13
label,BacterialSpot,BacterialSpot,/content/drive/MyDrive/Papaya_Leaf_Disease_Classification/YOLO_Bounding_Box/BacterialSpot/BacterialSpot(235).txt,YOLO_Bounding_Box/BacterialSpot/BacterialSpot(235).txt,BacterialSpot(235).txt,BacterialSpot(235),bacterialspot(235),.txt,45
label,BacterialSpot,BacterialSpot,/content/drive/MyDrive/Papaya_Leaf_Disease_Classification/YOLO_Bounding_Box/BacterialSpot/BacterialSpot(236).txt,YOLO_Bounding_Box/BacterialSpot/BacterialSpot(236).txt,BacterialSpot(236).txt,BacterialSpot(236),bacterialspot(236),.txt,45
label,BacterialSpot,BacterialSpot,/content/drive/MyDrive/Papaya_Leaf_Disease_Classification/YOLO_Bounding_Box/BacterialSpot/BacterialSpot(237).txt,YOLO_Bounding_Box/BacterialSpot/BacterialSpot(237).txt,BacterialSpot(237).txt,BacterialSpot(237),bacterialspot(237),.txt,45
label,BacterialSpot,BacterialSpot,/content/drive/MyDrive/Papaya_Leaf_Disease_Classification/YOLO_Bounding_Box/BacterialSpot/BacterialSpot(238).txt,YOLO_Bounding_Box/BacterialSpot/BacterialSpot(238).txt,BacterialSpot(238).txt,BacterialSpot(238),bacterialspot(238),.txt,77
label,BacterialSpot,BacterialSpot,/content/drive/MyDrive/Papaya_Leaf_Disease_Classification/YOLO_Bounding_Box/BacterialSpot/BacterialSpot(239).txt,YOLO_Bounding_Box/BacterialSpot/BacterialSpot(239).txt,BacterialSpot(239).txt,BacterialSpot(239),bacterialspot(239),.txt,36
label,BacterialSpot,BacterialSpot,/content/drive/MyDrive/Papaya_Leaf_Disease_Classification/YOLO_Bounding_Box/BacterialSpot/BacterialSpot(24).txt,YOLO_Bounding_Box/BacterialSpot/BacterialSpot(24).txt,BacterialSpot(24).txt,BacterialSpot(24),bacterialspot(24),.txt,68
label,BacterialSpot,BacterialSpot,/content/drive/MyDrive/Papaya_Leaf_Disease_Classification/YOLO_Bounding_Box/BacterialSpot/BacterialSpot(240).txt,YOLO_Bounding_Box/BacterialSpot/BacterialSpot(240).txt,BacterialSpot(240).txt,BacterialSpot(240),bacterialspot(240),.txt,48
label,BacterialSpot,BacterialSpot,/content/drive/MyDrive/Papaya_Leaf_Disease_Classification/YOLO_Bounding_Box/BacterialSpot/BacterialSpot(241).txt,YOLO_Bounding_Box/BacterialSpot/BacterialSpot(241).txt,BacterialSpot(241).txt,BacterialSpot(241),bacterialspot(241),.txt,38
label,BacterialSpot,BacterialSpot,/content/drive/MyDrive/Papaya_Leaf_Disease_Classification/YOLO_Bounding_Box/BacterialSpot/BacterialSpot(242).txt,YOLO_Bounding_Box/BacterialSpot/BacterialSpot(242).txt,BacterialSpot(242).txt,BacterialSpot(242),bacterialspot(242),.txt,66
label,BacterialSpot,BacterialSpot,/content/drive/MyDrive/Papaya_Leaf_Disease_Classification/YOLO_Bounding_Box/BacterialSpot/BacterialSpot(243).txt,YOLO_Bounding_Box/BacterialSpot/BacterialSpot(243).txt,BacterialSpot(243).txt,BacterialSpot(243),bacterialspot(243),.txt,51
label,BacterialSpot,BacterialSpot,/content/drive/MyDrive/Papaya_Leaf_Disease_Classification/YOLO_Bounding_Box/BacterialSpot/BacterialSpot(244).txt,YOLO_Bounding_Box/BacterialSpot/BacterialSpot(244).txt,BacterialSpot(244).txt,BacterialSpot(244),bacterialspot(244),.txt,38
label,BacterialSpot,BacterialSpot,/content/drive/MyDrive/Papaya_Leaf_Disease_Classification/YOLO_Bounding_Box/BacterialSpot/BacterialSpot(245).txt,YOLO_Bounding_Box/BacterialSpot/BacterialSpot(245).txt,BacterialSpot(245).txt,BacterialSpot(245),bacterialspot(245),.txt,62
label,BacterialSpot,BacterialSpot,/content/drive/MyDrive/Papaya_Leaf_Disease_Classification/YOLO_Bounding_Box/BacterialSpot/BacterialSpot(246).txt,YOLO_Bounding_Box/BacterialSpot/BacterialSpot(246).txt,BacterialSpot(246).txt,BacterialSpot(246),bacterialspot(246),.txt,31
label,BacterialSpot,BacterialSpot,/content/drive/MyDrive/Papaya_Leaf_Disease_Classification/YOLO_Bounding_Box/BacterialSpot/BacterialSpot(247).txt,YOLO_Bounding_Box/BacterialSpot/BacterialSpot(247).txt,BacterialSpot(247).txt,BacterialSpot(247),bacterialspot(247),.txt,13
label,BacterialSpot,BacterialSpot,/content/drive/MyDrive/Papaya_Leaf_Disease_Classification/YOLO_Bounding_Box/BacterialSpot/BacterialSpot(248).txt,YOLO_Bounding_Box/BacterialSpot/BacterialSpot(248).txt,BacterialSpot(248).txt,BacterialSpot(248),bacterialspot(248),.txt,13
label,BacterialSpot,BacterialSpot,/content/drive/MyDrive/Papaya_Leaf_Disease_Classification/YOLO_Bounding_Box/BacterialSpot/BacterialSpot(249).txt,YOLO_Bounding_Box/BacterialSpot/BacterialSpot(249).txt,BacterialSpot(249).txt,BacterialSpot(249),bacterialspot(249),.txt,70
label,BacterialSpot,BacterialSpot,/content/drive/MyDrive/Papaya_Leaf_Disease_Classification/YOLO_Bounding_Box/BacterialSpot/BacterialSpot(25).txt,YOLO_Bounding_Box/BacterialSpot/BacterialSpot(25).txt,BacterialSpot(25).txt,BacterialSpot(25),bacterialspot(25),.txt,41
label,BacterialSpot,BacterialSpot,/content/drive/MyDrive/Papaya_Leaf_Disease_Classification/YOLO_Bounding_Box/BacterialSpot/BacterialSpot(250).txt,YOLO_Bounding_Box/BacterialSpot/BacterialSpot(250).txt,BacterialSpot(250).txt,BacterialSpot(250),bacterialspot(250),.txt,31
label,BacterialSpot,BacterialSpot,/content/drive/MyDrive/Papaya_Leaf_Disease_Classification/YOLO_Bounding_Box/BacterialSpot/BacterialSpot(251).txt,YOLO_Bounding_Box/BacterialSpot/BacterialSpot(251).txt,BacterialSpot(251).txt,BacterialSpot(251),bacterialspot(251),.txt,63
label,BacterialSpot,BacterialSpot,/content/drive/MyDrive/Papaya_Leaf_Disease_Classification/YOLO_Bounding_Box/BacterialSpot/BacterialSpot(252).txt,YOLO_Bounding_Box/BacterialSpot/BacterialSpot(252).txt,BacterialSpot(252).txt,BacterialSpot(252),bacterialspot(252),.txt,57
label,BacterialSpot,BacterialSpot,/content/drive/MyDrive/Papaya_Leaf_Disease_Classification/YOLO_Bounding_Box/BacterialSpot/BacterialSpot(253).txt,YOLO_Bounding_Box/BacterialSpot/BacterialSpot(253).txt,BacterialSpot(253).txt,BacterialSpot(253),bacterialspot(253),.txt,59
label,BacterialSpot,BacterialSpot,/content/drive/MyDrive/Papaya_Leaf_Disease_Classification/YOLO_Bounding_Box/BacterialSpot/BacterialSpot(254).txt,YOLO_Bounding_Box/BacterialSpot/BacterialSpot(254).txt,BacterialSpot(254).txt,BacterialSpot(254),bacterialspot(254),.txt,69
label,BacterialSpot,BacterialSpot,/content/drive/MyDrive/Papaya_Leaf_Disease_Classification/YOLO_Bounding_Box/BacterialSpot/BacterialSpot(255).txt,YOLO_Bounding_Box/BacterialSpot/BacterialSpot(255).txt,BacterialSpot(255).txt,BacterialSpot(255),bacterialspot(255),.txt,38
label,BacterialSpot,BacterialSpot,/content/drive/MyDrive/Papaya_Leaf_Disease_Classification/YOLO_Bounding_Box/BacterialSpot/BacterialSpot(256).txt,YOLO_Bounding_Box/BacterialSpot/BacterialSpot(256).txt,BacterialSpot(256).txt,BacterialSpot(256),bacterialspot(256),.txt,77
label,BacterialSpot,BacterialSpot,/content/drive/MyDrive/Papaya_Leaf_Disease_Classification/YOLO_Bounding_Box/BacterialSpot/BacterialSpot(257).txt,YOLO_Bounding_Box/BacterialSpot/BacterialSpot(257).txt,BacterialSpot(257).txt,BacterialSpot(257),bacterialspot(257),.txt,63
label,BacterialSpot,BacterialSpot,/content/drive/MyDrive/Papaya_Leaf_Disease_Classification/YOLO_Bounding_Box/BacterialSpot/BacterialSpot(258).txt,YOLO_Bounding_Box/BacterialSpot/BacterialSpot(258).txt,BacterialSpot(258).txt,BacterialSpot(258),bacterialspot(258),.txt,70
label,BacterialSpot,BacterialSpot,/content/drive/MyDrive/Papaya_Leaf_Disease_Classification/YOLO_Bounding_Box/BacterialSpot/BacterialSpot(259).txt,YOLO_Bounding_Box/BacterialSpot/BacterialSpot(259).txt,BacterialSpot(259).txt,BacterialSpot(259),bacterialspot(259),.txt,69
label,BacterialSpot,BacterialSpot,/content/drive/MyDrive/Papaya_Leaf_Disease_Classification/YOLO_Bounding_Box/BacterialSpot/BacterialSpot(26).txt,YOLO_Bounding_Box/BacterialSpot/BacterialSpot(26).txt,BacterialSpot(26).txt,BacterialSpot(26),bacterialspot(26),.txt,70
label,BacterialSpot,BacterialSpot,/content/drive/MyDrive/Papaya_Leaf_Disease_Classification/YOLO_Bounding_Box/BacterialSpot/BacterialSpot(260).txt,YOLO_Bounding_Box/BacterialSpot/BacterialSpot(260).txt,BacterialSpot(260).txt,BacterialSpot(260),bacterialspot(260),.txt,38
label,BacterialSpot,BacterialSpot,/content/drive/MyDrive/Papaya_Leaf_Disease_Classification/YOLO_Bounding_Box/BacterialSpot/BacterialSpot(261).txt,YOLO_Bounding_Box/BacterialSpot/BacterialSpot(261).txt,BacterialSpot(261).txt,BacterialSpot(261),bacterialspot(261),.txt,62
label,BacterialSpot,BacterialSpot,/content/drive/MyDrive/Papaya_Leaf_Disease_Classification/YOLO_Bounding_Box/BacterialSpot/BacterialSpot(262).txt,YOLO_Bounding_Box/BacterialSpot/BacterialSpot(262).txt,BacterialSpot(262).txt,BacterialSpot(262),bacterialspot(262),.txt,60
label,BacterialSpot,BacterialSpot,/content/drive/MyDrive/Papaya_Leaf_Disease_Classification/YOLO_Bounding_Box/BacterialSpot/BacterialSpot(263).txt,YOLO_Bounding_Box/BacterialSpot/BacterialSpot(263).txt,BacterialSpot(263).txt,BacterialSpot(263),bacterialspot(263),.txt,68
label,BacterialSpot,BacterialSpot,/content/drive/MyDrive/Papaya_Leaf_Disease_Classification/YOLO_Bounding_Box/BacterialSpot/BacterialSpot(264).txt,YOLO_Bounding_Box/BacterialSpot/BacterialSpot(264).txt,BacterialSpot(264).txt,BacterialSpot(264),bacterialspot(264),.txt,53
label,BacterialSpot,BacterialSpot,/content/drive/MyDrive/Papaya_Leaf_Disease_Classification/YOLO_Bounding_Box/BacterialSpot/BacterialSpot(265).txt,YOLO_Bounding_Box/BacterialSpot/BacterialSpot(265).txt,BacterialSpot(265).txt,BacterialSpot(265),bacterialspot(265),.txt,52
label,BacterialSpot,BacterialSpot,/content/drive/MyDrive/Papaya_Leaf_Disease_Classification/YOLO_Bounding_Box/BacterialSpot/BacterialSpot(266).txt,YOLO_Bounding_Box/BacterialSpot/BacterialSpot(266).txt,BacterialSpot(266).txt,BacterialSpot(266),bacterialspot(266),.txt,79
label,BacterialSpot,BacterialSpot,/content/drive/MyDrive/Papaya_Leaf_Disease_Classification/YOLO_Bounding_Box/BacterialSpot/BacterialSpot(267).txt,YOLO_Bounding_Box/BacterialSpot/BacterialSpot(267).txt,BacterialSpot(267).txt,BacterialSpot(267),bacterialspot(267),.txt,60
label,BacterialSpot,BacterialSpot,/content/drive/MyDrive/Papaya_Leaf_Disease_Classification/YOLO_Bounding_Box/BacterialSpot/BacterialSpot(268).txt,YOLO_Bounding_Box/BacterialSpot/BacterialSpot(268).txt,BacterialSpot(268).txt,BacterialSpot(268),bacterialspot(268),.txt,30
label,BacterialSpot,BacterialSpot,/content/drive/MyDrive/Papaya_Leaf_Disease_Classification/YOLO_Bounding_Box/BacterialSpot/BacterialSpot(269).txt,YOLO_Bounding_Box/BacterialSpot/BacterialSpot(269).txt,BacterialSpot(269).txt,BacterialSpot(269),bacterialspot(269),.txt,46
label,BacterialSpot,BacterialSpot,/content/drive/MyDrive/Papaya_Leaf_Disease_Classification/YOLO_Bounding_Box/BacterialSpot/BacterialSpot(27).txt,YOLO_Bounding_Box/BacterialSpot/BacterialSpot(27).txt,BacterialSpot(27).txt,BacterialSpot(27),bacterialspot(27),.txt,62
label,BacterialSpot,BacterialSpot,/content/drive/MyDrive/Papaya_Leaf_Disease_Classification/YOLO_Bounding_Box/BacterialSpot/BacterialSpot(270).txt,YOLO_Bounding_Box/BacterialSpot/BacterialSpot(270).txt,BacterialSpot(270).txt,BacterialSpot(270),bacterialspot(270),.txt,37
label,BacterialSpot,BacterialSpot,/content/drive/MyDrive/Papaya_Leaf_Disease_Classification/YOLO_Bounding_Box/BacterialSpot/BacterialSpot(271).txt,YOLO_Bounding_Box/BacterialSpot/BacterialSpot(271).txt,BacterialSpot(271).txt,BacterialSpot(271),bacterialspot(271),.txt,77
label,BacterialSpot,BacterialSpot,/content/drive/MyDrive/Papaya_Leaf_Disease_Classification/YOLO_Bounding_Box/BacterialSpot/BacterialSpot(272).txt,YOLO_Bounding_Box/BacterialSpot/BacterialSpot(272).txt,BacterialSpot(272).txt,BacterialSpot(272),bacterialspot(272),.txt,58
label,BacterialSpot,BacterialSpot,/content/drive/MyDrive/Papaya_Leaf_Disease_Classification/YOLO_Bounding_Box/BacterialSpot/BacterialSpot(273).txt,YOLO_Bounding_Box/BacterialSpot/BacterialSpot(273).txt,BacterialSpot(273).txt,BacterialSpot(273),bacterialspot(273),.txt,61
label,BacterialSpot,BacterialSpot,/content/drive/MyDrive/Papaya_Leaf_Disease_Classification/YOLO_Bounding_Box/BacterialSpot/BacterialSpot(274).txt,YOLO_Bounding_Box/BacterialSpot/BacterialSpot(274).txt,BacterialSpot(274).txt,BacterialSpot(274),bacterialspot(274),.txt,45
label,BacterialSpot,BacterialSpot,/content/drive/MyDrive/Papaya_Leaf_Disease_Classification/YOLO_Bounding_Box/BacterialSpot/BacterialSpot(275).txt,YOLO_Bounding_Box/BacterialSpot/BacterialSpot(275).txt,BacterialSpot(275).txt,BacterialSpot(275),bacterialspot(275),.txt,69
label,BacterialSpot,BacterialSpot,/content/drive/MyDrive/Papaya_Leaf_Disease_Classification/YOLO_Bounding_Box/BacterialSpot/BacterialSpot(276).txt,YOLO_Bounding_Box/BacterialSpot/BacterialSpot(276).txt,BacterialSpot(276).txt,BacterialSpot(276),bacterialspot(276),.txt,59
label,BacterialSpot,BacterialSpot,/content/drive/MyDrive/Papaya_Leaf_Disease_Classification/YOLO_Bounding_Box/BacterialSpot/BacterialSpot(277).txt,YOLO_Bounding_Box/BacterialSpot/BacterialSpot(277).txt,BacterialSpot(277).txt,BacterialSpot(277),bacterialspot(277),.txt,38
label,BacterialSpot,BacterialSpot,/content/drive/MyDrive/Papaya_Leaf_Disease_Classification/YOLO_Bounding_Box/BacterialSpot/BacterialSpot(278).txt,YOLO_Bounding_Box/BacterialSpot/BacterialSpot(278).txt,BacterialSpot(278).txt,BacterialSpot(278),bacterialspot(278),.txt,52
label,BacterialSpot,BacterialSpot,/content/drive/MyDrive/Papaya_Leaf_Disease_Classification/YOLO_Bounding_Box/BacterialSpot/BacterialSpot(279).txt,YOLO_Bounding_Box/BacterialSpot/BacterialSpot(279).txt,BacterialSpot(279).txt,BacterialSpot(279),bacterialspot(279),.txt,37
label,BacterialSpot,BacterialSpot,/content/drive/MyDrive/Papaya_Leaf_Disease_Classification/YOLO_Bounding_Box/BacterialSpot/BacterialSpot(28).txt,YOLO_Bounding_Box/BacterialSpot/BacterialSpot(28).txt,BacterialSpot(28).txt,BacterialSpot(28),bacterialspot(28),.txt,13
label,BacterialSpot,BacterialSpot,/content/drive/MyDrive/Papaya_Leaf_Disease_Classification/YOLO_Bounding_Box/BacterialSpot/BacterialSpot(280).txt,YOLO_Bounding_Box/BacterialSpot/BacterialSpot(280).txt,BacterialSpot(280).txt,BacterialSpot(280),bacterialspot(280),.txt,61
label,BacterialSpot,BacterialSpot,/content/drive/MyDrive/Papaya_Leaf_Disease_Classification/YOLO_Bounding_Box/BacterialSpot/BacterialSpot(281).txt,YOLO_Bounding_Box/BacterialSpot/BacterialSpot(281).txt,BacterialSpot(281).txt,BacterialSpot(281),bacterialspot(281),.txt,71
label,BacterialSpot,BacterialSpot,/content/drive/MyDrive/Papaya_Leaf_Disease_Classification/YOLO_Bounding_Box/BacterialSpot/BacterialSpot(282).txt,YOLO_Bounding_Box/BacterialSpot/BacterialSpot(282).txt,BacterialSpot(282).txt,BacterialSpot(282),bacterialspot(282),.txt,13
label,BacterialSpot,BacterialSpot,/content/drive/MyDrive/Papaya_Leaf_Disease_Classification/YOLO_Bounding_Box/BacterialSpot/BacterialSpot(283).txt,YOLO_Bounding_Box/BacterialSpot/BacterialSpot(283).txt,BacterialSpot(283).txt,BacterialSpot(283),bacterialspot(283),.txt,45
label,BacterialSpot,BacterialSpot,/content/drive/MyDrive/Papaya_Leaf_Disease_Classification/YOLO_Bounding_Box/BacterialSpot/BacterialSpot(284).txt,YOLO_Bounding_Box/BacterialSpot/BacterialSpot(284).txt,BacterialSpot(284).txt,BacterialSpot(284),bacterialspot(284),.txt,46
label,BacterialSpot,BacterialSpot,/content/drive/MyDrive/Papaya_Leaf_Disease_Classification/YOLO_Bounding_Box/BacterialSpot/BacterialSpot(285).txt,YOLO_Bounding_Box/BacterialSpot/BacterialSpot(285).txt,BacterialSpot(285).txt,BacterialSpot(285),bacterialspot(285),.txt,37
label,BacterialSpot,BacterialSpot,/content/drive/MyDrive/Papaya_Leaf_Disease_Classification/YOLO_Bounding_Box/BacterialSpot/BacterialSpot(286).txt,YOLO_Bounding_Box/BacterialSpot/BacterialSpot(286).txt,BacterialSpot(286).txt,BacterialSpot(286),bacterialspot(286),.txt,26
label,BacterialSpot,BacterialSpot,/content/drive/MyDrive/Papaya_Leaf_Disease_Classification/YOLO_Bounding_Box/BacterialSpot/BacterialSpot(287).txt,YOLO_Bounding_Box/BacterialSpot/BacterialSpot(287).txt,BacterialSpot(287).txt,BacterialSpot(287),bacterialspot(287),.txt,13
label,BacterialSpot,BacterialSpot,/content/drive/MyDrive/Papaya_Leaf_Disease_Classification/YOLO_Bounding_Box/BacterialSpot/BacterialSpot(288).txt,YOLO_Bounding_Box/BacterialSpot/BacterialSpot(288).txt,BacterialSpot(288).txt,BacterialSpot(288),bacterialspot(288),.txt,44
label,BacterialSpot,BacterialSpot,/content/drive/MyDrive/Papaya_Leaf_Disease_Classification/YOLO_Bounding_Box/BacterialSpot/BacterialSpot(289).txt,YOLO_Bounding_Box/BacterialSpot/BacterialSpot(289).txt,BacterialSpot(289).txt,BacterialSpot(289),bacterialspot(289),.txt,77
label,BacterialSpot,BacterialSpot,/content/drive/MyDrive/Papaya_Leaf_Disease_Classification/YOLO_Bounding_Box/BacterialSpot/BacterialSpot(29).txt,YOLO_Bounding_Box/BacterialSpot/BacterialSpot(29).txt,BacterialSpot(29).txt,BacterialSpot(29),bacterialspot(29),.txt,13
label,BacterialSpot,BacterialSpot,/content/drive/MyDrive/Papaya_Leaf_Disease_Classification/YOLO_Bounding_Box/BacterialSpot/BacterialSpot(290).txt,YOLO_Bounding_Box/BacterialSpot/BacterialSpot(290).txt,BacterialSpot(290).txt,BacterialSpot(290),bacterialspot(290),.txt,56
label,BacterialSpot,BacterialSpot,/content/drive/MyDrive/Papaya_Leaf_Disease_Classification/YOLO_Bounding_Box/BacterialSpot/BacterialSpot(291).txt,YOLO_Bounding_Box/BacterialSpot/BacterialSpot(291).txt,BacterialSpot(291).txt,BacterialSpot(291),bacterialspot(291),.txt,62
label,BacterialSpot,BacterialSpot,/content/drive/MyDrive/Papaya_Leaf_Disease_Classification/YOLO_Bounding_Box/BacterialSpot/BacterialSpot(292).txt,YOLO_Bounding_Box/BacterialSpot/BacterialSpot(292).txt,BacterialSpot(292).txt,BacterialSpot(292),bacterialspot(292),.txt,61
label,BacterialSpot,BacterialSpot,/content/drive/MyDrive/Papaya_Leaf_Disease_Classification/YOLO_Bounding_Box/BacterialSpot/BacterialSpot(293).txt,YOLO_Bounding_Box/BacterialSpot/BacterialSpot(293).txt,BacterialSpot(293).txt,BacterialSpot(293),bacterialspot(293),.txt,49
label,BacterialSpot,BacterialSpot,/content/drive/MyDrive/Papaya_Leaf_Disease_Classification/YOLO_Bounding_Box/BacterialSpot/BacterialSpot(294).txt,YOLO_Bounding_Box/BacterialSpot/BacterialSpot(294).txt,BacterialSpot(294).txt,BacterialSpot(294),bacterialspot(294),.txt,59
label,BacterialSpot,BacterialSpot,/content/drive/MyDrive/Papaya_Leaf_Disease_Classification/YOLO_Bounding_Box/BacterialSpot/BacterialSpot(295).txt,YOLO_Bounding_Box/BacterialSpot/BacterialSpot(295).txt,BacterialSpot(295).txt,BacterialSpot(295),bacterialspot(295),.txt,13
label,BacterialSpot,BacterialSpot,/content/drive/MyDrive/Papaya_Leaf_Disease_Classification/YOLO_Bounding_Box/BacterialSpot/BacterialSpot(296).txt,YOLO_Bounding_Box/BacterialSpot/BacterialSpot(296).txt,BacterialSpot(296).txt,BacterialSpot(296),bacterialspot(296),.txt,70
label,BacterialSpot,BacterialSpot,/content/drive/MyDrive/Papaya_Leaf_Disease_Classification/YOLO_Bounding_Box/BacterialSpot/BacterialSpot(297).txt,YOLO_Bounding_Box/BacterialSpot/BacterialSpot(297).txt,BacterialSpot(297).txt,BacterialSpot(297),bacterialspot(297),.txt,54
label,BacterialSpot,BacterialSpot,/content/drive/MyDrive/Papaya_Leaf_Disease_Classification/YOLO_Bounding_Box/BacterialSpot/BacterialSpot(298).txt,YOLO_Bounding_Box/BacterialSpot/BacterialSpot(298).txt,BacterialSpot(298).txt,BacterialSpot(298),bacterialspot(298),.txt,56
label,BacterialSpot,BacterialSpot,/content/drive/MyDrive/Papaya_Leaf_Disease_Classification/YOLO_Bounding_Box/BacterialSpot/BacterialSpot(299).txt,YOLO_Bounding_Box/BacterialSpot/BacterialSpot(299).txt,BacterialSpot(299).txt,BacterialSpot(299),bacterialspot(299),.txt,38
label,BacterialSpot,BacterialSpot,/content/drive/MyDrive/Papaya_Leaf_Disease_Classification/YOLO_Bounding_Box/BacterialSpot/BacterialSpot(3).txt,YOLO_Bounding_Box/BacterialSpot/BacterialSpot(3).txt,BacterialSpot(3).txt,BacterialSpot(3),bacterialspot(3),.txt,70
label,BacterialSpot,BacterialSpot,/content/drive/MyDrive/Papaya_Leaf_Disease_Classification/YOLO_Bounding_Box/BacterialSpot/BacterialSpot(30).txt,YOLO_Bounding_Box/BacterialSpot/BacterialSpot(30).txt,BacterialSpot(30).txt,BacterialSpot(30),bacterialspot(30),.txt,54
label,BacterialSpot,BacterialSpot,/content/drive/MyDrive/Papaya_Leaf_Disease_Classification/YOLO_Bounding_Box/BacterialSpot/BacterialSpot(300).txt,YOLO_Bounding_Box/BacterialSpot/BacterialSpot(300).txt,BacterialSpot(300).txt,BacterialSpot(300),bacterialspot(300),.txt,57
label,BacterialSpot,BacterialSpot,/content/drive/MyDrive/Papaya_Leaf_Disease_Classification/YOLO_Bounding_Box/BacterialSpot/BacterialSpot(301).txt,YOLO_Bounding_Box/BacterialSpot/BacterialSpot(301).txt,BacterialSpot(301).txt,BacterialSpot(301),bacterialspot(301),.txt,30
label,BacterialSpot,BacterialSpot,/content/drive/MyDrive/Papaya_Leaf_Disease_Classification/YOLO_Bounding_Box/BacterialSpot/BacterialSpot(302).txt,YOLO_Bounding_Box/BacterialSpot/BacterialSpot(302).txt,BacterialSpot(302).txt,BacterialSpot(302),bacterialspot(302),.txt,78
label,BacterialSpot,BacterialSpot,/content/drive/MyDrive/Papaya_Leaf_Disease_Classification/YOLO_Bounding_Box/BacterialSpot/BacterialSpot(303).txt,YOLO_Bounding_Box/BacterialSpot/BacterialSpot(303).txt,BacterialSpot(303).txt,BacterialSpot(303),bacterialspot(303),.txt,45
label,BacterialSpot,BacterialSpot,/content/drive/MyDrive/Papaya_Leaf_Disease_Classification/YOLO_Bounding_Box/BacterialSpot/BacterialSpot(304).txt,YOLO_Bounding_Box/BacterialSpot/BacterialSpot(304).txt,BacterialSpot(304).txt,BacterialSpot(304),bacterialspot(304),.txt,13
label,BacterialSpot,BacterialSpot,/content/drive/MyDrive/Papaya_Leaf_Disease_Classification/YOLO_Bounding_Box/BacterialSpot/BacterialSpot(305).txt,YOLO_Bounding_Box/BacterialSpot/BacterialSpot(305).txt,BacterialSpot(305).txt,BacterialSpot(305),bacterialspot(305),.txt,58
label,BacterialSpot,BacterialSpot,/content/drive/MyDrive/Papaya_Leaf_Disease_Classification/YOLO_Bounding_Box/BacterialSpot/BacterialSpot(306).txt,YOLO_Bounding_Box/BacterialSpot/BacterialSpot(306).txt,BacterialSpot(306).txt,BacterialSpot(306),bacterialspot(306),.txt,70
label,BacterialSpot,BacterialSpot,/content/drive/MyDrive/Papaya_Leaf_Disease_Classification/YOLO_Bounding_Box/BacterialSpot/BacterialSpot(307).txt,YOLO_Bounding_Box/BacterialSpot/BacterialSpot(307).txt,BacterialSpot(307).txt,BacterialSpot(307),bacterialspot(307),.txt,52
label,BacterialSpot,BacterialSpot,/content/drive/MyDrive/Papaya_Leaf_Disease_Classification/YOLO_Bounding_Box/BacterialSpot/BacterialSpot(308).txt,YOLO_Bounding_Box/BacterialSpot/BacterialSpot(308).txt,BacterialSpot(308).txt,BacterialSpot(308),bacterialspot(308),.txt,59
label,BacterialSpot,BacterialSpot,/content/drive/MyDrive/Papaya_Leaf_Disease_Classification/YOLO_Bounding_Box/BacterialSpot/BacterialSpot(309).txt,YOLO_Bounding_Box/BacterialSpot/BacterialSpot(309).txt,BacterialSpot(309).txt,BacterialSpot(309),bacterialspot(309),.txt,46
label,BacterialSpot,BacterialSpot,/content/drive/MyDrive/Papaya_Leaf_Disease_Classification/YOLO_Bounding_Box/BacterialSpot/BacterialSpot(31).txt,YOLO_Bounding_Box/BacterialSpot/BacterialSpot(31).txt,BacterialSpot(31).txt,BacterialSpot(31),bacterialspot(31),.txt,68
label,BacterialSpot,BacterialSpot,/content/drive/MyDrive/Papaya_Leaf_Disease_Classification/YOLO_Bounding_Box/BacterialSpot/BacterialSpot(310).txt,YOLO_Bounding_Box/BacterialSpot/BacterialSpot(310).txt,BacterialSpot(310).txt,BacterialSpot(310),bacterialspot(310),.txt,69
label,BacterialSpot,BacterialSpot,/content/drive/MyDrive/Papaya_Leaf_Disease_Classification/YOLO_Bounding_Box/BacterialSpot/BacterialSpot(311).txt,YOLO_Bounding_Box/BacterialSpot/BacterialSpot(311).txt,BacterialSpot(311).txt,BacterialSpot(311),bacterialspot(311),.txt,78
label,BacterialSpot,BacterialSpot,/content/drive/MyDrive/Papaya_Leaf_Disease_Classification/YOLO_Bounding_Box/BacterialSpot/BacterialSpot(312).txt,YOLO_Bounding_Box/BacterialSpot/BacterialSpot(312).txt,BacterialSpot(312).txt,BacterialSpot(312),bacterialspot(312),.txt,30
label,BacterialSpot,BacterialSpot,/content/drive/MyDrive/Papaya_Leaf_Disease_Classification/YOLO_Bounding_Box/BacterialSpot/BacterialSpot(313).txt,YOLO_Bounding_Box/BacterialSpot/BacterialSpot(313).txt,BacterialSpot(313).txt,BacterialSpot(313),bacterialspot(313),.txt,60
label,BacterialSpot,BacterialSpot,/content/drive/MyDrive/Papaya_Leaf_Disease_Classification/YOLO_Bounding_Box/BacterialSpot/BacterialSpot(314).txt,YOLO_Bounding_Box/BacterialSpot/BacterialSpot(314).txt,BacterialSpot(314).txt,BacterialSpot(314),bacterialspot(314),.txt,79
label,BacterialSpot,BacterialSpot,/content/drive/MyDrive/Papaya_Leaf_Disease_Classification/YOLO_Bounding_Box/BacterialSpot/BacterialSpot(315).txt,YOLO_Bounding_Box/BacterialSpot/BacterialSpot(315).txt,BacterialSpot(315).txt,BacterialSpot(315),bacterialspot(315),.txt,45
label,BacterialSpot,BacterialSpot,/content/drive/MyDrive/Papaya_Leaf_Disease_Classification/YOLO_Bounding_Box/BacterialSpot/BacterialSpot(316).txt,YOLO_Bounding_Box/BacterialSpot/BacterialSpot(316).txt,BacterialSpot(316).txt,BacterialSpot(316),bacterialspot(316),.txt,70
label,BacterialSpot,BacterialSpot,/content/drive/MyDrive/Papaya_Leaf_Disease_Classification/YOLO_Bounding_Box/BacterialSpot/BacterialSpot(317).txt,YOLO_Bounding_Box/BacterialSpot/BacterialSpot(317).txt,BacterialSpot(317).txt,BacterialSpot(317),bacterialspot(317),.txt,77
label,BacterialSpot,BacterialSpot,/content/drive/MyDrive/Papaya_Leaf_Disease_Classification/YOLO_Bounding_Box/BacterialSpot/BacterialSpot(318).txt,YOLO_Bounding_Box/BacterialSpot/BacterialSpot(318).txt,BacterialSpot(318).txt,BacterialSpot(318),bacterialspot(318),.txt,59
label,BacterialSpot,BacterialSpot,/content/drive/MyDrive/Papaya_Leaf_Disease_Classification/YOLO_Bounding_Box/BacterialSpot/BacterialSpot(319).txt,YOLO_Bounding_Box/BacterialSpot/BacterialSpot(319).txt,BacterialSpot(319).txt,BacterialSpot(319),bacterialspot(319),.txt,46
label,BacterialSpot,BacterialSpot,/content/drive/MyDrive/Papaya_Leaf_Disease_Classification/YOLO_Bounding_Box/BacterialSpot/BacterialSpot(32).txt,YOLO_Bounding_Box/BacterialSpot/BacterialSpot(32).txt,BacterialSpot(32).txt,BacterialSpot(32),bacterialspot(32),.txt,71
label,BacterialSpot,BacterialSpot,/content/drive/MyDrive/Papaya_Leaf_Disease_Classification/YOLO_Bounding_Box/BacterialSpot/BacterialSpot(320).txt,YOLO_Bounding_Box/BacterialSpot/BacterialSpot(320).txt,BacterialSpot(320).txt,BacterialSpot(320),bacterialspot(320),.txt,62
label,BacterialSpot,BacterialSpot,/content/drive/MyDrive/Papaya_Leaf_Disease_Classification/YOLO_Bounding_Box/BacterialSpot/BacterialSpot(321).txt,YOLO_Bounding_Box/BacterialSpot/BacterialSpot(321).txt,BacterialSpot(321).txt,BacterialSpot(321),bacterialspot(321),.txt,39
label,BacterialSpot,BacterialSpot,/content/drive/MyDrive/Papaya_Leaf_Disease_Classification/YOLO_Bounding_Box/BacterialSpot/BacterialSpot(322).txt,YOLO_Bounding_Box/BacterialSpot/BacterialSpot(322).txt,BacterialSpot(322).txt,BacterialSpot(322),bacterialspot(322),.txt,62
label,BacterialSpot,BacterialSpot,/content/drive/MyDrive/Papaya_Leaf_Disease_Classification/YOLO_Bounding_Box/BacterialSpot/BacterialSpot(323).txt,YOLO_Bounding_Box/BacterialSpot/BacterialSpot(323).txt,BacterialSpot(323).txt,BacterialSpot(323),bacterialspot(323),.txt,46
label,BacterialSpot,BacterialSpot,/content/drive/MyDrive/Papaya_Leaf_Disease_Classification/YOLO_Bounding_Box/BacterialSpot/BacterialSpot(324).txt,YOLO_Bounding_Box/BacterialSpot/BacterialSpot(324).txt,BacterialSpot(324).txt,BacterialSpot(324),bacterialspot(324),.txt,78
label,BacterialSpot,BacterialSpot,/content/drive/MyDrive/Papaya_Leaf_Disease_Classification/YOLO_Bounding_Box/BacterialSpot/BacterialSpot(325).txt,YOLO_Bounding_Box/BacterialSpot/BacterialSpot(325).txt,BacterialSpot(325).txt,BacterialSpot(325),bacterialspot(325),.txt,36
label,BacterialSpot,BacterialSpot,/content/drive/MyDrive/Papaya_Leaf_Disease_Classification/YOLO_Bounding_Box/BacterialSpot/BacterialSpot(326).txt,YOLO_Bounding_Box/BacterialSpot/BacterialSpot(326).txt,BacterialSpot(326).txt,BacterialSpot(326),bacterialspot(326),.txt,68
label,BacterialSpot,BacterialSpot,/content/drive/MyDrive/Papaya_Leaf_Disease_Classification/YOLO_Bounding_Box/BacterialSpot/BacterialSpot(327).txt,YOLO_Bounding_Box/BacterialSpot/BacterialSpot(327).txt,BacterialSpot(327).txt,BacterialSpot(327),bacterialspot(327),.txt,62
label,BacterialSpot,BacterialSpot,/content/drive/MyDrive/Papaya_Leaf_Disease_Classification/YOLO_Bounding_Box/BacterialSpot/BacterialSpot(328).txt,YOLO_Bounding_Box/BacterialSpot/BacterialSpot(328).txt,BacterialSpot(328).txt,BacterialSpot(328),bacterialspot(328),.txt,45
label,BacterialSpot,BacterialSpot,/content/drive/MyDrive/Papaya_Leaf_Disease_Classification/YOLO_Bounding_Box/BacterialSpot/BacterialSpot(329).txt,YOLO_Bounding_Box/BacterialSpot/BacterialSpot(329).txt,BacterialSpot(329).txt,BacterialSpot(329),bacterialspot(329),.txt,25
label,BacterialSpot,BacterialSpot,/content/drive/MyDrive/Papaya_Leaf_Disease_Classification/YOLO_Bounding_Box/BacterialSpot/BacterialSpot(33).txt,YOLO_Bounding_Box/BacterialSpot/BacterialSpot(33).txt,BacterialSpot(33).txt,BacterialSpot(33),bacterialspot(33),.txt,46
label,BacterialSpot,BacterialSpot,/content/drive/MyDrive/Papaya_Leaf_Disease_Classification/YOLO_Bounding_Box/BacterialSpot/BacterialSpot(330).txt,YOLO_Bounding_Box/BacterialSpot/BacterialSpot(330).txt,BacterialSpot(330).txt,BacterialSpot(330),bacterialspot(330),.txt,77
label,BacterialSpot,BacterialSpot,/content/drive/MyDrive/Papaya_Leaf_Disease_Classification/YOLO_Bounding_Box/BacterialSpot/BacterialSpot(331).txt,YOLO_Bounding_Box/BacterialSpot/BacterialSpot(331).txt,BacterialSpot(331).txt,BacterialSpot(331),bacterialspot(331),.txt,57
label,BacterialSpot,BacterialSpot,/content/drive/MyDrive/Papaya_Leaf_Disease_Classification/YOLO_Bounding_Box/BacterialSpot/BacterialSpot(332).txt,YOLO_Bounding_Box/BacterialSpot/BacterialSpot(332).txt,BacterialSpot(332).txt,BacterialSpot(332),bacterialspot(332),.txt,37
label,BacterialSpot,BacterialSpot,/content/drive/MyDrive/Papaya_Leaf_Disease_Classification/YOLO_Bounding_Box/BacterialSpot/BacterialSpot(333).txt,YOLO_Bounding_Box/BacterialSpot/BacterialSpot(333).txt,BacterialSpot(333).txt,BacterialSpot(333),bacterialspot(333),.txt,70
label,BacterialSpot,BacterialSpot,/content/drive/MyDrive/Papaya_Leaf_Disease_Classification/YOLO_Bounding_Box/BacterialSpot/BacterialSpot(334).txt,YOLO_Bounding_Box/BacterialSpot/BacterialSpot(334).txt,BacterialSpot(334).txt,BacterialSpot(334),bacterialspot(334),.txt,30
label,BacterialSpot,BacterialSpot,/content/drive/MyDrive/Papaya_Leaf_Disease_Classification/YOLO_Bounding_Box/BacterialSpot/BacterialSpot(335).txt,YOLO_Bounding_Box/BacterialSpot/BacterialSpot(335).txt,BacterialSpot(335).txt,BacterialSpot(335),bacterialspot(335),.txt,24
label,BacterialSpot,BacterialSpot,/content/drive/MyDrive/Papaya_Leaf_Disease_Classification/YOLO_Bounding_Box/BacterialSpot/BacterialSpot(336).txt,YOLO_Bounding_Box/BacterialSpot/BacterialSpot(336).txt,BacterialSpot(336).txt,BacterialSpot(336),bacterialspot(336),.txt,13
label,BacterialSpot,BacterialSpot,/content/drive/MyDrive/Papaya_Leaf_Disease_Classification/YOLO_Bounding_Box/BacterialSpot/BacterialSpot(337).txt,YOLO_Bounding_Box/BacterialSpot/BacterialSpot(337).txt,BacterialSpot(337).txt,BacterialSpot(337),bacterialspot(337),.txt,13
label,BacterialSpot,BacterialSpot,/content/drive/MyDrive/Papaya_Leaf_Disease_Classification/YOLO_Bounding_Box/BacterialSpot/BacterialSpot(338).txt,YOLO_Bounding_Box/BacterialSpot/BacterialSpot(338).txt,BacterialSpot(338).txt,BacterialSpot(338),bacterialspot(338),.txt,45
label,BacterialSpot,BacterialSpot,/content/drive/MyDrive/Papaya_Leaf_Disease_Classification/YOLO_Bounding_Box/BacterialSpot/BacterialSpot(339).txt,YOLO_Bounding_Box/BacterialSpot/BacterialSpot(339).txt,BacterialSpot(339).txt,BacterialSpot(339),bacterialspot(339),.txt,13
label,BacterialSpot,BacterialSpot,/content/drive/MyDrive/Papaya_Leaf_Disease_Classification/YOLO_Bounding_Box/BacterialSpot/BacterialSpot(34).txt,YOLO_Bounding_Box/BacterialSpot/BacterialSpot(34).txt,BacterialSpot(34).txt,BacterialSpot(34),bacterialspot(34),.txt,45
label,BacterialSpot,BacterialSpot,/content/drive/MyDrive/Papaya_Leaf_Disease_Classification/YOLO_Bounding_Box/BacterialSpot/BacterialSpot(340).txt,YOLO_Bounding_Box/BacterialSpot/BacterialSpot(340).txt,BacterialSpot(340).txt,BacterialSpot(340),bacterialspot(340),.txt,24
label,BacterialSpot,BacterialSpot,/content/drive/MyDrive/Papaya_Leaf_Disease_Classification/YOLO_Bounding_Box/BacterialSpot/BacterialSpot(341).txt,YOLO_Bounding_Box/BacterialSpot/BacterialSpot(341).txt,BacterialSpot(341).txt,BacterialSpot(341),bacterialspot(341),.txt,49
label,BacterialSpot,BacterialSpot,/content/drive/MyDrive/Papaya_Leaf_Disease_Classification/YOLO_Bounding_Box/BacterialSpot/BacterialSpot(342).txt,YOLO_Bounding_Box/BacterialSpot/BacterialSpot(342).txt,BacterialSpot(342).txt,BacterialSpot(342),bacterialspot(342),.txt,78
label,BacterialSpot,BacterialSpot,/content/drive/MyDrive/Papaya_Leaf_Disease_Classification/YOLO_Bounding_Box/BacterialSpot/BacterialSpot(343).txt,YOLO_Bounding_Box/BacterialSpot/BacterialSpot(343).txt,BacterialSpot(343).txt,BacterialSpot(343),bacterialspot(343),.txt,62
label,BacterialSpot,BacterialSpot,/content/drive/MyDrive/Papaya_Leaf_Disease_Classification/YOLO_Bounding_Box/BacterialSpot/BacterialSpot(344).txt,YOLO_Bounding_Box/BacterialSpot/BacterialSpot(344).txt,BacterialSpot(344).txt,BacterialSpot(344),bacterialspot(344),.txt,43
label,BacterialSpot,BacterialSpot,/content/drive/MyDrive/Papaya_Leaf_Disease_Classification/YOLO_Bounding_Box/BacterialSpot/BacterialSpot(345).txt,YOLO_Bounding_Box/BacterialSpot/BacterialSpot(345).txt,BacterialSpot(345).txt,BacterialSpot(345),bacterialspot(345),.txt,53
label,BacterialSpot,BacterialSpot,/content/drive/MyDrive/Papaya_Leaf_Disease_Classification/YOLO_Bounding_Box/BacterialSpot/BacterialSpot(346).txt,YOLO_Bounding_Box/BacterialSpot/BacterialSpot(346).txt,BacterialSpot(346).txt,BacterialSpot(346),bacterialspot(346),.txt,59
label,BacterialSpot,BacterialSpot,/content/drive/MyDrive/Papaya_Leaf_Disease_Classification/YOLO_Bounding_Box/BacterialSpot/BacterialSpot(347).txt,YOLO_Bounding_Box/BacterialSpot/BacterialSpot(347).txt,BacterialSpot(347).txt,BacterialSpot(347),bacterialspot(347),.txt,63
label,BacterialSpot,BacterialSpot,/content/drive/MyDrive/Papaya_Leaf_Disease_Classification/YOLO_Bounding_Box/BacterialSpot/BacterialSpot(348).txt,YOLO_Bounding_Box/BacterialSpot/BacterialSpot(348).txt,BacterialSpot(348).txt,BacterialSpot(348),bacterialspot(348),.txt,62
label,BacterialSpot,BacterialSpot,/content/drive/MyDrive/Papaya_Leaf_Disease_Classification/YOLO_Bounding_Box/BacterialSpot/BacterialSpot(349).txt,YOLO_Bounding_Box/BacterialSpot/BacterialSpot(349).txt,BacterialSpot(349).txt,BacterialSpot(349),bacterialspot(349),.txt,13
label,BacterialSpot,BacterialSpot,/content/drive/MyDrive/Papaya_Leaf_Disease_Classification/YOLO_Bounding_Box/BacterialSpot/BacterialSpot(35).txt,YOLO_Bounding_Box/BacterialSpot/BacterialSpot(35).txt,BacterialSpot(35).txt,BacterialSpot(35),bacterialspot(35),.txt,13
label,BacterialSpot,BacterialSpot,/content/drive/MyDrive/Papaya_Leaf_Disease_Classification/YOLO_Bounding_Box/BacterialSpot/BacterialSpot(350).txt,YOLO_Bounding_Box/BacterialSpot/BacterialSpot(350).txt,BacterialSpot(350).txt,BacterialSpot(350),bacterialspot(350),.txt,61
label,BacterialSpot,BacterialSpot,/content/drive/MyDrive/Papaya_Leaf_Disease_Classification/YOLO_Bounding_Box/BacterialSpot/BacterialSpot(351).txt,YOLO_Bounding_Box/BacterialSpot/BacterialSpot(351).txt,BacterialSpot(351).txt,BacterialSpot(351),bacterialspot(351),.txt,71
label,BacterialSpot,BacterialSpot,/content/drive/MyDrive/Papaya_Leaf_Disease_Classification/YOLO_Bounding_Box/BacterialSpot/BacterialSpot(352).txt,YOLO_Bounding_Box/BacterialSpot/BacterialSpot(352).txt,BacterialSpot(352).txt,BacterialSpot(352),bacterialspot(352),.txt,37
label,BacterialSpot,BacterialSpot,/content/drive/MyDrive/Papaya_Leaf_Disease_Classification/YOLO_Bounding_Box/BacterialSpot/BacterialSpot(353).txt,YOLO_Bounding_Box/BacterialSpot/BacterialSpot(353).txt,BacterialSpot(353).txt,BacterialSpot(353),bacterialspot(353),.txt,60
label,BacterialSpot,BacterialSpot,/content/drive/MyDrive/Papaya_Leaf_Disease_Classification/YOLO_Bounding_Box/BacterialSpot/BacterialSpot(354).txt,YOLO_Bounding_Box/BacterialSpot/BacterialSpot(354).txt,BacterialSpot(354).txt,BacterialSpot(354),bacterialspot(354),.txt,13
label,BacterialSpot,BacterialSpot,/content/drive/MyDrive/Papaya_Leaf_Disease_Classification/YOLO_Bounding_Box/BacterialSpot/BacterialSpot(355).txt,YOLO_Bounding_Box/BacterialSpot/BacterialSpot(355).txt,BacterialSpot(355).txt,BacterialSpot(355),bacterialspot(355),.txt,26
label,BacterialSpot,BacterialSpot,/content/drive/MyDrive/Papaya_Leaf_Disease_Classification/YOLO_Bounding_Box/BacterialSpot/BacterialSpot(356).txt,YOLO_Bounding_Box/BacterialSpot/BacterialSpot(356).txt,BacterialSpot(356).txt,BacterialSpot(356),bacterialspot(356),.txt,70
label,BacterialSpot,BacterialSpot,/content/drive/MyDrive/Papaya_Leaf_Disease_Classification/YOLO_Bounding_Box/BacterialSpot/BacterialSpot(357).txt,YOLO_Bounding_Box/BacterialSpot/BacterialSpot(357).txt,BacterialSpot(357).txt,BacterialSpot(357),bacterialspot(357),.txt,69
label,BacterialSpot,BacterialSpot,/content/drive/MyDrive/Papaya_Leaf_Disease_Classification/YOLO_Bounding_Box/BacterialSpot/BacterialSpot(358).txt,YOLO_Bounding_Box/BacterialSpot/BacterialSpot(358).txt,BacterialSpot(358).txt,BacterialSpot(358),bacterialspot(358),.txt,45
label,BacterialSpot,BacterialSpot,/content/drive/MyDrive/Papaya_Leaf_Disease_Classification/YOLO_Bounding_Box/BacterialSpot/BacterialSpot(359).txt,YOLO_Bounding_Box/BacterialSpot/BacterialSpot(359).txt,BacterialSpot(359).txt,BacterialSpot(359),bacterialspot(359),.txt,38
label,BacterialSpot,BacterialSpot,/content/drive/MyDrive/Papaya_Leaf_Disease_Classification/YOLO_Bounding_Box/BacterialSpot/BacterialSpot(36).txt,YOLO_Bounding_Box/BacterialSpot/BacterialSpot(36).txt,BacterialSpot(36).txt,BacterialSpot(36),bacterialspot(36),.txt,46
label,BacterialSpot,BacterialSpot,/content/drive/MyDrive/Papaya_Leaf_Disease_Classification/YOLO_Bounding_Box/BacterialSpot/BacterialSpot(360).txt,YOLO_Bounding_Box/BacterialSpot/BacterialSpot(360).txt,BacterialSpot(360).txt,BacterialSpot(360),bacterialspot(360),.txt,59
label,BacterialSpot,BacterialSpot,/content/drive/MyDrive/Papaya_Leaf_Disease_Classification/YOLO_Bounding_Box/BacterialSpot/BacterialSpot(361).txt,YOLO_Bounding_Box/BacterialSpot/BacterialSpot(361).txt,BacterialSpot(361).txt,BacterialSpot(361),bacterialspot(361),.txt,36
label,BacterialSpot,BacterialSpot,/content/drive/MyDrive/Papaya_Leaf_Disease_Classification/YOLO_Bounding_Box/BacterialSpot/BacterialSpot(362).txt,YOLO_Bounding_Box/BacterialSpot/BacterialSpot(362).txt,BacterialSpot(362).txt,BacterialSpot(362),bacterialspot(362),.txt,79
label,BacterialSpot,BacterialSpot,/content/drive/MyDrive/Papaya_Leaf_Disease_Classification/YOLO_Bounding_Box/BacterialSpot/BacterialSpot(363).txt,YOLO_Bounding_Box/BacterialSpot/BacterialSpot(363).txt,BacterialSpot(363).txt,BacterialSpot(363),bacterialspot(363),.txt,30
label,BacterialSpot,BacterialSpot,/content/drive/MyDrive/Papaya_Leaf_Disease_Classification/YOLO_Bounding_Box/BacterialSpot/BacterialSpot(364).txt,YOLO_Bounding_Box/BacterialSpot/BacterialSpot(364).txt,BacterialSpot(364).txt,BacterialSpot(364),bacterialspot(364),.txt,71
label,BacterialSpot,BacterialSpot,/content/drive/MyDrive/Papaya_Leaf_Disease_Classification/YOLO_Bounding_Box/BacterialSpot/BacterialSpot(365).txt,YOLO_Bounding_Box/BacterialSpot/BacterialSpot(365).txt,BacterialSpot(365).txt,BacterialSpot(365),bacterialspot(365),.txt,36
label,BacterialSpot,BacterialSpot,/content/drive/MyDrive/Papaya_Leaf_Disease_Classification/YOLO_Bounding_Box/BacterialSpot/BacterialSpot(366).txt,YOLO_Bounding_Box/BacterialSpot/BacterialSpot(366).txt,BacterialSpot(366).txt,BacterialSpot(366),bacterialspot(366),.txt,13
label,BacterialSpot,BacterialSpot,/content/drive/MyDrive/Papaya_Leaf_Disease_Classification/YOLO_Bounding_Box/BacterialSpot/BacterialSpot(367).txt,YOLO_Bounding_Box/BacterialSpot/BacterialSpot(367).txt,BacterialSpot(367).txt,BacterialSpot(367),bacterialspot(367),.txt,60
label,BacterialSpot,BacterialSpot,/content/drive/MyDrive/Papaya_Leaf_Disease_Classification/YOLO_Bounding_Box/BacterialSpot/BacterialSpot(368).txt,YOLO_Bounding_Box/BacterialSpot/BacterialSpot(368).txt,BacterialSpot(368).txt,BacterialSpot(368),bacterialspot(368),.txt,37
label,BacterialSpot,BacterialSpot,/content/drive/MyDrive/Papaya_Leaf_Disease_Classification/YOLO_Bounding_Box/BacterialSpot/BacterialSpot(369).txt,YOLO_Bounding_Box/BacterialSpot/BacterialSpot(369).txt,BacterialSpot(369).txt,BacterialSpot(369),bacterialspot(369),.txt,46
label,BacterialSpot,BacterialSpot,/content/drive/MyDrive/Papaya_Leaf_Disease_Classification/YOLO_Bounding_Box/BacterialSpot/BacterialSpot(37).txt,YOLO_Bounding_Box/BacterialSpot/BacterialSpot(37).txt,BacterialSpot(37).txt,BacterialSpot(37),bacterialspot(37),.txt,43
label,BacterialSpot,BacterialSpot,/content/drive/MyDrive/Papaya_Leaf_Disease_Classification/YOLO_Bounding_Box/BacterialSpot/BacterialSpot(370).txt,YOLO_Bounding_Box/BacterialSpot/BacterialSpot(370).txt,BacterialSpot(370).txt,BacterialSpot(370),bacterialspot(370),.txt,45
label,BacterialSpot,BacterialSpot,/content/drive/MyDrive/Papaya_Leaf_Disease_Classification/YOLO_Bounding_Box/BacterialSpot/BacterialSpot(371).txt,YOLO_Bounding_Box/BacterialSpot/BacterialSpot(371).txt,BacterialSpot(371).txt,BacterialSpot(371),bacterialspot(371),.txt,77
label,BacterialSpot,BacterialSpot,/content/drive/MyDrive/Papaya_Leaf_Disease_Classification/YOLO_Bounding_Box/BacterialSpot/BacterialSpot(372).txt,YOLO_Bounding_Box/BacterialSpot/BacterialSpot(372).txt,BacterialSpot(372).txt,BacterialSpot(372),bacterialspot(372),.txt,69
label,BacterialSpot,BacterialSpot,/content/drive/MyDrive/Papaya_Leaf_Disease_Classification/YOLO_Bounding_Box/BacterialSpot/BacterialSpot(373).txt,YOLO_Bounding_Box/BacterialSpot/BacterialSpot(373).txt,BacterialSpot(373).txt,BacterialSpot(373),bacterialspot(373),.txt,63
label,BacterialSpot,BacterialSpot,/content/drive/MyDrive/Papaya_Leaf_Disease_Classification/YOLO_Bounding_Box/BacterialSpot/BacterialSpot(374).txt,YOLO_Bounding_Box/BacterialSpot/BacterialSpot(374).txt,BacterialSpot(374).txt,BacterialSpot(374),bacterialspot(374),.txt,51
label,BacterialSpot,BacterialSpot,/content/drive/MyDrive/Papaya_Leaf_Disease_Classification/YOLO_Bounding_Box/BacterialSpot/BacterialSpot(375).txt,YOLO_Bounding_Box/BacterialSpot/BacterialSpot(375).txt,BacterialSpot(375).txt,BacterialSpot(375),bacterialspot(375),.txt,71
label,BacterialSpot,BacterialSpot,/content/drive/MyDrive/Papaya_Leaf_Disease_Classification/YOLO_Bounding_Box/BacterialSpot/BacterialSpot(376).txt,YOLO_Bounding_Box/BacterialSpot/BacterialSpot(376).txt,BacterialSpot(376).txt,BacterialSpot(376),bacterialspot(376),.txt,71
label,BacterialSpot,BacterialSpot,/content/drive/MyDrive/Papaya_Leaf_Disease_Classification/YOLO_Bounding_Box/BacterialSpot/BacterialSpot(377).txt,YOLO_Bounding_Box/BacterialSpot/BacterialSpot(377).txt,BacterialSpot(377).txt,BacterialSpot(377),bacterialspot(377),.txt,60
label,BacterialSpot,BacterialSpot,/content/drive/MyDrive/Papaya_Leaf_Disease_Classification/YOLO_Bounding_Box/BacterialSpot/BacterialSpot(378).txt,YOLO_Bounding_Box/BacterialSpot/BacterialSpot(378).txt,BacterialSpot(378).txt,BacterialSpot(378),bacterialspot(378),.txt,30
label,BacterialSpot,BacterialSpot,/content/drive/MyDrive/Papaya_Leaf_Disease_Classification/YOLO_Bounding_Box/BacterialSpot/BacterialSpot(379).txt,YOLO_Bounding_Box/BacterialSpot/BacterialSpot(379).txt,BacterialSpot(379).txt,BacterialSpot(379),bacterialspot(379),.txt,45
label,BacterialSpot,BacterialSpot,/content/drive/MyDrive/Papaya_Leaf_Disease_Classification/YOLO_Bounding_Box/BacterialSpot/BacterialSpot(38).txt,YOLO_Bounding_Box/BacterialSpot/BacterialSpot(38).txt,BacterialSpot(38).txt,BacterialSpot(38),bacterialspot(38),.txt,13
label,BacterialSpot,BacterialSpot,/content/drive/MyDrive/Papaya_Leaf_Disease_Classification/YOLO_Bounding_Box/BacterialSpot/BacterialSpot(380).txt,YOLO_Bounding_Box/BacterialSpot/BacterialSpot(380).txt,BacterialSpot(380).txt,BacterialSpot(380),bacterialspot(380),.txt,45
label,BacterialSpot,BacterialSpot,/content/drive/MyDrive/Papaya_Leaf_Disease_Classification/YOLO_Bounding_Box/BacterialSpot/BacterialSpot(381).txt,YOLO_Bounding_Box/BacterialSpot/BacterialSpot(381).txt,BacterialSpot(381).txt,BacterialSpot(381),bacterialspot(381),.txt,28
label,BacterialSpot,BacterialSpot,/content/drive/MyDrive/Papaya_Leaf_Disease_Classification/YOLO_Bounding_Box/BacterialSpot/BacterialSpot(382).txt,YOLO_Bounding_Box/BacterialSpot/BacterialSpot(382).txt,BacterialSpot(382).txt,BacterialSpot(382),bacterialspot(382),.txt,77
label,BacterialSpot,BacterialSpot,/content/drive/MyDrive/Papaya_Leaf_Disease_Classification/YOLO_Bounding_Box/BacterialSpot/BacterialSpot(383).txt,YOLO_Bounding_Box/BacterialSpot/BacterialSpot(383).txt,BacterialSpot(383).txt,BacterialSpot(383),bacterialspot(383),.txt,46
label,BacterialSpot,BacterialSpot,/content/drive/MyDrive/Papaya_Leaf_Disease_Classification/YOLO_Bounding_Box/BacterialSpot/BacterialSpot(384).txt,YOLO_Bounding_Box/BacterialSpot/BacterialSpot(384).txt,BacterialSpot(384).txt,BacterialSpot(384),bacterialspot(384),.txt,46
label,BacterialSpot,BacterialSpot,/content/drive/MyDrive/Papaya_Leaf_Disease_Classification/YOLO_Bounding_Box/BacterialSpot/BacterialSpot(385).txt,YOLO_Bounding_Box/BacterialSpot/BacterialSpot(385).txt,BacterialSpot(385).txt,BacterialSpot(385),bacterialspot(385),.txt,24
label,BacterialSpot,BacterialSpot,/content/drive/MyDrive/Papaya_Leaf_Disease_Classification/YOLO_Bounding_Box/BacterialSpot/BacterialSpot(386).txt,YOLO_Bounding_Box/BacterialSpot/BacterialSpot(386).txt,BacterialSpot(386).txt,BacterialSpot(386),bacterialspot(386),.txt,45
label,BacterialSpot,BacterialSpot,/content/drive/MyDrive/Papaya_Leaf_Disease_Classification/YOLO_Bounding_Box/BacterialSpot/BacterialSpot(387).txt,YOLO_Bounding_Box/BacterialSpot/BacterialSpot(387).txt,BacterialSpot(387).txt,BacterialSpot(387),bacterialspot(387),.txt,59
label,BacterialSpot,BacterialSpot,/content/drive/MyDrive/Papaya_Leaf_Disease_Classification/YOLO_Bounding_Box/BacterialSpot/BacterialSpot(388).txt,YOLO_Bounding_Box/BacterialSpot/BacterialSpot(388).txt,BacterialSpot(388).txt,BacterialSpot(388),bacterialspot(388),.txt,38
label,BacterialSpot,BacterialSpot,/content/drive/MyDrive/Papaya_Leaf_Disease_Classification/YOLO_Bounding_Box/BacterialSpot/BacterialSpot(389).txt,YOLO_Bounding_Box/BacterialSpot/BacterialSpot(389).txt,BacterialSpot(389).txt,BacterialSpot(389),bacterialspot(389),.txt,53
label,BacterialSpot,BacterialSpot,/content/drive/MyDrive/Papaya_Leaf_Disease_Classification/YOLO_Bounding_Box/BacterialSpot/BacterialSpot(39).txt,YOLO_Bounding_Box/BacterialSpot/BacterialSpot(39).txt,BacterialSpot(39).txt,BacterialSpot(39),bacterialspot(39),.txt,61
label,BacterialSpot,BacterialSpot,/content/drive/MyDrive/Papaya_Leaf_Disease_Classification/YOLO_Bounding_Box/BacterialSpot/BacterialSpot(390).txt,YOLO_Bounding_Box/BacterialSpot/BacterialSpot(390).txt,BacterialSpot(390).txt,BacterialSpot(390),bacterialspot(390),.txt,39
label,BacterialSpot,BacterialSpot,/content/drive/MyDrive/Papaya_Leaf_Disease_Classification/YOLO_Bounding_Box/BacterialSpot/BacterialSpot(391).txt,YOLO_Bounding_Box/BacterialSpot/BacterialSpot(391).txt,BacterialSpot(391).txt,BacterialSpot(391),bacterialspot(391),.txt,45
label,BacterialSpot,BacterialSpot,/content/drive/MyDrive/Papaya_Leaf_Disease_Classification/YOLO_Bounding_Box/BacterialSpot/BacterialSpot(392).txt,YOLO_Bounding_Box/BacterialSpot/BacterialSpot(392).txt,BacterialSpot(392).txt,BacterialSpot(392),bacterialspot(392),.txt,62
label,BacterialSpot,BacterialSpot,/content/drive/MyDrive/Papaya_Leaf_Disease_Classification/YOLO_Bounding_Box/BacterialSpot/BacterialSpot(393).txt,YOLO_Bounding_Box/BacterialSpot/BacterialSpot(393).txt,BacterialSpot(393).txt,BacterialSpot(393),bacterialspot(393),.txt,28
label,BacterialSpot,BacterialSpot,/content/drive/MyDrive/Papaya_Leaf_Disease_Classification/YOLO_Bounding_Box/BacterialSpot/BacterialSpot(394).txt,YOLO_Bounding_Box/BacterialSpot/BacterialSpot(394).txt,BacterialSpot(394).txt,BacterialSpot(394),bacterialspot(394),.txt,45
label,BacterialSpot,BacterialSpot,/content/drive/MyDrive/Papaya_Leaf_Disease_Classification/YOLO_Bounding_Box/BacterialSpot/BacterialSpot(395).txt,YOLO_Bounding_Box/BacterialSpot/BacterialSpot(395).txt,BacterialSpot(395).txt,BacterialSpot(395),bacterialspot(395),.txt,51
label,BacterialSpot,BacterialSpot,/content/drive/MyDrive/Papaya_Leaf_Disease_Classification/YOLO_Bounding_Box/BacterialSpot/BacterialSpot(396).txt,YOLO_Bounding_Box/BacterialSpot/BacterialSpot(396).txt,BacterialSpot(396).txt,BacterialSpot(396),bacterialspot(396),.txt,61
label,BacterialSpot,BacterialSpot,/content/drive/MyDrive/Papaya_Leaf_Disease_Classification/YOLO_Bounding_Box/BacterialSpot/BacterialSpot(397).txt,YOLO_Bounding_Box/BacterialSpot/BacterialSpot(397).txt,BacterialSpot(397).txt,BacterialSpot(397),bacterialspot(397),.txt,58
label,BacterialSpot,BacterialSpot,/content/drive/MyDrive/Papaya_Leaf_Disease_Classification/YOLO_Bounding_Box/BacterialSpot/BacterialSpot(398).txt,YOLO_Bounding_Box/BacterialSpot/BacterialSpot(398).txt,BacterialSpot(398).txt,BacterialSpot(398),bacterialspot(398),.txt,36
label,BacterialSpot,BacterialSpot,/content/drive/MyDrive/Papaya_Leaf_Disease_Classification/YOLO_Bounding_Box/BacterialSpot/BacterialSpot(399).txt,YOLO_Bounding_Box/BacterialSpot/BacterialSpot(399).txt,BacterialSpot(399).txt,BacterialSpot(399),bacterialspot(399),.txt,58
label,BacterialSpot,BacterialSpot,/content/drive/MyDrive/Papaya_Leaf_Disease_Classification/YOLO_Bounding_Box/BacterialSpot/BacterialSpot(4).txt,YOLO_Bounding_Box/BacterialSpot/BacterialSpot(4).txt,BacterialSpot(4).txt,BacterialSpot(4),bacterialspot(4),.txt,37
label,BacterialSpot,BacterialSpot,/content/drive/MyDrive/Papaya_Leaf_Disease_Classification/YOLO_Bounding_Box/BacterialSpot/BacterialSpot(40).txt,YOLO_Bounding_Box/BacterialSpot/BacterialSpot(40).txt,BacterialSpot(40).txt,BacterialSpot(40),bacterialspot(40),.txt,37
label,BacterialSpot,BacterialSpot,/content/drive/MyDrive/Papaya_Leaf_Disease_Classification/YOLO_Bounding_Box/BacterialSpot/BacterialSpot(400).txt,YOLO_Bounding_Box/BacterialSpot/BacterialSpot(400).txt,BacterialSpot(400).txt,BacterialSpot(400),bacterialspot(400),.txt,29
label,BacterialSpot,BacterialSpot,/content/drive/MyDrive/Papaya_Leaf_Disease_Classification/YOLO_Bounding_Box/BacterialSpot/BacterialSpot(401).txt,YOLO_Bounding_Box/BacterialSpot/BacterialSpot(401).txt,BacterialSpot(401).txt,BacterialSpot(401),bacterialspot(401),.txt,31
label,BacterialSpot,BacterialSpot,/content/drive/MyDrive/Papaya_Leaf_Disease_Classification/YOLO_Bounding_Box/BacterialSpot/BacterialSpot(402).txt,YOLO_Bounding_Box/BacterialSpot/BacterialSpot(402).txt,BacterialSpot(402).txt,BacterialSpot(402),bacterialspot(402),.txt,68
label,BacterialSpot,BacterialSpot,/content/drive/MyDrive/Papaya_Leaf_Disease_Classification/YOLO_Bounding_Box/BacterialSpot/BacterialSpot(403).txt,YOLO_Bounding_Box/BacterialSpot/BacterialSpot(403).txt,BacterialSpot(403).txt,BacterialSpot(403),bacterialspot(403),.txt,59
label,BacterialSpot,BacterialSpot,/content/drive/MyDrive/Papaya_Leaf_Disease_Classification/YOLO_Bounding_Box/BacterialSpot/BacterialSpot(404).txt,YOLO_Bounding_Box/BacterialSpot/BacterialSpot(404).txt,BacterialSpot(404).txt,BacterialSpot(404),bacterialspot(404),.txt,77
label,BacterialSpot,BacterialSpot,/content/drive/MyDrive/Papaya_Leaf_Disease_Classification/YOLO_Bounding_Box/BacterialSpot/BacterialSpot(405).txt,YOLO_Bounding_Box/BacterialSpot/BacterialSpot(405).txt,BacterialSpot(405).txt,BacterialSpot(405),bacterialspot(405),.txt,45
label,BacterialSpot,BacterialSpot,/content/drive/MyDrive/Papaya_Leaf_Disease_Classification/YOLO_Bounding_Box/BacterialSpot/BacterialSpot(406).txt,YOLO_Bounding_Box/BacterialSpot/BacterialSpot(406).txt,BacterialSpot(406).txt,BacterialSpot(406),bacterialspot(406),.txt,71
label,BacterialSpot,BacterialSpot,/content/drive/MyDrive/Papaya_Leaf_Disease_Classification/YOLO_Bounding_Box/BacterialSpot/BacterialSpot(407).txt,YOLO_Bounding_Box/BacterialSpot/BacterialSpot(407).txt,BacterialSpot(407).txt,BacterialSpot(407),bacterialspot(407),.txt,58
label,BacterialSpot,BacterialSpot,/content/drive/MyDrive/Papaya_Leaf_Disease_Classification/YOLO_Bounding_Box/BacterialSpot/BacterialSpot(408).txt,YOLO_Bounding_Box/BacterialSpot/BacterialSpot(408).txt,BacterialSpot(408).txt,BacterialSpot(408),bacterialspot(408),.txt,45
label,BacterialSpot,BacterialSpot,/content/drive/MyDrive/Papaya_Leaf_Disease_Classification/YOLO_Bounding_Box/BacterialSpot/BacterialSpot(409).txt,YOLO_Bounding_Box/BacterialSpot/BacterialSpot(409).txt,BacterialSpot(409).txt,BacterialSpot(409),bacterialspot(409),.txt,69
label,BacterialSpot,BacterialSpot,/content/drive/MyDrive/Papaya_Leaf_Disease_Classification/YOLO_Bounding_Box/BacterialSpot/BacterialSpot(41).txt,YOLO_Bounding_Box/BacterialSpot/BacterialSpot(41).txt,BacterialSpot(41).txt,BacterialSpot(41),bacterialspot(41),.txt,45
label,BacterialSpot,BacterialSpot,/content/drive/MyDrive/Papaya_Leaf_Disease_Classification/YOLO_Bounding_Box/BacterialSpot/BacterialSpot(410).txt,YOLO_Bounding_Box/BacterialSpot/BacterialSpot(410).txt,BacterialSpot(410).txt,BacterialSpot(410),bacterialspot(410),.txt,13
label,BacterialSpot,BacterialSpot,/content/drive/MyDrive/Papaya_Leaf_Disease_Classification/YOLO_Bounding_Box/BacterialSpot/BacterialSpot(411).txt,YOLO_Bounding_Box/BacterialSpot/BacterialSpot(411).txt,BacterialSpot(411).txt,BacterialSpot(411),bacterialspot(411),.txt,34
label,BacterialSpot,BacterialSpot,/content/drive/MyDrive/Papaya_Leaf_Disease_Classification/YOLO_Bounding_Box/BacterialSpot/BacterialSpot(412).txt,YOLO_Bounding_Box/BacterialSpot/BacterialSpot(412).txt,BacterialSpot(412).txt,BacterialSpot(412),bacterialspot(412),.txt,56
label,BacterialSpot,BacterialSpot,/content/drive/MyDrive/Papaya_Leaf_Disease_Classification/YOLO_Bounding_Box/BacterialSpot/BacterialSpot(413).txt,YOLO_Bounding_Box/BacterialSpot/BacterialSpot(413).txt,BacterialSpot(413).txt,BacterialSpot(413),bacterialspot(413),.txt,63
label,BacterialSpot,BacterialSpot,/content/drive/MyDrive/Papaya_Leaf_Disease_Classification/YOLO_Bounding_Box/BacterialSpot/BacterialSpot(414).txt,YOLO_Bounding_Box/BacterialSpot/BacterialSpot(414).txt,BacterialSpot(414).txt,BacterialSpot(414),bacterialspot(414),.txt,45
label,BacterialSpot,BacterialSpot,/content/drive/MyDrive/Papaya_Leaf_Disease_Classification/YOLO_Bounding_Box/BacterialSpot/BacterialSpot(415).txt,YOLO_Bounding_Box/BacterialSpot/BacterialSpot(415).txt,BacterialSpot(415).txt,BacterialSpot(415),bacterialspot(415),.txt,45
label,BacterialSpot,BacterialSpot,/content/drive/MyDrive/Papaya_Leaf_Disease_Classification/YOLO_Bounding_Box/BacterialSpot/BacterialSpot(416).txt,YOLO_Bounding_Box/BacterialSpot/BacterialSpot(416).txt,BacterialSpot(416).txt,BacterialSpot(416),bacterialspot(416),.txt,30
label,BacterialSpot,BacterialSpot,/content/drive/MyDrive/Papaya_Leaf_Disease_Classification/YOLO_Bounding_Box/BacterialSpot/BacterialSpot(417).txt,YOLO_Bounding_Box/BacterialSpot/BacterialSpot(417).txt,BacterialSpot(417).txt,BacterialSpot(417),bacterialspot(417),.txt,72
label,BacterialSpot,BacterialSpot,/content/drive/MyDrive/Papaya_Leaf_Disease_Classification/YOLO_Bounding_Box/BacterialSpot/BacterialSpot(418).txt,YOLO_Bounding_Box/BacterialSpot/BacterialSpot(418).txt,BacterialSpot(418).txt,BacterialSpot(418),bacterialspot(418),.txt,77
label,BacterialSpot,BacterialSpot,/content/drive/MyDrive/Papaya_Leaf_Disease_Classification/YOLO_Bounding_Box/BacterialSpot/BacterialSpot(419).txt,YOLO_Bounding_Box/BacterialSpot/BacterialSpot(419).txt,BacterialSpot(419).txt,BacterialSpot(419),bacterialspot(419),.txt,60
label,BacterialSpot,BacterialSpot,/content/drive/MyDrive/Papaya_Leaf_Disease_Classification/YOLO_Bounding_Box/BacterialSpot/BacterialSpot(42).txt,YOLO_Bounding_Box/BacterialSpot/BacterialSpot(42).txt,BacterialSpot(42).txt,BacterialSpot(42),bacterialspot(42),.txt,13
label,BacterialSpot,BacterialSpot,/content/drive/MyDrive/Papaya_Leaf_Disease_Classification/YOLO_Bounding_Box/BacterialSpot/BacterialSpot(420).txt,YOLO_Bounding_Box/BacterialSpot/BacterialSpot(420).txt,BacterialSpot(420).txt,BacterialSpot(420),bacterialspot(420),.txt,62
label,BacterialSpot,BacterialSpot,/content/drive/MyDrive/Papaya_Leaf_Disease_Classification/YOLO_Bounding_Box/BacterialSpot/BacterialSpot(421).txt,YOLO_Bounding_Box/BacterialSpot/BacterialSpot(421).txt,BacterialSpot(421).txt,BacterialSpot(421),bacterialspot(421),.txt,62
label,BacterialSpot,BacterialSpot,/content/drive/MyDrive/Papaya_Leaf_Disease_Classification/YOLO_Bounding_Box/BacterialSpot/BacterialSpot(422).txt,YOLO_Bounding_Box/BacterialSpot/BacterialSpot(422).txt,BacterialSpot(422).txt,BacterialSpot(422),bacterialspot(422),.txt,71
label,BacterialSpot,BacterialSpot,/content/drive/MyDrive/Papaya_Leaf_Disease_Classification/YOLO_Bounding_Box/BacterialSpot/BacterialSpot(423).txt,YOLO_Bounding_Box/BacterialSpot/BacterialSpot(423).txt,BacterialSpot(423).txt,BacterialSpot(423),bacterialspot(423),.txt,52
label,BacterialSpot,BacterialSpot,/content/drive/MyDrive/Papaya_Leaf_Disease_Classification/YOLO_Bounding_Box/BacterialSpot/BacterialSpot(424).txt,YOLO_Bounding_Box/BacterialSpot/BacterialSpot(424).txt,BacterialSpot(424).txt,BacterialSpot(424),bacterialspot(424),.txt,70
label,BacterialSpot,BacterialSpot,/content/drive/MyDrive/Papaya_Leaf_Disease_Classification/YOLO_Bounding_Box/BacterialSpot/BacterialSpot(425).txt,YOLO_Bounding_Box/BacterialSpot/BacterialSpot(425).txt,BacterialSpot(425).txt,BacterialSpot(425),bacterialspot(425),.txt,56
label,BacterialSpot,BacterialSpot,/content/drive/MyDrive/Papaya_Leaf_Disease_Classification/YOLO_Bounding_Box/BacterialSpot/BacterialSpot(426).txt,YOLO_Bounding_Box/BacterialSpot/BacterialSpot(426).txt,BacterialSpot(426).txt,BacterialSpot(426),bacterialspot(426),.txt,79
label,BacterialSpot,BacterialSpot,/content/drive/MyDrive/Papaya_Leaf_Disease_Classification/YOLO_Bounding_Box/BacterialSpot/BacterialSpot(427).txt,YOLO_Bounding_Box/BacterialSpot/BacterialSpot(427).txt,BacterialSpot(427).txt,BacterialSpot(427),bacterialspot(427),.txt,45
label,BacterialSpot,BacterialSpot,/content/drive/MyDrive/Papaya_Leaf_Disease_Classification/YOLO_Bounding_Box/BacterialSpot/BacterialSpot(428).txt,YOLO_Bounding_Box/BacterialSpot/BacterialSpot(428).txt,BacterialSpot(428).txt,BacterialSpot(428),bacterialspot(428),.txt,60
label,BacterialSpot,BacterialSpot,/content/drive/MyDrive/Papaya_Leaf_Disease_Classification/YOLO_Bounding_Box/BacterialSpot/BacterialSpot(429).txt,YOLO_Bounding_Box/BacterialSpot/BacterialSpot(429).txt,BacterialSpot(429).txt,BacterialSpot(429),bacterialspot(429),.txt,26
label,BacterialSpot,BacterialSpot,/content/drive/MyDrive/Papaya_Leaf_Disease_Classification/YOLO_Bounding_Box/BacterialSpot/BacterialSpot(43).txt,YOLO_Bounding_Box/BacterialSpot/BacterialSpot(43).txt,BacterialSpot(43).txt,BacterialSpot(43),bacterialspot(43),.txt,69
label,BacterialSpot,BacterialSpot,/content/drive/MyDrive/Papaya_Leaf_Disease_Classification/YOLO_Bounding_Box/BacterialSpot/BacterialSpot(430).txt,YOLO_Bounding_Box/BacterialSpot/BacterialSpot(430).txt,BacterialSpot(430).txt,BacterialSpot(430),bacterialspot(430),.txt,63
label,BacterialSpot,BacterialSpot,/content/drive/MyDrive/Papaya_Leaf_Disease_Classification/YOLO_Bounding_Box/BacterialSpot/BacterialSpot(431).txt,YOLO_Bounding_Box/BacterialSpot/BacterialSpot(431).txt,BacterialSpot(431).txt,BacterialSpot(431),bacterialspot(431),.txt,70
label,BacterialSpot,BacterialSpot,/content/drive/MyDrive/Papaya_Leaf_Disease_Classification/YOLO_Bounding_Box/BacterialSpot/BacterialSpot(432).txt,YOLO_Bounding_Box/BacterialSpot/BacterialSpot(432).txt,BacterialSpot(432).txt,BacterialSpot(432),bacterialspot(432),.txt,77
label,BacterialSpot,BacterialSpot,/content/drive/MyDrive/Papaya_Leaf_Disease_Classification/YOLO_Bounding_Box/BacterialSpot/BacterialSpot(433).txt,YOLO_Bounding_Box/BacterialSpot/BacterialSpot(433).txt,BacterialSpot(433).txt,BacterialSpot(433),bacterialspot(433),.txt,26
label,BacterialSpot,BacterialSpot,/content/drive/MyDrive/Papaya_Leaf_Disease_Classification/YOLO_Bounding_Box/BacterialSpot/BacterialSpot(434).txt,YOLO_Bounding_Box/BacterialSpot/BacterialSpot(434).txt,BacterialSpot(434).txt,BacterialSpot(434),bacterialspot(434),.txt,30
label,BacterialSpot,BacterialSpot,/content/drive/MyDrive/Papaya_Leaf_Disease_Classification/YOLO_Bounding_Box/BacterialSpot/BacterialSpot(435).txt,YOLO_Bounding_Box/BacterialSpot/BacterialSpot(435).txt,BacterialSpot(435).txt,BacterialSpot(435),bacterialspot(435),.txt,31
label,BacterialSpot,BacterialSpot,/content/drive/MyDrive/Papaya_Leaf_Disease_Classification/YOLO_Bounding_Box/BacterialSpot/BacterialSpot(436).txt,YOLO_Bounding_Box/BacterialSpot/BacterialSpot(436).txt,BacterialSpot(436).txt,BacterialSpot(436),bacterialspot(436),.txt,71
label,BacterialSpot,BacterialSpot,/content/drive/MyDrive/Papaya_Leaf_Disease_Classification/YOLO_Bounding_Box/BacterialSpot/BacterialSpot(437).txt,YOLO_Bounding_Box/BacterialSpot/BacterialSpot(437).txt,BacterialSpot(437).txt,BacterialSpot(437),bacterialspot(437),.txt,68
label,BacterialSpot,BacterialSpot,/content/drive/MyDrive/Papaya_Leaf_Disease_Classification/YOLO_Bounding_Box/BacterialSpot/BacterialSpot(438).txt,YOLO_Bounding_Box/BacterialSpot/BacterialSpot(438).txt,BacterialSpot(438).txt,BacterialSpot(438),bacterialspot(438),.txt,45
label,BacterialSpot,BacterialSpot,/content/drive/MyDrive/Papaya_Leaf_Disease_Classification/YOLO_Bounding_Box/BacterialSpot/BacterialSpot(439).txt,YOLO_Bounding_Box/BacterialSpot/BacterialSpot(439).txt,BacterialSpot(439).txt,BacterialSpot(439),bacterialspot(439),.txt,63
label,BacterialSpot,BacterialSpot,/content/drive/MyDrive/Papaya_Leaf_Disease_Classification/YOLO_Bounding_Box/BacterialSpot/BacterialSpot(44).txt,YOLO_Bounding_Box/BacterialSpot/BacterialSpot(44).txt,BacterialSpot(44).txt,BacterialSpot(44),bacterialspot(44),.txt,13
label,BacterialSpot,BacterialSpot,/content/drive/MyDrive/Papaya_Leaf_Disease_Classification/YOLO_Bounding_Box/BacterialSpot/BacterialSpot(440).txt,YOLO_Bounding_Box/BacterialSpot/BacterialSpot(440).txt,BacterialSpot(440).txt,BacterialSpot(440),bacterialspot(440),.txt,54
label,BacterialSpot,BacterialSpot,/content/drive/MyDrive/Papaya_Leaf_Disease_Classification/YOLO_Bounding_Box/BacterialSpot/BacterialSpot(441).txt,YOLO_Bounding_Box/BacterialSpot/BacterialSpot(441).txt,BacterialSpot(441).txt,BacterialSpot(441),bacterialspot(441),.txt,46
label,BacterialSpot,BacterialSpot,/content/drive/MyDrive/Papaya_Leaf_Disease_Classification/YOLO_Bounding_Box/BacterialSpot/BacterialSpot(442).txt,YOLO_Bounding_Box/BacterialSpot/BacterialSpot(442).txt,BacterialSpot(442).txt,BacterialSpot(442),bacterialspot(442),.txt,77
label,BacterialSpot,BacterialSpot,/content/drive/MyDrive/Papaya_Leaf_Disease_Classification/YOLO_Bounding_Box/BacterialSpot/BacterialSpot(443).txt,YOLO_Bounding_Box/BacterialSpot/BacterialSpot(443).txt,BacterialSpot(443).txt,BacterialSpot(443),bacterialspot(443),.txt,13
label,BacterialSpot,BacterialSpot,/content/drive/MyDrive/Papaya_Leaf_Disease_Classification/YOLO_Bounding_Box/BacterialSpot/BacterialSpot(444).txt,YOLO_Bounding_Box/BacterialSpot/BacterialSpot(444).txt,BacterialSpot(444).txt,BacterialSpot(444),bacterialspot(444),.txt,30
label,BacterialSpot,BacterialSpot,/content/drive/MyDrive/Papaya_Leaf_Disease_Classification/YOLO_Bounding_Box/BacterialSpot/BacterialSpot(445).txt,YOLO_Bounding_Box/BacterialSpot/BacterialSpot(445).txt,BacterialSpot(445).txt,BacterialSpot(445),bacterialspot(445),.txt,68
label,BacterialSpot,BacterialSpot,/content/drive/MyDrive/Papaya_Leaf_Disease_Classification/YOLO_Bounding_Box/BacterialSpot/BacterialSpot(446).txt,YOLO_Bounding_Box/BacterialSpot/BacterialSpot(446).txt,BacterialSpot(446).txt,BacterialSpot(446),bacterialspot(446),.txt,70
label,BacterialSpot,BacterialSpot,/content/drive/MyDrive/Papaya_Leaf_Disease_Classification/YOLO_Bounding_Box/BacterialSpot/BacterialSpot(447).txt,YOLO_Bounding_Box/BacterialSpot/BacterialSpot(447).txt,BacterialSpot(447).txt,BacterialSpot(447),bacterialspot(447),.txt,31
label,BacterialSpot,BacterialSpot,/content/drive/MyDrive/Papaya_Leaf_Disease_Classification/YOLO_Bounding_Box/BacterialSpot/BacterialSpot(448).txt,YOLO_Bounding_Box/BacterialSpot/BacterialSpot(448).txt,BacterialSpot(448).txt,BacterialSpot(448),bacterialspot(448),.txt,53
label,BacterialSpot,BacterialSpot,/content/drive/MyDrive/Papaya_Leaf_Disease_Classification/YOLO_Bounding_Box/BacterialSpot/BacterialSpot(449).txt,YOLO_Bounding_Box/BacterialSpot/BacterialSpot(449).txt,BacterialSpot(449).txt,BacterialSpot(449),bacterialspot(449),.txt,72
label,BacterialSpot,BacterialSpot,/content/drive/MyDrive/Papaya_Leaf_Disease_Classification/YOLO_Bounding_Box/BacterialSpot/BacterialSpot(45).txt,YOLO_Bounding_Box/BacterialSpot/BacterialSpot(45).txt,BacterialSpot(45).txt,BacterialSpot(45),bacterialspot(45),.txt,30
label,BacterialSpot,BacterialSpot,/content/drive/MyDrive/Papaya_Leaf_Disease_Classification/YOLO_Bounding_Box/BacterialSpot/BacterialSpot(450).txt,YOLO_Bounding_Box/BacterialSpot/BacterialSpot(450).txt,BacterialSpot(450).txt,BacterialSpot(450),bacterialspot(450),.txt,30
label,BacterialSpot,BacterialSpot,/content/drive/MyDrive/Papaya_Leaf_Disease_Classification/YOLO_Bounding_Box/BacterialSpot/BacterialSpot(451).txt,YOLO_Bounding_Box/BacterialSpot/BacterialSpot(451).txt,BacterialSpot(451).txt,BacterialSpot(451),bacterialspot(451),.txt,50
label,BacterialSpot,BacterialSpot,/content/drive/MyDrive/Papaya_Leaf_Disease_Classification/YOLO_Bounding_Box/BacterialSpot/BacterialSpot(452).txt,YOLO_Bounding_Box/BacterialSpot/BacterialSpot(452).txt,BacterialSpot(452).txt,BacterialSpot(452),bacterialspot(452),.txt,63
label,BacterialSpot,BacterialSpot,/content/drive/MyDrive/Papaya_Leaf_Disease_Classification/YOLO_Bounding_Box/BacterialSpot/BacterialSpot(453).txt,YOLO_Bounding_Box/BacterialSpot/BacterialSpot(453).txt,BacterialSpot(453).txt,BacterialSpot(453),bacterialspot(453),.txt,62
label,BacterialSpot,BacterialSpot,/content/drive/MyDrive/Papaya_Leaf_Disease_Classification/YOLO_Bounding_Box/BacterialSpot/BacterialSpot(454).txt,YOLO_Bounding_Box/BacterialSpot/BacterialSpot(454).txt,BacterialSpot(454).txt,BacterialSpot(454),bacterialspot(454),.txt,39
label,BacterialSpot,BacterialSpot,/content/drive/MyDrive/Papaya_Leaf_Disease_Classification/YOLO_Bounding_Box/BacterialSpot/BacterialSpot(455).txt,YOLO_Bounding_Box/BacterialSpot/BacterialSpot(455).txt,BacterialSpot(455).txt,BacterialSpot(455),bacterialspot(455),.txt,71
label,BacterialSpot,BacterialSpot,/content/drive/MyDrive/Papaya_Leaf_Disease_Classification/YOLO_Bounding_Box/BacterialSpot/BacterialSpot(456).txt,YOLO_Bounding_Box/BacterialSpot/BacterialSpot(456).txt,BacterialSpot(456).txt,BacterialSpot(456),bacterialspot(456),.txt,61
label,BacterialSpot,BacterialSpot,/content/drive/MyDrive/Papaya_Leaf_Disease_Classification/YOLO_Bounding_Box/BacterialSpot/BacterialSpot(457).txt,YOLO_Bounding_Box/BacterialSpot/BacterialSpot(457).txt,BacterialSpot(457).txt,BacterialSpot(457),bacterialspot(457),.txt,71
label,BacterialSpot,BacterialSpot,/content/drive/MyDrive/Papaya_Leaf_Disease_Classification/YOLO_Bounding_Box/BacterialSpot/BacterialSpot(458).txt,YOLO_Bounding_Box/BacterialSpot/BacterialSpot(458).txt,BacterialSpot(458).txt,BacterialSpot(458),bacterialspot(458),.txt,58
label,BacterialSpot,BacterialSpot,/content/drive/MyDrive/Papaya_Leaf_Disease_Classification/YOLO_Bounding_Box/BacterialSpot/BacterialSpot(46).txt,YOLO_Bounding_Box/BacterialSpot/BacterialSpot(46).txt,BacterialSpot(46).txt,BacterialSpot(46),bacterialspot(46),.txt,59
label,BacterialSpot,BacterialSpot,/content/drive/MyDrive/Papaya_Leaf_Disease_Classification/YOLO_Bounding_Box/BacterialSpot/BacterialSpot(47).txt,YOLO_Bounding_Box/BacterialSpot/BacterialSpot(47).txt,BacterialSpot(47).txt,BacterialSpot(47),bacterialspot(47),.txt,71
label,BacterialSpot,BacterialSpot,/content/drive/MyDrive/Papaya_Leaf_Disease_Classification/YOLO_Bounding_Box/BacterialSpot/BacterialSpot(48).txt,YOLO_Bounding_Box/BacterialSpot/BacterialSpot(48).txt,BacterialSpot(48).txt,BacterialSpot(48),bacterialspot(48),.txt,61
label,BacterialSpot,BacterialSpot,/content/drive/MyDrive/Papaya_Leaf_Disease_Classification/YOLO_Bounding_Box/BacterialSpot/BacterialSpot(49).txt,YOLO_Bounding_Box/BacterialSpot/BacterialSpot(49).txt,BacterialSpot(49).txt,BacterialSpot(49),bacterialspot(49),.txt,37
label,BacterialSpot,BacterialSpot,/content/drive/MyDrive/Papaya_Leaf_Disease_Classification/YOLO_Bounding_Box/BacterialSpot/BacterialSpot(5).txt,YOLO_Bounding_Box/BacterialSpot/BacterialSpot(5).txt,BacterialSpot(5).txt,BacterialSpot(5),bacterialspot(5),.txt,13
label,BacterialSpot,BacterialSpot,/content/drive/MyDrive/Papaya_Leaf_Disease_Classification/YOLO_Bounding_Box/BacterialSpot/BacterialSpot(50).txt,YOLO_Bounding_Box/BacterialSpot/BacterialSpot(50).txt,BacterialSpot(50).txt,BacterialSpot(50),bacterialspot(50),.txt,31
label,BacterialSpot,BacterialSpot,/content/drive/MyDrive/Papaya_Leaf_Disease_Classification/YOLO_Bounding_Box/BacterialSpot/BacterialSpot(51).txt,YOLO_Bounding_Box/BacterialSpot/BacterialSpot(51).txt,BacterialSpot(51).txt,BacterialSpot(51),bacterialspot(51),.txt,36
label,BacterialSpot,BacterialSpot,/content/drive/MyDrive/Papaya_Leaf_Disease_Classification/YOLO_Bounding_Box/BacterialSpot/BacterialSpot(52).txt,YOLO_Bounding_Box/BacterialSpot/BacterialSpot(52).txt,BacterialSpot(52).txt,BacterialSpot(52),bacterialspot(52),.txt,13
label,BacterialSpot,BacterialSpot,/content/drive/MyDrive/Papaya_Leaf_Disease_Classification/YOLO_Bounding_Box/BacterialSpot/BacterialSpot(53).txt,YOLO_Bounding_Box/BacterialSpot/BacterialSpot(53).txt,BacterialSpot(53).txt,BacterialSpot(53),bacterialspot(53),.txt,31
label,BacterialSpot,BacterialSpot,/content/drive/MyDrive/Papaya_Leaf_Disease_Classification/YOLO_Bounding_Box/BacterialSpot/BacterialSpot(54).txt,YOLO_Bounding_Box/BacterialSpot/BacterialSpot(54).txt,BacterialSpot(54).txt,BacterialSpot(54),bacterialspot(54),.txt,72
label,BacterialSpot,BacterialSpot,/content/drive/MyDrive/Papaya_Leaf_Disease_Classification/YOLO_Bounding_Box/BacterialSpot/BacterialSpot(55).txt,YOLO_Bounding_Box/BacterialSpot/BacterialSpot(55).txt,BacterialSpot(55).txt,BacterialSpot(55),bacterialspot(55),.txt,61
label,BacterialSpot,BacterialSpot,/content/drive/MyDrive/Papaya_Leaf_Disease_Classification/YOLO_Bounding_Box/BacterialSpot/BacterialSpot(56).txt,YOLO_Bounding_Box/BacterialSpot/BacterialSpot(56).txt,BacterialSpot(56).txt,BacterialSpot(56),bacterialspot(56),.txt,13
label,BacterialSpot,BacterialSpot,/content/drive/MyDrive/Papaya_Leaf_Disease_Classification/YOLO_Bounding_Box/BacterialSpot/BacterialSpot(57).txt,YOLO_Bounding_Box/BacterialSpot/BacterialSpot(57).txt,BacterialSpot(57).txt,BacterialSpot(57),bacterialspot(57),.txt,13
label,BacterialSpot,BacterialSpot,/content/drive/MyDrive/Papaya_Leaf_Disease_Classification/YOLO_Bounding_Box/BacterialSpot/BacterialSpot(58).txt,YOLO_Bounding_Box/BacterialSpot/BacterialSpot(58).txt,BacterialSpot(58).txt,BacterialSpot(58),bacterialspot(58),.txt,13
label,BacterialSpot,BacterialSpot,/content/drive/MyDrive/Papaya_Leaf_Disease_Classification/YOLO_Bounding_Box/BacterialSpot/BacterialSpot(59).txt,YOLO_Bounding_Box/BacterialSpot/BacterialSpot(59).txt,BacterialSpot(59).txt,BacterialSpot(59),bacterialspot(59),.txt,58
label,BacterialSpot,BacterialSpot,/content/drive/MyDrive/Papaya_Leaf_Disease_Classification/YOLO_Bounding_Box/BacterialSpot/BacterialSpot(6).txt,YOLO_Bounding_Box/BacterialSpot/BacterialSpot(6).txt,BacterialSpot(6).txt,BacterialSpot(6),bacterialspot(6),.txt,78
label,BacterialSpot,BacterialSpot,/content/drive/MyDrive/Papaya_Leaf_Disease_Classification/YOLO_Bounding_Box/BacterialSpot/BacterialSpot(60).txt,YOLO_Bounding_Box/BacterialSpot/BacterialSpot(60).txt,BacterialSpot(60).txt,BacterialSpot(60),bacterialspot(60),.txt,13
label,BacterialSpot,BacterialSpot,/content/drive/MyDrive/Papaya_Leaf_Disease_Classification/YOLO_Bounding_Box/BacterialSpot/BacterialSpot(61).txt,YOLO_Bounding_Box/BacterialSpot/BacterialSpot(61).txt,BacterialSpot(61).txt,BacterialSpot(61),bacterialspot(61),.txt,78
label,BacterialSpot,BacterialSpot,/content/drive/MyDrive/Papaya_Leaf_Disease_Classification/YOLO_Bounding_Box/BacterialSpot/BacterialSpot(62).txt,YOLO_Bounding_Box/BacterialSpot/BacterialSpot(62).txt,BacterialSpot(62).txt,BacterialSpot(62),bacterialspot(62),.txt,60
label,BacterialSpot,BacterialSpot,/content/drive/MyDrive/Papaya_Leaf_Disease_Classification/YOLO_Bounding_Box/BacterialSpot/BacterialSpot(63).txt,YOLO_Bounding_Box/BacterialSpot/BacterialSpot(63).txt,BacterialSpot(63).txt,BacterialSpot(63),bacterialspot(63),.txt,78
label,BacterialSpot,BacterialSpot,/content/drive/MyDrive/Papaya_Leaf_Disease_Classification/YOLO_Bounding_Box/BacterialSpot/BacterialSpot(64).txt,YOLO_Bounding_Box/BacterialSpot/BacterialSpot(64).txt,BacterialSpot(64).txt,BacterialSpot(64),bacterialspot(64),.txt,30
label,BacterialSpot,BacterialSpot,/content/drive/MyDrive/Papaya_Leaf_Disease_Classification/YOLO_Bounding_Box/BacterialSpot/BacterialSpot(65).txt,YOLO_Bounding_Box/BacterialSpot/BacterialSpot(65).txt,BacterialSpot(65).txt,BacterialSpot(65),bacterialspot(65),.txt,70
label,BacterialSpot,BacterialSpot,/content/drive/MyDrive/Papaya_Leaf_Disease_Classification/YOLO_Bounding_Box/BacterialSpot/BacterialSpot(66).txt,YOLO_Bounding_Box/BacterialSpot/BacterialSpot(66).txt,BacterialSpot(66).txt,BacterialSpot(66),bacterialspot(66),.txt,30
label,BacterialSpot,BacterialSpot,/content/drive/MyDrive/Papaya_Leaf_Disease_Classification/YOLO_Bounding_Box/BacterialSpot/BacterialSpot(67).txt,YOLO_Bounding_Box/BacterialSpot/BacterialSpot(67).txt,BacterialSpot(67).txt,BacterialSpot(67),bacterialspot(67),.txt,70
label,BacterialSpot,BacterialSpot,/content/drive/MyDrive/Papaya_Leaf_Disease_Classification/YOLO_Bounding_Box/BacterialSpot/BacterialSpot(68).txt,YOLO_Bounding_Box/BacterialSpot/BacterialSpot(68).txt,BacterialSpot(68).txt,BacterialSpot(68),bacterialspot(68),.txt,45
label,BacterialSpot,BacterialSpot,/content/drive/MyDrive/Papaya_Leaf_Disease_Classification/YOLO_Bounding_Box/BacterialSpot/BacterialSpot(69).txt,YOLO_Bounding_Box/BacterialSpot/BacterialSpot(69).txt,BacterialSpot(69).txt,BacterialSpot(69),bacterialspot(69),.txt,77
label,BacterialSpot,BacterialSpot,/content/drive/MyDrive/Papaya_Leaf_Disease_Classification/YOLO_Bounding_Box/BacterialSpot/BacterialSpot(7).txt,YOLO_Bounding_Box/BacterialSpot/BacterialSpot(7).txt,BacterialSpot(7).txt,BacterialSpot(7),bacterialspot(7),.txt,60
label,BacterialSpot,BacterialSpot,/content/drive/MyDrive/Papaya_Leaf_Disease_Classification/YOLO_Bounding_Box/BacterialSpot/BacterialSpot(70).txt,YOLO_Bounding_Box/BacterialSpot/BacterialSpot(70).txt,BacterialSpot(70).txt,BacterialSpot(70),bacterialspot(70),.txt,36
label,BacterialSpot,BacterialSpot,/content/drive/MyDrive/Papaya_Leaf_Disease_Classification/YOLO_Bounding_Box/BacterialSpot/BacterialSpot(71).txt,YOLO_Bounding_Box/BacterialSpot/BacterialSpot(71).txt,BacterialSpot(71).txt,BacterialSpot(71),bacterialspot(71),.txt,77
label,BacterialSpot,BacterialSpot,/content/drive/MyDrive/Papaya_Leaf_Disease_Classification/YOLO_Bounding_Box/BacterialSpot/BacterialSpot(72).txt,YOLO_Bounding_Box/BacterialSpot/BacterialSpot(72).txt,BacterialSpot(72).txt,BacterialSpot(72),bacterialspot(72),.txt,69
label,BacterialSpot,BacterialSpot,/content/drive/MyDrive/Papaya_Leaf_Disease_Classification/YOLO_Bounding_Box/BacterialSpot/BacterialSpot(73).txt,YOLO_Bounding_Box/BacterialSpot/BacterialSpot(73).txt,BacterialSpot(73).txt,BacterialSpot(73),bacterialspot(73),.txt,41
label,BacterialSpot,BacterialSpot,/content/drive/MyDrive/Papaya_Leaf_Disease_Classification/YOLO_Bounding_Box/BacterialSpot/BacterialSpot(74).txt,YOLO_Bounding_Box/BacterialSpot/BacterialSpot(74).txt,BacterialSpot(74).txt,BacterialSpot(74),bacterialspot(74),.txt,68
label,BacterialSpot,BacterialSpot,/content/drive/MyDrive/Papaya_Leaf_Disease_Classification/YOLO_Bounding_Box/BacterialSpot/BacterialSpot(75).txt,YOLO_Bounding_Box/BacterialSpot/BacterialSpot(75).txt,BacterialSpot(75).txt,BacterialSpot(75),bacterialspot(75),.txt,78
label,BacterialSpot,BacterialSpot,/content/drive/MyDrive/Papaya_Leaf_Disease_Classification/YOLO_Bounding_Box/BacterialSpot/BacterialSpot(76).txt,YOLO_Bounding_Box/BacterialSpot/BacterialSpot(76).txt,BacterialSpot(76).txt,BacterialSpot(76),bacterialspot(76),.txt,45
label,BacterialSpot,BacterialSpot,/content/drive/MyDrive/Papaya_Leaf_Disease_Classification/YOLO_Bounding_Box/BacterialSpot/BacterialSpot(77).txt,YOLO_Bounding_Box/BacterialSpot/BacterialSpot(77).txt,BacterialSpot(77).txt,BacterialSpot(77),bacterialspot(77),.txt,69
label,BacterialSpot,BacterialSpot,/content/drive/MyDrive/Papaya_Leaf_Disease_Classification/YOLO_Bounding_Box/BacterialSpot/BacterialSpot(78).txt,YOLO_Bounding_Box/BacterialSpot/BacterialSpot(78).txt,BacterialSpot(78).txt,BacterialSpot(78),bacterialspot(78),.txt,46
label,BacterialSpot,BacterialSpot,/content/drive/MyDrive/Papaya_Leaf_Disease_Classification/YOLO_Bounding_Box/BacterialSpot/BacterialSpot(79).txt,YOLO_Bounding_Box/BacterialSpot/BacterialSpot(79).txt,BacterialSpot(79).txt,BacterialSpot(79),bacterialspot(79),.txt,52
label,BacterialSpot,BacterialSpot,/content/drive/MyDrive/Papaya_Leaf_Disease_Classification/YOLO_Bounding_Box/BacterialSpot/BacterialSpot(8).txt,YOLO_Bounding_Box/BacterialSpot/BacterialSpot(8).txt,BacterialSpot(8).txt,BacterialSpot(8),bacterialspot(8),.txt,41
label,BacterialSpot,BacterialSpot,/content/drive/MyDrive/Papaya_Leaf_Disease_Classification/YOLO_Bounding_Box/BacterialSpot/BacterialSpot(80).txt,YOLO_Bounding_Box/BacterialSpot/BacterialSpot(80).txt,BacterialSpot(80).txt,BacterialSpot(80),bacterialspot(80),.txt,29
label,BacterialSpot,BacterialSpot,/content/drive/MyDrive/Papaya_Leaf_Disease_Classification/YOLO_Bounding_Box/BacterialSpot/BacterialSpot(81).txt,YOLO_Bounding_Box/BacterialSpot/BacterialSpot(81).txt,BacterialSpot(81).txt,BacterialSpot(81),bacterialspot(81),.txt,79
label,BacterialSpot,BacterialSpot,/content/drive/MyDrive/Papaya_Leaf_Disease_Classification/YOLO_Bounding_Box/BacterialSpot/BacterialSpot(82).txt,YOLO_Bounding_Box/BacterialSpot/BacterialSpot(82).txt,BacterialSpot(82).txt,BacterialSpot(82),bacterialspot(82),.txt,70
label,BacterialSpot,BacterialSpot,/content/drive/MyDrive/Papaya_Leaf_Disease_Classification/YOLO_Bounding_Box/BacterialSpot/BacterialSpot(83).txt,YOLO_Bounding_Box/BacterialSpot/BacterialSpot(83).txt,BacterialSpot(83).txt,BacterialSpot(83),bacterialspot(83),.txt,70
label,BacterialSpot,BacterialSpot,/content/drive/MyDrive/Papaya_Leaf_Disease_Classification/YOLO_Bounding_Box/BacterialSpot/BacterialSpot(84).txt,YOLO_Bounding_Box/BacterialSpot/BacterialSpot(84).txt,BacterialSpot(84).txt,BacterialSpot(84),bacterialspot(84),.txt,79
label,BacterialSpot,BacterialSpot,/content/drive/MyDrive/Papaya_Leaf_Disease_Classification/YOLO_Bounding_Box/BacterialSpot/BacterialSpot(85).txt,YOLO_Bounding_Box/BacterialSpot/BacterialSpot(85).txt,BacterialSpot(85).txt,BacterialSpot(85),bacterialspot(85),.txt,59
label,BacterialSpot,BacterialSpot,/content/drive/MyDrive/Papaya_Leaf_Disease_Classification/YOLO_Bounding_Box/BacterialSpot/BacterialSpot(86).txt,YOLO_Bounding_Box/BacterialSpot/BacterialSpot(86).txt,BacterialSpot(86).txt,BacterialSpot(86),bacterialspot(86),.txt,79
label,BacterialSpot,BacterialSpot,/content/drive/MyDrive/Papaya_Leaf_Disease_Classification/YOLO_Bounding_Box/BacterialSpot/BacterialSpot(87).txt,YOLO_Bounding_Box/BacterialSpot/BacterialSpot(87).txt,BacterialSpot(87).txt,BacterialSpot(87),bacterialspot(87),.txt,69
label,BacterialSpot,BacterialSpot,/content/drive/MyDrive/Papaya_Leaf_Disease_Classification/YOLO_Bounding_Box/BacterialSpot/BacterialSpot(88).txt,YOLO_Bounding_Box/BacterialSpot/BacterialSpot(88).txt,BacterialSpot(88).txt,BacterialSpot(88),bacterialspot(88),.txt,46
label,BacterialSpot,BacterialSpot,/content/drive/MyDrive/Papaya_Leaf_Disease_Classification/YOLO_Bounding_Box/BacterialSpot/BacterialSpot(89).txt,YOLO_Bounding_Box/BacterialSpot/BacterialSpot(89).txt,BacterialSpot(89).txt,BacterialSpot(89),bacterialspot(89),.txt,30
label,BacterialSpot,BacterialSpot,/content/drive/MyDrive/Papaya_Leaf_Disease_Classification/YOLO_Bounding_Box/BacterialSpot/BacterialSpot(9).txt,YOLO_Bounding_Box/BacterialSpot/BacterialSpot(9).txt,BacterialSpot(9).txt,BacterialSpot(9),bacterialspot(9),.txt,13
label,BacterialSpot,BacterialSpot,/content/drive/MyDrive/Papaya_Leaf_Disease_Classification/YOLO_Bounding_Box/BacterialSpot/BacterialSpot(90).txt,YOLO_Bounding_Box/BacterialSpot/BacterialSpot(90).txt,BacterialSpot(90).txt,BacterialSpot(90),bacterialspot(90),.txt,57
label,BacterialSpot,BacterialSpot,/content/drive/MyDrive/Papaya_Leaf_Disease_Classification/YOLO_Bounding_Box/BacterialSpot/BacterialSpot(91).txt,YOLO_Bounding_Box/BacterialSpot/BacterialSpot(91).txt,BacterialSpot(91).txt,BacterialSpot(91),bacterialspot(91),.txt,53
label,BacterialSpot,BacterialSpot,/content/drive/MyDrive/Papaya_Leaf_Disease_Classification/YOLO_Bounding_Box/BacterialSpot/BacterialSpot(92).txt,YOLO_Bounding_Box/BacterialSpot/BacterialSpot(92).txt,BacterialSpot(92).txt,BacterialSpot(92),bacterialspot(92),.txt,46
label,BacterialSpot,BacterialSpot,/content/drive/MyDrive/Papaya_Leaf_Disease_Classification/YOLO_Bounding_Box/BacterialSpot/BacterialSpot(93).txt,YOLO_Bounding_Box/BacterialSpot/BacterialSpot(93).txt,BacterialSpot(93).txt,BacterialSpot(93),bacterialspot(93),.txt,78
label,BacterialSpot,BacterialSpot,/content/drive/MyDrive/Papaya_Leaf_Disease_Classification/YOLO_Bounding_Box/BacterialSpot/BacterialSpot(94).txt,YOLO_Bounding_Box/BacterialSpot/BacterialSpot(94).txt,BacterialSpot(94).txt,BacterialSpot(94),bacterialspot(94),.txt,68
label,BacterialSpot,BacterialSpot,/content/drive/MyDrive/Papaya_Leaf_Disease_Classification/YOLO_Bounding_Box/BacterialSpot/BacterialSpot(95).txt,YOLO_Bounding_Box/BacterialSpot/BacterialSpot(95).txt,BacterialSpot(95).txt,BacterialSpot(95),bacterialspot(95),.txt,69
label,BacterialSpot,BacterialSpot,/content/drive/MyDrive/Papaya_Leaf_Disease_Classification/YOLO_Bounding_Box/BacterialSpot/BacterialSpot(96).txt,YOLO_Bounding_Box/BacterialSpot/BacterialSpot(96).txt,BacterialSpot(96).txt,BacterialSpot(96),bacterialspot(96),.txt,67
label,BacterialSpot,BacterialSpot,/content/drive/MyDrive/Papaya_Leaf_Disease_Classification/YOLO_Bounding_Box/BacterialSpot/BacterialSpot(97).txt,YOLO_Bounding_Box/BacterialSpot/BacterialSpot(97).txt,BacterialSpot(97).txt,BacterialSpot(97),bacterialspot(97),.txt,50
label,BacterialSpot,BacterialSpot,/content/drive/MyDrive/Papaya_Leaf_Disease_Classification/YOLO_Bounding_Box/BacterialSpot/BacterialSpot(98).txt,YOLO_Bounding_Box/BacterialSpot/BacterialSpot(98).txt,BacterialSpot(98).txt,BacterialSpot(98),bacterialspot(98),.txt,55
label,BacterialSpot,BacterialSpot,/content/drive/MyDrive/Papaya_Leaf_Disease_Classification/YOLO_Bounding_Box/BacterialSpot/BacterialSpot(99).txt,YOLO_Bounding_Box/BacterialSpot/BacterialSpot(99).txt,BacterialSpot(99).txt,BacterialSpot(99),bacterialspot(99),.txt,62
label,Curl,Curl,/content/drive/MyDrive/Papaya_Leaf_Disease_Classification/YOLO_Bounding_Box/Curl/Curl(1).txt,YOLO_Bounding_Box/Curl/Curl(1).txt,Curl(1).txt,Curl(1),curl(1),.txt,13
label,Curl,Curl,/content/drive/MyDrive/Papaya_Leaf_Disease_Classification/YOLO_Bounding_Box/Curl/Curl(10).txt,YOLO_Bounding_Box/Curl/Curl(10).txt,Curl(10).txt,Curl(10),curl(10),.txt,13
label,Curl,Curl,/content/drive/MyDrive/Papaya_Leaf_Disease_Classification/YOLO_Bounding_Box/Curl/Curl(100).txt,YOLO_Bounding_Box/Curl/Curl(100).txt,Curl(100).txt,Curl(100),curl(100),.txt,69
label,Curl,Curl,/content/drive/MyDrive/Papaya_Leaf_Disease_Classification/YOLO_Bounding_Box/Curl/Curl(101).txt,YOLO_Bounding_Box/Curl/Curl(101).txt,Curl(101).txt,Curl(101),curl(101),.txt,67
label,Curl,Curl,/content/drive/MyDrive/Papaya_Leaf_Disease_Classification/YOLO_Bounding_Box/Curl/Curl(102).txt,YOLO_Bounding_Box/Curl/Curl(102).txt,Curl(102).txt,Curl(102),curl(102),.txt,51
label,Curl,Curl,/content/drive/MyDrive/Papaya_Leaf_Disease_Classification/YOLO_Bounding_Box/Curl/Curl(103).txt,YOLO_Bounding_Box/Curl/Curl(103).txt,Curl(103).txt,Curl(103),curl(103),.txt,53
label,Curl,Curl,/content/drive/MyDrive/Papaya_Leaf_Disease_Classification/YOLO_Bounding_Box/Curl/Curl(104).txt,YOLO_Bounding_Box/Curl/Curl(104).txt,Curl(104).txt,Curl(104),curl(104),.txt,46
label,Curl,Curl,/content/drive/MyDrive/Papaya_Leaf_Disease_Classification/YOLO_Bounding_Box/Curl/Curl(105).txt,YOLO_Bounding_Box/Curl/Curl(105).txt,Curl(105).txt,Curl(105),curl(105),.txt,44
label,Curl,Curl,/content/drive/MyDrive/Papaya_Leaf_Disease_Classification/YOLO_Bounding_Box/Curl/Curl(106).txt,YOLO_Bounding_Box/Curl/Curl(106).txt,Curl(106).txt,Curl(106),curl(106),.txt,64
label,Curl,Curl,/content/drive/MyDrive/Papaya_Leaf_Disease_Classification/YOLO_Bounding_Box/Curl/Curl(107).txt,YOLO_Bounding_Box/Curl/Curl(107).txt,Curl(107).txt,Curl(107),curl(107),.txt,57
label,Curl,Curl,/content/drive/MyDrive/Papaya_Leaf_Disease_Classification/YOLO_Bounding_Box/Curl/Curl(108).txt,YOLO_Bounding_Box/Curl/Curl(108).txt,Curl(108).txt,Curl(108),curl(108),.txt,78
label,Curl,Curl,/content/drive/MyDrive/Papaya_Leaf_Disease_Classification/YOLO_Bounding_Box/Curl/Curl(109).txt,YOLO_Bounding_Box/Curl/Curl(109).txt,Curl(109).txt,Curl(109),curl(109),.txt,58
label,Curl,Curl,/content/drive/MyDrive/Papaya_Leaf_Disease_Classification/YOLO_Bounding_Box/Curl/Curl(11).txt,YOLO_Bounding_Box/Curl/Curl(11).txt,Curl(11).txt,Curl(11),curl(11),.txt,36
label,Curl,Curl,/content/drive/MyDrive/Papaya_Leaf_Disease_Classification/YOLO_Bounding_Box/Curl/Curl(110).txt,YOLO_Bounding_Box/Curl/Curl(110).txt,Curl(110).txt,Curl(110),curl(110),.txt,38
label,Curl,Curl,/content/drive/MyDrive/Papaya_Leaf_Disease_Classification/YOLO_Bounding_Box/Curl/Curl(111).txt,YOLO_Bounding_Box/Curl/Curl(111).txt,Curl(111).txt,Curl(111),curl(111),.txt,60
label,Curl,Curl,/content/drive/MyDrive/Papaya_Leaf_Disease_Classification/YOLO_Bounding_Box/Curl/Curl(112).txt,YOLO_Bounding_Box/Curl/Curl(112).txt,Curl(112).txt,Curl(112),curl(112),.txt,13
label,Curl,Curl,/content/drive/MyDrive/Papaya_Leaf_Disease_Classification/YOLO_Bounding_Box/Curl/Curl(113).txt,YOLO_Bounding_Box/Curl/Curl(113).txt,Curl(113).txt,Curl(113),curl(113),.txt,53
label,Curl,Curl,/content/drive/MyDrive/Papaya_Leaf_Disease_Classification/YOLO_Bounding_Box/Curl/Curl(114).txt,YOLO_Bounding_Box/Curl/Curl(114).txt,Curl(114).txt,Curl(114),curl(114),.txt,24
label,Curl,Curl,/content/drive/MyDrive/Papaya_Leaf_Disease_Classification/YOLO_Bounding_Box/Curl/Curl(115).txt,YOLO_Bounding_Box/Curl/Curl(115).txt,Curl(115).txt,Curl(115),curl(115),.txt,61
label,Curl,Curl,/content/drive/MyDrive/Papaya_Leaf_Disease_Classification/YOLO_Bounding_Box/Curl/Curl(116).txt,YOLO_Bounding_Box/Curl/Curl(116).txt,Curl(116).txt,Curl(116),curl(116),.txt,13
label,Curl,Curl,/content/drive/MyDrive/Papaya_Leaf_Disease_Classification/YOLO_Bounding_Box/Curl/Curl(117).txt,YOLO_Bounding_Box/Curl/Curl(117).txt,Curl(117).txt,Curl(117),curl(117),.txt,71
label,Curl,Curl,/content/drive/MyDrive/Papaya_Leaf_Disease_Classification/YOLO_Bounding_Box/Curl/Curl(118).txt,YOLO_Bounding_Box/Curl/Curl(118).txt,Curl(118).txt,Curl(118),curl(118),.txt,60
label,Curl,Curl,/content/drive/MyDrive/Papaya_Leaf_Disease_Classification/YOLO_Bounding_Box/Curl/Curl(119).txt,YOLO_Bounding_Box/Curl/Curl(119).txt,Curl(119).txt,Curl(119),curl(119),.txt,30
label,Curl,Curl,/content/drive/MyDrive/Papaya_Leaf_Disease_Classification/YOLO_Bounding_Box/Curl/Curl(12).txt,YOLO_Bounding_Box/Curl/Curl(12).txt,Curl(12).txt,Curl(12),curl(12),.txt,61
label,Curl,Curl,/content/drive/MyDrive/Papaya_Leaf_Disease_Classification/YOLO_Bounding_Box/Curl/Curl(120).txt,YOLO_Bounding_Box/Curl/Curl(120).txt,Curl(120).txt,Curl(120),curl(120),.txt,63
label,Curl,Curl,/content/drive/MyDrive/Papaya_Leaf_Disease_Classification/YOLO_Bounding_Box/Curl/Curl(121).txt,YOLO_Bounding_Box/Curl/Curl(121).txt,Curl(121).txt,Curl(121),curl(121),.txt,72
label,Curl,Curl,/content/drive/MyDrive/Papaya_Leaf_Disease_Classification/YOLO_Bounding_Box/Curl/Curl(122).txt,YOLO_Bounding_Box/Curl/Curl(122).txt,Curl(122).txt,Curl(122),curl(122),.txt,78
label,Curl,Curl,/content/drive/MyDrive/Papaya_Leaf_Disease_Classification/YOLO_Bounding_Box/Curl/Curl(123).txt,YOLO_Bounding_Box/Curl/Curl(123).txt,Curl(123).txt,Curl(123),curl(123),.txt,50
label,Curl,Curl,/content/drive/MyDrive/Papaya_Leaf_Disease_Classification/YOLO_Bounding_Box/Curl/Curl(124).txt,YOLO_Bounding_Box/Curl/Curl(124).txt,Curl(124).txt,Curl(124),curl(124),.txt,78
label,Curl,Curl,/content/drive/MyDrive/Papaya_Leaf_Disease_Classification/YOLO_Bounding_Box/Curl/Curl(125).txt,YOLO_Bounding_Box/Curl/Curl(125).txt,Curl(125).txt,Curl(125),curl(125),.txt,62
label,Curl,Curl,/content/drive/MyDrive/Papaya_Leaf_Disease_Classification/YOLO_Bounding_Box/Curl/Curl(126).txt,YOLO_Bounding_Box/Curl/Curl(126).txt,Curl(126).txt,Curl(126),curl(126),.txt,45
label,Curl,Curl,/content/drive/MyDrive/Papaya_Leaf_Disease_Classification/YOLO_Bounding_Box/Curl/Curl(127).txt,YOLO_Bounding_Box/Curl/Curl(127).txt,Curl(127).txt,Curl(127),curl(127),.txt,70
label,Curl,Curl,/content/drive/MyDrive/Papaya_Leaf_Disease_Classification/YOLO_Bounding_Box/Curl/Curl(128).txt,YOLO_Bounding_Box/Curl/Curl(128).txt,Curl(128).txt,Curl(128),curl(128),.txt,71
label,Curl,Curl,/content/drive/MyDrive/Papaya_Leaf_Disease_Classification/YOLO_Bounding_Box/Curl/Curl(129).txt,YOLO_Bounding_Box/Curl/Curl(129).txt,Curl(129).txt,Curl(129),curl(129),.txt,78
label,Curl,Curl,/content/drive/MyDrive/Papaya_Leaf_Disease_Classification/YOLO_Bounding_Box/Curl/Curl(13).txt,YOLO_Bounding_Box/Curl/Curl(13).txt,Curl(13).txt,Curl(13),curl(13),.txt,69
label,Curl,Curl,/content/drive/MyDrive/Papaya_Leaf_Disease_Classification/YOLO_Bounding_Box/Curl/Curl(130).txt,YOLO_Bounding_Box/Curl/Curl(130).txt,Curl(130).txt,Curl(130),curl(130),.txt,63
label,Curl,Curl,/content/drive/MyDrive/Papaya_Leaf_Disease_Classification/YOLO_Bounding_Box/Curl/Curl(131).txt,YOLO_Bounding_Box/Curl/Curl(131).txt,Curl(131).txt,Curl(131),curl(131),.txt,54
label,Curl,Curl,/content/drive/MyDrive/Papaya_Leaf_Disease_Classification/YOLO_Bounding_Box/Curl/Curl(132).txt,YOLO_Bounding_Box/Curl/Curl(132).txt,Curl(132).txt,Curl(132),curl(132),.txt,77
label,Curl,Curl,/content/drive/MyDrive/Papaya_Leaf_Disease_Classification/YOLO_Bounding_Box/Curl/Curl(133).txt,YOLO_Bounding_Box/Curl/Curl(133).txt,Curl(133).txt,Curl(133),curl(133),.txt,58
label,Curl,Curl,/content/drive/MyDrive/Papaya_Leaf_Disease_Classification/YOLO_Bounding_Box/Curl/Curl(134).txt,YOLO_Bounding_Box/Curl/Curl(134).txt,Curl(134).txt,Curl(134),curl(134),.txt,68
label,Curl,Curl,/content/drive/MyDrive/Papaya_Leaf_Disease_Classification/YOLO_Bounding_Box/Curl/Curl(135).txt,YOLO_Bounding_Box/Curl/Curl(135).txt,Curl(135).txt,Curl(135),curl(135),.txt,36
label,Curl,Curl,/content/drive/MyDrive/Papaya_Leaf_Disease_Classification/YOLO_Bounding_Box/Curl/Curl(136).txt,YOLO_Bounding_Box/Curl/Curl(136).txt,Curl(136).txt,Curl(136),curl(136),.txt,71
label,Curl,Curl,/content/drive/MyDrive/Papaya_Leaf_Disease_Classification/YOLO_Bounding_Box/Curl/Curl(137).txt,YOLO_Bounding_Box/Curl/Curl(137).txt,Curl(137).txt,Curl(137),curl(137),.txt,54
label,Curl,Curl,/content/drive/MyDrive/Papaya_Leaf_Disease_Classification/YOLO_Bounding_Box/Curl/Curl(138).txt,YOLO_Bounding_Box/Curl/Curl(138).txt,Curl(138).txt,Curl(138),curl(138),.txt,60
label,Curl,Curl,/content/drive/MyDrive/Papaya_Leaf_Disease_Classification/YOLO_Bounding_Box/Curl/Curl(139).txt,YOLO_Bounding_Box/Curl/Curl(139).txt,Curl(139).txt,Curl(139),curl(139),.txt,52
label,Curl,Curl,/content/drive/MyDrive/Papaya_Leaf_Disease_Classification/YOLO_Bounding_Box/Curl/Curl(14).txt,YOLO_Bounding_Box/Curl/Curl(14).txt,Curl(14).txt,Curl(14),curl(14),.txt,28
label,Curl,Curl,/content/drive/MyDrive/Papaya_Leaf_Disease_Classification/YOLO_Bounding_Box/Curl/Curl(140).txt,YOLO_Bounding_Box/Curl/Curl(140).txt,Curl(140).txt,Curl(140),curl(140),.txt,60
label,Curl,Curl,/content/drive/MyDrive/Papaya_Leaf_Disease_Classification/YOLO_Bounding_Box/Curl/Curl(141).txt,YOLO_Bounding_Box/Curl/Curl(141).txt,Curl(141).txt,Curl(141),curl(141),.txt,79
label,Curl,Curl,/content/drive/MyDrive/Papaya_Leaf_Disease_Classification/YOLO_Bounding_Box/Curl/Curl(142).txt,YOLO_Bounding_Box/Curl/Curl(142).txt,Curl(142).txt,Curl(142),curl(142),.txt,78
label,Curl,Curl,/content/drive/MyDrive/Papaya_Leaf_Disease_Classification/YOLO_Bounding_Box/Curl/Curl(143).txt,YOLO_Bounding_Box/Curl/Curl(143).txt,Curl(143).txt,Curl(143),curl(143),.txt,46
label,Curl,Curl,/content/drive/MyDrive/Papaya_Leaf_Disease_Classification/YOLO_Bounding_Box/Curl/Curl(144).txt,YOLO_Bounding_Box/Curl/Curl(144).txt,Curl(144).txt,Curl(144),curl(144),.txt,59
label,Curl,Curl,/content/drive/MyDrive/Papaya_Leaf_Disease_Classification/YOLO_Bounding_Box/Curl/Curl(145).txt,YOLO_Bounding_Box/Curl/Curl(145).txt,Curl(145).txt,Curl(145),curl(145),.txt,28
label,Curl,Curl,/content/drive/MyDrive/Papaya_Leaf_Disease_Classification/YOLO_Bounding_Box/Curl/Curl(146).txt,YOLO_Bounding_Box/Curl/Curl(146).txt,Curl(146).txt,Curl(146),curl(146),.txt,68
label,Curl,Curl,/content/drive/MyDrive/Papaya_Leaf_Disease_Classification/YOLO_Bounding_Box/Curl/Curl(147).txt,YOLO_Bounding_Box/Curl/Curl(147).txt,Curl(147).txt,Curl(147),curl(147),.txt,69
label,Curl,Curl,/content/drive/MyDrive/Papaya_Leaf_Disease_Classification/YOLO_Bounding_Box/Curl/Curl(148).txt,YOLO_Bounding_Box/Curl/Curl(148).txt,Curl(148).txt,Curl(148),curl(148),.txt,57
label,Curl,Curl,/content/drive/MyDrive/Papaya_Leaf_Disease_Classification/YOLO_Bounding_Box/Curl/Curl(149).txt,YOLO_Bounding_Box/Curl/Curl(149).txt,Curl(149).txt,Curl(149),curl(149),.txt,36
label,Curl,Curl,/content/drive/MyDrive/Papaya_Leaf_Disease_Classification/YOLO_Bounding_Box/Curl/Curl(15).txt,YOLO_Bounding_Box/Curl/Curl(15).txt,Curl(15).txt,Curl(15),curl(15),.txt,63
label,Curl,Curl,/content/drive/MyDrive/Papaya_Leaf_Disease_Classification/YOLO_Bounding_Box/Curl/Curl(150).txt,YOLO_Bounding_Box/Curl/Curl(150).txt,Curl(150).txt,Curl(150),curl(150),.txt,30
label,Curl,Curl,/content/drive/MyDrive/Papaya_Leaf_Disease_Classification/YOLO_Bounding_Box/Curl/Curl(151).txt,YOLO_Bounding_Box/Curl/Curl(151).txt,Curl(151).txt,Curl(151),curl(151),.txt,60
label,Curl,Curl,/content/drive/MyDrive/Papaya_Leaf_Disease_Classification/YOLO_Bounding_Box/Curl/Curl(152).txt,YOLO_Bounding_Box/Curl/Curl(152).txt,Curl(152).txt,Curl(152),curl(152),.txt,68
label,Curl,Curl,/content/drive/MyDrive/Papaya_Leaf_Disease_Classification/YOLO_Bounding_Box/Curl/Curl(153).txt,YOLO_Bounding_Box/Curl/Curl(153).txt,Curl(153).txt,Curl(153),curl(153),.txt,44
label,Curl,Curl,/content/drive/MyDrive/Papaya_Leaf_Disease_Classification/YOLO_Bounding_Box/Curl/Curl(154).txt,YOLO_Bounding_Box/Curl/Curl(154).txt,Curl(154).txt,Curl(154),curl(154),.txt,78
label,Curl,Curl,/content/drive/MyDrive/Papaya_Leaf_Disease_Classification/YOLO_Bounding_Box/Curl/Curl(155).txt,YOLO_Bounding_Box/Curl/Curl(155).txt,Curl(155).txt,Curl(155),curl(155),.txt,70
label,Curl,Curl,/content/drive/MyDrive/Papaya_Leaf_Disease_Classification/YOLO_Bounding_Box/Curl/Curl(156).txt,YOLO_Bounding_Box/Curl/Curl(156).txt,Curl(156).txt,Curl(156),curl(156),.txt,77
label,Curl,Curl,/content/drive/MyDrive/Papaya_Leaf_Disease_Classification/YOLO_Bounding_Box/Curl/Curl(157).txt,YOLO_Bounding_Box/Curl/Curl(157).txt,Curl(157).txt,Curl(157),curl(157),.txt,70
label,Curl,Curl,/content/drive/MyDrive/Papaya_Leaf_Disease_Classification/YOLO_Bounding_Box/Curl/Curl(158).txt,YOLO_Bounding_Box/Curl/Curl(158).txt,Curl(158).txt,Curl(158),curl(158),.txt,13
label,Curl,Curl,/content/drive/MyDrive/Papaya_Leaf_Disease_Classification/YOLO_Bounding_Box/Curl/Curl(159).txt,YOLO_Bounding_Box/Curl/Curl(159).txt,Curl(159).txt,Curl(159),curl(159),.txt,69
label,Curl,Curl,/content/drive/MyDrive/Papaya_Leaf_Disease_Classification/YOLO_Bounding_Box/Curl/Curl(16).txt,YOLO_Bounding_Box/Curl/Curl(16).txt,Curl(16).txt,Curl(16),curl(16),.txt,57
label,Curl,Curl,/content/drive/MyDrive/Papaya_Leaf_Disease_Classification/YOLO_Bounding_Box/Curl/Curl(160).txt,YOLO_Bounding_Box/Curl/Curl(160).txt,Curl(160).txt,Curl(160),curl(160),.txt,53
label,Curl,Curl,/content/drive/MyDrive/Papaya_Leaf_Disease_Classification/YOLO_Bounding_Box/Curl/Curl(161).txt,YOLO_Bounding_Box/Curl/Curl(161).txt,Curl(161).txt,Curl(161),curl(161),.txt,69
label,Curl,Curl,/content/drive/MyDrive/Papaya_Leaf_Disease_Classification/YOLO_Bounding_Box/Curl/Curl(162).txt,YOLO_Bounding_Box/Curl/Curl(162).txt,Curl(162).txt,Curl(162),curl(162),.txt,69
label,Curl,Curl,/content/drive/MyDrive/Papaya_Leaf_Disease_Classification/YOLO_Bounding_Box/Curl/Curl(163).txt,YOLO_Bounding_Box/Curl/Curl(163).txt,Curl(163).txt,Curl(163),curl(163),.txt,49
label,Curl,Curl,/content/drive/MyDrive/Papaya_Leaf_Disease_Classification/YOLO_Bounding_Box/Curl/Curl(164).txt,YOLO_Bounding_Box/Curl/Curl(164).txt,Curl(164).txt,Curl(164),curl(164),.txt,52
label,Curl,Curl,/content/drive/MyDrive/Papaya_Leaf_Disease_Classification/YOLO_Bounding_Box/Curl/Curl(165).txt,YOLO_Bounding_Box/Curl/Curl(165).txt,Curl(165).txt,Curl(165),curl(165),.txt,36
label,Curl,Curl,/content/drive/MyDrive/Papaya_Leaf_Disease_Classification/YOLO_Bounding_Box/Curl/Curl(166).txt,YOLO_Bounding_Box/Curl/Curl(166).txt,Curl(166).txt,Curl(166),curl(166),.txt,45
label,Curl,Curl,/content/drive/MyDrive/Papaya_Leaf_Disease_Classification/YOLO_Bounding_Box/Curl/Curl(167).txt,YOLO_Bounding_Box/Curl/Curl(167).txt,Curl(167).txt,Curl(167),curl(167),.txt,56
label,Curl,Curl,/content/drive/MyDrive/Papaya_Leaf_Disease_Classification/YOLO_Bounding_Box/Curl/Curl(168).txt,YOLO_Bounding_Box/Curl/Curl(168).txt,Curl(168).txt,Curl(168),curl(168),.txt,13
label,Curl,Curl,/content/drive/MyDrive/Papaya_Leaf_Disease_Classification/YOLO_Bounding_Box/Curl/Curl(169).txt,YOLO_Bounding_Box/Curl/Curl(169).txt,Curl(169).txt,Curl(169),curl(169),.txt,62
label,Curl,Curl,/content/drive/MyDrive/Papaya_Leaf_Disease_Classification/YOLO_Bounding_Box/Curl/Curl(17).txt,YOLO_Bounding_Box/Curl/Curl(17).txt,Curl(17).txt,Curl(17),curl(17),.txt,46
label,Curl,Curl,/content/drive/MyDrive/Papaya_Leaf_Disease_Classification/YOLO_Bounding_Box/Curl/Curl(170).txt,YOLO_Bounding_Box/Curl/Curl(170).txt,Curl(170).txt,Curl(170),curl(170),.txt,63
label,Curl,Curl,/content/drive/MyDrive/Papaya_Leaf_Disease_Classification/YOLO_Bounding_Box/Curl/Curl(171).txt,YOLO_Bounding_Box/Curl/Curl(171).txt,Curl(171).txt,Curl(171),curl(171),.txt,61
label,Curl,Curl,/content/drive/MyDrive/Papaya_Leaf_Disease_Classification/YOLO_Bounding_Box/Curl/Curl(172).txt,YOLO_Bounding_Box/Curl/Curl(172).txt,Curl(172).txt,Curl(172),curl(172),.txt,58
label,Curl,Curl,/content/drive/MyDrive/Papaya_Leaf_Disease_Classification/YOLO_Bounding_Box/Curl/Curl(173).txt,YOLO_Bounding_Box/Curl/Curl(173).txt,Curl(173).txt,Curl(173),curl(173),.txt,79
label,Curl,Curl,/content/drive/MyDrive/Papaya_Leaf_Disease_Classification/YOLO_Bounding_Box/Curl/Curl(174).txt,YOLO_Bounding_Box/Curl/Curl(174).txt,Curl(174).txt,Curl(174),curl(174),.txt,71
label,Curl,Curl,/content/drive/MyDrive/Papaya_Leaf_Disease_Classification/YOLO_Bounding_Box/Curl/Curl(175).txt,YOLO_Bounding_Box/Curl/Curl(175).txt,Curl(175).txt,Curl(175),curl(175),.txt,79
label,Curl,Curl,/content/drive/MyDrive/Papaya_Leaf_Disease_Classification/YOLO_Bounding_Box/Curl/Curl(176).txt,YOLO_Bounding_Box/Curl/Curl(176).txt,Curl(176).txt,Curl(176),curl(176),.txt,53
label,Curl,Curl,/content/drive/MyDrive/Papaya_Leaf_Disease_Classification/YOLO_Bounding_Box/Curl/Curl(177).txt,YOLO_Bounding_Box/Curl/Curl(177).txt,Curl(177).txt,Curl(177),curl(177),.txt,70
label,Curl,Curl,/content/drive/MyDrive/Papaya_Leaf_Disease_Classification/YOLO_Bounding_Box/Curl/Curl(178).txt,YOLO_Bounding_Box/Curl/Curl(178).txt,Curl(178).txt,Curl(178),curl(178),.txt,68
label,Curl,Curl,/content/drive/MyDrive/Papaya_Leaf_Disease_Classification/YOLO_Bounding_Box/Curl/Curl(179).txt,YOLO_Bounding_Box/Curl/Curl(179).txt,Curl(179).txt,Curl(179),curl(179),.txt,51
label,Curl,Curl,/content/drive/MyDrive/Papaya_Leaf_Disease_Classification/YOLO_Bounding_Box/Curl/Curl(18).txt,YOLO_Bounding_Box/Curl/Curl(18).txt,Curl(18).txt,Curl(18),curl(18),.txt,36
label,Curl,Curl,/content/drive/MyDrive/Papaya_Leaf_Disease_Classification/YOLO_Bounding_Box/Curl/Curl(180).txt,YOLO_Bounding_Box/Curl/Curl(180).txt,Curl(180).txt,Curl(180),curl(180),.txt,70
label,Curl,Curl,/content/drive/MyDrive/Papaya_Leaf_Disease_Classification/YOLO_Bounding_Box/Curl/Curl(181).txt,YOLO_Bounding_Box/Curl/Curl(181).txt,Curl(181).txt,Curl(181),curl(181),.txt,55
label,Curl,Curl,/content/drive/MyDrive/Papaya_Leaf_Disease_Classification/YOLO_Bounding_Box/Curl/Curl(182).txt,YOLO_Bounding_Box/Curl/Curl(182).txt,Curl(182).txt,Curl(182),curl(182),.txt,30
label,Curl,Curl,/content/drive/MyDrive/Papaya_Leaf_Disease_Classification/YOLO_Bounding_Box/Curl/Curl(183).txt,YOLO_Bounding_Box/Curl/Curl(183).txt,Curl(183).txt,Curl(183),curl(183),.txt,50
label,Curl,Curl,/content/drive/MyDrive/Papaya_Leaf_Disease_Classification/YOLO_Bounding_Box/Curl/Curl(184).txt,YOLO_Bounding_Box/Curl/Curl(184).txt,Curl(184).txt,Curl(184),curl(184),.txt,77
label,Curl,Curl,/content/drive/MyDrive/Papaya_Leaf_Disease_Classification/YOLO_Bounding_Box/Curl/Curl(185).txt,YOLO_Bounding_Box/Curl/Curl(185).txt,Curl(185).txt,Curl(185),curl(185),.txt,51
label,Curl,Curl,/content/drive/MyDrive/Papaya_Leaf_Disease_Classification/YOLO_Bounding_Box/Curl/Curl(186).txt,YOLO_Bounding_Box/Curl/Curl(186).txt,Curl(186).txt,Curl(186),curl(186),.txt,27
label,Curl,Curl,/content/drive/MyDrive/Papaya_Leaf_Disease_Classification/YOLO_Bounding_Box/Curl/Curl(187).txt,YOLO_Bounding_Box/Curl/Curl(187).txt,Curl(187).txt,Curl(187),curl(187),.txt,50
label,Curl,Curl,/content/drive/MyDrive/Papaya_Leaf_Disease_Classification/YOLO_Bounding_Box/Curl/Curl(188).txt,YOLO_Bounding_Box/Curl/Curl(188).txt,Curl(188).txt,Curl(188),curl(188),.txt,71
label,Curl,Curl,/content/drive/MyDrive/Papaya_Leaf_Disease_Classification/YOLO_Bounding_Box/Curl/Curl(189).txt,YOLO_Bounding_Box/Curl/Curl(189).txt,Curl(189).txt,Curl(189),curl(189),.txt,13
label,Curl,Curl,/content/drive/MyDrive/Papaya_Leaf_Disease_Classification/YOLO_Bounding_Box/Curl/Curl(19).txt,YOLO_Bounding_Box/Curl/Curl(19).txt,Curl(19).txt,Curl(19),curl(19),.txt,59
label,Curl,Curl,/content/drive/MyDrive/Papaya_Leaf_Disease_Classification/YOLO_Bounding_Box/Curl/Curl(190).txt,YOLO_Bounding_Box/Curl/Curl(190).txt,Curl(190).txt,Curl(190),curl(190),.txt,47
label,Curl,Curl,/content/drive/MyDrive/Papaya_Leaf_Disease_Classification/YOLO_Bounding_Box/Curl/Curl(191).txt,YOLO_Bounding_Box/Curl/Curl(191).txt,Curl(191).txt,Curl(191),curl(191),.txt,69
label,Curl,Curl,/content/drive/MyDrive/Papaya_Leaf_Disease_Classification/YOLO_Bounding_Box/Curl/Curl(192).txt,YOLO_Bounding_Box/Curl/Curl(192).txt,Curl(192).txt,Curl(192),curl(192),.txt,79
label,Curl,Curl,/content/drive/MyDrive/Papaya_Leaf_Disease_Classification/YOLO_Bounding_Box/Curl/Curl(193).txt,YOLO_Bounding_Box/Curl/Curl(193).txt,Curl(193).txt,Curl(193),curl(193),.txt,78
label,Curl,Curl,/content/drive/MyDrive/Papaya_Leaf_Disease_Classification/YOLO_Bounding_Box/Curl/Curl(194).txt,YOLO_Bounding_Box/Curl/Curl(194).txt,Curl(194).txt,Curl(194),curl(194),.txt,31
label,Curl,Curl,/content/drive/MyDrive/Papaya_Leaf_Disease_Classification/YOLO_Bounding_Box/Curl/Curl(195).txt,YOLO_Bounding_Box/Curl/Curl(195).txt,Curl(195).txt,Curl(195),curl(195),.txt,71
label,Curl,Curl,/content/drive/MyDrive/Papaya_Leaf_Disease_Classification/YOLO_Bounding_Box/Curl/Curl(196).txt,YOLO_Bounding_Box/Curl/Curl(196).txt,Curl(196).txt,Curl(196),curl(196),.txt,34
label,Curl,Curl,/content/drive/MyDrive/Papaya_Leaf_Disease_Classification/YOLO_Bounding_Box/Curl/Curl(197).txt,YOLO_Bounding_Box/Curl/Curl(197).txt,Curl(197).txt,Curl(197),curl(197),.txt,70
label,Curl,Curl,/content/drive/MyDrive/Papaya_Leaf_Disease_Classification/YOLO_Bounding_Box/Curl/Curl(198).txt,YOLO_Bounding_Box/Curl/Curl(198).txt,Curl(198).txt,Curl(198),curl(198),.txt,71
label,Curl,Curl,/content/drive/MyDrive/Papaya_Leaf_Disease_Classification/YOLO_Bounding_Box/Curl/Curl(199).txt,YOLO_Bounding_Box/Curl/Curl(199).txt,Curl(199).txt,Curl(199),curl(199),.txt,69
label,Curl,Curl,/content/drive/MyDrive/Papaya_Leaf_Disease_Classification/YOLO_Bounding_Box/Curl/Curl(2).txt,YOLO_Bounding_Box/Curl/Curl(2).txt,Curl(2).txt,Curl(2),curl(2),.txt,79
label,Curl,Curl,/content/drive/MyDrive/Papaya_Leaf_Disease_Classification/YOLO_Bounding_Box/Curl/Curl(20).txt,YOLO_Bounding_Box/Curl/Curl(20).txt,Curl(20).txt,Curl(20),curl(20),.txt,13
label,Curl,Curl,/content/drive/MyDrive/Papaya_Leaf_Disease_Classification/YOLO_Bounding_Box/Curl/Curl(200).txt,YOLO_Bounding_Box/Curl/Curl(200).txt,Curl(200).txt,Curl(200),curl(200),.txt,64
label,Curl,Curl,/content/drive/MyDrive/Papaya_Leaf_Disease_Classification/YOLO_Bounding_Box/Curl/Curl(201).txt,YOLO_Bounding_Box/Curl/Curl(201).txt,Curl(201).txt,Curl(201),curl(201),.txt,78
label,Curl,Curl,/content/drive/MyDrive/Papaya_Leaf_Disease_Classification/YOLO_Bounding_Box/Curl/Curl(202).txt,YOLO_Bounding_Box/Curl/Curl(202).txt,Curl(202).txt,Curl(202),curl(202),.txt,63
label,Curl,Curl,/content/drive/MyDrive/Papaya_Leaf_Disease_Classification/YOLO_Bounding_Box/Curl/Curl(203).txt,YOLO_Bounding_Box/Curl/Curl(203).txt,Curl(203).txt,Curl(203),curl(203),.txt,68
label,Curl,Curl,/content/drive/MyDrive/Papaya_Leaf_Disease_Classification/YOLO_Bounding_Box/Curl/Curl(204).txt,YOLO_Bounding_Box/Curl/Curl(204).txt,Curl(204).txt,Curl(204),curl(204),.txt,60
label,Curl,Curl,/content/drive/MyDrive/Papaya_Leaf_Disease_Classification/YOLO_Bounding_Box/Curl/Curl(205).txt,YOLO_Bounding_Box/Curl/Curl(205).txt,Curl(205).txt,Curl(205),curl(205),.txt,78
label,Curl,Curl,/content/drive/MyDrive/Papaya_Leaf_Disease_Classification/YOLO_Bounding_Box/Curl/Curl(206).txt,YOLO_Bounding_Box/Curl/Curl(206).txt,Curl(206).txt,Curl(206),curl(206),.txt,47
label,Curl,Curl,/content/drive/MyDrive/Papaya_Leaf_Disease_Classification/YOLO_Bounding_Box/Curl/Curl(207).txt,YOLO_Bounding_Box/Curl/Curl(207).txt,Curl(207).txt,Curl(207),curl(207),.txt,70
label,Curl,Curl,/content/drive/MyDrive/Papaya_Leaf_Disease_Classification/YOLO_Bounding_Box/Curl/Curl(208).txt,YOLO_Bounding_Box/Curl/Curl(208).txt,Curl(208).txt,Curl(208),curl(208),.txt,69
label,Curl,Curl,/content/drive/MyDrive/Papaya_Leaf_Disease_Classification/YOLO_Bounding_Box/Curl/Curl(209).txt,YOLO_Bounding_Box/Curl/Curl(209).txt,Curl(209).txt,Curl(209),curl(209),.txt,61
label,Curl,Curl,/content/drive/MyDrive/Papaya_Leaf_Disease_Classification/YOLO_Bounding_Box/Curl/Curl(21).txt,YOLO_Bounding_Box/Curl/Curl(21).txt,Curl(21).txt,Curl(21),curl(21),.txt,78
label,Curl,Curl,/content/drive/MyDrive/Papaya_Leaf_Disease_Classification/YOLO_Bounding_Box/Curl/Curl(210).txt,YOLO_Bounding_Box/Curl/Curl(210).txt,Curl(210).txt,Curl(210),curl(210),.txt,45
label,Curl,Curl,/content/drive/MyDrive/Papaya_Leaf_Disease_Classification/YOLO_Bounding_Box/Curl/Curl(211).txt,YOLO_Bounding_Box/Curl/Curl(211).txt,Curl(211).txt,Curl(211),curl(211),.txt,13
label,Curl,Curl,/content/drive/MyDrive/Papaya_Leaf_Disease_Classification/YOLO_Bounding_Box/Curl/Curl(212).txt,YOLO_Bounding_Box/Curl/Curl(212).txt,Curl(212).txt,Curl(212),curl(212),.txt,52
label,Curl,Curl,/content/drive/MyDrive/Papaya_Leaf_Disease_Classification/YOLO_Bounding_Box/Curl/Curl(213).txt,YOLO_Bounding_Box/Curl/Curl(213).txt,Curl(213).txt,Curl(213),curl(213),.txt,61
label,Curl,Curl,/content/drive/MyDrive/Papaya_Leaf_Disease_Classification/YOLO_Bounding_Box/Curl/Curl(214).txt,YOLO_Bounding_Box/Curl/Curl(214).txt,Curl(214).txt,Curl(214),curl(214),.txt,79
label,Curl,Curl,/content/drive/MyDrive/Papaya_Leaf_Disease_Classification/YOLO_Bounding_Box/Curl/Curl(215).txt,YOLO_Bounding_Box/Curl/Curl(215).txt,Curl(215).txt,Curl(215),curl(215),.txt,70
label,Curl,Curl,/content/drive/MyDrive/Papaya_Leaf_Disease_Classification/YOLO_Bounding_Box/Curl/Curl(216).txt,YOLO_Bounding_Box/Curl/Curl(216).txt,Curl(216).txt,Curl(216),curl(216),.txt,61
label,Curl,Curl,/content/drive/MyDrive/Papaya_Leaf_Disease_Classification/YOLO_Bounding_Box/Curl/Curl(217).txt,YOLO_Bounding_Box/Curl/Curl(217).txt,Curl(217).txt,Curl(217),curl(217),.txt,63
label,Curl,Curl,/content/drive/MyDrive/Papaya_Leaf_Disease_Classification/YOLO_Bounding_Box/Curl/Curl(218).txt,YOLO_Bounding_Box/Curl/Curl(218).txt,Curl(218).txt,Curl(218),curl(218),.txt,63
label,Curl,Curl,/content/drive/MyDrive/Papaya_Leaf_Disease_Classification/YOLO_Bounding_Box/Curl/Curl(219).txt,YOLO_Bounding_Box/Curl/Curl(219).txt,Curl(219).txt,Curl(219),curl(219),.txt,62
label,Curl,Curl,/content/drive/MyDrive/Papaya_Leaf_Disease_Classification/YOLO_Bounding_Box/Curl/Curl(22).txt,YOLO_Bounding_Box/Curl/Curl(22).txt,Curl(22).txt,Curl(22),curl(22),.txt,13
label,Curl,Curl,/content/drive/MyDrive/Papaya_Leaf_Disease_Classification/YOLO_Bounding_Box/Curl/Curl(220).txt,YOLO_Bounding_Box/Curl/Curl(220).txt,Curl(220).txt,Curl(220),curl(220),.txt,13
label,Curl,Curl,/content/drive/MyDrive/Papaya_Leaf_Disease_Classification/YOLO_Bounding_Box/Curl/Curl(221).txt,YOLO_Bounding_Box/Curl/Curl(221).txt,Curl(221).txt,Curl(221),curl(221),.txt,61
label,Curl,Curl,/content/drive/MyDrive/Papaya_Leaf_Disease_Classification/YOLO_Bounding_Box/Curl/Curl(222).txt,YOLO_Bounding_Box/Curl/Curl(222).txt,Curl(222).txt,Curl(222),curl(222),.txt,71
label,Curl,Curl,/content/drive/MyDrive/Papaya_Leaf_Disease_Classification/YOLO_Bounding_Box/Curl/Curl(223).txt,YOLO_Bounding_Box/Curl/Curl(223).txt,Curl(223).txt,Curl(223),curl(223),.txt,63
label,Curl,Curl,/content/drive/MyDrive/Papaya_Leaf_Disease_Classification/YOLO_Bounding_Box/Curl/Curl(224).txt,YOLO_Bounding_Box/Curl/Curl(224).txt,Curl(224).txt,Curl(224),curl(224),.txt,63
label,Curl,Curl,/content/drive/MyDrive/Papaya_Leaf_Disease_Classification/YOLO_Bounding_Box/Curl/Curl(225).txt,YOLO_Bounding_Box/Curl/Curl(225).txt,Curl(225).txt,Curl(225),curl(225),.txt,57
label,Curl,Curl,/content/drive/MyDrive/Papaya_Leaf_Disease_Classification/YOLO_Bounding_Box/Curl/Curl(226).txt,YOLO_Bounding_Box/Curl/Curl(226).txt,Curl(226).txt,Curl(226),curl(226),.txt,79
label,Curl,Curl,/content/drive/MyDrive/Papaya_Leaf_Disease_Classification/YOLO_Bounding_Box/Curl/Curl(227).txt,YOLO_Bounding_Box/Curl/Curl(227).txt,Curl(227).txt,Curl(227),curl(227),.txt,71
label,Curl,Curl,/content/drive/MyDrive/Papaya_Leaf_Disease_Classification/YOLO_Bounding_Box/Curl/Curl(228).txt,YOLO_Bounding_Box/Curl/Curl(228).txt,Curl(228).txt,Curl(228),curl(228),.txt,60
label,Curl,Curl,/content/drive/MyDrive/Papaya_Leaf_Disease_Classification/YOLO_Bounding_Box/Curl/Curl(229).txt,YOLO_Bounding_Box/Curl/Curl(229).txt,Curl(229).txt,Curl(229),curl(229),.txt,79
label,Curl,Curl,/content/drive/MyDrive/Papaya_Leaf_Disease_Classification/YOLO_Bounding_Box/Curl/Curl(23).txt,YOLO_Bounding_Box/Curl/Curl(23).txt,Curl(23).txt,Curl(23),curl(23),.txt,62
label,Curl,Curl,/content/drive/MyDrive/Papaya_Leaf_Disease_Classification/YOLO_Bounding_Box/Curl/Curl(230).txt,YOLO_Bounding_Box/Curl/Curl(230).txt,Curl(230).txt,Curl(230),curl(230),.txt,54
label,Curl,Curl,/content/drive/MyDrive/Papaya_Leaf_Disease_Classification/YOLO_Bounding_Box/Curl/Curl(231).txt,YOLO_Bounding_Box/Curl/Curl(231).txt,Curl(231).txt,Curl(231),curl(231),.txt,70
label,Curl,Curl,/content/drive/MyDrive/Papaya_Leaf_Disease_Classification/YOLO_Bounding_Box/Curl/Curl(232).txt,YOLO_Bounding_Box/Curl/Curl(232).txt,Curl(232).txt,Curl(232),curl(232),.txt,45
label,Curl,Curl,/content/drive/MyDrive/Papaya_Leaf_Disease_Classification/YOLO_Bounding_Box/Curl/Curl(233).txt,YOLO_Bounding_Box/Curl/Curl(233).txt,Curl(233).txt,Curl(233),curl(233),.txt,62
label,Curl,Curl,/content/drive/MyDrive/Papaya_Leaf_Disease_Classification/YOLO_Bounding_Box/Curl/Curl(234).txt,YOLO_Bounding_Box/Curl/Curl(234).txt,Curl(234).txt,Curl(234),curl(234),.txt,71
label,Curl,Curl,/content/drive/MyDrive/Papaya_Leaf_Disease_Classification/YOLO_Bounding_Box/Curl/Curl(235).txt,YOLO_Bounding_Box/Curl/Curl(235).txt,Curl(235).txt,Curl(235),curl(235),.txt,64
label,Curl,Curl,/content/drive/MyDrive/Papaya_Leaf_Disease_Classification/YOLO_Bounding_Box/Curl/Curl(236).txt,YOLO_Bounding_Box/Curl/Curl(236).txt,Curl(236).txt,Curl(236),curl(236),.txt,70
label,Curl,Curl,/content/drive/MyDrive/Papaya_Leaf_Disease_Classification/YOLO_Bounding_Box/Curl/Curl(237).txt,YOLO_Bounding_Box/Curl/Curl(237).txt,Curl(237).txt,Curl(237),curl(237),.txt,53
label,Curl,Curl,/content/drive/MyDrive/Papaya_Leaf_Disease_Classification/YOLO_Bounding_Box/Curl/Curl(238).txt,YOLO_Bounding_Box/Curl/Curl(238).txt,Curl(238).txt,Curl(238),curl(238),.txt,71
label,Curl,Curl,/content/drive/MyDrive/Papaya_Leaf_Disease_Classification/YOLO_Bounding_Box/Curl/Curl(239).txt,YOLO_Bounding_Box/Curl/Curl(239).txt,Curl(239).txt,Curl(239),curl(239),.txt,70
label,Curl,Curl,/content/drive/MyDrive/Papaya_Leaf_Disease_Classification/YOLO_Bounding_Box/Curl/Curl(24).txt,YOLO_Bounding_Box/Curl/Curl(24).txt,Curl(24).txt,Curl(24),curl(24),.txt,62
label,Curl,Curl,/content/drive/MyDrive/Papaya_Leaf_Disease_Classification/YOLO_Bounding_Box/Curl/Curl(240).txt,YOLO_Bounding_Box/Curl/Curl(240).txt,Curl(240).txt,Curl(240),curl(240),.txt,69
label,Curl,Curl,/content/drive/MyDrive/Papaya_Leaf_Disease_Classification/YOLO_Bounding_Box/Curl/Curl(241).txt,YOLO_Bounding_Box/Curl/Curl(241).txt,Curl(241).txt,Curl(241),curl(241),.txt,13
label,Curl,Curl,/content/drive/MyDrive/Papaya_Leaf_Disease_Classification/YOLO_Bounding_Box/Curl/Curl(242).txt,YOLO_Bounding_Box/Curl/Curl(242).txt,Curl(242).txt,Curl(242),curl(242),.txt,53
label,Curl,Curl,/content/drive/MyDrive/Papaya_Leaf_Disease_Classification/YOLO_Bounding_Box/Curl/Curl(243).txt,YOLO_Bounding_Box/Curl/Curl(243).txt,Curl(243).txt,Curl(243),curl(243),.txt,79
label,Curl,Curl,/content/drive/MyDrive/Papaya_Leaf_Disease_Classification/YOLO_Bounding_Box/Curl/Curl(244).txt,YOLO_Bounding_Box/Curl/Curl(244).txt,Curl(244).txt,Curl(244),curl(244),.txt,28
label,Curl,Curl,/content/drive/MyDrive/Papaya_Leaf_Disease_Classification/YOLO_Bounding_Box/Curl/Curl(245).txt,YOLO_Bounding_Box/Curl/Curl(245).txt,Curl(245).txt,Curl(245),curl(245),.txt,46
label,Curl,Curl,/content/drive/MyDrive/Papaya_Leaf_Disease_Classification/YOLO_Bounding_Box/Curl/Curl(246).txt,YOLO_Bounding_Box/Curl/Curl(246).txt,Curl(246).txt,Curl(246),curl(246),.txt,71
label,Curl,Curl,/content/drive/MyDrive/Papaya_Leaf_Disease_Classification/YOLO_Bounding_Box/Curl/Curl(247).txt,YOLO_Bounding_Box/Curl/Curl(247).txt,Curl(247).txt,Curl(247),curl(247),.txt,68
label,Curl,Curl,/content/drive/MyDrive/Papaya_Leaf_Disease_Classification/YOLO_Bounding_Box/Curl/Curl(248).txt,YOLO_Bounding_Box/Curl/Curl(248).txt,Curl(248).txt,Curl(248),curl(248),.txt,68
label,Curl,Curl,/content/drive/MyDrive/Papaya_Leaf_Disease_Classification/YOLO_Bounding_Box/Curl/Curl(249).txt,YOLO_Bounding_Box/Curl/Curl(249).txt,Curl(249).txt,Curl(249),curl(249),.txt,79
label,Curl,Curl,/content/drive/MyDrive/Papaya_Leaf_Disease_Classification/YOLO_Bounding_Box/Curl/Curl(25).txt,YOLO_Bounding_Box/Curl/Curl(25).txt,Curl(25).txt,Curl(25),curl(25),.txt,45
label,Curl,Curl,/content/drive/MyDrive/Papaya_Leaf_Disease_Classification/YOLO_Bounding_Box/Curl/Curl(250).txt,YOLO_Bounding_Box/Curl/Curl(250).txt,Curl(250).txt,Curl(250),curl(250),.txt,61
label,Curl,Curl,/content/drive/MyDrive/Papaya_Leaf_Disease_Classification/YOLO_Bounding_Box/Curl/Curl(251).txt,YOLO_Bounding_Box/Curl/Curl(251).txt,Curl(251).txt,Curl(251),curl(251),.txt,60
label,Curl,Curl,/content/drive/MyDrive/Papaya_Leaf_Disease_Classification/YOLO_Bounding_Box/Curl/Curl(252).txt,YOLO_Bounding_Box/Curl/Curl(252).txt,Curl(252).txt,Curl(252),curl(252),.txt,46
label,Curl,Curl,/content/drive/MyDrive/Papaya_Leaf_Disease_Classification/YOLO_Bounding_Box/Curl/Curl(253).txt,YOLO_Bounding_Box/Curl/Curl(253).txt,Curl(253).txt,Curl(253),curl(253),.txt,58
label,Curl,Curl,/content/drive/MyDrive/Papaya_Leaf_Disease_Classification/YOLO_Bounding_Box/Curl/Curl(254).txt,YOLO_Bounding_Box/Curl/Curl(254).txt,Curl(254).txt,Curl(254),curl(254),.txt,79
label,Curl,Curl,/content/drive/MyDrive/Papaya_Leaf_Disease_Classification/YOLO_Bounding_Box/Curl/Curl(255).txt,YOLO_Bounding_Box/Curl/Curl(255).txt,Curl(255).txt,Curl(255),curl(255),.txt,54
label,Curl,Curl,/content/drive/MyDrive/Papaya_Leaf_Disease_Classification/YOLO_Bounding_Box/Curl/Curl(256).txt,YOLO_Bounding_Box/Curl/Curl(256).txt,Curl(256).txt,Curl(256),curl(256),.txt,68
label,Curl,Curl,/content/drive/MyDrive/Papaya_Leaf_Disease_Classification/YOLO_Bounding_Box/Curl/Curl(257).txt,YOLO_Bounding_Box/Curl/Curl(257).txt,Curl(257).txt,Curl(257),curl(257),.txt,69
label,Curl,Curl,/content/drive/MyDrive/Papaya_Leaf_Disease_Classification/YOLO_Bounding_Box/Curl/Curl(258).txt,YOLO_Bounding_Box/Curl/Curl(258).txt,Curl(258).txt,Curl(258),curl(258),.txt,63
label,Curl,Curl,/content/drive/MyDrive/Papaya_Leaf_Disease_Classification/YOLO_Bounding_Box/Curl/Curl(259).txt,YOLO_Bounding_Box/Curl/Curl(259).txt,Curl(259).txt,Curl(259),curl(259),.txt,60
label,Curl,Curl,/content/drive/MyDrive/Papaya_Leaf_Disease_Classification/YOLO_Bounding_Box/Curl/Curl(26).txt,YOLO_Bounding_Box/Curl/Curl(26).txt,Curl(26).txt,Curl(26),curl(26),.txt,13
label,Curl,Curl,/content/drive/MyDrive/Papaya_Leaf_Disease_Classification/YOLO_Bounding_Box/Curl/Curl(260).txt,YOLO_Bounding_Box/Curl/Curl(260).txt,Curl(260).txt,Curl(260),curl(260),.txt,79
label,Curl,Curl,/content/drive/MyDrive/Papaya_Leaf_Disease_Classification/YOLO_Bounding_Box/Curl/Curl(261).txt,YOLO_Bounding_Box/Curl/Curl(261).txt,Curl(261).txt,Curl(261),curl(261),.txt,61
label,Curl,Curl,/content/drive/MyDrive/Papaya_Leaf_Disease_Classification/YOLO_Bounding_Box/Curl/Curl(262).txt,YOLO_Bounding_Box/Curl/Curl(262).txt,Curl(262).txt,Curl(262),curl(262),.txt,70
label,Curl,Curl,/content/drive/MyDrive/Papaya_Leaf_Disease_Classification/YOLO_Bounding_Box/Curl/Curl(263).txt,YOLO_Bounding_Box/Curl/Curl(263).txt,Curl(263).txt,Curl(263),curl(263),.txt,61
label,Curl,Curl,/content/drive/MyDrive/Papaya_Leaf_Disease_Classification/YOLO_Bounding_Box/Curl/Curl(264).txt,YOLO_Bounding_Box/Curl/Curl(264).txt,Curl(264).txt,Curl(264),curl(264),.txt,30
label,Curl,Curl,/content/drive/MyDrive/Papaya_Leaf_Disease_Classification/YOLO_Bounding_Box/Curl/Curl(265).txt,YOLO_Bounding_Box/Curl/Curl(265).txt,Curl(265).txt,Curl(265),curl(265),.txt,31
label,Curl,Curl,/content/drive/MyDrive/Papaya_Leaf_Disease_Classification/YOLO_Bounding_Box/Curl/Curl(266).txt,YOLO_Bounding_Box/Curl/Curl(266).txt,Curl(266).txt,Curl(266),curl(266),.txt,69
label,Curl,Curl,/content/drive/MyDrive/Papaya_Leaf_Disease_Classification/YOLO_Bounding_Box/Curl/Curl(267).txt,YOLO_Bounding_Box/Curl/Curl(267).txt,Curl(267).txt,Curl(267),curl(267),.txt,52
label,Curl,Curl,/content/drive/MyDrive/Papaya_Leaf_Disease_Classification/YOLO_Bounding_Box/Curl/Curl(268).txt,YOLO_Bounding_Box/Curl/Curl(268).txt,Curl(268).txt,Curl(268),curl(268),.txt,69
label,Curl,Curl,/content/drive/MyDrive/Papaya_Leaf_Disease_Classification/YOLO_Bounding_Box/Curl/Curl(269).txt,YOLO_Bounding_Box/Curl/Curl(269).txt,Curl(269).txt,Curl(269),curl(269),.txt,63
label,Curl,Curl,/content/drive/MyDrive/Papaya_Leaf_Disease_Classification/YOLO_Bounding_Box/Curl/Curl(27).txt,YOLO_Bounding_Box/Curl/Curl(27).txt,Curl(27).txt,Curl(27),curl(27),.txt,71
label,Curl,Curl,/content/drive/MyDrive/Papaya_Leaf_Disease_Classification/YOLO_Bounding_Box/Curl/Curl(270).txt,YOLO_Bounding_Box/Curl/Curl(270).txt,Curl(270).txt,Curl(270),curl(270),.txt,62
label,Curl,Curl,/content/drive/MyDrive/Papaya_Leaf_Disease_Classification/YOLO_Bounding_Box/Curl/Curl(271).txt,YOLO_Bounding_Box/Curl/Curl(271).txt,Curl(271).txt,Curl(271),curl(271),.txt,77
label,Curl,Curl,/content/drive/MyDrive/Papaya_Leaf_Disease_Classification/YOLO_Bounding_Box/Curl/Curl(272).txt,YOLO_Bounding_Box/Curl/Curl(272).txt,Curl(272).txt,Curl(272),curl(272),.txt,70
label,Curl,Curl,/content/drive/MyDrive/Papaya_Leaf_Disease_Classification/YOLO_Bounding_Box/Curl/Curl(273).txt,YOLO_Bounding_Box/Curl/Curl(273).txt,Curl(273).txt,Curl(273),curl(273),.txt,70
label,Curl,Curl,/content/drive/MyDrive/Papaya_Leaf_Disease_Classification/YOLO_Bounding_Box/Curl/Curl(274).txt,YOLO_Bounding_Box/Curl/Curl(274).txt,Curl(274).txt,Curl(274),curl(274),.txt,61
label,Curl,Curl,/content/drive/MyDrive/Papaya_Leaf_Disease_Classification/YOLO_Bounding_Box/Curl/Curl(275).txt,YOLO_Bounding_Box/Curl/Curl(275).txt,Curl(275).txt,Curl(275),curl(275),.txt,61
label,Curl,Curl,/content/drive/MyDrive/Papaya_Leaf_Disease_Classification/YOLO_Bounding_Box/Curl/Curl(276).txt,YOLO_Bounding_Box/Curl/Curl(276).txt,Curl(276).txt,Curl(276),curl(276),.txt,71
label,Curl,Curl,/content/drive/MyDrive/Papaya_Leaf_Disease_Classification/YOLO_Bounding_Box/Curl/Curl(277).txt,YOLO_Bounding_Box/Curl/Curl(277).txt,Curl(277).txt,Curl(277),curl(277),.txt,60
label,Curl,Curl,/content/drive/MyDrive/Papaya_Leaf_Disease_Classification/YOLO_Bounding_Box/Curl/Curl(278).txt,YOLO_Bounding_Box/Curl/Curl(278).txt,Curl(278).txt,Curl(278),curl(278),.txt,45
label,Curl,Curl,/content/drive/MyDrive/Papaya_Leaf_Disease_Classification/YOLO_Bounding_Box/Curl/Curl(279).txt,YOLO_Bounding_Box/Curl/Curl(279).txt,Curl(279).txt,Curl(279),curl(279),.txt,50
label,Curl,Curl,/content/drive/MyDrive/Papaya_Leaf_Disease_Classification/YOLO_Bounding_Box/Curl/Curl(28).txt,YOLO_Bounding_Box/Curl/Curl(28).txt,Curl(28).txt,Curl(28),curl(28),.txt,52
label,Curl,Curl,/content/drive/MyDrive/Papaya_Leaf_Disease_Classification/YOLO_Bounding_Box/Curl/Curl(280).txt,YOLO_Bounding_Box/Curl/Curl(280).txt,Curl(280).txt,Curl(280),curl(280),.txt,53
label,Curl,Curl,/content/drive/MyDrive/Papaya_Leaf_Disease_Classification/YOLO_Bounding_Box/Curl/Curl(281).txt,YOLO_Bounding_Box/Curl/Curl(281).txt,Curl(281).txt,Curl(281),curl(281),.txt,61
label,Curl,Curl,/content/drive/MyDrive/Papaya_Leaf_Disease_Classification/YOLO_Bounding_Box/Curl/Curl(282).txt,YOLO_Bounding_Box/Curl/Curl(282).txt,Curl(282).txt,Curl(282),curl(282),.txt,53
label,Curl,Curl,/content/drive/MyDrive/Papaya_Leaf_Disease_Classification/YOLO_Bounding_Box/Curl/Curl(283).txt,YOLO_Bounding_Box/Curl/Curl(283).txt,Curl(283).txt,Curl(283),curl(283),.txt,78
label,Curl,Curl,/content/drive/MyDrive/Papaya_Leaf_Disease_Classification/YOLO_Bounding_Box/Curl/Curl(284).txt,YOLO_Bounding_Box/Curl/Curl(284).txt,Curl(284).txt,Curl(284),curl(284),.txt,61
label,Curl,Curl,/content/drive/MyDrive/Papaya_Leaf_Disease_Classification/YOLO_Bounding_Box/Curl/Curl(285).txt,YOLO_Bounding_Box/Curl/Curl(285).txt,Curl(285).txt,Curl(285),curl(285),.txt,13
label,Curl,Curl,/content/drive/MyDrive/Papaya_Leaf_Disease_Classification/YOLO_Bounding_Box/Curl/Curl(286).txt,YOLO_Bounding_Box/Curl/Curl(286).txt,Curl(286).txt,Curl(286),curl(286),.txt,78
label,Curl,Curl,/content/drive/MyDrive/Papaya_Leaf_Disease_Classification/YOLO_Bounding_Box/Curl/Curl(287).txt,YOLO_Bounding_Box/Curl/Curl(287).txt,Curl(287).txt,Curl(287),curl(287),.txt,70
label,Curl,Curl,/content/drive/MyDrive/Papaya_Leaf_Disease_Classification/YOLO_Bounding_Box/Curl/Curl(288).txt,YOLO_Bounding_Box/Curl/Curl(288).txt,Curl(288).txt,Curl(288),curl(288),.txt,72
label,Curl,Curl,/content/drive/MyDrive/Papaya_Leaf_Disease_Classification/YOLO_Bounding_Box/Curl/Curl(289).txt,YOLO_Bounding_Box/Curl/Curl(289).txt,Curl(289).txt,Curl(289),curl(289),.txt,71
label,Curl,Curl,/content/drive/MyDrive/Papaya_Leaf_Disease_Classification/YOLO_Bounding_Box/Curl/Curl(29).txt,YOLO_Bounding_Box/Curl/Curl(29).txt,Curl(29).txt,Curl(29),curl(29),.txt,78
label,Curl,Curl,/content/drive/MyDrive/Papaya_Leaf_Disease_Classification/YOLO_Bounding_Box/Curl/Curl(290).txt,YOLO_Bounding_Box/Curl/Curl(290).txt,Curl(290).txt,Curl(290),curl(290),.txt,70
label,Curl,Curl,/content/drive/MyDrive/Papaya_Leaf_Disease_Classification/YOLO_Bounding_Box/Curl/Curl(291).txt,YOLO_Bounding_Box/Curl/Curl(291).txt,Curl(291).txt,Curl(291),curl(291),.txt,48
label,Curl,Curl,/content/drive/MyDrive/Papaya_Leaf_Disease_Classification/YOLO_Bounding_Box/Curl/Curl(292).txt,YOLO_Bounding_Box/Curl/Curl(292).txt,Curl(292).txt,Curl(292),curl(292),.txt,78
label,Curl,Curl,/content/drive/MyDrive/Papaya_Leaf_Disease_Classification/YOLO_Bounding_Box/Curl/Curl(293).txt,YOLO_Bounding_Box/Curl/Curl(293).txt,Curl(293).txt,Curl(293),curl(293),.txt,64
label,Curl,Curl,/content/drive/MyDrive/Papaya_Leaf_Disease_Classification/YOLO_Bounding_Box/Curl/Curl(294).txt,YOLO_Bounding_Box/Curl/Curl(294).txt,Curl(294).txt,Curl(294),curl(294),.txt,56
label,Curl,Curl,/content/drive/MyDrive/Papaya_Leaf_Disease_Classification/YOLO_Bounding_Box/Curl/Curl(295).txt,YOLO_Bounding_Box/Curl/Curl(295).txt,Curl(295).txt,Curl(295),curl(295),.txt,45
label,Curl,Curl,/content/drive/MyDrive/Papaya_Leaf_Disease_Classification/YOLO_Bounding_Box/Curl/Curl(296).txt,YOLO_Bounding_Box/Curl/Curl(296).txt,Curl(296).txt,Curl(296),curl(296),.txt,70
label,Curl,Curl,/content/drive/MyDrive/Papaya_Leaf_Disease_Classification/YOLO_Bounding_Box/Curl/Curl(297).txt,YOLO_Bounding_Box/Curl/Curl(297).txt,Curl(297).txt,Curl(297),curl(297),.txt,71
label,Curl,Curl,/content/drive/MyDrive/Papaya_Leaf_Disease_Classification/YOLO_Bounding_Box/Curl/Curl(298).txt,YOLO_Bounding_Box/Curl/Curl(298).txt,Curl(298).txt,Curl(298),curl(298),.txt,13
label,Curl,Curl,/content/drive/MyDrive/Papaya_Leaf_Disease_Classification/YOLO_Bounding_Box/Curl/Curl(299).txt,YOLO_Bounding_Box/Curl/Curl(299).txt,Curl(299).txt,Curl(299),curl(299),.txt,78
label,Curl,Curl,/content/drive/MyDrive/Papaya_Leaf_Disease_Classification/YOLO_Bounding_Box/Curl/Curl(3).txt,YOLO_Bounding_Box/Curl/Curl(3).txt,Curl(3).txt,Curl(3),curl(3),.txt,70
label,Curl,Curl,/content/drive/MyDrive/Papaya_Leaf_Disease_Classification/YOLO_Bounding_Box/Curl/Curl(30).txt,YOLO_Bounding_Box/Curl/Curl(30).txt,Curl(30).txt,Curl(30),curl(30),.txt,36
label,Curl,Curl,/content/drive/MyDrive/Papaya_Leaf_Disease_Classification/YOLO_Bounding_Box/Curl/Curl(300).txt,YOLO_Bounding_Box/Curl/Curl(300).txt,Curl(300).txt,Curl(300),curl(300),.txt,67
label,Curl,Curl,/content/drive/MyDrive/Papaya_Leaf_Disease_Classification/YOLO_Bounding_Box/Curl/Curl(301).txt,YOLO_Bounding_Box/Curl/Curl(301).txt,Curl(301).txt,Curl(301),curl(301),.txt,57
label,Curl,Curl,/content/drive/MyDrive/Papaya_Leaf_Disease_Classification/YOLO_Bounding_Box/Curl/Curl(302).txt,YOLO_Bounding_Box/Curl/Curl(302).txt,Curl(302).txt,Curl(302),curl(302),.txt,26
label,Curl,Curl,/content/drive/MyDrive/Papaya_Leaf_Disease_Classification/YOLO_Bounding_Box/Curl/Curl(303).txt,YOLO_Bounding_Box/Curl/Curl(303).txt,Curl(303).txt,Curl(303),curl(303),.txt,69
label,Curl,Curl,/content/drive/MyDrive/Papaya_Leaf_Disease_Classification/YOLO_Bounding_Box/Curl/Curl(304).txt,YOLO_Bounding_Box/Curl/Curl(304).txt,Curl(304).txt,Curl(304),curl(304),.txt,79
label,Curl,Curl,/content/drive/MyDrive/Papaya_Leaf_Disease_Classification/YOLO_Bounding_Box/Curl/Curl(305).txt,YOLO_Bounding_Box/Curl/Curl(305).txt,Curl(305).txt,Curl(305),curl(305),.txt,51
label,Curl,Curl,/content/drive/MyDrive/Papaya_Leaf_Disease_Classification/YOLO_Bounding_Box/Curl/Curl(306).txt,YOLO_Bounding_Box/Curl/Curl(306).txt,Curl(306).txt,Curl(306),curl(306),.txt,24
label,Curl,Curl,/content/drive/MyDrive/Papaya_Leaf_Disease_Classification/YOLO_Bounding_Box/Curl/Curl(307).txt,YOLO_Bounding_Box/Curl/Curl(307).txt,Curl(307).txt,Curl(307),curl(307),.txt,37
label,Curl,Curl,/content/drive/MyDrive/Papaya_Leaf_Disease_Classification/YOLO_Bounding_Box/Curl/Curl(308).txt,YOLO_Bounding_Box/Curl/Curl(308).txt,Curl(308).txt,Curl(308),curl(308),.txt,79
label,Curl,Curl,/content/drive/MyDrive/Papaya_Leaf_Disease_Classification/YOLO_Bounding_Box/Curl/Curl(309).txt,YOLO_Bounding_Box/Curl/Curl(309).txt,Curl(309).txt,Curl(309),curl(309),.txt,52
label,Curl,Curl,/content/drive/MyDrive/Papaya_Leaf_Disease_Classification/YOLO_Bounding_Box/Curl/Curl(31).txt,YOLO_Bounding_Box/Curl/Curl(31).txt,Curl(31).txt,Curl(31),curl(31),.txt,71
label,Curl,Curl,/content/drive/MyDrive/Papaya_Leaf_Disease_Classification/YOLO_Bounding_Box/Curl/Curl(310).txt,YOLO_Bounding_Box/Curl/Curl(310).txt,Curl(310).txt,Curl(310),curl(310),.txt,71
label,Curl,Curl,/content/drive/MyDrive/Papaya_Leaf_Disease_Classification/YOLO_Bounding_Box/Curl/Curl(311).txt,YOLO_Bounding_Box/Curl/Curl(311).txt,Curl(311).txt,Curl(311),curl(311),.txt,50
label,Curl,Curl,/content/drive/MyDrive/Papaya_Leaf_Disease_Classification/YOLO_Bounding_Box/Curl/Curl(312).txt,YOLO_Bounding_Box/Curl/Curl(312).txt,Curl(312).txt,Curl(312),curl(312),.txt,69
label,Curl,Curl,/content/drive/MyDrive/Papaya_Leaf_Disease_Classification/YOLO_Bounding_Box/Curl/Curl(313).txt,YOLO_Bounding_Box/Curl/Curl(313).txt,Curl(313).txt,Curl(313),curl(313),.txt,29
label,Curl,Curl,/content/drive/MyDrive/Papaya_Leaf_Disease_Classification/YOLO_Bounding_Box/Curl/Curl(314).txt,YOLO_Bounding_Box/Curl/Curl(314).txt,Curl(314).txt,Curl(314),curl(314),.txt,27
label,Curl,Curl,/content/drive/MyDrive/Papaya_Leaf_Disease_Classification/YOLO_Bounding_Box/Curl/Curl(315).txt,YOLO_Bounding_Box/Curl/Curl(315).txt,Curl(315).txt,Curl(315),curl(315),.txt,51
label,Curl,Curl,/content/drive/MyDrive/Papaya_Leaf_Disease_Classification/YOLO_Bounding_Box/Curl/Curl(316).txt,YOLO_Bounding_Box/Curl/Curl(316).txt,Curl(316).txt,Curl(316),curl(316),.txt,68
label,Curl,Curl,/content/drive/MyDrive/Papaya_Leaf_Disease_Classification/YOLO_Bounding_Box/Curl/Curl(317).txt,YOLO_Bounding_Box/Curl/Curl(317).txt,Curl(317).txt,Curl(317),curl(317),.txt,78
label,Curl,Curl,/content/drive/MyDrive/Papaya_Leaf_Disease_Classification/YOLO_Bounding_Box/Curl/Curl(318).txt,YOLO_Bounding_Box/Curl/Curl(318).txt,Curl(318).txt,Curl(318),curl(318),.txt,51
label,Curl,Curl,/content/drive/MyDrive/Papaya_Leaf_Disease_Classification/YOLO_Bounding_Box/Curl/Curl(319).txt,YOLO_Bounding_Box/Curl/Curl(319).txt,Curl(319).txt,Curl(319),curl(319),.txt,71
label,Curl,Curl,/content/drive/MyDrive/Papaya_Leaf_Disease_Classification/YOLO_Bounding_Box/Curl/Curl(32).txt,YOLO_Bounding_Box/Curl/Curl(32).txt,Curl(32).txt,Curl(32),curl(32),.txt,71
label,Curl,Curl,/content/drive/MyDrive/Papaya_Leaf_Disease_Classification/YOLO_Bounding_Box/Curl/Curl(320).txt,YOLO_Bounding_Box/Curl/Curl(320).txt,Curl(320).txt,Curl(320),curl(320),.txt,13
label,Curl,Curl,/content/drive/MyDrive/Papaya_Leaf_Disease_Classification/YOLO_Bounding_Box/Curl/Curl(321).txt,YOLO_Bounding_Box/Curl/Curl(321).txt,Curl(321).txt,Curl(321),curl(321),.txt,50
label,Curl,Curl,/content/drive/MyDrive/Papaya_Leaf_Disease_Classification/YOLO_Bounding_Box/Curl/Curl(322).txt,YOLO_Bounding_Box/Curl/Curl(322).txt,Curl(322).txt,Curl(322),curl(322),.txt,68
label,Curl,Curl,/content/drive/MyDrive/Papaya_Leaf_Disease_Classification/YOLO_Bounding_Box/Curl/Curl(323).txt,YOLO_Bounding_Box/Curl/Curl(323).txt,Curl(323).txt,Curl(323),curl(323),.txt,68
label,Curl,Curl,/content/drive/MyDrive/Papaya_Leaf_Disease_Classification/YOLO_Bounding_Box/Curl/Curl(324).txt,YOLO_Bounding_Box/Curl/Curl(324).txt,Curl(324).txt,Curl(324),curl(324),.txt,13
label,Curl,Curl,/content/drive/MyDrive/Papaya_Leaf_Disease_Classification/YOLO_Bounding_Box/Curl/Curl(325).txt,YOLO_Bounding_Box/Curl/Curl(325).txt,Curl(325).txt,Curl(325),curl(325),.txt,62
label,Curl,Curl,/content/drive/MyDrive/Papaya_Leaf_Disease_Classification/YOLO_Bounding_Box/Curl/Curl(326).txt,YOLO_Bounding_Box/Curl/Curl(326).txt,Curl(326).txt,Curl(326),curl(326),.txt,36
label,Curl,Curl,/content/drive/MyDrive/Papaya_Leaf_Disease_Classification/YOLO_Bounding_Box/Curl/Curl(327).txt,YOLO_Bounding_Box/Curl/Curl(327).txt,Curl(327).txt,Curl(327),curl(327),.txt,40
label,Curl,Curl,/content/drive/MyDrive/Papaya_Leaf_Disease_Classification/YOLO_Bounding_Box/Curl/Curl(328).txt,YOLO_Bounding_Box/Curl/Curl(328).txt,Curl(328).txt,Curl(328),curl(328),.txt,62
label,Curl,Curl,/content/drive/MyDrive/Papaya_Leaf_Disease_Classification/YOLO_Bounding_Box/Curl/Curl(329).txt,YOLO_Bounding_Box/Curl/Curl(329).txt,Curl(329).txt,Curl(329),curl(329),.txt,68
label,Curl,Curl,/content/drive/MyDrive/Papaya_Leaf_Disease_Classification/YOLO_Bounding_Box/Curl/Curl(33).txt,YOLO_Bounding_Box/Curl/Curl(33).txt,Curl(33).txt,Curl(33),curl(33),.txt,71
label,Curl,Curl,/content/drive/MyDrive/Papaya_Leaf_Disease_Classification/YOLO_Bounding_Box/Curl/Curl(330).txt,YOLO_Bounding_Box/Curl/Curl(330).txt,Curl(330).txt,Curl(330),curl(330),.txt,70
label,Curl,Curl,/content/drive/MyDrive/Papaya_Leaf_Disease_Classification/YOLO_Bounding_Box/Curl/Curl(331).txt,YOLO_Bounding_Box/Curl/Curl(331).txt,Curl(331).txt,Curl(331),curl(331),.txt,69
label,Curl,Curl,/content/drive/MyDrive/Papaya_Leaf_Disease_Classification/YOLO_Bounding_Box/Curl/Curl(332).txt,YOLO_Bounding_Box/Curl/Curl(332).txt,Curl(332).txt,Curl(332),curl(332),.txt,62
label,Curl,Curl,/content/drive/MyDrive/Papaya_Leaf_Disease_Classification/YOLO_Bounding_Box/Curl/Curl(333).txt,YOLO_Bounding_Box/Curl/Curl(333).txt,Curl(333).txt,Curl(333),curl(333),.txt,78
label,Curl,Curl,/content/drive/MyDrive/Papaya_Leaf_Disease_Classification/YOLO_Bounding_Box/Curl/Curl(334).txt,YOLO_Bounding_Box/Curl/Curl(334).txt,Curl(334).txt,Curl(334),curl(334),.txt,46
label,Curl,Curl,/content/drive/MyDrive/Papaya_Leaf_Disease_Classification/YOLO_Bounding_Box/Curl/Curl(335).txt,YOLO_Bounding_Box/Curl/Curl(335).txt,Curl(335).txt,Curl(335),curl(335),.txt,38
label,Curl,Curl,/content/drive/MyDrive/Papaya_Leaf_Disease_Classification/YOLO_Bounding_Box/Curl/Curl(336).txt,YOLO_Bounding_Box/Curl/Curl(336).txt,Curl(336).txt,Curl(336),curl(336),.txt,61
label,Curl,Curl,/content/drive/MyDrive/Papaya_Leaf_Disease_Classification/YOLO_Bounding_Box/Curl/Curl(337).txt,YOLO_Bounding_Box/Curl/Curl(337).txt,Curl(337).txt,Curl(337),curl(337),.txt,66
label,Curl,Curl,/content/drive/MyDrive/Papaya_Leaf_Disease_Classification/YOLO_Bounding_Box/Curl/Curl(338).txt,YOLO_Bounding_Box/Curl/Curl(338).txt,Curl(338).txt,Curl(338),curl(338),.txt,71
label,Curl,Curl,/content/drive/MyDrive/Papaya_Leaf_Disease_Classification/YOLO_Bounding_Box/Curl/Curl(339).txt,YOLO_Bounding_Box/Curl/Curl(339).txt,Curl(339).txt,Curl(339),curl(339),.txt,79
label,Curl,Curl,/content/drive/MyDrive/Papaya_Leaf_Disease_Classification/YOLO_Bounding_Box/Curl/Curl(34).txt,YOLO_Bounding_Box/Curl/Curl(34).txt,Curl(34).txt,Curl(34),curl(34),.txt,79
label,Curl,Curl,/content/drive/MyDrive/Papaya_Leaf_Disease_Classification/YOLO_Bounding_Box/Curl/Curl(340).txt,YOLO_Bounding_Box/Curl/Curl(340).txt,Curl(340).txt,Curl(340),curl(340),.txt,62
label,Curl,Curl,/content/drive/MyDrive/Papaya_Leaf_Disease_Classification/YOLO_Bounding_Box/Curl/Curl(341).txt,YOLO_Bounding_Box/Curl/Curl(341).txt,Curl(341).txt,Curl(341),curl(341),.txt,53
label,Curl,Curl,/content/drive/MyDrive/Papaya_Leaf_Disease_Classification/YOLO_Bounding_Box/Curl/Curl(342).txt,YOLO_Bounding_Box/Curl/Curl(342).txt,Curl(342).txt,Curl(342),curl(342),.txt,13
label,Curl,Curl,/content/drive/MyDrive/Papaya_Leaf_Disease_Classification/YOLO_Bounding_Box/Curl/Curl(343).txt,YOLO_Bounding_Box/Curl/Curl(343).txt,Curl(343).txt,Curl(343),curl(343),.txt,63
label,Curl,Curl,/content/drive/MyDrive/Papaya_Leaf_Disease_Classification/YOLO_Bounding_Box/Curl/Curl(344).txt,YOLO_Bounding_Box/Curl/Curl(344).txt,Curl(344).txt,Curl(344),curl(344),.txt,28
label,Curl,Curl,/content/drive/MyDrive/Papaya_Leaf_Disease_Classification/YOLO_Bounding_Box/Curl/Curl(345).txt,YOLO_Bounding_Box/Curl/Curl(345).txt,Curl(345).txt,Curl(345),curl(345),.txt,24
label,Curl,Curl,/content/drive/MyDrive/Papaya_Leaf_Disease_Classification/YOLO_Bounding_Box/Curl/Curl(346).txt,YOLO_Bounding_Box/Curl/Curl(346).txt,Curl(346).txt,Curl(346),curl(346),.txt,36
label,Curl,Curl,/content/drive/MyDrive/Papaya_Leaf_Disease_Classification/YOLO_Bounding_Box/Curl/Curl(347).txt,YOLO_Bounding_Box/Curl/Curl(347).txt,Curl(347).txt,Curl(347),curl(347),.txt,70
label,Curl,Curl,/content/drive/MyDrive/Papaya_Leaf_Disease_Classification/YOLO_Bounding_Box/Curl/Curl(348).txt,YOLO_Bounding_Box/Curl/Curl(348).txt,Curl(348).txt,Curl(348),curl(348),.txt,13
label,Curl,Curl,/content/drive/MyDrive/Papaya_Leaf_Disease_Classification/YOLO_Bounding_Box/Curl/Curl(349).txt,YOLO_Bounding_Box/Curl/Curl(349).txt,Curl(349).txt,Curl(349),curl(349),.txt,77
label,Curl,Curl,/content/drive/MyDrive/Papaya_Leaf_Disease_Classification/YOLO_Bounding_Box/Curl/Curl(35).txt,YOLO_Bounding_Box/Curl/Curl(35).txt,Curl(35).txt,Curl(35),curl(35),.txt,78
label,Curl,Curl,/content/drive/MyDrive/Papaya_Leaf_Disease_Classification/YOLO_Bounding_Box/Curl/Curl(350).txt,YOLO_Bounding_Box/Curl/Curl(350).txt,Curl(350).txt,Curl(350),curl(350),.txt,46
label,Curl,Curl,/content/drive/MyDrive/Papaya_Leaf_Disease_Classification/YOLO_Bounding_Box/Curl/Curl(351).txt,YOLO_Bounding_Box/Curl/Curl(351).txt,Curl(351).txt,Curl(351),curl(351),.txt,79
label,Curl,Curl,/content/drive/MyDrive/Papaya_Leaf_Disease_Classification/YOLO_Bounding_Box/Curl/Curl(352).txt,YOLO_Bounding_Box/Curl/Curl(352).txt,Curl(352).txt,Curl(352),curl(352),.txt,61
label,Curl,Curl,/content/drive/MyDrive/Papaya_Leaf_Disease_Classification/YOLO_Bounding_Box/Curl/Curl(353).txt,YOLO_Bounding_Box/Curl/Curl(353).txt,Curl(353).txt,Curl(353),curl(353),.txt,72
label,Curl,Curl,/content/drive/MyDrive/Papaya_Leaf_Disease_Classification/YOLO_Bounding_Box/Curl/Curl(354).txt,YOLO_Bounding_Box/Curl/Curl(354).txt,Curl(354).txt,Curl(354),curl(354),.txt,56
label,Curl,Curl,/content/drive/MyDrive/Papaya_Leaf_Disease_Classification/YOLO_Bounding_Box/Curl/Curl(355).txt,YOLO_Bounding_Box/Curl/Curl(355).txt,Curl(355).txt,Curl(355),curl(355),.txt,78
label,Curl,Curl,/content/drive/MyDrive/Papaya_Leaf_Disease_Classification/YOLO_Bounding_Box/Curl/Curl(356).txt,YOLO_Bounding_Box/Curl/Curl(356).txt,Curl(356).txt,Curl(356),curl(356),.txt,71
label,Curl,Curl,/content/drive/MyDrive/Papaya_Leaf_Disease_Classification/YOLO_Bounding_Box/Curl/Curl(357).txt,YOLO_Bounding_Box/Curl/Curl(357).txt,Curl(357).txt,Curl(357),curl(357),.txt,79
label,Curl,Curl,/content/drive/MyDrive/Papaya_Leaf_Disease_Classification/YOLO_Bounding_Box/Curl/Curl(358).txt,YOLO_Bounding_Box/Curl/Curl(358).txt,Curl(358).txt,Curl(358),curl(358),.txt,79
label,Curl,Curl,/content/drive/MyDrive/Papaya_Leaf_Disease_Classification/YOLO_Bounding_Box/Curl/Curl(359).txt,YOLO_Bounding_Box/Curl/Curl(359).txt,Curl(359).txt,Curl(359),curl(359),.txt,32
label,Curl,Curl,/content/drive/MyDrive/Papaya_Leaf_Disease_Classification/YOLO_Bounding_Box/Curl/Curl(36).txt,YOLO_Bounding_Box/Curl/Curl(36).txt,Curl(36).txt,Curl(36),curl(36),.txt,63
label,Curl,Curl,/content/drive/MyDrive/Papaya_Leaf_Disease_Classification/YOLO_Bounding_Box/Curl/Curl(360).txt,YOLO_Bounding_Box/Curl/Curl(360).txt,Curl(360).txt,Curl(360),curl(360),.txt,59
label,Curl,Curl,/content/drive/MyDrive/Papaya_Leaf_Disease_Classification/YOLO_Bounding_Box/Curl/Curl(361).txt,YOLO_Bounding_Box/Curl/Curl(361).txt,Curl(361).txt,Curl(361),curl(361),.txt,46
label,Curl,Curl,/content/drive/MyDrive/Papaya_Leaf_Disease_Classification/YOLO_Bounding_Box/Curl/Curl(362).txt,YOLO_Bounding_Box/Curl/Curl(362).txt,Curl(362).txt,Curl(362),curl(362),.txt,37
label,Curl,Curl,/content/drive/MyDrive/Papaya_Leaf_Disease_Classification/YOLO_Bounding_Box/Curl/Curl(363).txt,YOLO_Bounding_Box/Curl/Curl(363).txt,Curl(363).txt,Curl(363),curl(363),.txt,63
label,Curl,Curl,/content/drive/MyDrive/Papaya_Leaf_Disease_Classification/YOLO_Bounding_Box/Curl/Curl(37).txt,YOLO_Bounding_Box/Curl/Curl(37).txt,Curl(37).txt,Curl(37),curl(37),.txt,78
label,Curl,Curl,/content/drive/MyDrive/Papaya_Leaf_Disease_Classification/YOLO_Bounding_Box/Curl/Curl(38).txt,YOLO_Bounding_Box/Curl/Curl(38).txt,Curl(38).txt,Curl(38),curl(38),.txt,69
label,Curl,Curl,/content/drive/MyDrive/Papaya_Leaf_Disease_Classification/YOLO_Bounding_Box/Curl/Curl(39).txt,YOLO_Bounding_Box/Curl/Curl(39).txt,Curl(39).txt,Curl(39),curl(39),.txt,51
label,Curl,Curl,/content/drive/MyDrive/Papaya_Leaf_Disease_Classification/YOLO_Bounding_Box/Curl/Curl(4).txt,YOLO_Bounding_Box/Curl/Curl(4).txt,Curl(4).txt,Curl(4),curl(4),.txt,61
label,Curl,Curl,/content/drive/MyDrive/Papaya_Leaf_Disease_Classification/YOLO_Bounding_Box/Curl/Curl(40).txt,YOLO_Bounding_Box/Curl/Curl(40).txt,Curl(40).txt,Curl(40),curl(40),.txt,70
label,Curl,Curl,/content/drive/MyDrive/Papaya_Leaf_Disease_Classification/YOLO_Bounding_Box/Curl/Curl(41).txt,YOLO_Bounding_Box/Curl/Curl(41).txt,Curl(41).txt,Curl(41),curl(41),.txt,79
label,Curl,Curl,/content/drive/MyDrive/Papaya_Leaf_Disease_Classification/YOLO_Bounding_Box/Curl/Curl(42).txt,YOLO_Bounding_Box/Curl/Curl(42).txt,Curl(42).txt,Curl(42),curl(42),.txt,79
label,Curl,Curl,/content/drive/MyDrive/Papaya_Leaf_Disease_Classification/YOLO_Bounding_Box/Curl/Curl(43).txt,YOLO_Bounding_Box/Curl/Curl(43).txt,Curl(43).txt,Curl(43),curl(43),.txt,69
label,Curl,Curl,/content/drive/MyDrive/Papaya_Leaf_Disease_Classification/YOLO_Bounding_Box/Curl/Curl(44).txt,YOLO_Bounding_Box/Curl/Curl(44).txt,Curl(44).txt,Curl(44),curl(44),.txt,78
label,Curl,Curl,/content/drive/MyDrive/Papaya_Leaf_Disease_Classification/YOLO_Bounding_Box/Curl/Curl(45).txt,YOLO_Bounding_Box/Curl/Curl(45).txt,Curl(45).txt,Curl(45),curl(45),.txt,37
label,Curl,Curl,/content/drive/MyDrive/Papaya_Leaf_Disease_Classification/YOLO_Bounding_Box/Curl/Curl(46).txt,YOLO_Bounding_Box/Curl/Curl(46).txt,Curl(46).txt,Curl(46),curl(46),.txt,69
label,Curl,Curl,/content/drive/MyDrive/Papaya_Leaf_Disease_Classification/YOLO_Bounding_Box/Curl/Curl(47).txt,YOLO_Bounding_Box/Curl/Curl(47).txt,Curl(47).txt,Curl(47),curl(47),.txt,30
label,Curl,Curl,/content/drive/MyDrive/Papaya_Leaf_Disease_Classification/YOLO_Bounding_Box/Curl/Curl(48).txt,YOLO_Bounding_Box/Curl/Curl(48).txt,Curl(48).txt,Curl(48),curl(48),.txt,68
label,Curl,Curl,/content/drive/MyDrive/Papaya_Leaf_Disease_Classification/YOLO_Bounding_Box/Curl/Curl(49).txt,YOLO_Bounding_Box/Curl/Curl(49).txt,Curl(49).txt,Curl(49),curl(49),.txt,78
label,Curl,Curl,/content/drive/MyDrive/Papaya_Leaf_Disease_Classification/YOLO_Bounding_Box/Curl/Curl(5).txt,YOLO_Bounding_Box/Curl/Curl(5).txt,Curl(5).txt,Curl(5),curl(5),.txt,71
label,Curl,Curl,/content/drive/MyDrive/Papaya_Leaf_Disease_Classification/YOLO_Bounding_Box/Curl/Curl(50).txt,YOLO_Bounding_Box/Curl/Curl(50).txt,Curl(50).txt,Curl(50),curl(50),.txt,59
label,Curl,Curl,/content/drive/MyDrive/Papaya_Leaf_Disease_Classification/YOLO_Bounding_Box/Curl/Curl(51).txt,YOLO_Bounding_Box/Curl/Curl(51).txt,Curl(51).txt,Curl(51),curl(51),.txt,58
label,Curl,Curl,/content/drive/MyDrive/Papaya_Leaf_Disease_Classification/YOLO_Bounding_Box/Curl/Curl(52).txt,YOLO_Bounding_Box/Curl/Curl(52).txt,Curl(52).txt,Curl(52),curl(52),.txt,62
label,Curl,Curl,/content/drive/MyDrive/Papaya_Leaf_Disease_Classification/YOLO_Bounding_Box/Curl/Curl(53).txt,YOLO_Bounding_Box/Curl/Curl(53).txt,Curl(53).txt,Curl(53),curl(53),.txt,58
label,Curl,Curl,/content/drive/MyDrive/Papaya_Leaf_Disease_Classification/YOLO_Bounding_Box/Curl/Curl(54).txt,YOLO_Bounding_Box/Curl/Curl(54).txt,Curl(54).txt,Curl(54),curl(54),.txt,78
label,Curl,Curl,/content/drive/MyDrive/Papaya_Leaf_Disease_Classification/YOLO_Bounding_Box/Curl/Curl(55).txt,YOLO_Bounding_Box/Curl/Curl(55).txt,Curl(55).txt,Curl(55),curl(55),.txt,62
label,Curl,Curl,/content/drive/MyDrive/Papaya_Leaf_Disease_Classification/YOLO_Bounding_Box/Curl/Curl(56).txt,YOLO_Bounding_Box/Curl/Curl(56).txt,Curl(56).txt,Curl(56),curl(56),.txt,78
label,Curl,Curl,/content/drive/MyDrive/Papaya_Leaf_Disease_Classification/YOLO_Bounding_Box/Curl/Curl(568).txt,YOLO_Bounding_Box/Curl/Curl(568).txt,Curl(568).txt,Curl(568),curl(568),.txt,140
label,Curl,Curl,/content/drive/MyDrive/Papaya_Leaf_Disease_Classification/YOLO_Bounding_Box/Curl/Curl(57).txt,YOLO_Bounding_Box/Curl/Curl(57).txt,Curl(57).txt,Curl(57),curl(57),.txt,13
label,Curl,Curl,/content/drive/MyDrive/Papaya_Leaf_Disease_Classification/YOLO_Bounding_Box/Curl/Curl(58).txt,YOLO_Bounding_Box/Curl/Curl(58).txt,Curl(58).txt,Curl(58),curl(58),.txt,13
label,Curl,Curl,/content/drive/MyDrive/Papaya_Leaf_Disease_Classification/YOLO_Bounding_Box/Curl/Curl(59).txt,YOLO_Bounding_Box/Curl/Curl(59).txt,Curl(59).txt,Curl(59),curl(59),.txt,77
label,Curl,Curl,/content/drive/MyDrive/Papaya_Leaf_Disease_Classification/YOLO_Bounding_Box/Curl/Curl(6).txt,YOLO_Bounding_Box/Curl/Curl(6).txt,Curl(6).txt,Curl(6),curl(6),.txt,13
label,Curl,Curl,/content/drive/MyDrive/Papaya_Leaf_Disease_Classification/YOLO_Bounding_Box/Curl/Curl(60).txt,YOLO_Bounding_Box/Curl/Curl(60).txt,Curl(60).txt,Curl(60),curl(60),.txt,13
label,Curl,Curl,/content/drive/MyDrive/Papaya_Leaf_Disease_Classification/YOLO_Bounding_Box/Curl/Curl(61).txt,YOLO_Bounding_Box/Curl/Curl(61).txt,Curl(61).txt,Curl(61),curl(61),.txt,13
label,Curl,Curl,/content/drive/MyDrive/Papaya_Leaf_Disease_Classification/YOLO_Bounding_Box/Curl/Curl(62).txt,YOLO_Bounding_Box/Curl/Curl(62).txt,Curl(62).txt,Curl(62),curl(62),.txt,13
label,Curl,Curl,/content/drive/MyDrive/Papaya_Leaf_Disease_Classification/YOLO_Bounding_Box/Curl/Curl(63).txt,YOLO_Bounding_Box/Curl/Curl(63).txt,Curl(63).txt,Curl(63),curl(63),.txt,13
label,Curl,Curl,/content/drive/MyDrive/Papaya_Leaf_Disease_Classification/YOLO_Bounding_Box/Curl/Curl(64).txt,YOLO_Bounding_Box/Curl/Curl(64).txt,Curl(64).txt,Curl(64),curl(64),.txt,13
label,Curl,Curl,/content/drive/MyDrive/Papaya_Leaf_Disease_Classification/YOLO_Bounding_Box/Curl/Curl(65).txt,YOLO_Bounding_Box/Curl/Curl(65).txt,Curl(65).txt,Curl(65),curl(65),.txt,13
label,Curl,Curl,/content/drive/MyDrive/Papaya_Leaf_Disease_Classification/YOLO_Bounding_Box/Curl/Curl(66).txt,YOLO_Bounding_Box/Curl/Curl(66).txt,Curl(66).txt,Curl(66),curl(66),.txt,38
label,Curl,Curl,/content/drive/MyDrive/Papaya_Leaf_Disease_Classification/YOLO_Bounding_Box/Curl/Curl(67).txt,YOLO_Bounding_Box/Curl/Curl(67).txt,Curl(67).txt,Curl(67),curl(67),.txt,13
label,Curl,Curl,/content/drive/MyDrive/Papaya_Leaf_Disease_Classification/YOLO_Bounding_Box/Curl/Curl(68).txt,YOLO_Bounding_Box/Curl/Curl(68).txt,Curl(68).txt,Curl(68),curl(68),.txt,13
label,Curl,Curl,/content/drive/MyDrive/Papaya_Leaf_Disease_Classification/YOLO_Bounding_Box/Curl/Curl(69).txt,YOLO_Bounding_Box/Curl/Curl(69).txt,Curl(69).txt,Curl(69),curl(69),.txt,38
label,Curl,Curl,/content/drive/MyDrive/Papaya_Leaf_Disease_Classification/YOLO_Bounding_Box/Curl/Curl(7).txt,YOLO_Bounding_Box/Curl/Curl(7).txt,Curl(7).txt,Curl(7),curl(7),.txt,13
label,Curl,Curl,/content/drive/MyDrive/Papaya_Leaf_Disease_Classification/YOLO_Bounding_Box/Curl/Curl(70).txt,YOLO_Bounding_Box/Curl/Curl(70).txt,Curl(70).txt,Curl(70),curl(70),.txt,13
label,Curl,Curl,/content/drive/MyDrive/Papaya_Leaf_Disease_Classification/YOLO_Bounding_Box/Curl/Curl(71).txt,YOLO_Bounding_Box/Curl/Curl(71).txt,Curl(71).txt,Curl(71),curl(71),.txt,13
label,Curl,Curl,/content/drive/MyDrive/Papaya_Leaf_Disease_Classification/YOLO_Bounding_Box/Curl/Curl(72).txt,YOLO_Bounding_Box/Curl/Curl(72).txt,Curl(72).txt,Curl(72),curl(72),.txt,38
label,Curl,Curl,/content/drive/MyDrive/Papaya_Leaf_Disease_Classification/YOLO_Bounding_Box/Curl/Curl(73).txt,YOLO_Bounding_Box/Curl/Curl(73).txt,Curl(73).txt,Curl(73),curl(73),.txt,13
label,Curl,Curl,/content/drive/MyDrive/Papaya_Leaf_Disease_Classification/YOLO_Bounding_Box/Curl/Curl(74).txt,YOLO_Bounding_Box/Curl/Curl(74).txt,Curl(74).txt,Curl(74),curl(74),.txt,13
label,Curl,Curl,/content/drive/MyDrive/Papaya_Leaf_Disease_Classification/YOLO_Bounding_Box/Curl/Curl(75).txt,YOLO_Bounding_Box/Curl/Curl(75).txt,Curl(75).txt,Curl(75),curl(75),.txt,13
label,Curl,Curl,/content/drive/MyDrive/Papaya_Leaf_Disease_Classification/YOLO_Bounding_Box/Curl/Curl(76).txt,YOLO_Bounding_Box/Curl/Curl(76).txt,Curl(76).txt,Curl(76),curl(76),.txt,13
label,Curl,Curl,/content/drive/MyDrive/Papaya_Leaf_Disease_Classification/YOLO_Bounding_Box/Curl/Curl(77).txt,YOLO_Bounding_Box/Curl/Curl(77).txt,Curl(77).txt,Curl(77),curl(77),.txt,13
label,Curl,Curl,/content/drive/MyDrive/Papaya_Leaf_Disease_Classification/YOLO_Bounding_Box/Curl/Curl(78).txt,YOLO_Bounding_Box/Curl/Curl(78).txt,Curl(78).txt,Curl(78),curl(78),.txt,13
label,Curl,Curl,/content/drive/MyDrive/Papaya_Leaf_Disease_Classification/YOLO_Bounding_Box/Curl/Curl(79).txt,YOLO_Bounding_Box/Curl/Curl(79).txt,Curl(79).txt,Curl(79),curl(79),.txt,13
label,Curl,Curl,/content/drive/MyDrive/Papaya_Leaf_Disease_Classification/YOLO_Bounding_Box/Curl/Curl(8).txt,YOLO_Bounding_Box/Curl/Curl(8).txt,Curl(8).txt,Curl(8),curl(8),.txt,45
label,Curl,Curl,/content/drive/MyDrive/Papaya_Leaf_Disease_Classification/YOLO_Bounding_Box/Curl/Curl(80).txt,YOLO_Bounding_Box/Curl/Curl(80).txt,Curl(80).txt,Curl(80),curl(80),.txt,13
label,Curl,Curl,/content/drive/MyDrive/Papaya_Leaf_Disease_Classification/YOLO_Bounding_Box/Curl/Curl(81).txt,YOLO_Bounding_Box/Curl/Curl(81).txt,Curl(81).txt,Curl(81),curl(81),.txt,13
label,Curl,Curl,/content/drive/MyDrive/Papaya_Leaf_Disease_Classification/YOLO_Bounding_Box/Curl/Curl(82).txt,YOLO_Bounding_Box/Curl/Curl(82).txt,Curl(82).txt,Curl(82),curl(82),.txt,62
label,Curl,Curl,/content/drive/MyDrive/Papaya_Leaf_Disease_Classification/YOLO_Bounding_Box/Curl/Curl(83).txt,YOLO_Bounding_Box/Curl/Curl(83).txt,Curl(83).txt,Curl(83),curl(83),.txt,13
label,Curl,Curl,/content/drive/MyDrive/Papaya_Leaf_Disease_Classification/YOLO_Bounding_Box/Curl/Curl(84).txt,YOLO_Bounding_Box/Curl/Curl(84).txt,Curl(84).txt,Curl(84),curl(84),.txt,38
label,Curl,Curl,/content/drive/MyDrive/Papaya_Leaf_Disease_Classification/YOLO_Bounding_Box/Curl/Curl(85).txt,YOLO_Bounding_Box/Curl/Curl(85).txt,Curl(85).txt,Curl(85),curl(85),.txt,13
label,Curl,Curl,/content/drive/MyDrive/Papaya_Leaf_Disease_Classification/YOLO_Bounding_Box/Curl/Curl(86).txt,YOLO_Bounding_Box/Curl/Curl(86).txt,Curl(86).txt,Curl(86),curl(86),.txt,13
label,Curl,Curl,/content/drive/MyDrive/Papaya_Leaf_Disease_Classification/YOLO_Bounding_Box/Curl/Curl(87).txt,YOLO_Bounding_Box/Curl/Curl(87).txt,Curl(87).txt,Curl(87),curl(87),.txt,13
label,Curl,Curl,/content/drive/MyDrive/Papaya_Leaf_Disease_Classification/YOLO_Bounding_Box/Curl/Curl(88).txt,YOLO_Bounding_Box/Curl/Curl(88).txt,Curl(88).txt,Curl(88),curl(88),.txt,63
label,Curl,Curl,/content/drive/MyDrive/Papaya_Leaf_Disease_Classification/YOLO_Bounding_Box/Curl/Curl(89).txt,YOLO_Bounding_Box/Curl/Curl(89).txt,Curl(89).txt,Curl(89),curl(89),.txt,30
label,Curl,Curl,/content/drive/MyDrive/Papaya_Leaf_Disease_Classification/YOLO_Bounding_Box/Curl/Curl(9).txt,YOLO_Bounding_Box/Curl/Curl(9).txt,Curl(9).txt,Curl(9),curl(9),.txt,70
label,Curl,Curl,/content/drive/MyDrive/Papaya_Leaf_Disease_Classification/YOLO_Bounding_Box/Curl/Curl(90).txt,YOLO_Bounding_Box/Curl/Curl(90).txt,Curl(90).txt,Curl(90),curl(90),.txt,13
label,Curl,Curl,/content/drive/MyDrive/Papaya_Leaf_Disease_Classification/YOLO_Bounding_Box/Curl/Curl(91).txt,YOLO_Bounding_Box/Curl/Curl(91).txt,Curl(91).txt,Curl(91),curl(91),.txt,13
label,Curl,Curl,/content/drive/MyDrive/Papaya_Leaf_Disease_Classification/YOLO_Bounding_Box/Curl/Curl(92).txt,YOLO_Bounding_Box/Curl/Curl(92).txt,Curl(92).txt,Curl(92),curl(92),.txt,13
label,Curl,Curl,/content/drive/MyDrive/Papaya_Leaf_Disease_Classification/YOLO_Bounding_Box/Curl/Curl(93).txt,YOLO_Bounding_Box/Curl/Curl(93).txt,Curl(93).txt,Curl(93),curl(93),.txt,13
label,Curl,Curl,/content/drive/MyDrive/Papaya_Leaf_Disease_Classification/YOLO_Bounding_Box/Curl/Curl(94).txt,YOLO_Bounding_Box/Curl/Curl(94).txt,Curl(94).txt,Curl(94),curl(94),.txt,30
label,Curl,Curl,/content/drive/MyDrive/Papaya_Leaf_Disease_Classification/YOLO_Bounding_Box/Curl/Curl(95).txt,YOLO_Bounding_Box/Curl/Curl(95).txt,Curl(95).txt,Curl(95),curl(95),.txt,13
label,Curl,Curl,/content/drive/MyDrive/Papaya_Leaf_Disease_Classification/YOLO_Bounding_Box/Curl/Curl(96).txt,YOLO_Bounding_Box/Curl/Curl(96).txt,Curl(96).txt,Curl(96),curl(96),.txt,13
label,Curl,Curl,/content/drive/MyDrive/Papaya_Leaf_Disease_Classification/YOLO_Bounding_Box/Curl/Curl(97).txt,YOLO_Bounding_Box/Curl/Curl(97).txt,Curl(97).txt,Curl(97),curl(97),.txt,30
label,Curl,Curl,/content/drive/MyDrive/Papaya_Leaf_Disease_Classification/YOLO_Bounding_Box/Curl/Curl(98).txt,YOLO_Bounding_Box/Curl/Curl(98).txt,Curl(98).txt,Curl(98),curl(98),.txt,13
label,Curl,Curl,/content/drive/MyDrive/Papaya_Leaf_Disease_Classification/YOLO_Bounding_Box/Curl/Curl(99).txt,YOLO_Bounding_Box/Curl/Curl(99).txt,Curl(99).txt,Curl(99),curl(99),.txt,34
label,RingSpot,RingSpot,/content/drive/MyDrive/Papaya_Leaf_Disease_Classification/YOLO_Bounding_Box/RingSpot/RingSpot(1).txt,YOLO_Bounding_Box/RingSpot/RingSpot(1).txt,RingSpot(1).txt,RingSpot(1),ringspot(1),.txt,309
label,RingSpot,RingSpot,/content/drive/MyDrive/Papaya_Leaf_Disease_Classification/YOLO_Bounding_Box/RingSpot/RingSpot(10).txt,YOLO_Bounding_Box/RingSpot/RingSpot(10).txt,RingSpot(10).txt,RingSpot(10),ringspot(10),.txt,169
label,RingSpot,RingSpot,/content/drive/MyDrive/Papaya_Leaf_Disease_Classification/YOLO_Bounding_Box/RingSpot/RingSpot(100).txt,YOLO_Bounding_Box/RingSpot/RingSpot(100).txt,RingSpot(100).txt,RingSpot(100),ringspot(100),.txt,854
label,RingSpot,RingSpot,/content/drive/MyDrive/Papaya_Leaf_Disease_Classification/YOLO_Bounding_Box/RingSpot/RingSpot(101).txt,YOLO_Bounding_Box/RingSpot/RingSpot(101).txt,RingSpot(101).txt,RingSpot(101),ringspot(101),.txt,231
label,RingSpot,RingSpot,/content/drive/MyDrive/Papaya_Leaf_Disease_Classification/YOLO_Bounding_Box/RingSpot/RingSpot(102).txt,YOLO_Bounding_Box/RingSpot/RingSpot(102).txt,RingSpot(102).txt,RingSpot(102),ringspot(102),.txt,377
label,RingSpot,RingSpot,/content/drive/MyDrive/Papaya_Leaf_Disease_Classification/YOLO_Bounding_Box/RingSpot/RingSpot(103).txt,YOLO_Bounding_Box/RingSpot/RingSpot(103).txt,RingSpot(103).txt,RingSpot(103),ringspot(103),.txt,283
label,RingSpot,RingSpot,/content/drive/MyDrive/Papaya_Leaf_Disease_Classification/YOLO_Bounding_Box/RingSpot/RingSpot(104).txt,YOLO_Bounding_Box/RingSpot/RingSpot(104).txt,RingSpot(104).txt,RingSpot(104),ringspot(104),.txt,422
label,RingSpot,RingSpot,/content/drive/MyDrive/Papaya_Leaf_Disease_Classification/YOLO_Bounding_Box/RingSpot/RingSpot(105).txt,YOLO_Bounding_Box/RingSpot/RingSpot(105).txt,RingSpot(105).txt,RingSpot(105),ringspot(105),.txt,400
label,RingSpot,RingSpot,/content/drive/MyDrive/Papaya_Leaf_Disease_Classification/YOLO_Bounding_Box/RingSpot/RingSpot(106).txt,YOLO_Bounding_Box/RingSpot/RingSpot(106).txt,RingSpot(106).txt,RingSpot(106),ringspot(106),.txt,240
label,RingSpot,RingSpot,/content/drive/MyDrive/Papaya_Leaf_Disease_Classification/YOLO_Bounding_Box/RingSpot/RingSpot(107).txt,YOLO_Bounding_Box/RingSpot/RingSpot(107).txt,RingSpot(107).txt,RingSpot(107),ringspot(107),.txt,255
label,RingSpot,RingSpot,/content/drive/MyDrive/Papaya_Leaf_Disease_Classification/YOLO_Bounding_Box/RingSpot/RingSpot(108).txt,YOLO_Bounding_Box/RingSpot/RingSpot(108).txt,RingSpot(108).txt,RingSpot(108),ringspot(108),.txt,529
label,RingSpot,RingSpot,/content/drive/MyDrive/Papaya_Leaf_Disease_Classification/YOLO_Bounding_Box/RingSpot/RingSpot(109).txt,YOLO_Bounding_Box/RingSpot/RingSpot(109).txt,RingSpot(109).txt,RingSpot(109),ringspot(109),.txt,352
label,RingSpot,RingSpot,/content/drive/MyDrive/Papaya_Leaf_Disease_Classification/YOLO_Bounding_Box/RingSpot/RingSpot(11).txt,YOLO_Bounding_Box/RingSpot/RingSpot(11).txt,RingSpot(11).txt,RingSpot(11),ringspot(11),.txt,90
label,RingSpot,RingSpot,/content/drive/MyDrive/Papaya_Leaf_Disease_Classification/YOLO_Bounding_Box/RingSpot/RingSpot(110).txt,YOLO_Bounding_Box/RingSpot/RingSpot(110).txt,RingSpot(110).txt,RingSpot(110),ringspot(110),.txt,331
label,RingSpot,RingSpot,/content/drive/MyDrive/Papaya_Leaf_Disease_Classification/YOLO_Bounding_Box/RingSpot/RingSpot(111).txt,YOLO_Bounding_Box/RingSpot/RingSpot(111).txt,RingSpot(111).txt,RingSpot(111),ringspot(111),.txt,366
label,RingSpot,RingSpot,/content/drive/MyDrive/Papaya_Leaf_Disease_Classification/YOLO_Bounding_Box/RingSpot/RingSpot(112).txt,YOLO_Bounding_Box/RingSpot/RingSpot(112).txt,RingSpot(112).txt,RingSpot(112),ringspot(112),.txt,450
label,RingSpot,RingSpot,/content/drive/MyDrive/Papaya_Leaf_Disease_Classification/YOLO_Bounding_Box/RingSpot/RingSpot(113).txt,YOLO_Bounding_Box/RingSpot/RingSpot(113).txt,RingSpot(113).txt,RingSpot(113),ringspot(113),.txt,422
label,RingSpot,RingSpot,/content/drive/MyDrive/Papaya_Leaf_Disease_Classification/YOLO_Bounding_Box/RingSpot/RingSpot(114).txt,YOLO_Bounding_Box/RingSpot/RingSpot(114).txt,RingSpot(114).txt,RingSpot(114),ringspot(114),.txt,150
label,RingSpot,RingSpot,/content/drive/MyDrive/Papaya_Leaf_Disease_Classification/YOLO_Bounding_Box/RingSpot/RingSpot(115).txt,YOLO_Bounding_Box/RingSpot/RingSpot(115).txt,RingSpot(115).txt,RingSpot(115),ringspot(115),.txt,648
label,RingSpot,RingSpot,/content/drive/MyDrive/Papaya_Leaf_Disease_Classification/YOLO_Bounding_Box/RingSpot/RingSpot(116).txt,YOLO_Bounding_Box/RingSpot/RingSpot(116).txt,RingSpot(116).txt,RingSpot(116),ringspot(116),.txt,392
label,RingSpot,RingSpot,/content/drive/MyDrive/Papaya_Leaf_Disease_Classification/YOLO_Bounding_Box/RingSpot/RingSpot(117).txt,YOLO_Bounding_Box/RingSpot/RingSpot(117).txt,RingSpot(117).txt,RingSpot(117),ringspot(117),.txt,628
label,RingSpot,RingSpot,/content/drive/MyDrive/Papaya_Leaf_Disease_Classification/YOLO_Bounding_Box/RingSpot/RingSpot(118).txt,YOLO_Bounding_Box/RingSpot/RingSpot(118).txt,RingSpot(118).txt,RingSpot(118),ringspot(118),.txt,448
label,RingSpot,RingSpot,/content/drive/MyDrive/Papaya_Leaf_Disease_Classification/YOLO_Bounding_Box/RingSpot/RingSpot(119).txt,YOLO_Bounding_Box/RingSpot/RingSpot(119).txt,RingSpot(119).txt,RingSpot(119),ringspot(119),.txt,525
label,RingSpot,RingSpot,/content/drive/MyDrive/Papaya_Leaf_Disease_Classification/YOLO_Bounding_Box/RingSpot/RingSpot(12).txt,YOLO_Bounding_Box/RingSpot/RingSpot(12).txt,RingSpot(12).txt,RingSpot(12),ringspot(12),.txt,303
label,RingSpot,RingSpot,/content/drive/MyDrive/Papaya_Leaf_Disease_Classification/YOLO_Bounding_Box/RingSpot/RingSpot(120).txt,YOLO_Bounding_Box/RingSpot/RingSpot(120).txt,RingSpot(120).txt,RingSpot(120),ringspot(120),.txt,371
label,RingSpot,RingSpot,/content/drive/MyDrive/Papaya_Leaf_Disease_Classification/YOLO_Bounding_Box/RingSpot/RingSpot(121).txt,YOLO_Bounding_Box/RingSpot/RingSpot(121).txt,RingSpot(121).txt,RingSpot(121),ringspot(121),.txt,288
label,RingSpot,RingSpot,/content/drive/MyDrive/Papaya_Leaf_Disease_Classification/YOLO_Bounding_Box/RingSpot/RingSpot(122).txt,YOLO_Bounding_Box/RingSpot/RingSpot(122).txt,RingSpot(122).txt,RingSpot(122),ringspot(122),.txt,482
label,RingSpot,RingSpot,/content/drive/MyDrive/Papaya_Leaf_Disease_Classification/YOLO_Bounding_Box/RingSpot/RingSpot(123).txt,YOLO_Bounding_Box/RingSpot/RingSpot(123).txt,RingSpot(123).txt,RingSpot(123),ringspot(123),.txt,366
label,RingSpot,RingSpot,/content/drive/MyDrive/Papaya_Leaf_Disease_Classification/YOLO_Bounding_Box/RingSpot/RingSpot(124).txt,YOLO_Bounding_Box/RingSpot/RingSpot(124).txt,RingSpot(124).txt,RingSpot(124),ringspot(124),.txt,309
label,RingSpot,RingSpot,/content/drive/MyDrive/Papaya_Leaf_Disease_Classification/YOLO_Bounding_Box/RingSpot/RingSpot(125).txt,YOLO_Bounding_Box/RingSpot/RingSpot(125).txt,RingSpot(125).txt,RingSpot(125),ringspot(125),.txt,241
label,RingSpot,RingSpot,/content/drive/MyDrive/Papaya_Leaf_Disease_Classification/YOLO_Bounding_Box/RingSpot/RingSpot(126).txt,YOLO_Bounding_Box/RingSpot/RingSpot(126).txt,RingSpot(126).txt,RingSpot(126),ringspot(126),.txt,298
label,RingSpot,RingSpot,/content/drive/MyDrive/Papaya_Leaf_Disease_Classification/YOLO_Bounding_Box/RingSpot/RingSpot(127).txt,YOLO_Bounding_Box/RingSpot/RingSpot(127).txt,RingSpot(127).txt,RingSpot(127),ringspot(127),.txt,103
label,RingSpot,RingSpot,/content/drive/MyDrive/Papaya_Leaf_Disease_Classification/YOLO_Bounding_Box/RingSpot/RingSpot(128).txt,YOLO_Bounding_Box/RingSpot/RingSpot(128).txt,RingSpot(128).txt,RingSpot(128),ringspot(128),.txt,292
label,RingSpot,RingSpot,/content/drive/MyDrive/Papaya_Leaf_Disease_Classification/YOLO_Bounding_Box/RingSpot/RingSpot(129).txt,YOLO_Bounding_Box/RingSpot/RingSpot(129).txt,RingSpot(129).txt,RingSpot(129),ringspot(129),.txt,394
label,RingSpot,RingSpot,/content/drive/MyDrive/Papaya_Leaf_Disease_Classification/YOLO_Bounding_Box/RingSpot/RingSpot(13).txt,YOLO_Bounding_Box/RingSpot/RingSpot(13).txt,RingSpot(13).txt,RingSpot(13),ringspot(13),.txt,647
label,RingSpot,RingSpot,/content/drive/MyDrive/Papaya_Leaf_Disease_Classification/YOLO_Bounding_Box/RingSpot/RingSpot(130).txt,YOLO_Bounding_Box/RingSpot/RingSpot(130).txt,RingSpot(130).txt,RingSpot(130),ringspot(130),.txt,282
label,RingSpot,RingSpot,/content/drive/MyDrive/Papaya_Leaf_Disease_Classification/YOLO_Bounding_Box/RingSpot/RingSpot(131).txt,YOLO_Bounding_Box/RingSpot/RingSpot(131).txt,RingSpot(131).txt,RingSpot(131),ringspot(131),.txt,888
label,RingSpot,RingSpot,/content/drive/MyDrive/Papaya_Leaf_Disease_Classification/YOLO_Bounding_Box/RingSpot/RingSpot(132).txt,YOLO_Bounding_Box/RingSpot/RingSpot(132).txt,RingSpot(132).txt,RingSpot(132),ringspot(132),.txt,131
label,RingSpot,RingSpot,/content/drive/MyDrive/Papaya_Leaf_Disease_Classification/YOLO_Bounding_Box/RingSpot/RingSpot(133).txt,YOLO_Bounding_Box/RingSpot/RingSpot(133).txt,RingSpot(133).txt,RingSpot(133),ringspot(133),.txt,469
label,RingSpot,RingSpot,/content/drive/MyDrive/Papaya_Leaf_Disease_Classification/YOLO_Bounding_Box/RingSpot/RingSpot(134).txt,YOLO_Bounding_Box/RingSpot/RingSpot(134).txt,RingSpot(134).txt,RingSpot(134),ringspot(134),.txt,220
label,RingSpot,RingSpot,/content/drive/MyDrive/Papaya_Leaf_Disease_Classification/YOLO_Bounding_Box/RingSpot/RingSpot(135).txt,YOLO_Bounding_Box/RingSpot/RingSpot(135).txt,RingSpot(135).txt,RingSpot(135),ringspot(135),.txt,233
label,RingSpot,RingSpot,/content/drive/MyDrive/Papaya_Leaf_Disease_Classification/YOLO_Bounding_Box/RingSpot/RingSpot(136).txt,YOLO_Bounding_Box/RingSpot/RingSpot(136).txt,RingSpot(136).txt,RingSpot(136),ringspot(136),.txt,235
label,RingSpot,RingSpot,/content/drive/MyDrive/Papaya_Leaf_Disease_Classification/YOLO_Bounding_Box/RingSpot/RingSpot(137).txt,YOLO_Bounding_Box/RingSpot/RingSpot(137).txt,RingSpot(137).txt,RingSpot(137),ringspot(137),.txt,448
label,RingSpot,RingSpot,/content/drive/MyDrive/Papaya_Leaf_Disease_Classification/YOLO_Bounding_Box/RingSpot/RingSpot(138).txt,YOLO_Bounding_Box/RingSpot/RingSpot(138).txt,RingSpot(138).txt,RingSpot(138),ringspot(138),.txt,219
label,RingSpot,RingSpot,/content/drive/MyDrive/Papaya_Leaf_Disease_Classification/YOLO_Bounding_Box/RingSpot/RingSpot(139).txt,YOLO_Bounding_Box/RingSpot/RingSpot(139).txt,RingSpot(139).txt,RingSpot(139),ringspot(139),.txt,173
label,RingSpot,RingSpot,/content/drive/MyDrive/Papaya_Leaf_Disease_Classification/YOLO_Bounding_Box/RingSpot/RingSpot(14).txt,YOLO_Bounding_Box/RingSpot/RingSpot(14).txt,RingSpot(14).txt,RingSpot(14),ringspot(14),.txt,174
label,RingSpot,RingSpot,/content/drive/MyDrive/Papaya_Leaf_Disease_Classification/YOLO_Bounding_Box/RingSpot/RingSpot(140).txt,YOLO_Bounding_Box/RingSpot/RingSpot(140).txt,RingSpot(140).txt,RingSpot(140),ringspot(140),.txt,532
label,RingSpot,RingSpot,/content/drive/MyDrive/Papaya_Leaf_Disease_Classification/YOLO_Bounding_Box/RingSpot/RingSpot(141).txt,YOLO_Bounding_Box/RingSpot/RingSpot(141).txt,RingSpot(141).txt,RingSpot(141),ringspot(141),.txt,374
label,RingSpot,RingSpot,/content/drive/MyDrive/Papaya_Leaf_Disease_Classification/YOLO_Bounding_Box/RingSpot/RingSpot(142).txt,YOLO_Bounding_Box/RingSpot/RingSpot(142).txt,RingSpot(142).txt,RingSpot(142),ringspot(142),.txt,230
label,RingSpot,RingSpot,/content/drive/MyDrive/Papaya_Leaf_Disease_Classification/YOLO_Bounding_Box/RingSpot/RingSpot(143).txt,YOLO_Bounding_Box/RingSpot/RingSpot(143).txt,RingSpot(143).txt,RingSpot(143),ringspot(143),.txt,159
label,RingSpot,RingSpot,/content/drive/MyDrive/Papaya_Leaf_Disease_Classification/YOLO_Bounding_Box/RingSpot/RingSpot(144).txt,YOLO_Bounding_Box/RingSpot/RingSpot(144).txt,RingSpot(144).txt,RingSpot(144),ringspot(144),.txt,269
label,RingSpot,RingSpot,/content/drive/MyDrive/Papaya_Leaf_Disease_Classification/YOLO_Bounding_Box/RingSpot/RingSpot(145).txt,YOLO_Bounding_Box/RingSpot/RingSpot(145).txt,RingSpot(145).txt,RingSpot(145),ringspot(145),.txt,220
label,RingSpot,RingSpot,/content/drive/MyDrive/Papaya_Leaf_Disease_Classification/YOLO_Bounding_Box/RingSpot/RingSpot(146).txt,YOLO_Bounding_Box/RingSpot/RingSpot(146).txt,RingSpot(146).txt,RingSpot(146),ringspot(146),.txt,250
label,RingSpot,RingSpot,/content/drive/MyDrive/Papaya_Leaf_Disease_Classification/YOLO_Bounding_Box/RingSpot/RingSpot(147).txt,YOLO_Bounding_Box/RingSpot/RingSpot(147).txt,RingSpot(147).txt,RingSpot(147),ringspot(147),.txt,124
label,RingSpot,RingSpot,/content/drive/MyDrive/Papaya_Leaf_Disease_Classification/YOLO_Bounding_Box/RingSpot/RingSpot(148).txt,YOLO_Bounding_Box/RingSpot/RingSpot(148).txt,RingSpot(148).txt,RingSpot(148),ringspot(148),.txt,609
label,RingSpot,RingSpot,/content/drive/MyDrive/Papaya_Leaf_Disease_Classification/YOLO_Bounding_Box/RingSpot/RingSpot(149).txt,YOLO_Bounding_Box/RingSpot/RingSpot(149).txt,RingSpot(149).txt,RingSpot(149),ringspot(149),.txt,221
label,RingSpot,RingSpot,/content/drive/MyDrive/Papaya_Leaf_Disease_Classification/YOLO_Bounding_Box/RingSpot/RingSpot(15).txt,YOLO_Bounding_Box/RingSpot/RingSpot(15).txt,RingSpot(15).txt,RingSpot(15),ringspot(15),.txt,304
label,RingSpot,RingSpot,/content/drive/MyDrive/Papaya_Leaf_Disease_Classification/YOLO_Bounding_Box/RingSpot/RingSpot(150).txt,YOLO_Bounding_Box/RingSpot/RingSpot(150).txt,RingSpot(150).txt,RingSpot(150),ringspot(150),.txt,1032
label,RingSpot,RingSpot,/content/drive/MyDrive/Papaya_Leaf_Disease_Classification/YOLO_Bounding_Box/RingSpot/RingSpot(151).txt,YOLO_Bounding_Box/RingSpot/RingSpot(151).txt,RingSpot(151).txt,RingSpot(151),ringspot(151),.txt,180
label,RingSpot,RingSpot,/content/drive/MyDrive/Papaya_Leaf_Disease_Classification/YOLO_Bounding_Box/RingSpot/RingSpot(152).txt,YOLO_Bounding_Box/RingSpot/RingSpot(152).txt,RingSpot(152).txt,RingSpot(152),ringspot(152),.txt,288
label,RingSpot,RingSpot,/content/drive/MyDrive/Papaya_Leaf_Disease_Classification/YOLO_Bounding_Box/RingSpot/RingSpot(153).txt,YOLO_Bounding_Box/RingSpot/RingSpot(153).txt,RingSpot(153).txt,RingSpot(153),ringspot(153),.txt,549
label,RingSpot,RingSpot,/content/drive/MyDrive/Papaya_Leaf_Disease_Classification/YOLO_Bounding_Box/RingSpot/RingSpot(154).txt,YOLO_Bounding_Box/RingSpot/RingSpot(154).txt,RingSpot(154).txt,RingSpot(154),ringspot(154),.txt,223
label,RingSpot,RingSpot,/content/drive/MyDrive/Papaya_Leaf_Disease_Classification/YOLO_Bounding_Box/RingSpot/RingSpot(155).txt,YOLO_Bounding_Box/RingSpot/RingSpot(155).txt,RingSpot(155).txt,RingSpot(155),ringspot(155),.txt,383
label,RingSpot,RingSpot,/content/drive/MyDrive/Papaya_Leaf_Disease_Classification/YOLO_Bounding_Box/RingSpot/RingSpot(156).txt,YOLO_Bounding_Box/RingSpot/RingSpot(156).txt,RingSpot(156).txt,RingSpot(156),ringspot(156),.txt,550
label,RingSpot,RingSpot,/content/drive/MyDrive/Papaya_Leaf_Disease_Classification/YOLO_Bounding_Box/RingSpot/RingSpot(157).txt,YOLO_Bounding_Box/RingSpot/RingSpot(157).txt,RingSpot(157).txt,RingSpot(157),ringspot(157),.txt,275
label,RingSpot,RingSpot,/content/drive/MyDrive/Papaya_Leaf_Disease_Classification/YOLO_Bounding_Box/RingSpot/RingSpot(158).txt,YOLO_Bounding_Box/RingSpot/RingSpot(158).txt,RingSpot(158).txt,RingSpot(158),ringspot(158),.txt,109
label,RingSpot,RingSpot,/content/drive/MyDrive/Papaya_Leaf_Disease_Classification/YOLO_Bounding_Box/RingSpot/RingSpot(159).txt,YOLO_Bounding_Box/RingSpot/RingSpot(159).txt,RingSpot(159).txt,RingSpot(159),ringspot(159),.txt,211
label,RingSpot,RingSpot,/content/drive/MyDrive/Papaya_Leaf_Disease_Classification/YOLO_Bounding_Box/RingSpot/RingSpot(16).txt,YOLO_Bounding_Box/RingSpot/RingSpot(16).txt,RingSpot(16).txt,RingSpot(16),ringspot(16),.txt,243
label,RingSpot,RingSpot,/content/drive/MyDrive/Papaya_Leaf_Disease_Classification/YOLO_Bounding_Box/RingSpot/RingSpot(160).txt,YOLO_Bounding_Box/RingSpot/RingSpot(160).txt,RingSpot(160).txt,RingSpot(160),ringspot(160),.txt,222
label,RingSpot,RingSpot,/content/drive/MyDrive/Papaya_Leaf_Disease_Classification/YOLO_Bounding_Box/RingSpot/RingSpot(161).txt,YOLO_Bounding_Box/RingSpot/RingSpot(161).txt,RingSpot(161).txt,RingSpot(161),ringspot(161),.txt,307
label,RingSpot,RingSpot,/content/drive/MyDrive/Papaya_Leaf_Disease_Classification/YOLO_Bounding_Box/RingSpot/RingSpot(162).txt,YOLO_Bounding_Box/RingSpot/RingSpot(162).txt,RingSpot(162).txt,RingSpot(162),ringspot(162),.txt,301
label,RingSpot,RingSpot,/content/drive/MyDrive/Papaya_Leaf_Disease_Classification/YOLO_Bounding_Box/RingSpot/RingSpot(163).txt,YOLO_Bounding_Box/RingSpot/RingSpot(163).txt,RingSpot(163).txt,RingSpot(163),ringspot(163),.txt,225
label,RingSpot,RingSpot,/content/drive/MyDrive/Papaya_Leaf_Disease_Classification/YOLO_Bounding_Box/RingSpot/RingSpot(164).txt,YOLO_Bounding_Box/RingSpot/RingSpot(164).txt,RingSpot(164).txt,RingSpot(164),ringspot(164),.txt,95
label,RingSpot,RingSpot,/content/drive/MyDrive/Papaya_Leaf_Disease_Classification/YOLO_Bounding_Box/RingSpot/RingSpot(165).txt,YOLO_Bounding_Box/RingSpot/RingSpot(165).txt,RingSpot(165).txt,RingSpot(165),ringspot(165),.txt,611
label,RingSpot,RingSpot,/content/drive/MyDrive/Papaya_Leaf_Disease_Classification/YOLO_Bounding_Box/RingSpot/RingSpot(166).txt,YOLO_Bounding_Box/RingSpot/RingSpot(166).txt,RingSpot(166).txt,RingSpot(166),ringspot(166),.txt,401
label,RingSpot,RingSpot,/content/drive/MyDrive/Papaya_Leaf_Disease_Classification/YOLO_Bounding_Box/RingSpot/RingSpot(167).txt,YOLO_Bounding_Box/RingSpot/RingSpot(167).txt,RingSpot(167).txt,RingSpot(167),ringspot(167),.txt,533
label,RingSpot,RingSpot,/content/drive/MyDrive/Papaya_Leaf_Disease_Classification/YOLO_Bounding_Box/RingSpot/RingSpot(168).txt,YOLO_Bounding_Box/RingSpot/RingSpot(168).txt,RingSpot(168).txt,RingSpot(168),ringspot(168),.txt,390
label,RingSpot,RingSpot,/content/drive/MyDrive/Papaya_Leaf_Disease_Classification/YOLO_Bounding_Box/RingSpot/RingSpot(169).txt,YOLO_Bounding_Box/RingSpot/RingSpot(169).txt,RingSpot(169).txt,RingSpot(169),ringspot(169),.txt,691
label,RingSpot,RingSpot,/content/drive/MyDrive/Papaya_Leaf_Disease_Classification/YOLO_Bounding_Box/RingSpot/RingSpot(17).txt,YOLO_Bounding_Box/RingSpot/RingSpot(17).txt,RingSpot(17).txt,RingSpot(17),ringspot(17),.txt,96
label,RingSpot,RingSpot,/content/drive/MyDrive/Papaya_Leaf_Disease_Classification/YOLO_Bounding_Box/RingSpot/RingSpot(170).txt,YOLO_Bounding_Box/RingSpot/RingSpot(170).txt,RingSpot(170).txt,RingSpot(170),ringspot(170),.txt,723
label,RingSpot,RingSpot,/content/drive/MyDrive/Papaya_Leaf_Disease_Classification/YOLO_Bounding_Box/RingSpot/RingSpot(171).txt,YOLO_Bounding_Box/RingSpot/RingSpot(171).txt,RingSpot(171).txt,RingSpot(171),ringspot(171),.txt,287
label,RingSpot,RingSpot,/content/drive/MyDrive/Papaya_Leaf_Disease_Classification/YOLO_Bounding_Box/RingSpot/RingSpot(172).txt,YOLO_Bounding_Box/RingSpot/RingSpot(172).txt,RingSpot(172).txt,RingSpot(172),ringspot(172),.txt,562
label,RingSpot,RingSpot,/content/drive/MyDrive/Papaya_Leaf_Disease_Classification/YOLO_Bounding_Box/RingSpot/RingSpot(173).txt,YOLO_Bounding_Box/RingSpot/RingSpot(173).txt,RingSpot(173).txt,RingSpot(173),ringspot(173),.txt,231
label,RingSpot,RingSpot,/content/drive/MyDrive/Papaya_Leaf_Disease_Classification/YOLO_Bounding_Box/RingSpot/RingSpot(174).txt,YOLO_Bounding_Box/RingSpot/RingSpot(174).txt,RingSpot(174).txt,RingSpot(174),ringspot(174),.txt,105
label,RingSpot,RingSpot,/content/drive/MyDrive/Papaya_Leaf_Disease_Classification/YOLO_Bounding_Box/RingSpot/RingSpot(175).txt,YOLO_Bounding_Box/RingSpot/RingSpot(175).txt,RingSpot(175).txt,RingSpot(175),ringspot(175),.txt,82
label,RingSpot,RingSpot,/content/drive/MyDrive/Papaya_Leaf_Disease_Classification/YOLO_Bounding_Box/RingSpot/RingSpot(176).txt,YOLO_Bounding_Box/RingSpot/RingSpot(176).txt,RingSpot(176).txt,RingSpot(176),ringspot(176),.txt,572
label,RingSpot,RingSpot,/content/drive/MyDrive/Papaya_Leaf_Disease_Classification/YOLO_Bounding_Box/RingSpot/RingSpot(177).txt,YOLO_Bounding_Box/RingSpot/RingSpot(177).txt,RingSpot(177).txt,RingSpot(177),ringspot(177),.txt,240
label,RingSpot,RingSpot,/content/drive/MyDrive/Papaya_Leaf_Disease_Classification/YOLO_Bounding_Box/RingSpot/RingSpot(178).txt,YOLO_Bounding_Box/RingSpot/RingSpot(178).txt,RingSpot(178).txt,RingSpot(178),ringspot(178),.txt,261
label,RingSpot,RingSpot,/content/drive/MyDrive/Papaya_Leaf_Disease_Classification/YOLO_Bounding_Box/RingSpot/RingSpot(179).txt,YOLO_Bounding_Box/RingSpot/RingSpot(179).txt,RingSpot(179).txt,RingSpot(179),ringspot(179),.txt,626
label,RingSpot,RingSpot,/content/drive/MyDrive/Papaya_Leaf_Disease_Classification/YOLO_Bounding_Box/RingSpot/RingSpot(18).txt,YOLO_Bounding_Box/RingSpot/RingSpot(18).txt,RingSpot(18).txt,RingSpot(18),ringspot(18),.txt,1139
label,RingSpot,RingSpot,/content/drive/MyDrive/Papaya_Leaf_Disease_Classification/YOLO_Bounding_Box/RingSpot/RingSpot(180).txt,YOLO_Bounding_Box/RingSpot/RingSpot(180).txt,RingSpot(180).txt,RingSpot(180),ringspot(180),.txt,155
label,RingSpot,RingSpot,/content/drive/MyDrive/Papaya_Leaf_Disease_Classification/YOLO_Bounding_Box/RingSpot/RingSpot(181).txt,YOLO_Bounding_Box/RingSpot/RingSpot(181).txt,RingSpot(181).txt,RingSpot(181),ringspot(181),.txt,325
label,RingSpot,RingSpot,/content/drive/MyDrive/Papaya_Leaf_Disease_Classification/YOLO_Bounding_Box/RingSpot/RingSpot(182).txt,YOLO_Bounding_Box/RingSpot/RingSpot(182).txt,RingSpot(182).txt,RingSpot(182),ringspot(182),.txt,289
label,RingSpot,RingSpot,/content/drive/MyDrive/Papaya_Leaf_Disease_Classification/YOLO_Bounding_Box/RingSpot/RingSpot(183).txt,YOLO_Bounding_Box/RingSpot/RingSpot(183).txt,RingSpot(183).txt,RingSpot(183),ringspot(183),.txt,331
label,RingSpot,RingSpot,/content/drive/MyDrive/Papaya_Leaf_Disease_Classification/YOLO_Bounding_Box/RingSpot/RingSpot(184).txt,YOLO_Bounding_Box/RingSpot/RingSpot(184).txt,RingSpot(184).txt,RingSpot(184),ringspot(184),.txt,604
label,RingSpot,RingSpot,/content/drive/MyDrive/Papaya_Leaf_Disease_Classification/YOLO_Bounding_Box/RingSpot/RingSpot(185).txt,YOLO_Bounding_Box/RingSpot/RingSpot(185).txt,RingSpot(185).txt,RingSpot(185),ringspot(185),.txt,284
label,RingSpot,RingSpot,/content/drive/MyDrive/Papaya_Leaf_Disease_Classification/YOLO_Bounding_Box/RingSpot/RingSpot(186).txt,YOLO_Bounding_Box/RingSpot/RingSpot(186).txt,RingSpot(186).txt,RingSpot(186),ringspot(186),.txt,268
label,RingSpot,RingSpot,/content/drive/MyDrive/Papaya_Leaf_Disease_Classification/YOLO_Bounding_Box/RingSpot/RingSpot(187).txt,YOLO_Bounding_Box/RingSpot/RingSpot(187).txt,RingSpot(187).txt,RingSpot(187),ringspot(187),.txt,48
label,RingSpot,RingSpot,/content/drive/MyDrive/Papaya_Leaf_Disease_Classification/YOLO_Bounding_Box/RingSpot/RingSpot(188).txt,YOLO_Bounding_Box/RingSpot/RingSpot(188).txt,RingSpot(188).txt,RingSpot(188),ringspot(188),.txt,370
label,RingSpot,RingSpot,/content/drive/MyDrive/Papaya_Leaf_Disease_Classification/YOLO_Bounding_Box/RingSpot/RingSpot(189).txt,YOLO_Bounding_Box/RingSpot/RingSpot(189).txt,RingSpot(189).txt,RingSpot(189),ringspot(189),.txt,345
label,RingSpot,RingSpot,/content/drive/MyDrive/Papaya_Leaf_Disease_Classification/YOLO_Bounding_Box/RingSpot/RingSpot(19).txt,YOLO_Bounding_Box/RingSpot/RingSpot(19).txt,RingSpot(19).txt,RingSpot(19),ringspot(19),.txt,779
label,RingSpot,RingSpot,/content/drive/MyDrive/Papaya_Leaf_Disease_Classification/YOLO_Bounding_Box/RingSpot/RingSpot(190).txt,YOLO_Bounding_Box/RingSpot/RingSpot(190).txt,RingSpot(190).txt,RingSpot(190),ringspot(190),.txt,321
label,RingSpot,RingSpot,/content/drive/MyDrive/Papaya_Leaf_Disease_Classification/YOLO_Bounding_Box/RingSpot/RingSpot(191).txt,YOLO_Bounding_Box/RingSpot/RingSpot(191).txt,RingSpot(191).txt,RingSpot(191),ringspot(191),.txt,303
label,RingSpot,RingSpot,/content/drive/MyDrive/Papaya_Leaf_Disease_Classification/YOLO_Bounding_Box/RingSpot/RingSpot(192).txt,YOLO_Bounding_Box/RingSpot/RingSpot(192).txt,RingSpot(192).txt,RingSpot(192),ringspot(192),.txt,294
label,RingSpot,RingSpot,/content/drive/MyDrive/Papaya_Leaf_Disease_Classification/YOLO_Bounding_Box/RingSpot/RingSpot(193).txt,YOLO_Bounding_Box/RingSpot/RingSpot(193).txt,RingSpot(193).txt,RingSpot(193),ringspot(193),.txt,336
label,RingSpot,RingSpot,/content/drive/MyDrive/Papaya_Leaf_Disease_Classification/YOLO_Bounding_Box/RingSpot/RingSpot(194).txt,YOLO_Bounding_Box/RingSpot/RingSpot(194).txt,RingSpot(194).txt,RingSpot(194),ringspot(194),.txt,395
label,RingSpot,RingSpot,/content/drive/MyDrive/Papaya_Leaf_Disease_Classification/YOLO_Bounding_Box/RingSpot/RingSpot(195).txt,YOLO_Bounding_Box/RingSpot/RingSpot(195).txt,RingSpot(195).txt,RingSpot(195),ringspot(195),.txt,330
label,RingSpot,RingSpot,/content/drive/MyDrive/Papaya_Leaf_Disease_Classification/YOLO_Bounding_Box/RingSpot/RingSpot(196).txt,YOLO_Bounding_Box/RingSpot/RingSpot(196).txt,RingSpot(196).txt,RingSpot(196),ringspot(196),.txt,230
label,RingSpot,RingSpot,/content/drive/MyDrive/Papaya_Leaf_Disease_Classification/YOLO_Bounding_Box/RingSpot/RingSpot(197).txt,YOLO_Bounding_Box/RingSpot/RingSpot(197).txt,RingSpot(197).txt,RingSpot(197),ringspot(197),.txt,561
label,RingSpot,RingSpot,/content/drive/MyDrive/Papaya_Leaf_Disease_Classification/YOLO_Bounding_Box/RingSpot/RingSpot(198).txt,YOLO_Bounding_Box/RingSpot/RingSpot(198).txt,RingSpot(198).txt,RingSpot(198),ringspot(198),.txt,307
label,RingSpot,RingSpot,/content/drive/MyDrive/Papaya_Leaf_Disease_Classification/YOLO_Bounding_Box/RingSpot/RingSpot(199).txt,YOLO_Bounding_Box/RingSpot/RingSpot(199).txt,RingSpot(199).txt,RingSpot(199),ringspot(199),.txt,415
label,RingSpot,RingSpot,/content/drive/MyDrive/Papaya_Leaf_Disease_Classification/YOLO_Bounding_Box/RingSpot/RingSpot(2).txt,YOLO_Bounding_Box/RingSpot/RingSpot(2).txt,RingSpot(2).txt,RingSpot(2),ringspot(2),.txt,244
label,RingSpot,RingSpot,/content/drive/MyDrive/Papaya_Leaf_Disease_Classification/YOLO_Bounding_Box/RingSpot/RingSpot(20).txt,YOLO_Bounding_Box/RingSpot/RingSpot(20).txt,RingSpot(20).txt,RingSpot(20),ringspot(20),.txt,97
label,RingSpot,RingSpot,/content/drive/MyDrive/Papaya_Leaf_Disease_Classification/YOLO_Bounding_Box/RingSpot/RingSpot(200).txt,YOLO_Bounding_Box/RingSpot/RingSpot(200).txt,RingSpot(200).txt,RingSpot(200),ringspot(200),.txt,247
label,RingSpot,RingSpot,/content/drive/MyDrive/Papaya_Leaf_Disease_Classification/YOLO_Bounding_Box/RingSpot/RingSpot(201).txt,YOLO_Bounding_Box/RingSpot/RingSpot(201).txt,RingSpot(201).txt,RingSpot(201),ringspot(201),.txt,265
label,RingSpot,RingSpot,/content/drive/MyDrive/Papaya_Leaf_Disease_Classification/YOLO_Bounding_Box/RingSpot/RingSpot(202).txt,YOLO_Bounding_Box/RingSpot/RingSpot(202).txt,RingSpot(202).txt,RingSpot(202),ringspot(202),.txt,110
label,RingSpot,RingSpot,/content/drive/MyDrive/Papaya_Leaf_Disease_Classification/YOLO_Bounding_Box/RingSpot/RingSpot(203).txt,YOLO_Bounding_Box/RingSpot/RingSpot(203).txt,RingSpot(203).txt,RingSpot(203),ringspot(203),.txt,480
label,RingSpot,RingSpot,/content/drive/MyDrive/Papaya_Leaf_Disease_Classification/YOLO_Bounding_Box/RingSpot/RingSpot(204).txt,YOLO_Bounding_Box/RingSpot/RingSpot(204).txt,RingSpot(204).txt,RingSpot(204),ringspot(204),.txt,460
label,RingSpot,RingSpot,/content/drive/MyDrive/Papaya_Leaf_Disease_Classification/YOLO_Bounding_Box/RingSpot/RingSpot(205).txt,YOLO_Bounding_Box/RingSpot/RingSpot(205).txt,RingSpot(205).txt,RingSpot(205),ringspot(205),.txt,469
label,RingSpot,RingSpot,/content/drive/MyDrive/Papaya_Leaf_Disease_Classification/YOLO_Bounding_Box/RingSpot/RingSpot(206).txt,YOLO_Bounding_Box/RingSpot/RingSpot(206).txt,RingSpot(206).txt,RingSpot(206),ringspot(206),.txt,131
label,RingSpot,RingSpot,/content/drive/MyDrive/Papaya_Leaf_Disease_Classification/YOLO_Bounding_Box/RingSpot/RingSpot(207).txt,YOLO_Bounding_Box/RingSpot/RingSpot(207).txt,RingSpot(207).txt,RingSpot(207),ringspot(207),.txt,383
label,RingSpot,RingSpot,/content/drive/MyDrive/Papaya_Leaf_Disease_Classification/YOLO_Bounding_Box/RingSpot/RingSpot(208).txt,YOLO_Bounding_Box/RingSpot/RingSpot(208).txt,RingSpot(208).txt,RingSpot(208),ringspot(208),.txt,252
label,RingSpot,RingSpot,/content/drive/MyDrive/Papaya_Leaf_Disease_Classification/YOLO_Bounding_Box/RingSpot/RingSpot(209).txt,YOLO_Bounding_Box/RingSpot/RingSpot(209).txt,RingSpot(209).txt,RingSpot(209),ringspot(209),.txt,107
label,RingSpot,RingSpot,/content/drive/MyDrive/Papaya_Leaf_Disease_Classification/YOLO_Bounding_Box/RingSpot/RingSpot(21).txt,YOLO_Bounding_Box/RingSpot/RingSpot(21).txt,RingSpot(21).txt,RingSpot(21),ringspot(21),.txt,223
label,RingSpot,RingSpot,/content/drive/MyDrive/Papaya_Leaf_Disease_Classification/YOLO_Bounding_Box/RingSpot/RingSpot(210).txt,YOLO_Bounding_Box/RingSpot/RingSpot(210).txt,RingSpot(210).txt,RingSpot(210),ringspot(210),.txt,377
label,RingSpot,RingSpot,/content/drive/MyDrive/Papaya_Leaf_Disease_Classification/YOLO_Bounding_Box/RingSpot/RingSpot(211).txt,YOLO_Bounding_Box/RingSpot/RingSpot(211).txt,RingSpot(211).txt,RingSpot(211),ringspot(211),.txt,382
label,RingSpot,RingSpot,/content/drive/MyDrive/Papaya_Leaf_Disease_Classification/YOLO_Bounding_Box/RingSpot/RingSpot(212).txt,YOLO_Bounding_Box/RingSpot/RingSpot(212).txt,RingSpot(212).txt,RingSpot(212),ringspot(212),.txt,302
label,RingSpot,RingSpot,/content/drive/MyDrive/Papaya_Leaf_Disease_Classification/YOLO_Bounding_Box/RingSpot/RingSpot(213).txt,YOLO_Bounding_Box/RingSpot/RingSpot(213).txt,RingSpot(213).txt,RingSpot(213),ringspot(213),.txt,164
label,RingSpot,RingSpot,/content/drive/MyDrive/Papaya_Leaf_Disease_Classification/YOLO_Bounding_Box/RingSpot/RingSpot(214).txt,YOLO_Bounding_Box/RingSpot/RingSpot(214).txt,RingSpot(214).txt,RingSpot(214),ringspot(214),.txt,234
label,RingSpot,RingSpot,/content/drive/MyDrive/Papaya_Leaf_Disease_Classification/YOLO_Bounding_Box/RingSpot/RingSpot(215).txt,YOLO_Bounding_Box/RingSpot/RingSpot(215).txt,RingSpot(215).txt,RingSpot(215),ringspot(215),.txt,247
label,RingSpot,RingSpot,/content/drive/MyDrive/Papaya_Leaf_Disease_Classification/YOLO_Bounding_Box/RingSpot/RingSpot(216).txt,YOLO_Bounding_Box/RingSpot/RingSpot(216).txt,RingSpot(216).txt,RingSpot(216),ringspot(216),.txt,438
label,RingSpot,RingSpot,/content/drive/MyDrive/Papaya_Leaf_Disease_Classification/YOLO_Bounding_Box/RingSpot/RingSpot(217).txt,YOLO_Bounding_Box/RingSpot/RingSpot(217).txt,RingSpot(217).txt,RingSpot(217),ringspot(217),.txt,370
label,RingSpot,RingSpot,/content/drive/MyDrive/Papaya_Leaf_Disease_Classification/YOLO_Bounding_Box/RingSpot/RingSpot(218).txt,YOLO_Bounding_Box/RingSpot/RingSpot(218).txt,RingSpot(218).txt,RingSpot(218),ringspot(218),.txt,388
label,RingSpot,RingSpot,/content/drive/MyDrive/Papaya_Leaf_Disease_Classification/YOLO_Bounding_Box/RingSpot/RingSpot(219).txt,YOLO_Bounding_Box/RingSpot/RingSpot(219).txt,RingSpot(219).txt,RingSpot(219),ringspot(219),.txt,533
label,RingSpot,RingSpot,/content/drive/MyDrive/Papaya_Leaf_Disease_Classification/YOLO_Bounding_Box/RingSpot/RingSpot(22).txt,YOLO_Bounding_Box/RingSpot/RingSpot(22).txt,RingSpot(22).txt,RingSpot(22),ringspot(22),.txt,100
label,RingSpot,RingSpot,/content/drive/MyDrive/Papaya_Leaf_Disease_Classification/YOLO_Bounding_Box/RingSpot/RingSpot(220).txt,YOLO_Bounding_Box/RingSpot/RingSpot(220).txt,RingSpot(220).txt,RingSpot(220),ringspot(220),.txt,394
label,RingSpot,RingSpot,/content/drive/MyDrive/Papaya_Leaf_Disease_Classification/YOLO_Bounding_Box/RingSpot/RingSpot(221).txt,YOLO_Bounding_Box/RingSpot/RingSpot(221).txt,RingSpot(221).txt,RingSpot(221),ringspot(221),.txt,388
label,RingSpot,RingSpot,/content/drive/MyDrive/Papaya_Leaf_Disease_Classification/YOLO_Bounding_Box/RingSpot/RingSpot(222).txt,YOLO_Bounding_Box/RingSpot/RingSpot(222).txt,RingSpot(222).txt,RingSpot(222),ringspot(222),.txt,197
label,RingSpot,RingSpot,/content/drive/MyDrive/Papaya_Leaf_Disease_Classification/YOLO_Bounding_Box/RingSpot/RingSpot(223).txt,YOLO_Bounding_Box/RingSpot/RingSpot(223).txt,RingSpot(223).txt,RingSpot(223),ringspot(223),.txt,198
label,RingSpot,RingSpot,/content/drive/MyDrive/Papaya_Leaf_Disease_Classification/YOLO_Bounding_Box/RingSpot/RingSpot(224).txt,YOLO_Bounding_Box/RingSpot/RingSpot(224).txt,RingSpot(224).txt,RingSpot(224),ringspot(224),.txt,348
label,RingSpot,RingSpot,/content/drive/MyDrive/Papaya_Leaf_Disease_Classification/YOLO_Bounding_Box/RingSpot/RingSpot(225).txt,YOLO_Bounding_Box/RingSpot/RingSpot(225).txt,RingSpot(225).txt,RingSpot(225),ringspot(225),.txt,331
label,RingSpot,RingSpot,/content/drive/MyDrive/Papaya_Leaf_Disease_Classification/YOLO_Bounding_Box/RingSpot/RingSpot(226).txt,YOLO_Bounding_Box/RingSpot/RingSpot(226).txt,RingSpot(226).txt,RingSpot(226),ringspot(226),.txt,239
label,RingSpot,RingSpot,/content/drive/MyDrive/Papaya_Leaf_Disease_Classification/YOLO_Bounding_Box/RingSpot/RingSpot(227).txt,YOLO_Bounding_Box/RingSpot/RingSpot(227).txt,RingSpot(227).txt,RingSpot(227),ringspot(227),.txt,206
label,RingSpot,RingSpot,/content/drive/MyDrive/Papaya_Leaf_Disease_Classification/YOLO_Bounding_Box/RingSpot/RingSpot(228).txt,YOLO_Bounding_Box/RingSpot/RingSpot(228).txt,RingSpot(228).txt,RingSpot(228),ringspot(228),.txt,287
label,RingSpot,RingSpot,/content/drive/MyDrive/Papaya_Leaf_Disease_Classification/YOLO_Bounding_Box/RingSpot/RingSpot(229).txt,YOLO_Bounding_Box/RingSpot/RingSpot(229).txt,RingSpot(229).txt,RingSpot(229),ringspot(229),.txt,444
label,RingSpot,RingSpot,/content/drive/MyDrive/Papaya_Leaf_Disease_Classification/YOLO_Bounding_Box/RingSpot/RingSpot(23).txt,YOLO_Bounding_Box/RingSpot/RingSpot(23).txt,RingSpot(23).txt,RingSpot(23),ringspot(23),.txt,123
label,RingSpot,RingSpot,/content/drive/MyDrive/Papaya_Leaf_Disease_Classification/YOLO_Bounding_Box/RingSpot/RingSpot(230).txt,YOLO_Bounding_Box/RingSpot/RingSpot(230).txt,RingSpot(230).txt,RingSpot(230),ringspot(230),.txt,379
label,RingSpot,RingSpot,/content/drive/MyDrive/Papaya_Leaf_Disease_Classification/YOLO_Bounding_Box/RingSpot/RingSpot(231).txt,YOLO_Bounding_Box/RingSpot/RingSpot(231).txt,RingSpot(231).txt,RingSpot(231),ringspot(231),.txt,499
label,RingSpot,RingSpot,/content/drive/MyDrive/Papaya_Leaf_Disease_Classification/YOLO_Bounding_Box/RingSpot/RingSpot(232).txt,YOLO_Bounding_Box/RingSpot/RingSpot(232).txt,RingSpot(232).txt,RingSpot(232),ringspot(232),.txt,271
label,RingSpot,RingSpot,/content/drive/MyDrive/Papaya_Leaf_Disease_Classification/YOLO_Bounding_Box/RingSpot/RingSpot(233).txt,YOLO_Bounding_Box/RingSpot/RingSpot(233).txt,RingSpot(233).txt,RingSpot(233),ringspot(233),.txt,309
label,RingSpot,RingSpot,/content/drive/MyDrive/Papaya_Leaf_Disease_Classification/YOLO_Bounding_Box/RingSpot/RingSpot(234).txt,YOLO_Bounding_Box/RingSpot/RingSpot(234).txt,RingSpot(234).txt,RingSpot(234),ringspot(234),.txt,450
label,RingSpot,RingSpot,/content/drive/MyDrive/Papaya_Leaf_Disease_Classification/YOLO_Bounding_Box/RingSpot/RingSpot(235).txt,YOLO_Bounding_Box/RingSpot/RingSpot(235).txt,RingSpot(235).txt,RingSpot(235),ringspot(235),.txt,94
label,RingSpot,RingSpot,/content/drive/MyDrive/Papaya_Leaf_Disease_Classification/YOLO_Bounding_Box/RingSpot/RingSpot(236).txt,YOLO_Bounding_Box/RingSpot/RingSpot(236).txt,RingSpot(236).txt,RingSpot(236),ringspot(236),.txt,250
label,RingSpot,RingSpot,/content/drive/MyDrive/Papaya_Leaf_Disease_Classification/YOLO_Bounding_Box/RingSpot/RingSpot(237).txt,YOLO_Bounding_Box/RingSpot/RingSpot(237).txt,RingSpot(237).txt,RingSpot(237),ringspot(237),.txt,98
label,RingSpot,RingSpot,/content/drive/MyDrive/Papaya_Leaf_Disease_Classification/YOLO_Bounding_Box/RingSpot/RingSpot(238).txt,YOLO_Bounding_Box/RingSpot/RingSpot(238).txt,RingSpot(238).txt,RingSpot(238),ringspot(238),.txt,268
label,RingSpot,RingSpot,/content/drive/MyDrive/Papaya_Leaf_Disease_Classification/YOLO_Bounding_Box/RingSpot/RingSpot(239).txt,YOLO_Bounding_Box/RingSpot/RingSpot(239).txt,RingSpot(239).txt,RingSpot(239),ringspot(239),.txt,234
label,RingSpot,RingSpot,/content/drive/MyDrive/Papaya_Leaf_Disease_Classification/YOLO_Bounding_Box/RingSpot/RingSpot(24).txt,YOLO_Bounding_Box/RingSpot/RingSpot(24).txt,RingSpot(24).txt,RingSpot(24),ringspot(24),.txt,106
label,RingSpot,RingSpot,/content/drive/MyDrive/Papaya_Leaf_Disease_Classification/YOLO_Bounding_Box/RingSpot/RingSpot(240).txt,YOLO_Bounding_Box/RingSpot/RingSpot(240).txt,RingSpot(240).txt,RingSpot(240),ringspot(240),.txt,272
label,RingSpot,RingSpot,/content/drive/MyDrive/Papaya_Leaf_Disease_Classification/YOLO_Bounding_Box/RingSpot/RingSpot(241).txt,YOLO_Bounding_Box/RingSpot/RingSpot(241).txt,RingSpot(241).txt,RingSpot(241),ringspot(241),.txt,267
label,RingSpot,RingSpot,/content/drive/MyDrive/Papaya_Leaf_Disease_Classification/YOLO_Bounding_Box/RingSpot/RingSpot(242).txt,YOLO_Bounding_Box/RingSpot/RingSpot(242).txt,RingSpot(242).txt,RingSpot(242),ringspot(242),.txt,158
label,RingSpot,RingSpot,/content/drive/MyDrive/Papaya_Leaf_Disease_Classification/YOLO_Bounding_Box/RingSpot/RingSpot(243).txt,YOLO_Bounding_Box/RingSpot/RingSpot(243).txt,RingSpot(243).txt,RingSpot(243),ringspot(243),.txt,223
label,RingSpot,RingSpot,/content/drive/MyDrive/Papaya_Leaf_Disease_Classification/YOLO_Bounding_Box/RingSpot/RingSpot(244).txt,YOLO_Bounding_Box/RingSpot/RingSpot(244).txt,RingSpot(244).txt,RingSpot(244),ringspot(244),.txt,300
label,RingSpot,RingSpot,/content/drive/MyDrive/Papaya_Leaf_Disease_Classification/YOLO_Bounding_Box/RingSpot/RingSpot(245).txt,YOLO_Bounding_Box/RingSpot/RingSpot(245).txt,RingSpot(245).txt,RingSpot(245),ringspot(245),.txt,113
label,RingSpot,RingSpot,/content/drive/MyDrive/Papaya_Leaf_Disease_Classification/YOLO_Bounding_Box/RingSpot/RingSpot(246).txt,YOLO_Bounding_Box/RingSpot/RingSpot(246).txt,RingSpot(246).txt,RingSpot(246),ringspot(246),.txt,226
label,RingSpot,RingSpot,/content/drive/MyDrive/Papaya_Leaf_Disease_Classification/YOLO_Bounding_Box/RingSpot/RingSpot(247).txt,YOLO_Bounding_Box/RingSpot/RingSpot(247).txt,RingSpot(247).txt,RingSpot(247),ringspot(247),.txt,160
label,RingSpot,RingSpot,/content/drive/MyDrive/Papaya_Leaf_Disease_Classification/YOLO_Bounding_Box/RingSpot/RingSpot(248).txt,YOLO_Bounding_Box/RingSpot/RingSpot(248).txt,RingSpot(248).txt,RingSpot(248),ringspot(248),.txt,331
label,RingSpot,RingSpot,/content/drive/MyDrive/Papaya_Leaf_Disease_Classification/YOLO_Bounding_Box/RingSpot/RingSpot(249).txt,YOLO_Bounding_Box/RingSpot/RingSpot(249).txt,RingSpot(249).txt,RingSpot(249),ringspot(249),.txt,111
label,RingSpot,RingSpot,/content/drive/MyDrive/Papaya_Leaf_Disease_Classification/YOLO_Bounding_Box/RingSpot/RingSpot(25).txt,YOLO_Bounding_Box/RingSpot/RingSpot(25).txt,RingSpot(25).txt,RingSpot(25),ringspot(25),.txt,112
label,RingSpot,RingSpot,/content/drive/MyDrive/Papaya_Leaf_Disease_Classification/YOLO_Bounding_Box/RingSpot/RingSpot(250).txt,YOLO_Bounding_Box/RingSpot/RingSpot(250).txt,RingSpot(250).txt,RingSpot(250),ringspot(250),.txt,239
label,RingSpot,RingSpot,/content/drive/MyDrive/Papaya_Leaf_Disease_Classification/YOLO_Bounding_Box/RingSpot/RingSpot(251).txt,YOLO_Bounding_Box/RingSpot/RingSpot(251).txt,RingSpot(251).txt,RingSpot(251),ringspot(251),.txt,421
label,RingSpot,RingSpot,/content/drive/MyDrive/Papaya_Leaf_Disease_Classification/YOLO_Bounding_Box/RingSpot/RingSpot(252).txt,YOLO_Bounding_Box/RingSpot/RingSpot(252).txt,RingSpot(252).txt,RingSpot(252),ringspot(252),.txt,145
label,RingSpot,RingSpot,/content/drive/MyDrive/Papaya_Leaf_Disease_Classification/YOLO_Bounding_Box/RingSpot/RingSpot(253).txt,YOLO_Bounding_Box/RingSpot/RingSpot(253).txt,RingSpot(253).txt,RingSpot(253),ringspot(253),.txt,594
label,RingSpot,RingSpot,/content/drive/MyDrive/Papaya_Leaf_Disease_Classification/YOLO_Bounding_Box/RingSpot/RingSpot(254).txt,YOLO_Bounding_Box/RingSpot/RingSpot(254).txt,RingSpot(254).txt,RingSpot(254),ringspot(254),.txt,640
label,RingSpot,RingSpot,/content/drive/MyDrive/Papaya_Leaf_Disease_Classification/YOLO_Bounding_Box/RingSpot/RingSpot(255).txt,YOLO_Bounding_Box/RingSpot/RingSpot(255).txt,RingSpot(255).txt,RingSpot(255),ringspot(255),.txt,161
label,RingSpot,RingSpot,/content/drive/MyDrive/Papaya_Leaf_Disease_Classification/YOLO_Bounding_Box/RingSpot/RingSpot(256).txt,YOLO_Bounding_Box/RingSpot/RingSpot(256).txt,RingSpot(256).txt,RingSpot(256),ringspot(256),.txt,117
label,RingSpot,RingSpot,/content/drive/MyDrive/Papaya_Leaf_Disease_Classification/YOLO_Bounding_Box/RingSpot/RingSpot(257).txt,YOLO_Bounding_Box/RingSpot/RingSpot(257).txt,RingSpot(257).txt,RingSpot(257),ringspot(257),.txt,105
label,RingSpot,RingSpot,/content/drive/MyDrive/Papaya_Leaf_Disease_Classification/YOLO_Bounding_Box/RingSpot/RingSpot(258).txt,YOLO_Bounding_Box/RingSpot/RingSpot(258).txt,RingSpot(258).txt,RingSpot(258),ringspot(258),.txt,254
label,RingSpot,RingSpot,/content/drive/MyDrive/Papaya_Leaf_Disease_Classification/YOLO_Bounding_Box/RingSpot/RingSpot(259).txt,YOLO_Bounding_Box/RingSpot/RingSpot(259).txt,RingSpot(259).txt,RingSpot(259),ringspot(259),.txt,199
label,RingSpot,RingSpot,/content/drive/MyDrive/Papaya_Leaf_Disease_Classification/YOLO_Bounding_Box/RingSpot/RingSpot(26).txt,YOLO_Bounding_Box/RingSpot/RingSpot(26).txt,RingSpot(26).txt,RingSpot(26),ringspot(26),.txt,371
label,RingSpot,RingSpot,/content/drive/MyDrive/Papaya_Leaf_Disease_Classification/YOLO_Bounding_Box/RingSpot/RingSpot(260).txt,YOLO_Bounding_Box/RingSpot/RingSpot(260).txt,RingSpot(260).txt,RingSpot(260),ringspot(260),.txt,159
label,RingSpot,RingSpot,/content/drive/MyDrive/Papaya_Leaf_Disease_Classification/YOLO_Bounding_Box/RingSpot/RingSpot(261).txt,YOLO_Bounding_Box/RingSpot/RingSpot(261).txt,RingSpot(261).txt,RingSpot(261),ringspot(261),.txt,152
label,RingSpot,RingSpot,/content/drive/MyDrive/Papaya_Leaf_Disease_Classification/YOLO_Bounding_Box/RingSpot/RingSpot(262).txt,YOLO_Bounding_Box/RingSpot/RingSpot(262).txt,RingSpot(262).txt,RingSpot(262),ringspot(262),.txt,276
label,RingSpot,RingSpot,/content/drive/MyDrive/Papaya_Leaf_Disease_Classification/YOLO_Bounding_Box/RingSpot/RingSpot(263).txt,YOLO_Bounding_Box/RingSpot/RingSpot(263).txt,RingSpot(263).txt,RingSpot(263),ringspot(263),.txt,122
label,RingSpot,RingSpot,/content/drive/MyDrive/Papaya_Leaf_Disease_Classification/YOLO_Bounding_Box/RingSpot/RingSpot(264).txt,YOLO_Bounding_Box/RingSpot/RingSpot(264).txt,RingSpot(264).txt,RingSpot(264),ringspot(264),.txt,99
label,RingSpot,RingSpot,/content/drive/MyDrive/Papaya_Leaf_Disease_Classification/YOLO_Bounding_Box/RingSpot/RingSpot(265).txt,YOLO_Bounding_Box/RingSpot/RingSpot(265).txt,RingSpot(265).txt,RingSpot(265),ringspot(265),.txt,203
label,RingSpot,RingSpot,/content/drive/MyDrive/Papaya_Leaf_Disease_Classification/YOLO_Bounding_Box/RingSpot/RingSpot(266).txt,YOLO_Bounding_Box/RingSpot/RingSpot(266).txt,RingSpot(266).txt,RingSpot(266),ringspot(266),.txt,149
label,RingSpot,RingSpot,/content/drive/MyDrive/Papaya_Leaf_Disease_Classification/YOLO_Bounding_Box/RingSpot/RingSpot(267).txt,YOLO_Bounding_Box/RingSpot/RingSpot(267).txt,RingSpot(267).txt,RingSpot(267),ringspot(267),.txt,150
label,RingSpot,RingSpot,/content/drive/MyDrive/Papaya_Leaf_Disease_Classification/YOLO_Bounding_Box/RingSpot/RingSpot(268).txt,YOLO_Bounding_Box/RingSpot/RingSpot(268).txt,RingSpot(268).txt,RingSpot(268),ringspot(268),.txt,72
label,RingSpot,RingSpot,/content/drive/MyDrive/Papaya_Leaf_Disease_Classification/YOLO_Bounding_Box/RingSpot/RingSpot(269).txt,YOLO_Bounding_Box/RingSpot/RingSpot(269).txt,RingSpot(269).txt,RingSpot(269),ringspot(269),.txt,361
label,RingSpot,RingSpot,/content/drive/MyDrive/Papaya_Leaf_Disease_Classification/YOLO_Bounding_Box/RingSpot/RingSpot(27).txt,YOLO_Bounding_Box/RingSpot/RingSpot(27).txt,RingSpot(27).txt,RingSpot(27),ringspot(27),.txt,413
label,RingSpot,RingSpot,/content/drive/MyDrive/Papaya_Leaf_Disease_Classification/YOLO_Bounding_Box/RingSpot/RingSpot(270).txt,YOLO_Bounding_Box/RingSpot/RingSpot(270).txt,RingSpot(270).txt,RingSpot(270),ringspot(270),.txt,113
label,RingSpot,RingSpot,/content/drive/MyDrive/Papaya_Leaf_Disease_Classification/YOLO_Bounding_Box/RingSpot/RingSpot(271).txt,YOLO_Bounding_Box/RingSpot/RingSpot(271).txt,RingSpot(271).txt,RingSpot(271),ringspot(271),.txt,393
label,RingSpot,RingSpot,/content/drive/MyDrive/Papaya_Leaf_Disease_Classification/YOLO_Bounding_Box/RingSpot/RingSpot(272).txt,YOLO_Bounding_Box/RingSpot/RingSpot(272).txt,RingSpot(272).txt,RingSpot(272),ringspot(272),.txt,61
label,RingSpot,RingSpot,/content/drive/MyDrive/Papaya_Leaf_Disease_Classification/YOLO_Bounding_Box/RingSpot/RingSpot(273).txt,YOLO_Bounding_Box/RingSpot/RingSpot(273).txt,RingSpot(273).txt,RingSpot(273),ringspot(273),.txt,58
label,RingSpot,RingSpot,/content/drive/MyDrive/Papaya_Leaf_Disease_Classification/YOLO_Bounding_Box/RingSpot/RingSpot(274).txt,YOLO_Bounding_Box/RingSpot/RingSpot(274).txt,RingSpot(274).txt,RingSpot(274),ringspot(274),.txt,1370
label,RingSpot,RingSpot,/content/drive/MyDrive/Papaya_Leaf_Disease_Classification/YOLO_Bounding_Box/RingSpot/RingSpot(275).txt,YOLO_Bounding_Box/RingSpot/RingSpot(275).txt,RingSpot(275).txt,RingSpot(275),ringspot(275),.txt,694
label,RingSpot,RingSpot,/content/drive/MyDrive/Papaya_Leaf_Disease_Classification/YOLO_Bounding_Box/RingSpot/RingSpot(276).txt,YOLO_Bounding_Box/RingSpot/RingSpot(276).txt,RingSpot(276).txt,RingSpot(276),ringspot(276),.txt,38
label,RingSpot,RingSpot,/content/drive/MyDrive/Papaya_Leaf_Disease_Classification/YOLO_Bounding_Box/RingSpot/RingSpot(277).txt,YOLO_Bounding_Box/RingSpot/RingSpot(277).txt,RingSpot(277).txt,RingSpot(277),ringspot(277),.txt,163
label,RingSpot,RingSpot,/content/drive/MyDrive/Papaya_Leaf_Disease_Classification/YOLO_Bounding_Box/RingSpot/RingSpot(278).txt,YOLO_Bounding_Box/RingSpot/RingSpot(278).txt,RingSpot(278).txt,RingSpot(278),ringspot(278),.txt,123
label,RingSpot,RingSpot,/content/drive/MyDrive/Papaya_Leaf_Disease_Classification/YOLO_Bounding_Box/RingSpot/RingSpot(279).txt,YOLO_Bounding_Box/RingSpot/RingSpot(279).txt,RingSpot(279).txt,RingSpot(279),ringspot(279),.txt,108
label,RingSpot,RingSpot,/content/drive/MyDrive/Papaya_Leaf_Disease_Classification/YOLO_Bounding_Box/RingSpot/RingSpot(28).txt,YOLO_Bounding_Box/RingSpot/RingSpot(28).txt,RingSpot(28).txt,RingSpot(28),ringspot(28),.txt,207
label,RingSpot,RingSpot,/content/drive/MyDrive/Papaya_Leaf_Disease_Classification/YOLO_Bounding_Box/RingSpot/RingSpot(280).txt,YOLO_Bounding_Box/RingSpot/RingSpot(280).txt,RingSpot(280).txt,RingSpot(280),ringspot(280),.txt,817
label,RingSpot,RingSpot,/content/drive/MyDrive/Papaya_Leaf_Disease_Classification/YOLO_Bounding_Box/RingSpot/RingSpot(281).txt,YOLO_Bounding_Box/RingSpot/RingSpot(281).txt,RingSpot(281).txt,RingSpot(281),ringspot(281),.txt,187
label,RingSpot,RingSpot,/content/drive/MyDrive/Papaya_Leaf_Disease_Classification/YOLO_Bounding_Box/RingSpot/RingSpot(282).txt,YOLO_Bounding_Box/RingSpot/RingSpot(282).txt,RingSpot(282).txt,RingSpot(282),ringspot(282),.txt,1838
label,RingSpot,RingSpot,/content/drive/MyDrive/Papaya_Leaf_Disease_Classification/YOLO_Bounding_Box/RingSpot/RingSpot(283).txt,YOLO_Bounding_Box/RingSpot/RingSpot(283).txt,RingSpot(283).txt,RingSpot(283),ringspot(283),.txt,454
label,RingSpot,RingSpot,/content/drive/MyDrive/Papaya_Leaf_Disease_Classification/YOLO_Bounding_Box/RingSpot/RingSpot(284).txt,YOLO_Bounding_Box/RingSpot/RingSpot(284).txt,RingSpot(284).txt,RingSpot(284),ringspot(284),.txt,316
label,RingSpot,RingSpot,/content/drive/MyDrive/Papaya_Leaf_Disease_Classification/YOLO_Bounding_Box/RingSpot/RingSpot(285).txt,YOLO_Bounding_Box/RingSpot/RingSpot(285).txt,RingSpot(285).txt,RingSpot(285),ringspot(285),.txt,435
label,RingSpot,RingSpot,/content/drive/MyDrive/Papaya_Leaf_Disease_Classification/YOLO_Bounding_Box/RingSpot/RingSpot(286).txt,YOLO_Bounding_Box/RingSpot/RingSpot(286).txt,RingSpot(286).txt,RingSpot(286),ringspot(286),.txt,411
label,RingSpot,RingSpot,/content/drive/MyDrive/Papaya_Leaf_Disease_Classification/YOLO_Bounding_Box/RingSpot/RingSpot(287).txt,YOLO_Bounding_Box/RingSpot/RingSpot(287).txt,RingSpot(287).txt,RingSpot(287),ringspot(287),.txt,59
label,RingSpot,RingSpot,/content/drive/MyDrive/Papaya_Leaf_Disease_Classification/YOLO_Bounding_Box/RingSpot/RingSpot(288).txt,YOLO_Bounding_Box/RingSpot/RingSpot(288).txt,RingSpot(288).txt,RingSpot(288),ringspot(288),.txt,214
label,RingSpot,RingSpot,/content/drive/MyDrive/Papaya_Leaf_Disease_Classification/YOLO_Bounding_Box/RingSpot/RingSpot(289).txt,YOLO_Bounding_Box/RingSpot/RingSpot(289).txt,RingSpot(289).txt,RingSpot(289),ringspot(289),.txt,305
label,RingSpot,RingSpot,/content/drive/MyDrive/Papaya_Leaf_Disease_Classification/YOLO_Bounding_Box/RingSpot/RingSpot(29).txt,YOLO_Bounding_Box/RingSpot/RingSpot(29).txt,RingSpot(29).txt,RingSpot(29),ringspot(29),.txt,266
label,RingSpot,RingSpot,/content/drive/MyDrive/Papaya_Leaf_Disease_Classification/YOLO_Bounding_Box/RingSpot/RingSpot(290).txt,YOLO_Bounding_Box/RingSpot/RingSpot(290).txt,RingSpot(290).txt,RingSpot(290),ringspot(290),.txt,95
label,RingSpot,RingSpot,/content/drive/MyDrive/Papaya_Leaf_Disease_Classification/YOLO_Bounding_Box/RingSpot/RingSpot(291).txt,YOLO_Bounding_Box/RingSpot/RingSpot(291).txt,RingSpot(291).txt,RingSpot(291),ringspot(291),.txt,106
label,RingSpot,RingSpot,/content/drive/MyDrive/Papaya_Leaf_Disease_Classification/YOLO_Bounding_Box/RingSpot/RingSpot(292).txt,YOLO_Bounding_Box/RingSpot/RingSpot(292).txt,RingSpot(292).txt,RingSpot(292),ringspot(292),.txt,167
label,RingSpot,RingSpot,/content/drive/MyDrive/Papaya_Leaf_Disease_Classification/YOLO_Bounding_Box/RingSpot/RingSpot(293).txt,YOLO_Bounding_Box/RingSpot/RingSpot(293).txt,RingSpot(293).txt,RingSpot(293),ringspot(293),.txt,49
label,RingSpot,RingSpot,/content/drive/MyDrive/Papaya_Leaf_Disease_Classification/YOLO_Bounding_Box/RingSpot/RingSpot(294).txt,YOLO_Bounding_Box/RingSpot/RingSpot(294).txt,RingSpot(294).txt,RingSpot(294),ringspot(294),.txt,124
label,RingSpot,RingSpot,/content/drive/MyDrive/Papaya_Leaf_Disease_Classification/YOLO_Bounding_Box/RingSpot/RingSpot(295).txt,YOLO_Bounding_Box/RingSpot/RingSpot(295).txt,RingSpot(295).txt,RingSpot(295),ringspot(295),.txt,190
label,RingSpot,RingSpot,/content/drive/MyDrive/Papaya_Leaf_Disease_Classification/YOLO_Bounding_Box/RingSpot/RingSpot(296).txt,YOLO_Bounding_Box/RingSpot/RingSpot(296).txt,RingSpot(296).txt,RingSpot(296),ringspot(296),.txt,174
label,RingSpot,RingSpot,/content/drive/MyDrive/Papaya_Leaf_Disease_Classification/YOLO_Bounding_Box/RingSpot/RingSpot(297).txt,YOLO_Bounding_Box/RingSpot/RingSpot(297).txt,RingSpot(297).txt,RingSpot(297),ringspot(297),.txt,60
label,RingSpot,RingSpot,/content/drive/MyDrive/Papaya_Leaf_Disease_Classification/YOLO_Bounding_Box/RingSpot/RingSpot(298).txt,YOLO_Bounding_Box/RingSpot/RingSpot(298).txt,RingSpot(298).txt,RingSpot(298),ringspot(298),.txt,59
label,RingSpot,RingSpot,/content/drive/MyDrive/Papaya_Leaf_Disease_Classification/YOLO_Bounding_Box/RingSpot/RingSpot(299).txt,YOLO_Bounding_Box/RingSpot/RingSpot(299).txt,RingSpot(299).txt,RingSpot(299),ringspot(299),.txt,1499
label,RingSpot,RingSpot,/content/drive/MyDrive/Papaya_Leaf_Disease_Classification/YOLO_Bounding_Box/RingSpot/RingSpot(3).txt,YOLO_Bounding_Box/RingSpot/RingSpot(3).txt,RingSpot(3).txt,RingSpot(3),ringspot(3),.txt,193
label,RingSpot,RingSpot,/content/drive/MyDrive/Papaya_Leaf_Disease_Classification/YOLO_Bounding_Box/RingSpot/RingSpot(30).txt,YOLO_Bounding_Box/RingSpot/RingSpot(30).txt,RingSpot(30).txt,RingSpot(30),ringspot(30),.txt,59
label,RingSpot,RingSpot,/content/drive/MyDrive/Papaya_Leaf_Disease_Classification/YOLO_Bounding_Box/RingSpot/RingSpot(300).txt,YOLO_Bounding_Box/RingSpot/RingSpot(300).txt,RingSpot(300).txt,RingSpot(300),ringspot(300),.txt,1068
label,RingSpot,RingSpot,/content/drive/MyDrive/Papaya_Leaf_Disease_Classification/YOLO_Bounding_Box/RingSpot/RingSpot(301).txt,YOLO_Bounding_Box/RingSpot/RingSpot(301).txt,RingSpot(301).txt,RingSpot(301),ringspot(301),.txt,552
label,RingSpot,RingSpot,/content/drive/MyDrive/Papaya_Leaf_Disease_Classification/YOLO_Bounding_Box/RingSpot/RingSpot(302).txt,YOLO_Bounding_Box/RingSpot/RingSpot(302).txt,RingSpot(302).txt,RingSpot(302),ringspot(302),.txt,1409
label,RingSpot,RingSpot,/content/drive/MyDrive/Papaya_Leaf_Disease_Classification/YOLO_Bounding_Box/RingSpot/RingSpot(303).txt,YOLO_Bounding_Box/RingSpot/RingSpot(303).txt,RingSpot(303).txt,RingSpot(303),ringspot(303),.txt,205
label,RingSpot,RingSpot,/content/drive/MyDrive/Papaya_Leaf_Disease_Classification/YOLO_Bounding_Box/RingSpot/RingSpot(304).txt,YOLO_Bounding_Box/RingSpot/RingSpot(304).txt,RingSpot(304).txt,RingSpot(304),ringspot(304),.txt,489
label,RingSpot,RingSpot,/content/drive/MyDrive/Papaya_Leaf_Disease_Classification/YOLO_Bounding_Box/RingSpot/RingSpot(305).txt,YOLO_Bounding_Box/RingSpot/RingSpot(305).txt,RingSpot(305).txt,RingSpot(305),ringspot(305),.txt,110
label,RingSpot,RingSpot,/content/drive/MyDrive/Papaya_Leaf_Disease_Classification/YOLO_Bounding_Box/RingSpot/RingSpot(306).txt,YOLO_Bounding_Box/RingSpot/RingSpot(306).txt,RingSpot(306).txt,RingSpot(306),ringspot(306),.txt,62
label,RingSpot,RingSpot,/content/drive/MyDrive/Papaya_Leaf_Disease_Classification/YOLO_Bounding_Box/RingSpot/RingSpot(307).txt,YOLO_Bounding_Box/RingSpot/RingSpot(307).txt,RingSpot(307).txt,RingSpot(307),ringspot(307),.txt,558
label,RingSpot,RingSpot,/content/drive/MyDrive/Papaya_Leaf_Disease_Classification/YOLO_Bounding_Box/RingSpot/RingSpot(308).txt,YOLO_Bounding_Box/RingSpot/RingSpot(308).txt,RingSpot(308).txt,RingSpot(308),ringspot(308),.txt,1205
label,RingSpot,RingSpot,/content/drive/MyDrive/Papaya_Leaf_Disease_Classification/YOLO_Bounding_Box/RingSpot/RingSpot(309).txt,YOLO_Bounding_Box/RingSpot/RingSpot(309).txt,RingSpot(309).txt,RingSpot(309),ringspot(309),.txt,111
label,RingSpot,RingSpot,/content/drive/MyDrive/Papaya_Leaf_Disease_Classification/YOLO_Bounding_Box/RingSpot/RingSpot(31).txt,YOLO_Bounding_Box/RingSpot/RingSpot(31).txt,RingSpot(31).txt,RingSpot(31),ringspot(31),.txt,59
label,RingSpot,RingSpot,/content/drive/MyDrive/Papaya_Leaf_Disease_Classification/YOLO_Bounding_Box/RingSpot/RingSpot(310).txt,YOLO_Bounding_Box/RingSpot/RingSpot(310).txt,RingSpot(310).txt,RingSpot(310),ringspot(310),.txt,124
label,RingSpot,RingSpot,/content/drive/MyDrive/Papaya_Leaf_Disease_Classification/YOLO_Bounding_Box/RingSpot/RingSpot(311).txt,YOLO_Bounding_Box/RingSpot/RingSpot(311).txt,RingSpot(311).txt,RingSpot(311),ringspot(311),.txt,115
label,RingSpot,RingSpot,/content/drive/MyDrive/Papaya_Leaf_Disease_Classification/YOLO_Bounding_Box/RingSpot/RingSpot(312).txt,YOLO_Bounding_Box/RingSpot/RingSpot(312).txt,RingSpot(312).txt,RingSpot(312),ringspot(312),.txt,1826
label,RingSpot,RingSpot,/content/drive/MyDrive/Papaya_Leaf_Disease_Classification/YOLO_Bounding_Box/RingSpot/RingSpot(313).txt,YOLO_Bounding_Box/RingSpot/RingSpot(313).txt,RingSpot(313).txt,RingSpot(313),ringspot(313),.txt,176
label,RingSpot,RingSpot,/content/drive/MyDrive/Papaya_Leaf_Disease_Classification/YOLO_Bounding_Box/RingSpot/RingSpot(314).txt,YOLO_Bounding_Box/RingSpot/RingSpot(314).txt,RingSpot(314).txt,RingSpot(314),ringspot(314),.txt,150
label,RingSpot,RingSpot,/content/drive/MyDrive/Papaya_Leaf_Disease_Classification/YOLO_Bounding_Box/RingSpot/RingSpot(315).txt,YOLO_Bounding_Box/RingSpot/RingSpot(315).txt,RingSpot(315).txt,RingSpot(315),ringspot(315),.txt,2483
label,RingSpot,RingSpot,/content/drive/MyDrive/Papaya_Leaf_Disease_Classification/YOLO_Bounding_Box/RingSpot/RingSpot(316).txt,YOLO_Bounding_Box/RingSpot/RingSpot(316).txt,RingSpot(316).txt,RingSpot(316),ringspot(316),.txt,109
label,RingSpot,RingSpot,/content/drive/MyDrive/Papaya_Leaf_Disease_Classification/YOLO_Bounding_Box/RingSpot/RingSpot(317).txt,YOLO_Bounding_Box/RingSpot/RingSpot(317).txt,RingSpot(317).txt,RingSpot(317),ringspot(317),.txt,98
label,RingSpot,RingSpot,/content/drive/MyDrive/Papaya_Leaf_Disease_Classification/YOLO_Bounding_Box/RingSpot/RingSpot(318).txt,YOLO_Bounding_Box/RingSpot/RingSpot(318).txt,RingSpot(318).txt,RingSpot(318),ringspot(318),.txt,48
label,RingSpot,RingSpot,/content/drive/MyDrive/Papaya_Leaf_Disease_Classification/YOLO_Bounding_Box/RingSpot/RingSpot(319).txt,YOLO_Bounding_Box/RingSpot/RingSpot(319).txt,RingSpot(319).txt,RingSpot(319),ringspot(319),.txt,694
label,RingSpot,RingSpot,/content/drive/MyDrive/Papaya_Leaf_Disease_Classification/YOLO_Bounding_Box/RingSpot/RingSpot(32).txt,YOLO_Bounding_Box/RingSpot/RingSpot(32).txt,RingSpot(32).txt,RingSpot(32),ringspot(32),.txt,93
label,RingSpot,RingSpot,/content/drive/MyDrive/Papaya_Leaf_Disease_Classification/YOLO_Bounding_Box/RingSpot/RingSpot(320).txt,YOLO_Bounding_Box/RingSpot/RingSpot(320).txt,RingSpot(320).txt,RingSpot(320),ringspot(320),.txt,92
label,RingSpot,RingSpot,/content/drive/MyDrive/Papaya_Leaf_Disease_Classification/YOLO_Bounding_Box/RingSpot/RingSpot(321).txt,YOLO_Bounding_Box/RingSpot/RingSpot(321).txt,RingSpot(321).txt,RingSpot(321),ringspot(321),.txt,352
label,RingSpot,RingSpot,/content/drive/MyDrive/Papaya_Leaf_Disease_Classification/YOLO_Bounding_Box/RingSpot/RingSpot(322).txt,YOLO_Bounding_Box/RingSpot/RingSpot(322).txt,RingSpot(322).txt,RingSpot(322),ringspot(322),.txt,63
label,RingSpot,RingSpot,/content/drive/MyDrive/Papaya_Leaf_Disease_Classification/YOLO_Bounding_Box/RingSpot/RingSpot(323).txt,YOLO_Bounding_Box/RingSpot/RingSpot(323).txt,RingSpot(323).txt,RingSpot(323),ringspot(323),.txt,1911
label,RingSpot,RingSpot,/content/drive/MyDrive/Papaya_Leaf_Disease_Classification/YOLO_Bounding_Box/RingSpot/RingSpot(324).txt,YOLO_Bounding_Box/RingSpot/RingSpot(324).txt,RingSpot(324).txt,RingSpot(324),ringspot(324),.txt,61
label,RingSpot,RingSpot,/content/drive/MyDrive/Papaya_Leaf_Disease_Classification/YOLO_Bounding_Box/RingSpot/RingSpot(325).txt,YOLO_Bounding_Box/RingSpot/RingSpot(325).txt,RingSpot(325).txt,RingSpot(325),ringspot(325),.txt,62
label,RingSpot,RingSpot,/content/drive/MyDrive/Papaya_Leaf_Disease_Classification/YOLO_Bounding_Box/RingSpot/RingSpot(326).txt,YOLO_Bounding_Box/RingSpot/RingSpot(326).txt,RingSpot(326).txt,RingSpot(326),ringspot(326),.txt,208
label,RingSpot,RingSpot,/content/drive/MyDrive/Papaya_Leaf_Disease_Classification/YOLO_Bounding_Box/RingSpot/RingSpot(327).txt,YOLO_Bounding_Box/RingSpot/RingSpot(327).txt,RingSpot(327).txt,RingSpot(327),ringspot(327),.txt,194
label,RingSpot,RingSpot,/content/drive/MyDrive/Papaya_Leaf_Disease_Classification/YOLO_Bounding_Box/RingSpot/RingSpot(328).txt,YOLO_Bounding_Box/RingSpot/RingSpot(328).txt,RingSpot(328).txt,RingSpot(328),ringspot(328),.txt,111
label,RingSpot,RingSpot,/content/drive/MyDrive/Papaya_Leaf_Disease_Classification/YOLO_Bounding_Box/RingSpot/RingSpot(329).txt,YOLO_Bounding_Box/RingSpot/RingSpot(329).txt,RingSpot(329).txt,RingSpot(329),ringspot(329),.txt,222
label,RingSpot,RingSpot,/content/drive/MyDrive/Papaya_Leaf_Disease_Classification/YOLO_Bounding_Box/RingSpot/RingSpot(33).txt,YOLO_Bounding_Box/RingSpot/RingSpot(33).txt,RingSpot(33).txt,RingSpot(33),ringspot(33),.txt,48
label,RingSpot,RingSpot,/content/drive/MyDrive/Papaya_Leaf_Disease_Classification/YOLO_Bounding_Box/RingSpot/RingSpot(330).txt,YOLO_Bounding_Box/RingSpot/RingSpot(330).txt,RingSpot(330).txt,RingSpot(330),ringspot(330),.txt,112
label,RingSpot,RingSpot,/content/drive/MyDrive/Papaya_Leaf_Disease_Classification/YOLO_Bounding_Box/RingSpot/RingSpot(331).txt,YOLO_Bounding_Box/RingSpot/RingSpot(331).txt,RingSpot(331).txt,RingSpot(331),ringspot(331),.txt,204
label,RingSpot,RingSpot,/content/drive/MyDrive/Papaya_Leaf_Disease_Classification/YOLO_Bounding_Box/RingSpot/RingSpot(332).txt,YOLO_Bounding_Box/RingSpot/RingSpot(332).txt,RingSpot(332).txt,RingSpot(332),ringspot(332),.txt,179
label,RingSpot,RingSpot,/content/drive/MyDrive/Papaya_Leaf_Disease_Classification/YOLO_Bounding_Box/RingSpot/RingSpot(333).txt,YOLO_Bounding_Box/RingSpot/RingSpot(333).txt,RingSpot(333).txt,RingSpot(333),ringspot(333),.txt,94
label,RingSpot,RingSpot,/content/drive/MyDrive/Papaya_Leaf_Disease_Classification/YOLO_Bounding_Box/RingSpot/RingSpot(334).txt,YOLO_Bounding_Box/RingSpot/RingSpot(334).txt,RingSpot(334).txt,RingSpot(334),ringspot(334),.txt,94
label,RingSpot,RingSpot,/content/drive/MyDrive/Papaya_Leaf_Disease_Classification/YOLO_Bounding_Box/RingSpot/RingSpot(335).txt,YOLO_Bounding_Box/RingSpot/RingSpot(335).txt,RingSpot(335).txt,RingSpot(335),ringspot(335),.txt,304
label,RingSpot,RingSpot,/content/drive/MyDrive/Papaya_Leaf_Disease_Classification/YOLO_Bounding_Box/RingSpot/RingSpot(336).txt,YOLO_Bounding_Box/RingSpot/RingSpot(336).txt,RingSpot(336).txt,RingSpot(336),ringspot(336),.txt,145
label,RingSpot,RingSpot,/content/drive/MyDrive/Papaya_Leaf_Disease_Classification/YOLO_Bounding_Box/RingSpot/RingSpot(337).txt,YOLO_Bounding_Box/RingSpot/RingSpot(337).txt,RingSpot(337).txt,RingSpot(337),ringspot(337),.txt,138
label,RingSpot,RingSpot,/content/drive/MyDrive/Papaya_Leaf_Disease_Classification/YOLO_Bounding_Box/RingSpot/RingSpot(338).txt,YOLO_Bounding_Box/RingSpot/RingSpot(338).txt,RingSpot(338).txt,RingSpot(338),ringspot(338),.txt,207
label,RingSpot,RingSpot,/content/drive/MyDrive/Papaya_Leaf_Disease_Classification/YOLO_Bounding_Box/RingSpot/RingSpot(339).txt,YOLO_Bounding_Box/RingSpot/RingSpot(339).txt,RingSpot(339).txt,RingSpot(339),ringspot(339),.txt,117
label,RingSpot,RingSpot,/content/drive/MyDrive/Papaya_Leaf_Disease_Classification/YOLO_Bounding_Box/RingSpot/RingSpot(34).txt,YOLO_Bounding_Box/RingSpot/RingSpot(34).txt,RingSpot(34).txt,RingSpot(34),ringspot(34),.txt,243
label,RingSpot,RingSpot,/content/drive/MyDrive/Papaya_Leaf_Disease_Classification/YOLO_Bounding_Box/RingSpot/RingSpot(340).txt,YOLO_Bounding_Box/RingSpot/RingSpot(340).txt,RingSpot(340).txt,RingSpot(340),ringspot(340),.txt,125
label,RingSpot,RingSpot,/content/drive/MyDrive/Papaya_Leaf_Disease_Classification/YOLO_Bounding_Box/RingSpot/RingSpot(341).txt,YOLO_Bounding_Box/RingSpot/RingSpot(341).txt,RingSpot(341).txt,RingSpot(341),ringspot(341),.txt,111
label,RingSpot,RingSpot,/content/drive/MyDrive/Papaya_Leaf_Disease_Classification/YOLO_Bounding_Box/RingSpot/RingSpot(342).txt,YOLO_Bounding_Box/RingSpot/RingSpot(342).txt,RingSpot(342).txt,RingSpot(342),ringspot(342),.txt,199
label,RingSpot,RingSpot,/content/drive/MyDrive/Papaya_Leaf_Disease_Classification/YOLO_Bounding_Box/RingSpot/RingSpot(343).txt,YOLO_Bounding_Box/RingSpot/RingSpot(343).txt,RingSpot(343).txt,RingSpot(343),ringspot(343),.txt,121
label,RingSpot,RingSpot,/content/drive/MyDrive/Papaya_Leaf_Disease_Classification/YOLO_Bounding_Box/RingSpot/RingSpot(344).txt,YOLO_Bounding_Box/RingSpot/RingSpot(344).txt,RingSpot(344).txt,RingSpot(344),ringspot(344),.txt,209
label,RingSpot,RingSpot,/content/drive/MyDrive/Papaya_Leaf_Disease_Classification/YOLO_Bounding_Box/RingSpot/RingSpot(345).txt,YOLO_Bounding_Box/RingSpot/RingSpot(345).txt,RingSpot(345).txt,RingSpot(345),ringspot(345),.txt,475
label,RingSpot,RingSpot,/content/drive/MyDrive/Papaya_Leaf_Disease_Classification/YOLO_Bounding_Box/RingSpot/RingSpot(346).txt,YOLO_Bounding_Box/RingSpot/RingSpot(346).txt,RingSpot(346).txt,RingSpot(346),ringspot(346),.txt,379
label,RingSpot,RingSpot,/content/drive/MyDrive/Papaya_Leaf_Disease_Classification/YOLO_Bounding_Box/RingSpot/RingSpot(347).txt,YOLO_Bounding_Box/RingSpot/RingSpot(347).txt,RingSpot(347).txt,RingSpot(347),ringspot(347),.txt,1530
label,RingSpot,RingSpot,/content/drive/MyDrive/Papaya_Leaf_Disease_Classification/YOLO_Bounding_Box/RingSpot/RingSpot(348).txt,YOLO_Bounding_Box/RingSpot/RingSpot(348).txt,RingSpot(348).txt,RingSpot(348),ringspot(348),.txt,1359
label,RingSpot,RingSpot,/content/drive/MyDrive/Papaya_Leaf_Disease_Classification/YOLO_Bounding_Box/RingSpot/RingSpot(349).txt,YOLO_Bounding_Box/RingSpot/RingSpot(349).txt,RingSpot(349).txt,RingSpot(349),ringspot(349),.txt,828
label,RingSpot,RingSpot,/content/drive/MyDrive/Papaya_Leaf_Disease_Classification/YOLO_Bounding_Box/RingSpot/RingSpot(35).txt,YOLO_Bounding_Box/RingSpot/RingSpot(35).txt,RingSpot(35).txt,RingSpot(35),ringspot(35),.txt,268
label,RingSpot,RingSpot,/content/drive/MyDrive/Papaya_Leaf_Disease_Classification/YOLO_Bounding_Box/RingSpot/RingSpot(350).txt,YOLO_Bounding_Box/RingSpot/RingSpot(350).txt,RingSpot(350).txt,RingSpot(350),ringspot(350),.txt,1200
label,RingSpot,RingSpot,/content/drive/MyDrive/Papaya_Leaf_Disease_Classification/YOLO_Bounding_Box/RingSpot/RingSpot(351).txt,YOLO_Bounding_Box/RingSpot/RingSpot(351).txt,RingSpot(351).txt,RingSpot(351),ringspot(351),.txt,1340
label,RingSpot,RingSpot,/content/drive/MyDrive/Papaya_Leaf_Disease_Classification/YOLO_Bounding_Box/RingSpot/RingSpot(352).txt,YOLO_Bounding_Box/RingSpot/RingSpot(352).txt,RingSpot(352).txt,RingSpot(352),ringspot(352),.txt,1876
label,RingSpot,RingSpot,/content/drive/MyDrive/Papaya_Leaf_Disease_Classification/YOLO_Bounding_Box/RingSpot/RingSpot(353).txt,YOLO_Bounding_Box/RingSpot/RingSpot(353).txt,RingSpot(353).txt,RingSpot(353),ringspot(353),.txt,2294
label,RingSpot,RingSpot,/content/drive/MyDrive/Papaya_Leaf_Disease_Classification/YOLO_Bounding_Box/RingSpot/RingSpot(354).txt,YOLO_Bounding_Box/RingSpot/RingSpot(354).txt,RingSpot(354).txt,RingSpot(354),ringspot(354),.txt,1266
label,RingSpot,RingSpot,/content/drive/MyDrive/Papaya_Leaf_Disease_Classification/YOLO_Bounding_Box/RingSpot/RingSpot(355).txt,YOLO_Bounding_Box/RingSpot/RingSpot(355).txt,RingSpot(355).txt,RingSpot(355),ringspot(355),.txt,2058
label,RingSpot,RingSpot,/content/drive/MyDrive/Papaya_Leaf_Disease_Classification/YOLO_Bounding_Box/RingSpot/RingSpot(356).txt,YOLO_Bounding_Box/RingSpot/RingSpot(356).txt,RingSpot(356).txt,RingSpot(356),ringspot(356),.txt,1767
label,RingSpot,RingSpot,/content/drive/MyDrive/Papaya_Leaf_Disease_Classification/YOLO_Bounding_Box/RingSpot/RingSpot(357).txt,YOLO_Bounding_Box/RingSpot/RingSpot(357).txt,RingSpot(357).txt,RingSpot(357),ringspot(357),.txt,120
label,RingSpot,RingSpot,/content/drive/MyDrive/Papaya_Leaf_Disease_Classification/YOLO_Bounding_Box/RingSpot/RingSpot(358).txt,YOLO_Bounding_Box/RingSpot/RingSpot(358).txt,RingSpot(358).txt,RingSpot(358),ringspot(358),.txt,4155
label,RingSpot,RingSpot,/content/drive/MyDrive/Papaya_Leaf_Disease_Classification/YOLO_Bounding_Box/RingSpot/RingSpot(359).txt,YOLO_Bounding_Box/RingSpot/RingSpot(359).txt,RingSpot(359).txt,RingSpot(359),ringspot(359),.txt,3055
label,RingSpot,RingSpot,/content/drive/MyDrive/Papaya_Leaf_Disease_Classification/YOLO_Bounding_Box/RingSpot/RingSpot(36).txt,YOLO_Bounding_Box/RingSpot/RingSpot(36).txt,RingSpot(36).txt,RingSpot(36),ringspot(36),.txt,152
label,RingSpot,RingSpot,/content/drive/MyDrive/Papaya_Leaf_Disease_Classification/YOLO_Bounding_Box/RingSpot/RingSpot(360).txt,YOLO_Bounding_Box/RingSpot/RingSpot(360).txt,RingSpot(360).txt,RingSpot(360),ringspot(360),.txt,3317
label,RingSpot,RingSpot,/content/drive/MyDrive/Papaya_Leaf_Disease_Classification/YOLO_Bounding_Box/RingSpot/RingSpot(361).txt,YOLO_Bounding_Box/RingSpot/RingSpot(361).txt,RingSpot(361).txt,RingSpot(361),ringspot(361),.txt,1854
label,RingSpot,RingSpot,/content/drive/MyDrive/Papaya_Leaf_Disease_Classification/YOLO_Bounding_Box/RingSpot/RingSpot(362).txt,YOLO_Bounding_Box/RingSpot/RingSpot(362).txt,RingSpot(362).txt,RingSpot(362),ringspot(362),.txt,1157
label,RingSpot,RingSpot,/content/drive/MyDrive/Papaya_Leaf_Disease_Classification/YOLO_Bounding_Box/RingSpot/RingSpot(363).txt,YOLO_Bounding_Box/RingSpot/RingSpot(363).txt,RingSpot(363).txt,RingSpot(363),ringspot(363),.txt,5122
label,RingSpot,RingSpot,/content/drive/MyDrive/Papaya_Leaf_Disease_Classification/YOLO_Bounding_Box/RingSpot/RingSpot(364).txt,YOLO_Bounding_Box/RingSpot/RingSpot(364).txt,RingSpot(364).txt,RingSpot(364),ringspot(364),.txt,264
label,RingSpot,RingSpot,/content/drive/MyDrive/Papaya_Leaf_Disease_Classification/YOLO_Bounding_Box/RingSpot/RingSpot(365).txt,YOLO_Bounding_Box/RingSpot/RingSpot(365).txt,RingSpot(365).txt,RingSpot(365),ringspot(365),.txt,153
label,RingSpot,RingSpot,/content/drive/MyDrive/Papaya_Leaf_Disease_Classification/YOLO_Bounding_Box/RingSpot/RingSpot(366).txt,YOLO_Bounding_Box/RingSpot/RingSpot(366).txt,RingSpot(366).txt,RingSpot(366),ringspot(366),.txt,892
label,RingSpot,RingSpot,/content/drive/MyDrive/Papaya_Leaf_Disease_Classification/YOLO_Bounding_Box/RingSpot/RingSpot(367).txt,YOLO_Bounding_Box/RingSpot/RingSpot(367).txt,RingSpot(367).txt,RingSpot(367),ringspot(367),.txt,799
label,RingSpot,RingSpot,/content/drive/MyDrive/Papaya_Leaf_Disease_Classification/YOLO_Bounding_Box/RingSpot/RingSpot(368).txt,YOLO_Bounding_Box/RingSpot/RingSpot(368).txt,RingSpot(368).txt,RingSpot(368),ringspot(368),.txt,1682
label,RingSpot,RingSpot,/content/drive/MyDrive/Papaya_Leaf_Disease_Classification/YOLO_Bounding_Box/RingSpot/RingSpot(369).txt,YOLO_Bounding_Box/RingSpot/RingSpot(369).txt,RingSpot(369).txt,RingSpot(369),ringspot(369),.txt,1842
label,RingSpot,RingSpot,/content/drive/MyDrive/Papaya_Leaf_Disease_Classification/YOLO_Bounding_Box/RingSpot/RingSpot(37).txt,YOLO_Bounding_Box/RingSpot/RingSpot(37).txt,RingSpot(37).txt,RingSpot(37),ringspot(37),.txt,240
label,RingSpot,RingSpot,/content/drive/MyDrive/Papaya_Leaf_Disease_Classification/YOLO_Bounding_Box/RingSpot/RingSpot(370).txt,YOLO_Bounding_Box/RingSpot/RingSpot(370).txt,RingSpot(370).txt,RingSpot(370),ringspot(370),.txt,474
label,RingSpot,RingSpot,/content/drive/MyDrive/Papaya_Leaf_Disease_Classification/YOLO_Bounding_Box/RingSpot/RingSpot(371).txt,YOLO_Bounding_Box/RingSpot/RingSpot(371).txt,RingSpot(371).txt,RingSpot(371),ringspot(371),.txt,677
label,RingSpot,RingSpot,/content/drive/MyDrive/Papaya_Leaf_Disease_Classification/YOLO_Bounding_Box/RingSpot/RingSpot(372).txt,YOLO_Bounding_Box/RingSpot/RingSpot(372).txt,RingSpot(372).txt,RingSpot(372),ringspot(372),.txt,512
label,RingSpot,RingSpot,/content/drive/MyDrive/Papaya_Leaf_Disease_Classification/YOLO_Bounding_Box/RingSpot/RingSpot(373).txt,YOLO_Bounding_Box/RingSpot/RingSpot(373).txt,RingSpot(373).txt,RingSpot(373),ringspot(373),.txt,913
label,RingSpot,RingSpot,/content/drive/MyDrive/Papaya_Leaf_Disease_Classification/YOLO_Bounding_Box/RingSpot/RingSpot(374).txt,YOLO_Bounding_Box/RingSpot/RingSpot(374).txt,RingSpot(374).txt,RingSpot(374),ringspot(374),.txt,940
label,RingSpot,RingSpot,/content/drive/MyDrive/Papaya_Leaf_Disease_Classification/YOLO_Bounding_Box/RingSpot/RingSpot(375).txt,YOLO_Bounding_Box/RingSpot/RingSpot(375).txt,RingSpot(375).txt,RingSpot(375),ringspot(375),.txt,901
label,RingSpot,RingSpot,/content/drive/MyDrive/Papaya_Leaf_Disease_Classification/YOLO_Bounding_Box/RingSpot/RingSpot(376).txt,YOLO_Bounding_Box/RingSpot/RingSpot(376).txt,RingSpot(376).txt,RingSpot(376),ringspot(376),.txt,410
label,RingSpot,RingSpot,/content/drive/MyDrive/Papaya_Leaf_Disease_Classification/YOLO_Bounding_Box/RingSpot/RingSpot(377).txt,YOLO_Bounding_Box/RingSpot/RingSpot(377).txt,RingSpot(377).txt,RingSpot(377),ringspot(377),.txt,251
label,RingSpot,RingSpot,/content/drive/MyDrive/Papaya_Leaf_Disease_Classification/YOLO_Bounding_Box/RingSpot/RingSpot(378).txt,YOLO_Bounding_Box/RingSpot/RingSpot(378).txt,RingSpot(378).txt,RingSpot(378),ringspot(378),.txt,728
label,RingSpot,RingSpot,/content/drive/MyDrive/Papaya_Leaf_Disease_Classification/YOLO_Bounding_Box/RingSpot/RingSpot(379).txt,YOLO_Bounding_Box/RingSpot/RingSpot(379).txt,RingSpot(379).txt,RingSpot(379),ringspot(379),.txt,283
label,RingSpot,RingSpot,/content/drive/MyDrive/Papaya_Leaf_Disease_Classification/YOLO_Bounding_Box/RingSpot/RingSpot(38).txt,YOLO_Bounding_Box/RingSpot/RingSpot(38).txt,RingSpot(38).txt,RingSpot(38),ringspot(38),.txt,338
label,RingSpot,RingSpot,/content/drive/MyDrive/Papaya_Leaf_Disease_Classification/YOLO_Bounding_Box/RingSpot/RingSpot(380).txt,YOLO_Bounding_Box/RingSpot/RingSpot(380).txt,RingSpot(380).txt,RingSpot(380),ringspot(380),.txt,936
label,RingSpot,RingSpot,/content/drive/MyDrive/Papaya_Leaf_Disease_Classification/YOLO_Bounding_Box/RingSpot/RingSpot(381).txt,YOLO_Bounding_Box/RingSpot/RingSpot(381).txt,RingSpot(381).txt,RingSpot(381),ringspot(381),.txt,43
label,RingSpot,RingSpot,/content/drive/MyDrive/Papaya_Leaf_Disease_Classification/YOLO_Bounding_Box/RingSpot/RingSpot(382).txt,YOLO_Bounding_Box/RingSpot/RingSpot(382).txt,RingSpot(382).txt,RingSpot(382),ringspot(382),.txt,107
label,RingSpot,RingSpot,/content/drive/MyDrive/Papaya_Leaf_Disease_Classification/YOLO_Bounding_Box/RingSpot/RingSpot(383).txt,YOLO_Bounding_Box/RingSpot/RingSpot(383).txt,RingSpot(383).txt,RingSpot(383),ringspot(383),.txt,472
label,RingSpot,RingSpot,/content/drive/MyDrive/Papaya_Leaf_Disease_Classification/YOLO_Bounding_Box/RingSpot/RingSpot(384).txt,YOLO_Bounding_Box/RingSpot/RingSpot(384).txt,RingSpot(384).txt,RingSpot(384),ringspot(384),.txt,292
label,RingSpot,RingSpot,/content/drive/MyDrive/Papaya_Leaf_Disease_Classification/YOLO_Bounding_Box/RingSpot/RingSpot(385).txt,YOLO_Bounding_Box/RingSpot/RingSpot(385).txt,RingSpot(385).txt,RingSpot(385),ringspot(385),.txt,1829
label,RingSpot,RingSpot,/content/drive/MyDrive/Papaya_Leaf_Disease_Classification/YOLO_Bounding_Box/RingSpot/RingSpot(386).txt,YOLO_Bounding_Box/RingSpot/RingSpot(386).txt,RingSpot(386).txt,RingSpot(386),ringspot(386),.txt,710
label,RingSpot,RingSpot,/content/drive/MyDrive/Papaya_Leaf_Disease_Classification/YOLO_Bounding_Box/RingSpot/RingSpot(387).txt,YOLO_Bounding_Box/RingSpot/RingSpot(387).txt,RingSpot(387).txt,RingSpot(387),ringspot(387),.txt,931
label,RingSpot,RingSpot,/content/drive/MyDrive/Papaya_Leaf_Disease_Classification/YOLO_Bounding_Box/RingSpot/RingSpot(388).txt,YOLO_Bounding_Box/RingSpot/RingSpot(388).txt,RingSpot(388).txt,RingSpot(388),ringspot(388),.txt,235
label,RingSpot,RingSpot,/content/drive/MyDrive/Papaya_Leaf_Disease_Classification/YOLO_Bounding_Box/RingSpot/RingSpot(389).txt,YOLO_Bounding_Box/RingSpot/RingSpot(389).txt,RingSpot(389).txt,RingSpot(389),ringspot(389),.txt,89
label,RingSpot,RingSpot,/content/drive/MyDrive/Papaya_Leaf_Disease_Classification/YOLO_Bounding_Box/RingSpot/RingSpot(39).txt,YOLO_Bounding_Box/RingSpot/RingSpot(39).txt,RingSpot(39).txt,RingSpot(39),ringspot(39),.txt,146
label,RingSpot,RingSpot,/content/drive/MyDrive/Papaya_Leaf_Disease_Classification/YOLO_Bounding_Box/RingSpot/RingSpot(390).txt,YOLO_Bounding_Box/RingSpot/RingSpot(390).txt,RingSpot(390).txt,RingSpot(390),ringspot(390),.txt,63
label,RingSpot,RingSpot,/content/drive/MyDrive/Papaya_Leaf_Disease_Classification/YOLO_Bounding_Box/RingSpot/RingSpot(391).txt,YOLO_Bounding_Box/RingSpot/RingSpot(391).txt,RingSpot(391).txt,RingSpot(391),ringspot(391),.txt,39
label,RingSpot,RingSpot,/content/drive/MyDrive/Papaya_Leaf_Disease_Classification/YOLO_Bounding_Box/RingSpot/RingSpot(392).txt,YOLO_Bounding_Box/RingSpot/RingSpot(392).txt,RingSpot(392).txt,RingSpot(392),ringspot(392),.txt,278
label,RingSpot,RingSpot,/content/drive/MyDrive/Papaya_Leaf_Disease_Classification/YOLO_Bounding_Box/RingSpot/RingSpot(393).txt,YOLO_Bounding_Box/RingSpot/RingSpot(393).txt,RingSpot(393).txt,RingSpot(393),ringspot(393),.txt,383
label,RingSpot,RingSpot,/content/drive/MyDrive/Papaya_Leaf_Disease_Classification/YOLO_Bounding_Box/RingSpot/RingSpot(394).txt,YOLO_Bounding_Box/RingSpot/RingSpot(394).txt,RingSpot(394).txt,RingSpot(394),ringspot(394),.txt,104
label,RingSpot,RingSpot,/content/drive/MyDrive/Papaya_Leaf_Disease_Classification/YOLO_Bounding_Box/RingSpot/RingSpot(395).txt,YOLO_Bounding_Box/RingSpot/RingSpot(395).txt,RingSpot(395).txt,RingSpot(395),ringspot(395),.txt,38
label,RingSpot,RingSpot,/content/drive/MyDrive/Papaya_Leaf_Disease_Classification/YOLO_Bounding_Box/RingSpot/RingSpot(396).txt,YOLO_Bounding_Box/RingSpot/RingSpot(396).txt,RingSpot(396).txt,RingSpot(396),ringspot(396),.txt,229
label,RingSpot,RingSpot,/content/drive/MyDrive/Papaya_Leaf_Disease_Classification/YOLO_Bounding_Box/RingSpot/RingSpot(397).txt,YOLO_Bounding_Box/RingSpot/RingSpot(397).txt,RingSpot(397).txt,RingSpot(397),ringspot(397),.txt,135
label,RingSpot,RingSpot,/content/drive/MyDrive/Papaya_Leaf_Disease_Classification/YOLO_Bounding_Box/RingSpot/RingSpot(398).txt,YOLO_Bounding_Box/RingSpot/RingSpot(398).txt,RingSpot(398).txt,RingSpot(398),ringspot(398),.txt,481
label,RingSpot,RingSpot,/content/drive/MyDrive/Papaya_Leaf_Disease_Classification/YOLO_Bounding_Box/RingSpot/RingSpot(399).txt,YOLO_Bounding_Box/RingSpot/RingSpot(399).txt,RingSpot(399).txt,RingSpot(399),ringspot(399),.txt,330
label,RingSpot,RingSpot,/content/drive/MyDrive/Papaya_Leaf_Disease_Classification/YOLO_Bounding_Box/RingSpot/RingSpot(4).txt,YOLO_Bounding_Box/RingSpot/RingSpot(4).txt,RingSpot(4).txt,RingSpot(4),ringspot(4),.txt,271
label,RingSpot,RingSpot,/content/drive/MyDrive/Papaya_Leaf_Disease_Classification/YOLO_Bounding_Box/RingSpot/RingSpot(40).txt,YOLO_Bounding_Box/RingSpot/RingSpot(40).txt,RingSpot(40).txt,RingSpot(40),ringspot(40),.txt,234
label,RingSpot,RingSpot,/content/drive/MyDrive/Papaya_Leaf_Disease_Classification/YOLO_Bounding_Box/RingSpot/RingSpot(400).txt,YOLO_Bounding_Box/RingSpot/RingSpot(400).txt,RingSpot(400).txt,RingSpot(400),ringspot(400),.txt,385
label,RingSpot,RingSpot,/content/drive/MyDrive/Papaya_Leaf_Disease_Classification/YOLO_Bounding_Box/RingSpot/RingSpot(401).txt,YOLO_Bounding_Box/RingSpot/RingSpot(401).txt,RingSpot(401).txt,RingSpot(401),ringspot(401),.txt,132
label,RingSpot,RingSpot,/content/drive/MyDrive/Papaya_Leaf_Disease_Classification/YOLO_Bounding_Box/RingSpot/RingSpot(402).txt,YOLO_Bounding_Box/RingSpot/RingSpot(402).txt,RingSpot(402).txt,RingSpot(402),ringspot(402),.txt,273
label,RingSpot,RingSpot,/content/drive/MyDrive/Papaya_Leaf_Disease_Classification/YOLO_Bounding_Box/RingSpot/RingSpot(403).txt,YOLO_Bounding_Box/RingSpot/RingSpot(403).txt,RingSpot(403).txt,RingSpot(403),ringspot(403),.txt,455
label,RingSpot,RingSpot,/content/drive/MyDrive/Papaya_Leaf_Disease_Classification/YOLO_Bounding_Box/RingSpot/RingSpot(404).txt,YOLO_Bounding_Box/RingSpot/RingSpot(404).txt,RingSpot(404).txt,RingSpot(404),ringspot(404),.txt,48
label,RingSpot,RingSpot,/content/drive/MyDrive/Papaya_Leaf_Disease_Classification/YOLO_Bounding_Box/RingSpot/RingSpot(405).txt,YOLO_Bounding_Box/RingSpot/RingSpot(405).txt,RingSpot(405).txt,RingSpot(405),ringspot(405),.txt,1002
label,RingSpot,RingSpot,/content/drive/MyDrive/Papaya_Leaf_Disease_Classification/YOLO_Bounding_Box/RingSpot/RingSpot(406).txt,YOLO_Bounding_Box/RingSpot/RingSpot(406).txt,RingSpot(406).txt,RingSpot(406),ringspot(406),.txt,569
label,RingSpot,RingSpot,/content/drive/MyDrive/Papaya_Leaf_Disease_Classification/YOLO_Bounding_Box/RingSpot/RingSpot(407).txt,YOLO_Bounding_Box/RingSpot/RingSpot(407).txt,RingSpot(407).txt,RingSpot(407),ringspot(407),.txt,172
label,RingSpot,RingSpot,/content/drive/MyDrive/Papaya_Leaf_Disease_Classification/YOLO_Bounding_Box/RingSpot/RingSpot(408).txt,YOLO_Bounding_Box/RingSpot/RingSpot(408).txt,RingSpot(408).txt,RingSpot(408),ringspot(408),.txt,105
label,RingSpot,RingSpot,/content/drive/MyDrive/Papaya_Leaf_Disease_Classification/YOLO_Bounding_Box/RingSpot/RingSpot(409).txt,YOLO_Bounding_Box/RingSpot/RingSpot(409).txt,RingSpot(409).txt,RingSpot(409),ringspot(409),.txt,115
label,RingSpot,RingSpot,/content/drive/MyDrive/Papaya_Leaf_Disease_Classification/YOLO_Bounding_Box/RingSpot/RingSpot(41).txt,YOLO_Bounding_Box/RingSpot/RingSpot(41).txt,RingSpot(41).txt,RingSpot(41),ringspot(41),.txt,49
label,RingSpot,RingSpot,/content/drive/MyDrive/Papaya_Leaf_Disease_Classification/YOLO_Bounding_Box/RingSpot/RingSpot(410).txt,YOLO_Bounding_Box/RingSpot/RingSpot(410).txt,RingSpot(410).txt,RingSpot(410),ringspot(410),.txt,379
label,RingSpot,RingSpot,/content/drive/MyDrive/Papaya_Leaf_Disease_Classification/YOLO_Bounding_Box/RingSpot/RingSpot(411).txt,YOLO_Bounding_Box/RingSpot/RingSpot(411).txt,RingSpot(411).txt,RingSpot(411),ringspot(411),.txt,205
label,RingSpot,RingSpot,/content/drive/MyDrive/Papaya_Leaf_Disease_Classification/YOLO_Bounding_Box/RingSpot/RingSpot(412).txt,YOLO_Bounding_Box/RingSpot/RingSpot(412).txt,RingSpot(412).txt,RingSpot(412),ringspot(412),.txt,233
label,RingSpot,RingSpot,/content/drive/MyDrive/Papaya_Leaf_Disease_Classification/YOLO_Bounding_Box/RingSpot/RingSpot(413).txt,YOLO_Bounding_Box/RingSpot/RingSpot(413).txt,RingSpot(413).txt,RingSpot(413),ringspot(413),.txt,206
label,RingSpot,RingSpot,/content/drive/MyDrive/Papaya_Leaf_Disease_Classification/YOLO_Bounding_Box/RingSpot/RingSpot(414).txt,YOLO_Bounding_Box/RingSpot/RingSpot(414).txt,RingSpot(414).txt,RingSpot(414),ringspot(414),.txt,572
label,RingSpot,RingSpot,/content/drive/MyDrive/Papaya_Leaf_Disease_Classification/YOLO_Bounding_Box/RingSpot/RingSpot(415).txt,YOLO_Bounding_Box/RingSpot/RingSpot(415).txt,RingSpot(415).txt,RingSpot(415),ringspot(415),.txt,182
label,RingSpot,RingSpot,/content/drive/MyDrive/Papaya_Leaf_Disease_Classification/YOLO_Bounding_Box/RingSpot/RingSpot(416).txt,YOLO_Bounding_Box/RingSpot/RingSpot(416).txt,RingSpot(416).txt,RingSpot(416),ringspot(416),.txt,303
label,RingSpot,RingSpot,/content/drive/MyDrive/Papaya_Leaf_Disease_Classification/YOLO_Bounding_Box/RingSpot/RingSpot(417).txt,YOLO_Bounding_Box/RingSpot/RingSpot(417).txt,RingSpot(417).txt,RingSpot(417),ringspot(417),.txt,323
label,RingSpot,RingSpot,/content/drive/MyDrive/Papaya_Leaf_Disease_Classification/YOLO_Bounding_Box/RingSpot/RingSpot(418).txt,YOLO_Bounding_Box/RingSpot/RingSpot(418).txt,RingSpot(418).txt,RingSpot(418),ringspot(418),.txt,344
label,RingSpot,RingSpot,/content/drive/MyDrive/Papaya_Leaf_Disease_Classification/YOLO_Bounding_Box/RingSpot/RingSpot(419).txt,YOLO_Bounding_Box/RingSpot/RingSpot(419).txt,RingSpot(419).txt,RingSpot(419),ringspot(419),.txt,553
label,RingSpot,RingSpot,/content/drive/MyDrive/Papaya_Leaf_Disease_Classification/YOLO_Bounding_Box/RingSpot/RingSpot(42).txt,YOLO_Bounding_Box/RingSpot/RingSpot(42).txt,RingSpot(42).txt,RingSpot(42),ringspot(42),.txt,248
label,RingSpot,RingSpot,/content/drive/MyDrive/Papaya_Leaf_Disease_Classification/YOLO_Bounding_Box/RingSpot/RingSpot(420).txt,YOLO_Bounding_Box/RingSpot/RingSpot(420).txt,RingSpot(420).txt,RingSpot(420),ringspot(420),.txt,104
label,RingSpot,RingSpot,/content/drive/MyDrive/Papaya_Leaf_Disease_Classification/YOLO_Bounding_Box/RingSpot/RingSpot(421).txt,YOLO_Bounding_Box/RingSpot/RingSpot(421).txt,RingSpot(421).txt,RingSpot(421),ringspot(421),.txt,96
label,RingSpot,RingSpot,/content/drive/MyDrive/Papaya_Leaf_Disease_Classification/YOLO_Bounding_Box/RingSpot/RingSpot(422).txt,YOLO_Bounding_Box/RingSpot/RingSpot(422).txt,RingSpot(422).txt,RingSpot(422),ringspot(422),.txt,51
label,RingSpot,RingSpot,/content/drive/MyDrive/Papaya_Leaf_Disease_Classification/YOLO_Bounding_Box/RingSpot/RingSpot(423).txt,YOLO_Bounding_Box/RingSpot/RingSpot(423).txt,RingSpot(423).txt,RingSpot(423),ringspot(423),.txt,430
label,RingSpot,RingSpot,/content/drive/MyDrive/Papaya_Leaf_Disease_Classification/YOLO_Bounding_Box/RingSpot/RingSpot(424).txt,YOLO_Bounding_Box/RingSpot/RingSpot(424).txt,RingSpot(424).txt,RingSpot(424),ringspot(424),.txt,121
label,RingSpot,RingSpot,/content/drive/MyDrive/Papaya_Leaf_Disease_Classification/YOLO_Bounding_Box/RingSpot/RingSpot(425).txt,YOLO_Bounding_Box/RingSpot/RingSpot(425).txt,RingSpot(425).txt,RingSpot(425),ringspot(425),.txt,321
label,RingSpot,RingSpot,/content/drive/MyDrive/Papaya_Leaf_Disease_Classification/YOLO_Bounding_Box/RingSpot/RingSpot(426).txt,YOLO_Bounding_Box/RingSpot/RingSpot(426).txt,RingSpot(426).txt,RingSpot(426),ringspot(426),.txt,801
label,RingSpot,RingSpot,/content/drive/MyDrive/Papaya_Leaf_Disease_Classification/YOLO_Bounding_Box/RingSpot/RingSpot(427).txt,YOLO_Bounding_Box/RingSpot/RingSpot(427).txt,RingSpot(427).txt,RingSpot(427),ringspot(427),.txt,119
label,RingSpot,RingSpot,/content/drive/MyDrive/Papaya_Leaf_Disease_Classification/YOLO_Bounding_Box/RingSpot/RingSpot(428).txt,YOLO_Bounding_Box/RingSpot/RingSpot(428).txt,RingSpot(428).txt,RingSpot(428),ringspot(428),.txt,325
label,RingSpot,RingSpot,/content/drive/MyDrive/Papaya_Leaf_Disease_Classification/YOLO_Bounding_Box/RingSpot/RingSpot(429).txt,YOLO_Bounding_Box/RingSpot/RingSpot(429).txt,RingSpot(429).txt,RingSpot(429),ringspot(429),.txt,111
label,RingSpot,RingSpot,/content/drive/MyDrive/Papaya_Leaf_Disease_Classification/YOLO_Bounding_Box/RingSpot/RingSpot(43).txt,YOLO_Bounding_Box/RingSpot/RingSpot(43).txt,RingSpot(43).txt,RingSpot(43),ringspot(43),.txt,292
label,RingSpot,RingSpot,/content/drive/MyDrive/Papaya_Leaf_Disease_Classification/YOLO_Bounding_Box/RingSpot/RingSpot(430).txt,YOLO_Bounding_Box/RingSpot/RingSpot(430).txt,RingSpot(430).txt,RingSpot(430),ringspot(430),.txt,58
label,RingSpot,RingSpot,/content/drive/MyDrive/Papaya_Leaf_Disease_Classification/YOLO_Bounding_Box/RingSpot/RingSpot(431).txt,YOLO_Bounding_Box/RingSpot/RingSpot(431).txt,RingSpot(431).txt,RingSpot(431),ringspot(431),.txt,109
label,RingSpot,RingSpot,/content/drive/MyDrive/Papaya_Leaf_Disease_Classification/YOLO_Bounding_Box/RingSpot/RingSpot(432).txt,YOLO_Bounding_Box/RingSpot/RingSpot(432).txt,RingSpot(432).txt,RingSpot(432),ringspot(432),.txt,806
label,RingSpot,RingSpot,/content/drive/MyDrive/Papaya_Leaf_Disease_Classification/YOLO_Bounding_Box/RingSpot/RingSpot(433).txt,YOLO_Bounding_Box/RingSpot/RingSpot(433).txt,RingSpot(433).txt,RingSpot(433),ringspot(433),.txt,340
label,RingSpot,RingSpot,/content/drive/MyDrive/Papaya_Leaf_Disease_Classification/YOLO_Bounding_Box/RingSpot/RingSpot(434).txt,YOLO_Bounding_Box/RingSpot/RingSpot(434).txt,RingSpot(434).txt,RingSpot(434),ringspot(434),.txt,834
label,RingSpot,RingSpot,/content/drive/MyDrive/Papaya_Leaf_Disease_Classification/YOLO_Bounding_Box/RingSpot/RingSpot(435).txt,YOLO_Bounding_Box/RingSpot/RingSpot(435).txt,RingSpot(435).txt,RingSpot(435),ringspot(435),.txt,249
label,RingSpot,RingSpot,/content/drive/MyDrive/Papaya_Leaf_Disease_Classification/YOLO_Bounding_Box/RingSpot/RingSpot(436).txt,YOLO_Bounding_Box/RingSpot/RingSpot(436).txt,RingSpot(436).txt,RingSpot(436),ringspot(436),.txt,214
label,RingSpot,RingSpot,/content/drive/MyDrive/Papaya_Leaf_Disease_Classification/YOLO_Bounding_Box/RingSpot/RingSpot(437).txt,YOLO_Bounding_Box/RingSpot/RingSpot(437).txt,RingSpot(437).txt,RingSpot(437),ringspot(437),.txt,405
label,RingSpot,RingSpot,/content/drive/MyDrive/Papaya_Leaf_Disease_Classification/YOLO_Bounding_Box/RingSpot/RingSpot(438).txt,YOLO_Bounding_Box/RingSpot/RingSpot(438).txt,RingSpot(438).txt,RingSpot(438),ringspot(438),.txt,169
label,RingSpot,RingSpot,/content/drive/MyDrive/Papaya_Leaf_Disease_Classification/YOLO_Bounding_Box/RingSpot/RingSpot(439).txt,YOLO_Bounding_Box/RingSpot/RingSpot(439).txt,RingSpot(439).txt,RingSpot(439),ringspot(439),.txt,920
label,RingSpot,RingSpot,/content/drive/MyDrive/Papaya_Leaf_Disease_Classification/YOLO_Bounding_Box/RingSpot/RingSpot(44).txt,YOLO_Bounding_Box/RingSpot/RingSpot(44).txt,RingSpot(44).txt,RingSpot(44),ringspot(44),.txt,111
label,RingSpot,RingSpot,/content/drive/MyDrive/Papaya_Leaf_Disease_Classification/YOLO_Bounding_Box/RingSpot/RingSpot(440).txt,YOLO_Bounding_Box/RingSpot/RingSpot(440).txt,RingSpot(440).txt,RingSpot(440),ringspot(440),.txt,603
label,RingSpot,RingSpot,/content/drive/MyDrive/Papaya_Leaf_Disease_Classification/YOLO_Bounding_Box/RingSpot/RingSpot(441).txt,YOLO_Bounding_Box/RingSpot/RingSpot(441).txt,RingSpot(441).txt,RingSpot(441),ringspot(441),.txt,267
label,RingSpot,RingSpot,/content/drive/MyDrive/Papaya_Leaf_Disease_Classification/YOLO_Bounding_Box/RingSpot/RingSpot(442).txt,YOLO_Bounding_Box/RingSpot/RingSpot(442).txt,RingSpot(442).txt,RingSpot(442),ringspot(442),.txt,363
label,RingSpot,RingSpot,/content/drive/MyDrive/Papaya_Leaf_Disease_Classification/YOLO_Bounding_Box/RingSpot/RingSpot(443).txt,YOLO_Bounding_Box/RingSpot/RingSpot(443).txt,RingSpot(443).txt,RingSpot(443),ringspot(443),.txt,363
label,RingSpot,RingSpot,/content/drive/MyDrive/Papaya_Leaf_Disease_Classification/YOLO_Bounding_Box/RingSpot/RingSpot(444).txt,YOLO_Bounding_Box/RingSpot/RingSpot(444).txt,RingSpot(444).txt,RingSpot(444),ringspot(444),.txt,336
label,RingSpot,RingSpot,/content/drive/MyDrive/Papaya_Leaf_Disease_Classification/YOLO_Bounding_Box/RingSpot/RingSpot(445).txt,YOLO_Bounding_Box/RingSpot/RingSpot(445).txt,RingSpot(445).txt,RingSpot(445),ringspot(445),.txt,336
label,RingSpot,RingSpot,/content/drive/MyDrive/Papaya_Leaf_Disease_Classification/YOLO_Bounding_Box/RingSpot/RingSpot(446).txt,YOLO_Bounding_Box/RingSpot/RingSpot(446).txt,RingSpot(446).txt,RingSpot(446),ringspot(446),.txt,343
label,RingSpot,RingSpot,/content/drive/MyDrive/Papaya_Leaf_Disease_Classification/YOLO_Bounding_Box/RingSpot/RingSpot(447).txt,YOLO_Bounding_Box/RingSpot/RingSpot(447).txt,RingSpot(447).txt,RingSpot(447),ringspot(447),.txt,343
label,RingSpot,RingSpot,/content/drive/MyDrive/Papaya_Leaf_Disease_Classification/YOLO_Bounding_Box/RingSpot/RingSpot(448).txt,YOLO_Bounding_Box/RingSpot/RingSpot(448).txt,RingSpot(448).txt,RingSpot(448),ringspot(448),.txt,200
label,RingSpot,RingSpot,/content/drive/MyDrive/Papaya_Leaf_Disease_Classification/YOLO_Bounding_Box/RingSpot/RingSpot(449).txt,YOLO_Bounding_Box/RingSpot/RingSpot(449).txt,RingSpot(449).txt,RingSpot(449),ringspot(449),.txt,200
label,RingSpot,RingSpot,/content/drive/MyDrive/Papaya_Leaf_Disease_Classification/YOLO_Bounding_Box/RingSpot/RingSpot(45).txt,YOLO_Bounding_Box/RingSpot/RingSpot(45).txt,RingSpot(45).txt,RingSpot(45),ringspot(45),.txt,193
label,RingSpot,RingSpot,/content/drive/MyDrive/Papaya_Leaf_Disease_Classification/YOLO_Bounding_Box/RingSpot/RingSpot(450).txt,YOLO_Bounding_Box/RingSpot/RingSpot(450).txt,RingSpot(450).txt,RingSpot(450),ringspot(450),.txt,282
label,RingSpot,RingSpot,/content/drive/MyDrive/Papaya_Leaf_Disease_Classification/YOLO_Bounding_Box/RingSpot/RingSpot(451).txt,YOLO_Bounding_Box/RingSpot/RingSpot(451).txt,RingSpot(451).txt,RingSpot(451),ringspot(451),.txt,282
label,RingSpot,RingSpot,/content/drive/MyDrive/Papaya_Leaf_Disease_Classification/YOLO_Bounding_Box/RingSpot/RingSpot(452).txt,YOLO_Bounding_Box/RingSpot/RingSpot(452).txt,RingSpot(452).txt,RingSpot(452),ringspot(452),.txt,483
label,RingSpot,RingSpot,/content/drive/MyDrive/Papaya_Leaf_Disease_Classification/YOLO_Bounding_Box/RingSpot/RingSpot(453).txt,YOLO_Bounding_Box/RingSpot/RingSpot(453).txt,RingSpot(453).txt,RingSpot(453),ringspot(453),.txt,483
label,RingSpot,RingSpot,/content/drive/MyDrive/Papaya_Leaf_Disease_Classification/YOLO_Bounding_Box/RingSpot/RingSpot(454).txt,YOLO_Bounding_Box/RingSpot/RingSpot(454).txt,RingSpot(454).txt,RingSpot(454),ringspot(454),.txt,56
label,RingSpot,RingSpot,/content/drive/MyDrive/Papaya_Leaf_Disease_Classification/YOLO_Bounding_Box/RingSpot/RingSpot(455).txt,YOLO_Bounding_Box/RingSpot/RingSpot(455).txt,RingSpot(455).txt,RingSpot(455),ringspot(455),.txt,2105
label,RingSpot,RingSpot,/content/drive/MyDrive/Papaya_Leaf_Disease_Classification/YOLO_Bounding_Box/RingSpot/RingSpot(456).txt,YOLO_Bounding_Box/RingSpot/RingSpot(456).txt,RingSpot(456).txt,RingSpot(456),ringspot(456),.txt,337
label,RingSpot,RingSpot,/content/drive/MyDrive/Papaya_Leaf_Disease_Classification/YOLO_Bounding_Box/RingSpot/RingSpot(457).txt,YOLO_Bounding_Box/RingSpot/RingSpot(457).txt,RingSpot(457).txt,RingSpot(457),ringspot(457),.txt,109
label,RingSpot,RingSpot,/content/drive/MyDrive/Papaya_Leaf_Disease_Classification/YOLO_Bounding_Box/RingSpot/RingSpot(458).txt,YOLO_Bounding_Box/RingSpot/RingSpot(458).txt,RingSpot(458).txt,RingSpot(458),ringspot(458),.txt,46
label,RingSpot,RingSpot,/content/drive/MyDrive/Papaya_Leaf_Disease_Classification/YOLO_Bounding_Box/RingSpot/RingSpot(459).txt,YOLO_Bounding_Box/RingSpot/RingSpot(459).txt,RingSpot(459).txt,RingSpot(459),ringspot(459),.txt,43
label,RingSpot,RingSpot,/content/drive/MyDrive/Papaya_Leaf_Disease_Classification/YOLO_Bounding_Box/RingSpot/RingSpot(46).txt,YOLO_Bounding_Box/RingSpot/RingSpot(46).txt,RingSpot(46).txt,RingSpot(46),ringspot(46),.txt,58
label,RingSpot,RingSpot,/content/drive/MyDrive/Papaya_Leaf_Disease_Classification/YOLO_Bounding_Box/RingSpot/RingSpot(460).txt,YOLO_Bounding_Box/RingSpot/RingSpot(460).txt,RingSpot(460).txt,RingSpot(460),ringspot(460),.txt,43
label,RingSpot,RingSpot,/content/drive/MyDrive/Papaya_Leaf_Disease_Classification/YOLO_Bounding_Box/RingSpot/RingSpot(461).txt,YOLO_Bounding_Box/RingSpot/RingSpot(461).txt,RingSpot(461).txt,RingSpot(461),ringspot(461),.txt,60
label,RingSpot,RingSpot,/content/drive/MyDrive/Papaya_Leaf_Disease_Classification/YOLO_Bounding_Box/RingSpot/RingSpot(462).txt,YOLO_Bounding_Box/RingSpot/RingSpot(462).txt,RingSpot(462).txt,RingSpot(462),ringspot(462),.txt,60
label,RingSpot,RingSpot,/content/drive/MyDrive/Papaya_Leaf_Disease_Classification/YOLO_Bounding_Box/RingSpot/RingSpot(463).txt,YOLO_Bounding_Box/RingSpot/RingSpot(463).txt,RingSpot(463).txt,RingSpot(463),ringspot(463),.txt,334
label,RingSpot,RingSpot,/content/drive/MyDrive/Papaya_Leaf_Disease_Classification/YOLO_Bounding_Box/RingSpot/RingSpot(464).txt,YOLO_Bounding_Box/RingSpot/RingSpot(464).txt,RingSpot(464).txt,RingSpot(464),ringspot(464),.txt,334
label,RingSpot,RingSpot,/content/drive/MyDrive/Papaya_Leaf_Disease_Classification/YOLO_Bounding_Box/RingSpot/RingSpot(465).txt,YOLO_Bounding_Box/RingSpot/RingSpot(465).txt,RingSpot(465).txt,RingSpot(465),ringspot(465),.txt,49
label,RingSpot,RingSpot,/content/drive/MyDrive/Papaya_Leaf_Disease_Classification/YOLO_Bounding_Box/RingSpot/RingSpot(466).txt,YOLO_Bounding_Box/RingSpot/RingSpot(466).txt,RingSpot(466).txt,RingSpot(466),ringspot(466),.txt,49
label,RingSpot,RingSpot,/content/drive/MyDrive/Papaya_Leaf_Disease_Classification/YOLO_Bounding_Box/RingSpot/RingSpot(467).txt,YOLO_Bounding_Box/RingSpot/RingSpot(467).txt,RingSpot(467).txt,RingSpot(467),ringspot(467),.txt,114
label,RingSpot,RingSpot,/content/drive/MyDrive/Papaya_Leaf_Disease_Classification/YOLO_Bounding_Box/RingSpot/RingSpot(468).txt,YOLO_Bounding_Box/RingSpot/RingSpot(468).txt,RingSpot(468).txt,RingSpot(468),ringspot(468),.txt,115
label,RingSpot,RingSpot,/content/drive/MyDrive/Papaya_Leaf_Disease_Classification/YOLO_Bounding_Box/RingSpot/RingSpot(469).txt,YOLO_Bounding_Box/RingSpot/RingSpot(469).txt,RingSpot(469).txt,RingSpot(469),ringspot(469),.txt,236
label,RingSpot,RingSpot,/content/drive/MyDrive/Papaya_Leaf_Disease_Classification/YOLO_Bounding_Box/RingSpot/RingSpot(47).txt,YOLO_Bounding_Box/RingSpot/RingSpot(47).txt,RingSpot(47).txt,RingSpot(47),ringspot(47),.txt,218
label,RingSpot,RingSpot,/content/drive/MyDrive/Papaya_Leaf_Disease_Classification/YOLO_Bounding_Box/RingSpot/RingSpot(470).txt,YOLO_Bounding_Box/RingSpot/RingSpot(470).txt,RingSpot(470).txt,RingSpot(470),ringspot(470),.txt,236
label,RingSpot,RingSpot,/content/drive/MyDrive/Papaya_Leaf_Disease_Classification/YOLO_Bounding_Box/RingSpot/RingSpot(471).txt,YOLO_Bounding_Box/RingSpot/RingSpot(471).txt,RingSpot(471).txt,RingSpot(471),ringspot(471),.txt,342
label,RingSpot,RingSpot,/content/drive/MyDrive/Papaya_Leaf_Disease_Classification/YOLO_Bounding_Box/RingSpot/RingSpot(472).txt,YOLO_Bounding_Box/RingSpot/RingSpot(472).txt,RingSpot(472).txt,RingSpot(472),ringspot(472),.txt,159
label,RingSpot,RingSpot,/content/drive/MyDrive/Papaya_Leaf_Disease_Classification/YOLO_Bounding_Box/RingSpot/RingSpot(473).txt,YOLO_Bounding_Box/RingSpot/RingSpot(473).txt,RingSpot(473).txt,RingSpot(473),ringspot(473),.txt,289
label,RingSpot,RingSpot,/content/drive/MyDrive/Papaya_Leaf_Disease_Classification/YOLO_Bounding_Box/RingSpot/RingSpot(474).txt,YOLO_Bounding_Box/RingSpot/RingSpot(474).txt,RingSpot(474).txt,RingSpot(474),ringspot(474),.txt,289
label,RingSpot,RingSpot,/content/drive/MyDrive/Papaya_Leaf_Disease_Classification/YOLO_Bounding_Box/RingSpot/RingSpot(475).txt,YOLO_Bounding_Box/RingSpot/RingSpot(475).txt,RingSpot(475).txt,RingSpot(475),ringspot(475),.txt,245
label,RingSpot,RingSpot,/content/drive/MyDrive/Papaya_Leaf_Disease_Classification/YOLO_Bounding_Box/RingSpot/RingSpot(476).txt,YOLO_Bounding_Box/RingSpot/RingSpot(476).txt,RingSpot(476).txt,RingSpot(476),ringspot(476),.txt,245
label,RingSpot,RingSpot,/content/drive/MyDrive/Papaya_Leaf_Disease_Classification/YOLO_Bounding_Box/RingSpot/RingSpot(477).txt,YOLO_Bounding_Box/RingSpot/RingSpot(477).txt,RingSpot(477).txt,RingSpot(477),ringspot(477),.txt,162
label,RingSpot,RingSpot,/content/drive/MyDrive/Papaya_Leaf_Disease_Classification/YOLO_Bounding_Box/RingSpot/RingSpot(478).txt,YOLO_Bounding_Box/RingSpot/RingSpot(478).txt,RingSpot(478).txt,RingSpot(478),ringspot(478),.txt,503
label,RingSpot,RingSpot,/content/drive/MyDrive/Papaya_Leaf_Disease_Classification/YOLO_Bounding_Box/RingSpot/RingSpot(479).txt,YOLO_Bounding_Box/RingSpot/RingSpot(479).txt,RingSpot(479).txt,RingSpot(479),ringspot(479),.txt,503
label,RingSpot,RingSpot,/content/drive/MyDrive/Papaya_Leaf_Disease_Classification/YOLO_Bounding_Box/RingSpot/RingSpot(48).txt,YOLO_Bounding_Box/RingSpot/RingSpot(48).txt,RingSpot(48).txt,RingSpot(48),ringspot(48),.txt,108
label,RingSpot,RingSpot,/content/drive/MyDrive/Papaya_Leaf_Disease_Classification/YOLO_Bounding_Box/RingSpot/RingSpot(480).txt,YOLO_Bounding_Box/RingSpot/RingSpot(480).txt,RingSpot(480).txt,RingSpot(480),ringspot(480),.txt,261
label,RingSpot,RingSpot,/content/drive/MyDrive/Papaya_Leaf_Disease_Classification/YOLO_Bounding_Box/RingSpot/RingSpot(481).txt,YOLO_Bounding_Box/RingSpot/RingSpot(481).txt,RingSpot(481).txt,RingSpot(481),ringspot(481),.txt,261
label,RingSpot,RingSpot,/content/drive/MyDrive/Papaya_Leaf_Disease_Classification/YOLO_Bounding_Box/RingSpot/RingSpot(482).txt,YOLO_Bounding_Box/RingSpot/RingSpot(482).txt,RingSpot(482).txt,RingSpot(482),ringspot(482),.txt,202
label,RingSpot,RingSpot,/content/drive/MyDrive/Papaya_Leaf_Disease_Classification/YOLO_Bounding_Box/RingSpot/RingSpot(483).txt,YOLO_Bounding_Box/RingSpot/RingSpot(483).txt,RingSpot(483).txt,RingSpot(483),ringspot(483),.txt,202
label,RingSpot,RingSpot,/content/drive/MyDrive/Papaya_Leaf_Disease_Classification/YOLO_Bounding_Box/RingSpot/RingSpot(484).txt,YOLO_Bounding_Box/RingSpot/RingSpot(484).txt,RingSpot(484).txt,RingSpot(484),ringspot(484),.txt,50
label,RingSpot,RingSpot,/content/drive/MyDrive/Papaya_Leaf_Disease_Classification/YOLO_Bounding_Box/RingSpot/RingSpot(485).txt,YOLO_Bounding_Box/RingSpot/RingSpot(485).txt,RingSpot(485).txt,RingSpot(485),ringspot(485),.txt,50
label,RingSpot,RingSpot,/content/drive/MyDrive/Papaya_Leaf_Disease_Classification/YOLO_Bounding_Box/RingSpot/RingSpot(486).txt,YOLO_Bounding_Box/RingSpot/RingSpot(486).txt,RingSpot(486).txt,RingSpot(486),ringspot(486),.txt,234
label,RingSpot,RingSpot,/content/drive/MyDrive/Papaya_Leaf_Disease_Classification/YOLO_Bounding_Box/RingSpot/RingSpot(487).txt,YOLO_Bounding_Box/RingSpot/RingSpot(487).txt,RingSpot(487).txt,RingSpot(487),ringspot(487),.txt,234
label,RingSpot,RingSpot,/content/drive/MyDrive/Papaya_Leaf_Disease_Classification/YOLO_Bounding_Box/RingSpot/RingSpot(488).txt,YOLO_Bounding_Box/RingSpot/RingSpot(488).txt,RingSpot(488).txt,RingSpot(488),ringspot(488),.txt,108
label,RingSpot,RingSpot,/content/drive/MyDrive/Papaya_Leaf_Disease_Classification/YOLO_Bounding_Box/RingSpot/RingSpot(489).txt,YOLO_Bounding_Box/RingSpot/RingSpot(489).txt,RingSpot(489).txt,RingSpot(489),ringspot(489),.txt,108
label,RingSpot,RingSpot,/content/drive/MyDrive/Papaya_Leaf_Disease_Classification/YOLO_Bounding_Box/RingSpot/RingSpot(49).txt,YOLO_Bounding_Box/RingSpot/RingSpot(49).txt,RingSpot(49).txt,RingSpot(49),ringspot(49),.txt,559
label,RingSpot,RingSpot,/content/drive/MyDrive/Papaya_Leaf_Disease_Classification/YOLO_Bounding_Box/RingSpot/RingSpot(490).txt,YOLO_Bounding_Box/RingSpot/RingSpot(490).txt,RingSpot(490).txt,RingSpot(490),ringspot(490),.txt,37
label,RingSpot,RingSpot,/content/drive/MyDrive/Papaya_Leaf_Disease_Classification/YOLO_Bounding_Box/RingSpot/RingSpot(491).txt,YOLO_Bounding_Box/RingSpot/RingSpot(491).txt,RingSpot(491).txt,RingSpot(491),ringspot(491),.txt,47
label,RingSpot,RingSpot,/content/drive/MyDrive/Papaya_Leaf_Disease_Classification/YOLO_Bounding_Box/RingSpot/RingSpot(492).txt,YOLO_Bounding_Box/RingSpot/RingSpot(492).txt,RingSpot(492).txt,RingSpot(492),ringspot(492),.txt,157
label,RingSpot,RingSpot,/content/drive/MyDrive/Papaya_Leaf_Disease_Classification/YOLO_Bounding_Box/RingSpot/RingSpot(493).txt,YOLO_Bounding_Box/RingSpot/RingSpot(493).txt,RingSpot(493).txt,RingSpot(493),ringspot(493),.txt,157
label,RingSpot,RingSpot,/content/drive/MyDrive/Papaya_Leaf_Disease_Classification/YOLO_Bounding_Box/RingSpot/RingSpot(494).txt,YOLO_Bounding_Box/RingSpot/RingSpot(494).txt,RingSpot(494).txt,RingSpot(494),ringspot(494),.txt,168
label,RingSpot,RingSpot,/content/drive/MyDrive/Papaya_Leaf_Disease_Classification/YOLO_Bounding_Box/RingSpot/RingSpot(495).txt,YOLO_Bounding_Box/RingSpot/RingSpot(495).txt,RingSpot(495).txt,RingSpot(495),ringspot(495),.txt,168
label,RingSpot,RingSpot,/content/drive/MyDrive/Papaya_Leaf_Disease_Classification/YOLO_Bounding_Box/RingSpot/RingSpot(496).txt,YOLO_Bounding_Box/RingSpot/RingSpot(496).txt,RingSpot(496).txt,RingSpot(496),ringspot(496),.txt,121
label,RingSpot,RingSpot,/content/drive/MyDrive/Papaya_Leaf_Disease_Classification/YOLO_Bounding_Box/RingSpot/RingSpot(497).txt,YOLO_Bounding_Box/RingSpot/RingSpot(497).txt,RingSpot(497).txt,RingSpot(497),ringspot(497),.txt,181
label,RingSpot,RingSpot,/content/drive/MyDrive/Papaya_Leaf_Disease_Classification/YOLO_Bounding_Box/RingSpot/RingSpot(498).txt,YOLO_Bounding_Box/RingSpot/RingSpot(498).txt,RingSpot(498).txt,RingSpot(498),ringspot(498),.txt,181
label,RingSpot,RingSpot,/content/drive/MyDrive/Papaya_Leaf_Disease_Classification/YOLO_Bounding_Box/RingSpot/RingSpot(499).txt,YOLO_Bounding_Box/RingSpot/RingSpot(499).txt,RingSpot(499).txt,RingSpot(499),ringspot(499),.txt,121
label,RingSpot,RingSpot,/content/drive/MyDrive/Papaya_Leaf_Disease_Classification/YOLO_Bounding_Box/RingSpot/RingSpot(5).txt,YOLO_Bounding_Box/RingSpot/RingSpot(5).txt,RingSpot(5).txt,RingSpot(5),ringspot(5),.txt,414
label,RingSpot,RingSpot,/content/drive/MyDrive/Papaya_Leaf_Disease_Classification/YOLO_Bounding_Box/RingSpot/RingSpot(50).txt,YOLO_Bounding_Box/RingSpot/RingSpot(50).txt,RingSpot(50).txt,RingSpot(50),ringspot(50),.txt,531
label,RingSpot,RingSpot,/content/drive/MyDrive/Papaya_Leaf_Disease_Classification/YOLO_Bounding_Box/RingSpot/RingSpot(500).txt,YOLO_Bounding_Box/RingSpot/RingSpot(500).txt,RingSpot(500).txt,RingSpot(500),ringspot(500),.txt,121
label,RingSpot,RingSpot,/content/drive/MyDrive/Papaya_Leaf_Disease_Classification/YOLO_Bounding_Box/RingSpot/RingSpot(501).txt,YOLO_Bounding_Box/RingSpot/RingSpot(501).txt,RingSpot(501).txt,RingSpot(501),ringspot(501),.txt,234
label,RingSpot,RingSpot,/content/drive/MyDrive/Papaya_Leaf_Disease_Classification/YOLO_Bounding_Box/RingSpot/RingSpot(502).txt,YOLO_Bounding_Box/RingSpot/RingSpot(502).txt,RingSpot(502).txt,RingSpot(502),ringspot(502),.txt,234
label,RingSpot,RingSpot,/content/drive/MyDrive/Papaya_Leaf_Disease_Classification/YOLO_Bounding_Box/RingSpot/RingSpot(503).txt,YOLO_Bounding_Box/RingSpot/RingSpot(503).txt,RingSpot(503).txt,RingSpot(503),ringspot(503),.txt,268
label,RingSpot,RingSpot,/content/drive/MyDrive/Papaya_Leaf_Disease_Classification/YOLO_Bounding_Box/RingSpot/RingSpot(504).txt,YOLO_Bounding_Box/RingSpot/RingSpot(504).txt,RingSpot(504).txt,RingSpot(504),ringspot(504),.txt,268
label,RingSpot,RingSpot,/content/drive/MyDrive/Papaya_Leaf_Disease_Classification/YOLO_Bounding_Box/RingSpot/RingSpot(505).txt,YOLO_Bounding_Box/RingSpot/RingSpot(505).txt,RingSpot(505).txt,RingSpot(505),ringspot(505),.txt,46
label,RingSpot,RingSpot,/content/drive/MyDrive/Papaya_Leaf_Disease_Classification/YOLO_Bounding_Box/RingSpot/RingSpot(506).txt,YOLO_Bounding_Box/RingSpot/RingSpot(506).txt,RingSpot(506).txt,RingSpot(506),ringspot(506),.txt,46
label,RingSpot,RingSpot,/content/drive/MyDrive/Papaya_Leaf_Disease_Classification/YOLO_Bounding_Box/RingSpot/RingSpot(507).txt,YOLO_Bounding_Box/RingSpot/RingSpot(507).txt,RingSpot(507).txt,RingSpot(507),ringspot(507),.txt,311
label,RingSpot,RingSpot,/content/drive/MyDrive/Papaya_Leaf_Disease_Classification/YOLO_Bounding_Box/RingSpot/RingSpot(508).txt,YOLO_Bounding_Box/RingSpot/RingSpot(508).txt,RingSpot(508).txt,RingSpot(508),ringspot(508),.txt,311
label,RingSpot,RingSpot,/content/drive/MyDrive/Papaya_Leaf_Disease_Classification/YOLO_Bounding_Box/RingSpot/RingSpot(509).txt,YOLO_Bounding_Box/RingSpot/RingSpot(509).txt,RingSpot(509).txt,RingSpot(509),ringspot(509),.txt,61
label,RingSpot,RingSpot,/content/drive/MyDrive/Papaya_Leaf_Disease_Classification/YOLO_Bounding_Box/RingSpot/RingSpot(51).txt,YOLO_Bounding_Box/RingSpot/RingSpot(51).txt,RingSpot(51).txt,RingSpot(51),ringspot(51),.txt,346
label,RingSpot,RingSpot,/content/drive/MyDrive/Papaya_Leaf_Disease_Classification/YOLO_Bounding_Box/RingSpot/RingSpot(510).txt,YOLO_Bounding_Box/RingSpot/RingSpot(510).txt,RingSpot(510).txt,RingSpot(510),ringspot(510),.txt,173
label,RingSpot,RingSpot,/content/drive/MyDrive/Papaya_Leaf_Disease_Classification/YOLO_Bounding_Box/RingSpot/RingSpot(511).txt,YOLO_Bounding_Box/RingSpot/RingSpot(511).txt,RingSpot(511).txt,RingSpot(511),ringspot(511),.txt,49
label,RingSpot,RingSpot,/content/drive/MyDrive/Papaya_Leaf_Disease_Classification/YOLO_Bounding_Box/RingSpot/RingSpot(512).txt,YOLO_Bounding_Box/RingSpot/RingSpot(512).txt,RingSpot(512).txt,RingSpot(512),ringspot(512),.txt,49
label,RingSpot,RingSpot,/content/drive/MyDrive/Papaya_Leaf_Disease_Classification/YOLO_Bounding_Box/RingSpot/RingSpot(513).txt,YOLO_Bounding_Box/RingSpot/RingSpot(513).txt,RingSpot(513).txt,RingSpot(513),ringspot(513),.txt,170
label,RingSpot,RingSpot,/content/drive/MyDrive/Papaya_Leaf_Disease_Classification/YOLO_Bounding_Box/RingSpot/RingSpot(514).txt,YOLO_Bounding_Box/RingSpot/RingSpot(514).txt,RingSpot(514).txt,RingSpot(514),ringspot(514),.txt,170
label,RingSpot,RingSpot,/content/drive/MyDrive/Papaya_Leaf_Disease_Classification/YOLO_Bounding_Box/RingSpot/RingSpot(515).txt,YOLO_Bounding_Box/RingSpot/RingSpot(515).txt,RingSpot(515).txt,RingSpot(515),ringspot(515),.txt,1687
label,RingSpot,RingSpot,/content/drive/MyDrive/Papaya_Leaf_Disease_Classification/YOLO_Bounding_Box/RingSpot/RingSpot(516).txt,YOLO_Bounding_Box/RingSpot/RingSpot(516).txt,RingSpot(516).txt,RingSpot(516),ringspot(516),.txt,259
label,RingSpot,RingSpot,/content/drive/MyDrive/Papaya_Leaf_Disease_Classification/YOLO_Bounding_Box/RingSpot/RingSpot(517).txt,YOLO_Bounding_Box/RingSpot/RingSpot(517).txt,RingSpot(517).txt,RingSpot(517),ringspot(517),.txt,259
label,RingSpot,RingSpot,/content/drive/MyDrive/Papaya_Leaf_Disease_Classification/YOLO_Bounding_Box/RingSpot/RingSpot(518).txt,YOLO_Bounding_Box/RingSpot/RingSpot(518).txt,RingSpot(518).txt,RingSpot(518),ringspot(518),.txt,388
label,RingSpot,RingSpot,/content/drive/MyDrive/Papaya_Leaf_Disease_Classification/YOLO_Bounding_Box/RingSpot/RingSpot(519).txt,YOLO_Bounding_Box/RingSpot/RingSpot(519).txt,RingSpot(519).txt,RingSpot(519),ringspot(519),.txt,388
label,RingSpot,RingSpot,/content/drive/MyDrive/Papaya_Leaf_Disease_Classification/YOLO_Bounding_Box/RingSpot/RingSpot(52).txt,YOLO_Bounding_Box/RingSpot/RingSpot(52).txt,RingSpot(52).txt,RingSpot(52),ringspot(52),.txt,590
label,RingSpot,RingSpot,/content/drive/MyDrive/Papaya_Leaf_Disease_Classification/YOLO_Bounding_Box/RingSpot/RingSpot(520).txt,YOLO_Bounding_Box/RingSpot/RingSpot(520).txt,RingSpot(520).txt,RingSpot(520),ringspot(520),.txt,156
label,RingSpot,RingSpot,/content/drive/MyDrive/Papaya_Leaf_Disease_Classification/YOLO_Bounding_Box/RingSpot/RingSpot(521).txt,YOLO_Bounding_Box/RingSpot/RingSpot(521).txt,RingSpot(521).txt,RingSpot(521),ringspot(521),.txt,156
label,RingSpot,RingSpot,/content/drive/MyDrive/Papaya_Leaf_Disease_Classification/YOLO_Bounding_Box/RingSpot/RingSpot(522).txt,YOLO_Bounding_Box/RingSpot/RingSpot(522).txt,RingSpot(522).txt,RingSpot(522),ringspot(522),.txt,217
label,RingSpot,RingSpot,/content/drive/MyDrive/Papaya_Leaf_Disease_Classification/YOLO_Bounding_Box/RingSpot/RingSpot(523).txt,YOLO_Bounding_Box/RingSpot/RingSpot(523).txt,RingSpot(523).txt,RingSpot(523),ringspot(523),.txt,217
label,RingSpot,RingSpot,/content/drive/MyDrive/Papaya_Leaf_Disease_Classification/YOLO_Bounding_Box/RingSpot/RingSpot(524).txt,YOLO_Bounding_Box/RingSpot/RingSpot(524).txt,RingSpot(524).txt,RingSpot(524),ringspot(524),.txt,311
label,RingSpot,RingSpot,/content/drive/MyDrive/Papaya_Leaf_Disease_Classification/YOLO_Bounding_Box/RingSpot/RingSpot(525).txt,YOLO_Bounding_Box/RingSpot/RingSpot(525).txt,RingSpot(525).txt,RingSpot(525),ringspot(525),.txt,311
label,RingSpot,RingSpot,/content/drive/MyDrive/Papaya_Leaf_Disease_Classification/YOLO_Bounding_Box/RingSpot/RingSpot(526).txt,YOLO_Bounding_Box/RingSpot/RingSpot(526).txt,RingSpot(526).txt,RingSpot(526),ringspot(526),.txt,1092
label,RingSpot,RingSpot,/content/drive/MyDrive/Papaya_Leaf_Disease_Classification/YOLO_Bounding_Box/RingSpot/RingSpot(527).txt,YOLO_Bounding_Box/RingSpot/RingSpot(527).txt,RingSpot(527).txt,RingSpot(527),ringspot(527),.txt,1092
label,RingSpot,RingSpot,/content/drive/MyDrive/Papaya_Leaf_Disease_Classification/YOLO_Bounding_Box/RingSpot/RingSpot(528).txt,YOLO_Bounding_Box/RingSpot/RingSpot(528).txt,RingSpot(528).txt,RingSpot(528),ringspot(528),.txt,853
label,RingSpot,RingSpot,/content/drive/MyDrive/Papaya_Leaf_Disease_Classification/YOLO_Bounding_Box/RingSpot/RingSpot(529).txt,YOLO_Bounding_Box/RingSpot/RingSpot(529).txt,RingSpot(529).txt,RingSpot(529),ringspot(529),.txt,146
label,RingSpot,RingSpot,/content/drive/MyDrive/Papaya_Leaf_Disease_Classification/YOLO_Bounding_Box/RingSpot/RingSpot(53).txt,YOLO_Bounding_Box/RingSpot/RingSpot(53).txt,RingSpot(53).txt,RingSpot(53),ringspot(53),.txt,578
label,RingSpot,RingSpot,/content/drive/MyDrive/Papaya_Leaf_Disease_Classification/YOLO_Bounding_Box/RingSpot/RingSpot(530).txt,YOLO_Bounding_Box/RingSpot/RingSpot(530).txt,RingSpot(530).txt,RingSpot(530),ringspot(530),.txt,130
label,RingSpot,RingSpot,/content/drive/MyDrive/Papaya_Leaf_Disease_Classification/YOLO_Bounding_Box/RingSpot/RingSpot(531).txt,YOLO_Bounding_Box/RingSpot/RingSpot(531).txt,RingSpot(531).txt,RingSpot(531),ringspot(531),.txt,130
label,RingSpot,RingSpot,/content/drive/MyDrive/Papaya_Leaf_Disease_Classification/YOLO_Bounding_Box/RingSpot/RingSpot(532).txt,YOLO_Bounding_Box/RingSpot/RingSpot(532).txt,RingSpot(532).txt,RingSpot(532),ringspot(532),.txt,644
label,RingSpot,RingSpot,/content/drive/MyDrive/Papaya_Leaf_Disease_Classification/YOLO_Bounding_Box/RingSpot/RingSpot(533).txt,YOLO_Bounding_Box/RingSpot/RingSpot(533).txt,RingSpot(533).txt,RingSpot(533),ringspot(533),.txt,644
label,RingSpot,RingSpot,/content/drive/MyDrive/Papaya_Leaf_Disease_Classification/YOLO_Bounding_Box/RingSpot/RingSpot(54).txt,YOLO_Bounding_Box/RingSpot/RingSpot(54).txt,RingSpot(54).txt,RingSpot(54),ringspot(54),.txt,493
label,RingSpot,RingSpot,/content/drive/MyDrive/Papaya_Leaf_Disease_Classification/YOLO_Bounding_Box/RingSpot/RingSpot(55).txt,YOLO_Bounding_Box/RingSpot/RingSpot(55).txt,RingSpot(55).txt,RingSpot(55),ringspot(55),.txt,189
label,RingSpot,RingSpot,/content/drive/MyDrive/Papaya_Leaf_Disease_Classification/YOLO_Bounding_Box/RingSpot/RingSpot(56).txt,YOLO_Bounding_Box/RingSpot/RingSpot(56).txt,RingSpot(56).txt,RingSpot(56),ringspot(56),.txt,662
label,RingSpot,RingSpot,/content/drive/MyDrive/Papaya_Leaf_Disease_Classification/YOLO_Bounding_Box/RingSpot/RingSpot(57).txt,YOLO_Bounding_Box/RingSpot/RingSpot(57).txt,RingSpot(57).txt,RingSpot(57),ringspot(57),.txt,326
label,RingSpot,RingSpot,/content/drive/MyDrive/Papaya_Leaf_Disease_Classification/YOLO_Bounding_Box/RingSpot/RingSpot(58).txt,YOLO_Bounding_Box/RingSpot/RingSpot(58).txt,RingSpot(58).txt,RingSpot(58),ringspot(58),.txt,173
label,RingSpot,RingSpot,/content/drive/MyDrive/Papaya_Leaf_Disease_Classification/YOLO_Bounding_Box/RingSpot/RingSpot(59).txt,YOLO_Bounding_Box/RingSpot/RingSpot(59).txt,RingSpot(59).txt,RingSpot(59),ringspot(59),.txt,663
label,RingSpot,RingSpot,/content/drive/MyDrive/Papaya_Leaf_Disease_Classification/YOLO_Bounding_Box/RingSpot/RingSpot(6).txt,YOLO_Bounding_Box/RingSpot/RingSpot(6).txt,RingSpot(6).txt,RingSpot(6),ringspot(6),.txt,161
label,RingSpot,RingSpot,/content/drive/MyDrive/Papaya_Leaf_Disease_Classification/YOLO_Bounding_Box/RingSpot/RingSpot(60).txt,YOLO_Bounding_Box/RingSpot/RingSpot(60).txt,RingSpot(60).txt,RingSpot(60),ringspot(60),.txt,577
label,RingSpot,RingSpot,/content/drive/MyDrive/Papaya_Leaf_Disease_Classification/YOLO_Bounding_Box/RingSpot/RingSpot(61).txt,YOLO_Bounding_Box/RingSpot/RingSpot(61).txt,RingSpot(61).txt,RingSpot(61),ringspot(61),.txt,212
label,RingSpot,RingSpot,/content/drive/MyDrive/Papaya_Leaf_Disease_Classification/YOLO_Bounding_Box/RingSpot/RingSpot(62).txt,YOLO_Bounding_Box/RingSpot/RingSpot(62).txt,RingSpot(62).txt,RingSpot(62),ringspot(62),.txt,220
label,RingSpot,RingSpot,/content/drive/MyDrive/Papaya_Leaf_Disease_Classification/YOLO_Bounding_Box/RingSpot/RingSpot(63).txt,YOLO_Bounding_Box/RingSpot/RingSpot(63).txt,RingSpot(63).txt,RingSpot(63),ringspot(63),.txt,110
label,RingSpot,RingSpot,/content/drive/MyDrive/Papaya_Leaf_Disease_Classification/YOLO_Bounding_Box/RingSpot/RingSpot(64).txt,YOLO_Bounding_Box/RingSpot/RingSpot(64).txt,RingSpot(64).txt,RingSpot(64),ringspot(64),.txt,106
label,RingSpot,RingSpot,/content/drive/MyDrive/Papaya_Leaf_Disease_Classification/YOLO_Bounding_Box/RingSpot/RingSpot(65).txt,YOLO_Bounding_Box/RingSpot/RingSpot(65).txt,RingSpot(65).txt,RingSpot(65),ringspot(65),.txt,348
label,RingSpot,RingSpot,/content/drive/MyDrive/Papaya_Leaf_Disease_Classification/YOLO_Bounding_Box/RingSpot/RingSpot(66).txt,YOLO_Bounding_Box/RingSpot/RingSpot(66).txt,RingSpot(66).txt,RingSpot(66),ringspot(66),.txt,406
label,RingSpot,RingSpot,/content/drive/MyDrive/Papaya_Leaf_Disease_Classification/YOLO_Bounding_Box/RingSpot/RingSpot(67).txt,YOLO_Bounding_Box/RingSpot/RingSpot(67).txt,RingSpot(67).txt,RingSpot(67),ringspot(67),.txt,46
label,RingSpot,RingSpot,/content/drive/MyDrive/Papaya_Leaf_Disease_Classification/YOLO_Bounding_Box/RingSpot/RingSpot(68).txt,YOLO_Bounding_Box/RingSpot/RingSpot(68).txt,RingSpot(68).txt,RingSpot(68),ringspot(68),.txt,355
label,RingSpot,RingSpot,/content/drive/MyDrive/Papaya_Leaf_Disease_Classification/YOLO_Bounding_Box/RingSpot/RingSpot(69).txt,YOLO_Bounding_Box/RingSpot/RingSpot(69).txt,RingSpot(69).txt,RingSpot(69),ringspot(69),.txt,204
label,RingSpot,RingSpot,/content/drive/MyDrive/Papaya_Leaf_Disease_Classification/YOLO_Bounding_Box/RingSpot/RingSpot(7).txt,YOLO_Bounding_Box/RingSpot/RingSpot(7).txt,RingSpot(7).txt,RingSpot(7),ringspot(7),.txt,354
label,RingSpot,RingSpot,/content/drive/MyDrive/Papaya_Leaf_Disease_Classification/YOLO_Bounding_Box/RingSpot/RingSpot(70).txt,YOLO_Bounding_Box/RingSpot/RingSpot(70).txt,RingSpot(70).txt,RingSpot(70),ringspot(70),.txt,206
label,RingSpot,RingSpot,/content/drive/MyDrive/Papaya_Leaf_Disease_Classification/YOLO_Bounding_Box/RingSpot/RingSpot(71).txt,YOLO_Bounding_Box/RingSpot/RingSpot(71).txt,RingSpot(71).txt,RingSpot(71),ringspot(71),.txt,160
label,RingSpot,RingSpot,/content/drive/MyDrive/Papaya_Leaf_Disease_Classification/YOLO_Bounding_Box/RingSpot/RingSpot(72).txt,YOLO_Bounding_Box/RingSpot/RingSpot(72).txt,RingSpot(72).txt,RingSpot(72),ringspot(72),.txt,366
label,RingSpot,RingSpot,/content/drive/MyDrive/Papaya_Leaf_Disease_Classification/YOLO_Bounding_Box/RingSpot/RingSpot(73).txt,YOLO_Bounding_Box/RingSpot/RingSpot(73).txt,RingSpot(73).txt,RingSpot(73),ringspot(73),.txt,147
label,RingSpot,RingSpot,/content/drive/MyDrive/Papaya_Leaf_Disease_Classification/YOLO_Bounding_Box/RingSpot/RingSpot(74).txt,YOLO_Bounding_Box/RingSpot/RingSpot(74).txt,RingSpot(74).txt,RingSpot(74),ringspot(74),.txt,161
label,RingSpot,RingSpot,/content/drive/MyDrive/Papaya_Leaf_Disease_Classification/YOLO_Bounding_Box/RingSpot/RingSpot(75).txt,YOLO_Bounding_Box/RingSpot/RingSpot(75).txt,RingSpot(75).txt,RingSpot(75),ringspot(75),.txt,159
label,RingSpot,RingSpot,/content/drive/MyDrive/Papaya_Leaf_Disease_Classification/YOLO_Bounding_Box/RingSpot/RingSpot(76).txt,YOLO_Bounding_Box/RingSpot/RingSpot(76).txt,RingSpot(76).txt,RingSpot(76),ringspot(76),.txt,110
label,RingSpot,RingSpot,/content/drive/MyDrive/Papaya_Leaf_Disease_Classification/YOLO_Bounding_Box/RingSpot/RingSpot(77).txt,YOLO_Bounding_Box/RingSpot/RingSpot(77).txt,RingSpot(77).txt,RingSpot(77),ringspot(77),.txt,92
label,RingSpot,RingSpot,/content/drive/MyDrive/Papaya_Leaf_Disease_Classification/YOLO_Bounding_Box/RingSpot/RingSpot(78).txt,YOLO_Bounding_Box/RingSpot/RingSpot(78).txt,RingSpot(78).txt,RingSpot(78),ringspot(78),.txt,109
label,RingSpot,RingSpot,/content/drive/MyDrive/Papaya_Leaf_Disease_Classification/YOLO_Bounding_Box/RingSpot/RingSpot(79).txt,YOLO_Bounding_Box/RingSpot/RingSpot(79).txt,RingSpot(79).txt,RingSpot(79),ringspot(79),.txt,60
label,RingSpot,RingSpot,/content/drive/MyDrive/Papaya_Leaf_Disease_Classification/YOLO_Bounding_Box/RingSpot/RingSpot(8).txt,YOLO_Bounding_Box/RingSpot/RingSpot(8).txt,RingSpot(8).txt,RingSpot(8),ringspot(8),.txt,104
label,RingSpot,RingSpot,/content/drive/MyDrive/Papaya_Leaf_Disease_Classification/YOLO_Bounding_Box/RingSpot/RingSpot(80).txt,YOLO_Bounding_Box/RingSpot/RingSpot(80).txt,RingSpot(80).txt,RingSpot(80),ringspot(80),.txt,224
label,RingSpot,RingSpot,/content/drive/MyDrive/Papaya_Leaf_Disease_Classification/YOLO_Bounding_Box/RingSpot/RingSpot(81).txt,YOLO_Bounding_Box/RingSpot/RingSpot(81).txt,RingSpot(81).txt,RingSpot(81),ringspot(81),.txt,85
label,RingSpot,RingSpot,/content/drive/MyDrive/Papaya_Leaf_Disease_Classification/YOLO_Bounding_Box/RingSpot/RingSpot(82).txt,YOLO_Bounding_Box/RingSpot/RingSpot(82).txt,RingSpot(82).txt,RingSpot(82),ringspot(82),.txt,267
label,RingSpot,RingSpot,/content/drive/MyDrive/Papaya_Leaf_Disease_Classification/YOLO_Bounding_Box/RingSpot/RingSpot(83).txt,YOLO_Bounding_Box/RingSpot/RingSpot(83).txt,RingSpot(83).txt,RingSpot(83),ringspot(83),.txt,76
label,RingSpot,RingSpot,/content/drive/MyDrive/Papaya_Leaf_Disease_Classification/YOLO_Bounding_Box/RingSpot/RingSpot(84).txt,YOLO_Bounding_Box/RingSpot/RingSpot(84).txt,RingSpot(84).txt,RingSpot(84),ringspot(84),.txt,34
label,RingSpot,RingSpot,/content/drive/MyDrive/Papaya_Leaf_Disease_Classification/YOLO_Bounding_Box/RingSpot/RingSpot(85).txt,YOLO_Bounding_Box/RingSpot/RingSpot(85).txt,RingSpot(85).txt,RingSpot(85),ringspot(85),.txt,48
label,RingSpot,RingSpot,/content/drive/MyDrive/Papaya_Leaf_Disease_Classification/YOLO_Bounding_Box/RingSpot/RingSpot(86).txt,YOLO_Bounding_Box/RingSpot/RingSpot(86).txt,RingSpot(86).txt,RingSpot(86),ringspot(86),.txt,197
label,RingSpot,RingSpot,/content/drive/MyDrive/Papaya_Leaf_Disease_Classification/YOLO_Bounding_Box/RingSpot/RingSpot(87).txt,YOLO_Bounding_Box/RingSpot/RingSpot(87).txt,RingSpot(87).txt,RingSpot(87),ringspot(87),.txt,386
label,RingSpot,RingSpot,/content/drive/MyDrive/Papaya_Leaf_Disease_Classification/YOLO_Bounding_Box/RingSpot/RingSpot(88).txt,YOLO_Bounding_Box/RingSpot/RingSpot(88).txt,RingSpot(88).txt,RingSpot(88),ringspot(88),.txt,233
label,RingSpot,RingSpot,/content/drive/MyDrive/Papaya_Leaf_Disease_Classification/YOLO_Bounding_Box/RingSpot/RingSpot(89).txt,YOLO_Bounding_Box/RingSpot/RingSpot(89).txt,RingSpot(89).txt,RingSpot(89),ringspot(89),.txt,182
label,RingSpot,RingSpot,/content/drive/MyDrive/Papaya_Leaf_Disease_Classification/YOLO_Bounding_Box/RingSpot/RingSpot(9).txt,YOLO_Bounding_Box/RingSpot/RingSpot(9).txt,RingSpot(9).txt,RingSpot(9),ringspot(9),.txt,161
label,RingSpot,RingSpot,/content/drive/MyDrive/Papaya_Leaf_Disease_Classification/YOLO_Bounding_Box/RingSpot/RingSpot(90).txt,YOLO_Bounding_Box/RingSpot/RingSpot(90).txt,RingSpot(90).txt,RingSpot(90),ringspot(90),.txt,370
label,RingSpot,RingSpot,/content/drive/MyDrive/Papaya_Leaf_Disease_Classification/YOLO_Bounding_Box/RingSpot/RingSpot(91).txt,YOLO_Bounding_Box/RingSpot/RingSpot(91).txt,RingSpot(91).txt,RingSpot(91),ringspot(91),.txt,534
label,RingSpot,RingSpot,/content/drive/MyDrive/Papaya_Leaf_Disease_Classification/YOLO_Bounding_Box/RingSpot/RingSpot(92).txt,YOLO_Bounding_Box/RingSpot/RingSpot(92).txt,RingSpot(92).txt,RingSpot(92),ringspot(92),.txt,468
label,RingSpot,RingSpot,/content/drive/MyDrive/Papaya_Leaf_Disease_Classification/YOLO_Bounding_Box/RingSpot/RingSpot(93).txt,YOLO_Bounding_Box/RingSpot/RingSpot(93).txt,RingSpot(93).txt,RingSpot(93),ringspot(93),.txt,551
label,RingSpot,RingSpot,/content/drive/MyDrive/Papaya_Leaf_Disease_Classification/YOLO_Bounding_Box/RingSpot/RingSpot(94).txt,YOLO_Bounding_Box/RingSpot/RingSpot(94).txt,RingSpot(94).txt,RingSpot(94),ringspot(94),.txt,368
label,RingSpot,RingSpot,/content/drive/MyDrive/Papaya_Leaf_Disease_Classification/YOLO_Bounding_Box/RingSpot/RingSpot(95).txt,YOLO_Bounding_Box/RingSpot/RingSpot(95).txt,RingSpot(95).txt,RingSpot(95),ringspot(95),.txt,131
label,RingSpot,RingSpot,/content/drive/MyDrive/Papaya_Leaf_Disease_Classification/YOLO_Bounding_Box/RingSpot/RingSpot(96).txt,YOLO_Bounding_Box/RingSpot/RingSpot(96).txt,RingSpot(96).txt,RingSpot(96),ringspot(96),.txt,155
label,RingSpot,RingSpot,/content/drive/MyDrive/Papaya_Leaf_Disease_Classification/YOLO_Bounding_Box/RingSpot/RingSpot(97).txt,YOLO_Bounding_Box/RingSpot/RingSpot(97).txt,RingSpot(97).txt,RingSpot(97),ringspot(97),.txt,213
label,RingSpot,RingSpot,/content/drive/MyDrive/Papaya_Leaf_Disease_Classification/YOLO_Bounding_Box/RingSpot/RingSpot(98).txt,YOLO_Bounding_Box/RingSpot/RingSpot(98).txt,RingSpot(98).txt,RingSpot(98),ringspot(98),.txt,385
label,RingSpot,RingSpot,/content/drive/MyDrive/Papaya_Leaf_Disease_Classification/YOLO_Bounding_Box/RingSpot/RingSpot(99).txt,YOLO_Bounding_Box/RingSpot/RingSpot(99).txt,RingSpot(99).txt,RingSpot(99),ringspot(99),.txt,822
