source_type,source_class_folder,canonical_class,source_path,source_relpath,filename,stem,stem_key,suffix,file_size_bytes,is_broken,width,height,sha1,phash,error_message
image,BacterialSpot,BacterialSpot,/content/drive/MyDrive/Papaya_Leaf_Disease_Classification/BDPapayaLeaf/Original Images/BacterialSpot/BacterialSpot(235).jpg,BDPapayaLeaf/Original Images/BacterialSpot/BacterialSpot(235).jpg,BacterialSpot(235).jpg,BacterialSpot(235),bacterialspot(235),.jpg,115874,False,640,480,9430c032d118f98d69381d00023042e2ad19f7cb,890b5fc28f78c33c,
image,BacterialSpot,BacterialSpot,/content/drive/MyDrive/Papaya_Leaf_Disease_Classification/BDPapayaLeaf/Original Images/BacterialSpot/BacterialSpot(236).jpg,BDPapayaLeaf/Original Images/BacterialSpot/BacterialSpot(236).jpg,BacterialSpot(236).jpg,BacterialSpot(236),bacterialspot(236),.jpg,109548,False,640,480,db7764e9e599d251078175c953c46f56672667b4,a2e1494a7aad4bb5,
image,BacterialSpot,BacterialSpot,/content/drive/MyDrive/Papaya_Leaf_Disease_Classification/BDPapayaLeaf/Original Images/BacterialSpot/BacterialSpot(237).jpg,BDPapayaLeaf/Original Images/BacterialSpot/BacterialSpot(237).jpg,BacterialSpot(237).jpg,BacterialSpot(237),bacterialspot(237),.jpg,95870,False,640,480,83c3cdff31225fa96dd3230c8298aa3d8c0a4961,e122c8789e7f9705,
image,BacterialSpot,BacterialSpot,/content/drive/MyDrive/Papaya_Leaf_Disease_Classification/BDPapayaLeaf/Original Images/BacterialSpot/BacterialSpot(238).jpg,BDPapayaLeaf/Original Images/BacterialSpot/BacterialSpot(238).jpg,BacterialSpot(238).jpg,BacterialSpot(238),bacterialspot(238),.jpg,126301,False,640,480,1fba64203e594ea98c866a52f5e53b1c73784a10,ed77224707429f54,
image,BacterialSpot,BacterialSpot,/content/drive/MyDrive/Papaya_Leaf_Disease_Classification/BDPapayaLeaf/Original Images/BacterialSpot/BacterialSpot(239).jpg,BDPapayaLeaf/Original Images/BacterialSpot/BacterialSpot(239).jpg,BacterialSpot(239).jpg,BacterialSpot(239),bacterialspot(239),.jpg,111435,False,640,480,99c6c5a6e1d098b1da0372fdf2d8968200f34983,ac1d5925b29236fa,
image,BacterialSpot,BacterialSpot,/content/drive/MyDrive/Papaya_Leaf_Disease_Classification/BDPapayaLeaf/Original Images/BacterialSpot/BacterialSpot(240).jpg,BDPapayaLeaf/Original Images/BacterialSpot/BacterialSpot(240).jpg,BacterialSpot(240).jpg,BacterialSpot(240),bacterialspot(240),.jpg,109864,False,640,480,988c3f957e06014d884b564e45fb48c74a72f35d,9d9d2aedb561e500,
image,BacterialSpot,BacterialSpot,/content/drive/MyDrive/Papaya_Leaf_Disease_Classification/BDPapayaLeaf/Original Images/BacterialSpot/BacterialSpot(241).jpg,BDPapayaLeaf/Original Images/BacterialSpot/BacterialSpot(241).jpg,BacterialSpot(241).jpg,BacterialSpot(241),bacterialspot(241),.jpg,105866,False,640,480,8657b635c73e12a47721c42e4facfb31b70a16b0,8aed105a4be8f1b6,
image,BacterialSpot,BacterialSpot,/content/drive/MyDrive/Papaya_Leaf_Disease_Classification/BDPapayaLeaf/Original Images/BacterialSpot/BacterialSpot(242).jpg,BDPapayaLeaf/Original Images/BacterialSpot/BacterialSpot(242).jpg,BacterialSpot(242).jpg,BacterialSpot(242),bacterialspot(242),.jpg,111690,False,640,480,bd4a7962a31c83e9c82aafe7d56859fb76a56d6b,ce9556d36da2a2a2,
image,BacterialSpot,BacterialSpot,/content/drive/MyDrive/Papaya_Leaf_Disease_Classification/BDPapayaLeaf/Original Images/BacterialSpot/BacterialSpot(243).jpg,BDPapayaLeaf/Original Images/BacterialSpot/BacterialSpot(243).jpg,BacterialSpot(243).jpg,BacterialSpot(243),bacterialspot(243),.jpg,122355,False,640,480,ca44665aa0372b59cb26f59897301acf102053e8,f219efab87508a1a,
image,BacterialSpot,BacterialSpot,/content/drive/MyDrive/Papaya_Leaf_Disease_Classification/BDPapayaLeaf/Original Images/BacterialSpot/BacterialSpot(244).jpg,BDPapayaLeaf/Original Images/BacterialSpot/BacterialSpot(244).jpg,BacterialSpot(244).jpg,BacterialSpot(244),bacterialspot(244),.jpg,112838,False,640,480,332101bb839229c9d17919b564de794fe9523555,9c8c6ca660d2faf4,
image,BacterialSpot,BacterialSpot,/content/drive/MyDrive/Papaya_Leaf_Disease_Classification/BDPapayaLeaf/Original Images/BacterialSpot/BacterialSpot(245).jpg,BDPapayaLeaf/Original Images/BacterialSpot/BacterialSpot(245).jpg,BacterialSpot(245).jpg,BacterialSpot(245),bacterialspot(245),.jpg,112749,False,640,480,098330b00e36317c99237beab4e22e5befa6eb49,98bcf860e5a5526b,
image,BacterialSpot,BacterialSpot,/content/drive/MyDrive/Papaya_Leaf_Disease_Classification/BDPapayaLeaf/Original Images/BacterialSpot/BacterialSpot(246).jpg,BDPapayaLeaf/Original Images/BacterialSpot/BacterialSpot(246).jpg,BacterialSpot(246).jpg,BacterialSpot(246),bacterialspot(246),.jpg,118016,False,640,480,eddc0f8f1321fb52c44e366e1c02b24256fa5d08,8e8c0536f6db09b6,
image,BacterialSpot,BacterialSpot,/content/drive/MyDrive/Papaya_Leaf_Disease_Classification/BDPapayaLeaf/Original Images/BacterialSpot/BacterialSpot(247).jpg,BDPapayaLeaf/Original Images/BacterialSpot/BacterialSpot(247).jpg,BacterialSpot(247).jpg,BacterialSpot(247),bacterialspot(247),.jpg,111939,False,640,480,313c14444d0ed9e6fb796138887260f26f11cd4b,afc9501d9c31f692,
image,BacterialSpot,BacterialSpot,/content/drive/MyDrive/Papaya_Leaf_Disease_Classification/BDPapayaLeaf/Original Images/BacterialSpot/BacterialSpot(248).jpg,BDPapayaLeaf/Original Images/BacterialSpot/BacterialSpot(248).jpg,BacterialSpot(248).jpg,BacterialSpot(248),bacterialspot(248),.jpg,108039,False,640,480,e22cd59a48f4cb186360d479c65593c5ef8a6b45,bb83cc50835f70ce,
image,BacterialSpot,BacterialSpot,/content/drive/MyDrive/Papaya_Leaf_Disease_Classification/BDPapayaLeaf/Original Images/BacterialSpot/BacterialSpot(249).jpg,BDPapayaLeaf/Original Images/BacterialSpot/BacterialSpot(249).jpg,BacterialSpot(249).jpg,BacterialSpot(249),bacterialspot(249),.jpg,128756,False,640,480,e1037b1bbf5e16049502b7b0cd79dfcd50641f08,aba7c7b65a2150cc,
image,BacterialSpot,BacterialSpot,/content/drive/MyDrive/Papaya_Leaf_Disease_Classification/BDPapayaLeaf/Original Images/BacterialSpot/BacterialSpot(250).jpg,BDPapayaLeaf/Original Images/BacterialSpot/BacterialSpot(250).jpg,BacterialSpot(250).jpg,BacterialSpot(250),bacterialspot(250),.jpg,112473,False,640,480,7750fc857bbaf8f737a28696e202cadf201eb176,faac82900c3bedb3,
image,BacterialSpot,BacterialSpot,/content/drive/MyDrive/Papaya_Leaf_Disease_Classification/BDPapayaLeaf/Original Images/BacterialSpot/BacterialSpot(251).jpg,BDPapayaLeaf/Original Images/BacterialSpot/BacterialSpot(251).jpg,BacterialSpot(251).jpg,BacterialSpot(251),bacterialspot(251),.jpg,115816,False,640,480,5665f1e701e3365794d3ad87edf9d2df81e1f22d,fb8e5858504bcd78,
image,BacterialSpot,BacterialSpot,/content/drive/MyDrive/Papaya_Leaf_Disease_Classification/BDPapayaLeaf/Original Images/BacterialSpot/BacterialSpot(252).jpg,BDPapayaLeaf/Original Images/BacterialSpot/BacterialSpot(252).jpg,BacterialSpot(252).jpg,BacterialSpot(252),bacterialspot(252),.jpg,118489,False,640,480,5843d45ca3c11597f99d8d209744273d7836efe6,dfacc5e49af84482,
image,BacterialSpot,BacterialSpot,/content/drive/MyDrive/Papaya_Leaf_Disease_Classification/BDPapayaLeaf/Original Images/BacterialSpot/BacterialSpot(253).jpg,BDPapayaLeaf/Original Images/BacterialSpot/BacterialSpot(253).jpg,BacterialSpot(253).jpg,BacterialSpot(253),bacterialspot(253),.jpg,109591,False,640,480,dfd40a7ce0e67f76c41b36914a2e645a4bd03457,e9b6908aff8096ac,
image,BacterialSpot,BacterialSpot,/content/drive/MyDrive/Papaya_Leaf_Disease_Classification/BDPapayaLeaf/Original Images/BacterialSpot/BacterialSpot(254).jpg,BDPapayaLeaf/Original Images/BacterialSpot/BacterialSpot(254).jpg,BacterialSpot(254).jpg,BacterialSpot(254),bacterialspot(254),.jpg,121078,False,640,480,3dc10f447f01b139c3f31c6f3d567366383a9200,9ea556aa053ff811,
image,BacterialSpot,BacterialSpot,/content/drive/MyDrive/Papaya_Leaf_Disease_Classification/BDPapayaLeaf/Original Images/BacterialSpot/BacterialSpot(255).jpg,BDPapayaLeaf/Original Images/BacterialSpot/BacterialSpot(255).jpg,BacterialSpot(255).jpg,BacterialSpot(255),bacterialspot(255),.jpg,116892,False,640,480,ffbeeff5d7586cbfddac37407f25af599ffde6f9,b889d5afd2ab41a1,
image,BacterialSpot,BacterialSpot,/content/drive/MyDrive/Papaya_Leaf_Disease_Classification/BDPapayaLeaf/Original Images/BacterialSpot/BacterialSpot(256).jpg,BDPapayaLeaf/Original Images/BacterialSpot/BacterialSpot(256).jpg,BacterialSpot(256).jpg,BacterialSpot(256),bacterialspot(256),.jpg,126832,False,640,480,3ad581547757916ec0ec071a772adb407b4cab37,f5f0bd91ad00a4b6,
image,BacterialSpot,BacterialSpot,/content/drive/MyDrive/Papaya_Leaf_Disease_Classification/BDPapayaLeaf/Original Images/BacterialSpot/BacterialSpot(257).jpg,BDPapayaLeaf/Original Images/BacterialSpot/BacterialSpot(257).jpg,BacterialSpot(257).jpg,BacterialSpot(257),bacterialspot(257),.jpg,109756,False,640,480,3db55512190e2659074ff9c7f3aed59dd00881dc,bdaa8db452876a61,
image,BacterialSpot,BacterialSpot,/content/drive/MyDrive/Papaya_Leaf_Disease_Classification/BDPapayaLeaf/Original Images/BacterialSpot/BacterialSpot(258).jpg,BDPapayaLeaf/Original Images/BacterialSpot/BacterialSpot(258).jpg,BacterialSpot(258).jpg,BacterialSpot(258),bacterialspot(258),.jpg,100960,False,640,480,543aac4e9ac5f802ea9777f592b374a7a90c57a7,f1524a1db4575768,
image,BacterialSpot,BacterialSpot,/content/drive/MyDrive/Papaya_Leaf_Disease_Classification/BDPapayaLeaf/Original Images/BacterialSpot/BacterialSpot(259).jpg,BDPapayaLeaf/Original Images/BacterialSpot/BacterialSpot(259).jpg,BacterialSpot(259).jpg,BacterialSpot(259),bacterialspot(259),.jpg,105407,False,640,480,a83b401739ff1c1ffb2065b20f3bbaaa9ef68d7e,aa0dfef0a034f1a3,
image,BacterialSpot,BacterialSpot,/content/drive/MyDrive/Papaya_Leaf_Disease_Classification/BDPapayaLeaf/Original Images/BacterialSpot/BacterialSpot(260).jpg,BDPapayaLeaf/Original Images/BacterialSpot/BacterialSpot(260).jpg,BacterialSpot(260).jpg,BacterialSpot(260),bacterialspot(260),.jpg,105620,False,640,480,df7a6c8c61162ed2d180b3d52b8ddda847c5fbd0,e8ae4a6db0f091b5,
image,BacterialSpot,BacterialSpot,/content/drive/MyDrive/Papaya_Leaf_Disease_Classification/BDPapayaLeaf/Original Images/BacterialSpot/BacterialSpot(261).jpg,BDPapayaLeaf/Original Images/BacterialSpot/BacterialSpot(261).jpg,BacterialSpot(261).jpg,BacterialSpot(261),bacterialspot(261),.jpg,105385,False,640,480,5105cba1944522a5a2c4531a980d278633bd23d3,89bc1aac93172e7a,
image,BacterialSpot,BacterialSpot,/content/drive/MyDrive/Papaya_Leaf_Disease_Classification/BDPapayaLeaf/Original Images/BacterialSpot/BacterialSpot(262).jpg,BDPapayaLeaf/Original Images/BacterialSpot/BacterialSpot(262).jpg,BacterialSpot(262).jpg,BacterialSpot(262),bacterialspot(262),.jpg,111254,False,640,480,b54300f9bd04dfcd5e2ed7beb3315ed06d9c8a74,bd49152dfef24112,
image,BacterialSpot,BacterialSpot,/content/drive/MyDrive/Papaya_Leaf_Disease_Classification/BDPapayaLeaf/Original Images/BacterialSpot/BacterialSpot(263).jpg,BDPapayaLeaf/Original Images/BacterialSpot/BacterialSpot(263).jpg,BacterialSpot(263).jpg,BacterialSpot(263),bacterialspot(263),.jpg,99930,False,640,480,1c35a39ba5251ba678c217cfe61d01564ab9bfcc,9869a9b5567a0b71,
image,BacterialSpot,BacterialSpot,/content/drive/MyDrive/Papaya_Leaf_Disease_Classification/BDPapayaLeaf/Original Images/BacterialSpot/BacterialSpot(264).jpg,BDPapayaLeaf/Original Images/BacterialSpot/BacterialSpot(264).jpg,BacterialSpot(264).jpg,BacterialSpot(264),bacterialspot(264),.jpg,86957,False,640,480,da5565bc125a5999a51c94283d8b389cc468943a,84c487a6871d5d7d,
image,BacterialSpot,BacterialSpot,/content/drive/MyDrive/Papaya_Leaf_Disease_Classification/BDPapayaLeaf/Original Images/BacterialSpot/BacterialSpot(265).jpg,BDPapayaLeaf/Original Images/BacterialSpot/BacterialSpot(265).jpg,BacterialSpot(265).jpg,BacterialSpot(265),bacterialspot(265),.jpg,120423,False,640,480,98387662d453a7efbf0d387bf44bc6a11dfe8fbc,8eb4a583eb0693ab,
image,BacterialSpot,BacterialSpot,/content/drive/MyDrive/Papaya_Leaf_Disease_Classification/BDPapayaLeaf/Original Images/BacterialSpot/BacterialSpot(266).jpg,BDPapayaLeaf/Original Images/BacterialSpot/BacterialSpot(266).jpg,BacterialSpot(266).jpg,BacterialSpot(266),bacterialspot(266),.jpg,117777,False,640,480,ab8a1b103c1b818cb3b298a89cd138003740435b,e6f4e2cb9824f30a,
image,BacterialSpot,BacterialSpot,/content/drive/MyDrive/Papaya_Leaf_Disease_Classification/BDPapayaLeaf/Original Images/BacterialSpot/BacterialSpot(267).jpg,BDPapayaLeaf/Original Images/BacterialSpot/BacterialSpot(267).jpg,BacterialSpot(267).jpg,BacterialSpot(267),bacterialspot(267),.jpg,111650,False,640,480,368f758fa28ac8c0d3d1d724169186cdb3e7d3bf,cecb56a5d5d8a828,
image,BacterialSpot,BacterialSpot,/content/drive/MyDrive/Papaya_Leaf_Disease_Classification/BDPapayaLeaf/Original Images/BacterialSpot/BacterialSpot(268).jpg,BDPapayaLeaf/Original Images/BacterialSpot/BacterialSpot(268).jpg,BacterialSpot(268).jpg,BacterialSpot(268),bacterialspot(268),.jpg,102933,False,640,480,9a5402ae7fca025859eb883ea25068b66c76e793,ddeb946860c595c3,
image,BacterialSpot,BacterialSpot,/content/drive/MyDrive/Papaya_Leaf_Disease_Classification/BDPapayaLeaf/Original Images/BacterialSpot/BacterialSpot(269).jpg,BDPapayaLeaf/Original Images/BacterialSpot/BacterialSpot(269).jpg,BacterialSpot(269).jpg,BacterialSpot(269),bacterialspot(269),.jpg,91462,False,640,480,19ca69b68a4da7753ac00d698d503774585180db,a3923dc4f70db868,
image,BacterialSpot,BacterialSpot,/content/drive/MyDrive/Papaya_Leaf_Disease_Classification/BDPapayaLeaf/Original Images/BacterialSpot/BacterialSpot(270).jpg,BDPapayaLeaf/Original Images/BacterialSpot/BacterialSpot(270).jpg,BacterialSpot(270).jpg,BacterialSpot(270),bacterialspot(270),.jpg,114978,False,640,480,3ef5501b3d0ec7cfe9bbaff258a5bfe759e49fb5,cec22ed001bf8bad,
image,BacterialSpot,BacterialSpot,/content/drive/MyDrive/Papaya_Leaf_Disease_Classification/BDPapayaLeaf/Original Images/BacterialSpot/BacterialSpot(271).jpg,BDPapayaLeaf/Original Images/BacterialSpot/BacterialSpot(271).jpg,BacterialSpot(271).jpg,BacterialSpot(271),bacterialspot(271),.jpg,125247,False,640,480,5b76021c81b40e5d63d667ba9e18e39303e70973,eeabaa8a181ebb88,
image,BacterialSpot,BacterialSpot,/content/drive/MyDrive/Papaya_Leaf_Disease_Classification/BDPapayaLeaf/Original Images/BacterialSpot/BacterialSpot(272).jpg,BDPapayaLeaf/Original Images/BacterialSpot/BacterialSpot(272).jpg,BacterialSpot(272).jpg,BacterialSpot(272),bacterialspot(272),.jpg,112615,False,640,480,076f0e693223bb59e42f44c8a637058cf806d834,fc8cd4955452c3d6,
image,BacterialSpot,BacterialSpot,/content/drive/MyDrive/Papaya_Leaf_Disease_Classification/BDPapayaLeaf/Original Images/BacterialSpot/BacterialSpot(273).jpg,BDPapayaLeaf/Original Images/BacterialSpot/BacterialSpot(273).jpg,BacterialSpot(273).jpg,BacterialSpot(273),bacterialspot(273),.jpg,114794,False,640,480,2aeeeeef50b1cd758c23b00dbea0581cdda3b2c6,fcf5bd96a4030583,
image,BacterialSpot,BacterialSpot,/content/drive/MyDrive/Papaya_Leaf_Disease_Classification/BDPapayaLeaf/Original Images/BacterialSpot/BacterialSpot(274).jpg,BDPapayaLeaf/Original Images/BacterialSpot/BacterialSpot(274).jpg,BacterialSpot(274).jpg,BacterialSpot(274),bacterialspot(274),.jpg,122844,False,640,480,7d4ab22ec4b9687e08058427a165041ee13999f4,a9da55bdc6435251,
image,BacterialSpot,BacterialSpot,/content/drive/MyDrive/Papaya_Leaf_Disease_Classification/BDPapayaLeaf/Original Images/BacterialSpot/BacterialSpot(275).jpg,BDPapayaLeaf/Original Images/BacterialSpot/BacterialSpot(275).jpg,BacterialSpot(275).jpg,BacterialSpot(275),bacterialspot(275),.jpg,115875,False,640,480,cefa6b18c23c412623e7cb1f3e2e13143ef16cdf,f7b083832b795c94,
image,BacterialSpot,BacterialSpot,/content/drive/MyDrive/Papaya_Leaf_Disease_Classification/BDPapayaLeaf/Original Images/BacterialSpot/BacterialSpot(276).jpg,BDPapayaLeaf/Original Images/BacterialSpot/BacterialSpot(276).jpg,BacterialSpot(276).jpg,BacterialSpot(276),bacterialspot(276),.jpg,108785,False,640,480,2b21146f6b25e1ce93e5b68c42390edd19321dd6,afcfcf8ed08a88c0,
image,BacterialSpot,BacterialSpot,/content/drive/MyDrive/Papaya_Leaf_Disease_Classification/BDPapayaLeaf/Original Images/BacterialSpot/BacterialSpot(277).jpg,BDPapayaLeaf/Original Images/BacterialSpot/BacterialSpot(277).jpg,BacterialSpot(277).jpg,BacterialSpot(277),bacterialspot(277),.jpg,102028,False,640,480,1044f3642e891456440496514b92f47b7f7203de,cfe2e9b5b4c18518,
image,BacterialSpot,BacterialSpot,/content/drive/MyDrive/Papaya_Leaf_Disease_Classification/BDPapayaLeaf/Original Images/BacterialSpot/BacterialSpot(278).jpg,BDPapayaLeaf/Original Images/BacterialSpot/BacterialSpot(278).jpg,BacterialSpot(278).jpg,BacterialSpot(278),bacterialspot(278),.jpg,88923,False,640,480,2374b74134d724616edd82d0abc2f7cf78519b7e,8afca3c537a95243,
image,BacterialSpot,BacterialSpot,/content/drive/MyDrive/Papaya_Leaf_Disease_Classification/BDPapayaLeaf/Original Images/BacterialSpot/BacterialSpot(279).jpg,BDPapayaLeaf/Original Images/BacterialSpot/BacterialSpot(279).jpg,BacterialSpot(279).jpg,BacterialSpot(279),bacterialspot(279),.jpg,92100,False,640,480,147fbbb22f5e5b758f6d76230f538be69e283894,a2bd5cb64b6a1bc0,
image,BacterialSpot,BacterialSpot,/content/drive/MyDrive/Papaya_Leaf_Disease_Classification/BDPapayaLeaf/Original Images/BacterialSpot/BacterialSpot(280).jpg,BDPapayaLeaf/Original Images/BacterialSpot/BacterialSpot(280).jpg,BacterialSpot(280).jpg,BacterialSpot(280),bacterialspot(280),.jpg,95911,False,640,480,a23d63aa89d78f707aa70e3982947cfb02e325bc,bbbf6242b0699790,
image,BacterialSpot,BacterialSpot,/content/drive/MyDrive/Papaya_Leaf_Disease_Classification/BDPapayaLeaf/Original Images/BacterialSpot/BacterialSpot(281).jpg,BDPapayaLeaf/Original Images/BacterialSpot/BacterialSpot(281).jpg,BacterialSpot(281).jpg,BacterialSpot(281),bacterialspot(281),.jpg,93783,False,640,480,38549d05d75c77975c9cc75a69da3cd25a81f221,ea9aba8ab26e6125,
image,BacterialSpot,BacterialSpot,/content/drive/MyDrive/Papaya_Leaf_Disease_Classification/BDPapayaLeaf/Original Images/BacterialSpot/BacterialSpot(282).jpg,BDPapayaLeaf/Original Images/BacterialSpot/BacterialSpot(282).jpg,BacterialSpot(282).jpg,BacterialSpot(282),bacterialspot(282),.jpg,117253,False,640,480,24701d984f4d1d1ac1695fc4b2ee7d0032419151,96664190366fedd1,
image,BacterialSpot,BacterialSpot,/content/drive/MyDrive/Papaya_Leaf_Disease_Classification/BDPapayaLeaf/Original Images/BacterialSpot/BacterialSpot(283).jpg,BDPapayaLeaf/Original Images/BacterialSpot/BacterialSpot(283).jpg,BacterialSpot(283).jpg,BacterialSpot(283),bacterialspot(283),.jpg,131038,False,640,480,880ea361727bbc4fadf1b035722deb69ae9123a7,f309e6fd42940bc3,
image,BacterialSpot,BacterialSpot,/content/drive/MyDrive/Papaya_Leaf_Disease_Classification/BDPapayaLeaf/Original Images/BacterialSpot/BacterialSpot(284).jpg,BDPapayaLeaf/Original Images/BacterialSpot/BacterialSpot(284).jpg,BacterialSpot(284).jpg,BacterialSpot(284),bacterialspot(284),.jpg,97221,False,640,480,117811c44de358844ccffbb051a1f8c414d14dc1,aa410f76fe0a1a79,
image,BacterialSpot,BacterialSpot,/content/drive/MyDrive/Papaya_Leaf_Disease_Classification/BDPapayaLeaf/Original Images/BacterialSpot/BacterialSpot(285).jpg,BDPapayaLeaf/Original Images/BacterialSpot/BacterialSpot(285).jpg,BacterialSpot(285).jpg,BacterialSpot(285),bacterialspot(285),.jpg,89203,False,640,480,a03dcba146734d09d2b23170354cd4f9e4c81598,cfdc74db64026c64,
image,BacterialSpot,BacterialSpot,/content/drive/MyDrive/Papaya_Leaf_Disease_Classification/BDPapayaLeaf/Original Images/BacterialSpot/BacterialSpot(286).jpg,BDPapayaLeaf/Original Images/BacterialSpot/BacterialSpot(286).jpg,BacterialSpot(286).jpg,BacterialSpot(286),bacterialspot(286),.jpg,121650,False,640,480,ce1879e026ead84844553dacd3a5b0c62b294559,ff846a99a825b5d0,
image,BacterialSpot,BacterialSpot,/content/drive/MyDrive/Papaya_Leaf_Disease_Classification/BDPapayaLeaf/Original Images/BacterialSpot/BacterialSpot(287).jpg,BDPapayaLeaf/Original Images/BacterialSpot/BacterialSpot(287).jpg,BacterialSpot(287).jpg,BacterialSpot(287),bacterialspot(287),.jpg,128029,False,640,480,4623a07471be73d001f2aa2af07f959709752bec,baebb539d82448cc,
image,BacterialSpot,BacterialSpot,/content/drive/MyDrive/Papaya_Leaf_Disease_Classification/BDPapayaLeaf/Original Images/BacterialSpot/BacterialSpot(288).jpg,BDPapayaLeaf/Original Images/BacterialSpot/BacterialSpot(288).jpg,BacterialSpot(288).jpg,BacterialSpot(288),bacterialspot(288),.jpg,129901,False,640,480,0512befc91de4de9a13a45842e18b03090ff7f54,abe849298d317d6a,
image,BacterialSpot,BacterialSpot,/content/drive/MyDrive/Papaya_Leaf_Disease_Classification/BDPapayaLeaf/Original Images/BacterialSpot/BacterialSpot(289).jpg,BDPapayaLeaf/Original Images/BacterialSpot/BacterialSpot(289).jpg,BacterialSpot(289).jpg,BacterialSpot(289),bacterialspot(289),.jpg,125946,False,640,480,5bd1aa996a5bdaa43238487d9c60309553b57b0c,8aaa931478e0f1ef,
image,BacterialSpot,BacterialSpot,/content/drive/MyDrive/Papaya_Leaf_Disease_Classification/BDPapayaLeaf/Original Images/BacterialSpot/BacterialSpot(290).jpg,BDPapayaLeaf/Original Images/BacterialSpot/BacterialSpot(290).jpg,BacterialSpot(290).jpg,BacterialSpot(290),bacterialspot(290),.jpg,118137,False,640,480,b91a2dec3c96e690c38a695c83bbb800655eb2ea,e9b0e5f03e051755,
image,BacterialSpot,BacterialSpot,/content/drive/MyDrive/Papaya_Leaf_Disease_Classification/BDPapayaLeaf/Original Images/BacterialSpot/BacterialSpot(291).jpg,BDPapayaLeaf/Original Images/BacterialSpot/BacterialSpot(291).jpg,BacterialSpot(291).jpg,BacterialSpot(291),bacterialspot(291),.jpg,108737,False,640,480,a4018424e155a72c2e1e81f1deeadb92cd8b1a7e,9fc3494adad2d0b2,
image,BacterialSpot,BacterialSpot,/content/drive/MyDrive/Papaya_Leaf_Disease_Classification/BDPapayaLeaf/Original Images/BacterialSpot/BacterialSpot(292).jpg,BDPapayaLeaf/Original Images/BacterialSpot/BacterialSpot(292).jpg,BacterialSpot(292).jpg,BacterialSpot(292),bacterialspot(292),.jpg,123293,False,640,480,37bf0d500f4b64d0e81cfb1f54b320862ac714aa,8fc1365fe40700f7,
image,BacterialSpot,BacterialSpot,/content/drive/MyDrive/Papaya_Leaf_Disease_Classification/BDPapayaLeaf/Original Images/BacterialSpot/BacterialSpot(293).jpg,BDPapayaLeaf/Original Images/BacterialSpot/BacterialSpot(293).jpg,BacterialSpot(293).jpg,BacterialSpot(293),bacterialspot(293),.jpg,119254,False,640,480,f5474b15810782489adc8e24d2a74bcd6445beb3,85a6a368d6d30a9f,
image,BacterialSpot,BacterialSpot,/content/drive/MyDrive/Papaya_Leaf_Disease_Classification/BDPapayaLeaf/Original Images/BacterialSpot/BacterialSpot(294).jpg,BDPapayaLeaf/Original Images/BacterialSpot/BacterialSpot(294).jpg,BacterialSpot(294).jpg,BacterialSpot(294),bacterialspot(294),.jpg,105723,False,640,480,c6ee156e77b97ca2d2fd4479f916d50c41d36ea9,c7c49a480d2fbcba,
image,BacterialSpot,BacterialSpot,/content/drive/MyDrive/Papaya_Leaf_Disease_Classification/BDPapayaLeaf/Original Images/BacterialSpot/BacterialSpot(295).jpg,BDPapayaLeaf/Original Images/BacterialSpot/BacterialSpot(295).jpg,BacterialSpot(295).jpg,BacterialSpot(295),bacterialspot(295),.jpg,121457,False,640,480,22af4b20fe67cd5264122ca080a8691e2f13ccbf,efa1ccfff02003c4,
image,BacterialSpot,BacterialSpot,/content/drive/MyDrive/Papaya_Leaf_Disease_Classification/BDPapayaLeaf/Original Images/BacterialSpot/BacterialSpot(296).jpg,BDPapayaLeaf/Original Images/BacterialSpot/BacterialSpot(296).jpg,BacterialSpot(296).jpg,BacterialSpot(296),bacterialspot(296),.jpg,114499,False,640,480,0a0f386bad87633a74f2d145cd44c9546c9ffafa,eade5ca5cb82d070,
image,BacterialSpot,BacterialSpot,/content/drive/MyDrive/Papaya_Leaf_Disease_Classification/BDPapayaLeaf/Original Images/BacterialSpot/BacterialSpot(297).jpg,BDPapayaLeaf/Original Images/BacterialSpot/BacterialSpot(297).jpg,BacterialSpot(297).jpg,BacterialSpot(297),bacterialspot(297),.jpg,103168,False,640,480,8de41d3961ebfeba2da55f896c2e555ca054e5c9,ab5352eaa8abc0f2,
image,BacterialSpot,BacterialSpot,/content/drive/MyDrive/Papaya_Leaf_Disease_Classification/BDPapayaLeaf/Original Images/BacterialSpot/BacterialSpot(298).jpg,BDPapayaLeaf/Original Images/BacterialSpot/BacterialSpot(298).jpg,BacterialSpot(298).jpg,BacterialSpot(298),bacterialspot(298),.jpg,108269,False,640,480,efec11c7e802c68328175e87ebbf42bca17649b8,81b3155552daab5d,
image,BacterialSpot,BacterialSpot,/content/drive/MyDrive/Papaya_Leaf_Disease_Classification/BDPapayaLeaf/Original Images/BacterialSpot/BacterialSpot(299).jpg,BDPapayaLeaf/Original Images/BacterialSpot/BacterialSpot(299).jpg,BacterialSpot(299).jpg,BacterialSpot(299),bacterialspot(299),.jpg,122245,False,640,480,324a3de8ffa9236e0432a0f81fc554aa4f30398e,dcc805716b3a2aaf,
image,BacterialSpot,BacterialSpot,/content/drive/MyDrive/Papaya_Leaf_Disease_Classification/BDPapayaLeaf/Original Images/BacterialSpot/BacterialSpot(300).jpg,BDPapayaLeaf/Original Images/BacterialSpot/BacterialSpot(300).jpg,BacterialSpot(300).jpg,BacterialSpot(300),bacterialspot(300),.jpg,131987,False,640,480,27790508ed63a707241307071281d74e9918c90d,a7b6d755505f4301,
image,BacterialSpot,BacterialSpot,/content/drive/MyDrive/Papaya_Leaf_Disease_Classification/BDPapayaLeaf/Original Images/BacterialSpot/BacterialSpot(301).jpg,BDPapayaLeaf/Original Images/BacterialSpot/BacterialSpot(301).jpg,BacterialSpot(301).jpg,BacterialSpot(301),bacterialspot(301),.jpg,121597,False,640,480,1094fb4153f3112460f05c0bbadb1f4fb8e3874b,8a92ffb801a12fe5,
image,BacterialSpot,BacterialSpot,/content/drive/MyDrive/Papaya_Leaf_Disease_Classification/BDPapayaLeaf/Original Images/BacterialSpot/BacterialSpot(302).jpg,BDPapayaLeaf/Original Images/BacterialSpot/BacterialSpot(302).jpg,BacterialSpot(302).jpg,BacterialSpot(302),bacterialspot(302),.jpg,131474,False,640,480,d3a1eb61b34da026a4fee9d2fed3f59fc4028076,b3e2d50a09275cbd,
image,BacterialSpot,BacterialSpot,/content/drive/MyDrive/Papaya_Leaf_Disease_Classification/BDPapayaLeaf/Original Images/BacterialSpot/BacterialSpot(303).jpg,BDPapayaLeaf/Original Images/BacterialSpot/BacterialSpot(303).jpg,BacterialSpot(303).jpg,BacterialSpot(303),bacterialspot(303),.jpg,132038,False,640,480,afcb2e1d59e96b224f2464b63827344596a868b0,9ac7d3b44944e9e4,
image,BacterialSpot,BacterialSpot,/content/drive/MyDrive/Papaya_Leaf_Disease_Classification/BDPapayaLeaf/Original Images/BacterialSpot/BacterialSpot(304).jpg,BDPapayaLeaf/Original Images/BacterialSpot/BacterialSpot(304).jpg,BacterialSpot(304).jpg,BacterialSpot(304),bacterialspot(304),.jpg,111611,False,640,480,055fda18294ee19ac6633f6b6b3864e6433cedc0,a741deb7a64c1c0b,
image,BacterialSpot,BacterialSpot,/content/drive/MyDrive/Papaya_Leaf_Disease_Classification/BDPapayaLeaf/Original Images/BacterialSpot/BacterialSpot(305).jpg,BDPapayaLeaf/Original Images/BacterialSpot/BacterialSpot(305).jpg,BacterialSpot(305).jpg,BacterialSpot(305),bacterialspot(305),.jpg,124257,False,640,480,3ee2e45f49af6eced12c8c7c9386b045bb078f0e,bcafd4e61230e2ca,
image,BacterialSpot,BacterialSpot,/content/drive/MyDrive/Papaya_Leaf_Disease_Classification/BDPapayaLeaf/Original Images/BacterialSpot/BacterialSpot(306).jpg,BDPapayaLeaf/Original Images/BacterialSpot/BacterialSpot(306).jpg,BacterialSpot(306).jpg,BacterialSpot(306),bacterialspot(306),.jpg,127541,False,640,480,c4a0c3bdbabb2b4c18ada15a4de0c75159a3bf70,a9fbe0ea5a86a4a1,
image,BacterialSpot,BacterialSpot,/content/drive/MyDrive/Papaya_Leaf_Disease_Classification/BDPapayaLeaf/Original Images/BacterialSpot/BacterialSpot(307).jpg,BDPapayaLeaf/Original Images/BacterialSpot/BacterialSpot(307).jpg,BacterialSpot(307).jpg,BacterialSpot(307),bacterialspot(307),.jpg,120105,False,640,480,1281858afc22b8e218b099a6301474d0f2f2a234,94f506bd516abc26,
image,BacterialSpot,BacterialSpot,/content/drive/MyDrive/Papaya_Leaf_Disease_Classification/BDPapayaLeaf/Original Images/BacterialSpot/BacterialSpot(308).jpg,BDPapayaLeaf/Original Images/BacterialSpot/BacterialSpot(308).jpg,BacterialSpot(308).jpg,BacterialSpot(308),bacterialspot(308),.jpg,135907,False,640,480,488aa913ee0b9d05c45097fd5064155a56108516,f98f0adccec73120,
image,BacterialSpot,BacterialSpot,/content/drive/MyDrive/Papaya_Leaf_Disease_Classification/BDPapayaLeaf/Original Images/BacterialSpot/BacterialSpot(309).jpg,BDPapayaLeaf/Original Images/BacterialSpot/BacterialSpot(309).jpg,BacterialSpot(309).jpg,BacterialSpot(309),bacterialspot(309),.jpg,127894,False,640,480,514a88ac0d4880f7f33c413a2bb1003384d3e1e1,af8604ef9fc014b6,
image,BacterialSpot,BacterialSpot,/content/drive/MyDrive/Papaya_Leaf_Disease_Classification/BDPapayaLeaf/Original Images/BacterialSpot/BacterialSpot(310).jpg,BDPapayaLeaf/Original Images/BacterialSpot/BacterialSpot(310).jpg,BacterialSpot(310).jpg,BacterialSpot(310),bacterialspot(310),.jpg,108568,False,640,480,75f6350fba55f35f9c63a12b2fdd4aa1ad8f0b33,83b3830f9f4de4a4,
image,BacterialSpot,BacterialSpot,/content/drive/MyDrive/Papaya_Leaf_Disease_Classification/BDPapayaLeaf/Original Images/BacterialSpot/BacterialSpot(311).jpg,BDPapayaLeaf/Original Images/BacterialSpot/BacterialSpot(311).jpg,BacterialSpot(311).jpg,BacterialSpot(311),bacterialspot(311),.jpg,108711,False,640,480,2d442b19ddc1ff94ede64bac2bc60087ed155643,a18704165b9679fe,
image,BacterialSpot,BacterialSpot,/content/drive/MyDrive/Papaya_Leaf_Disease_Classification/BDPapayaLeaf/Original Images/BacterialSpot/BacterialSpot(312).jpg,BDPapayaLeaf/Original Images/BacterialSpot/BacterialSpot(312).jpg,BacterialSpot(312).jpg,BacterialSpot(312),bacterialspot(312),.jpg,107522,False,640,480,fcfa89cf2a464b5b5352d9a56e6484664dceab53,beee64922ab09595,
image,BacterialSpot,BacterialSpot,/content/drive/MyDrive/Papaya_Leaf_Disease_Classification/BDPapayaLeaf/Original Images/BacterialSpot/BacterialSpot(313).jpg,BDPapayaLeaf/Original Images/BacterialSpot/BacterialSpot(313).jpg,BacterialSpot(313).jpg,BacterialSpot(313),bacterialspot(313),.jpg,111499,False,640,480,30f4143f06956ee15b25ba9cb9b9bc5bb69801b2,e9b544dd928a8eca,
image,BacterialSpot,BacterialSpot,/content/drive/MyDrive/Papaya_Leaf_Disease_Classification/BDPapayaLeaf/Original Images/BacterialSpot/BacterialSpot(314).jpg,BDPapayaLeaf/Original Images/BacterialSpot/BacterialSpot(314).jpg,BacterialSpot(314).jpg,BacterialSpot(314),bacterialspot(314),.jpg,115226,False,640,480,34b806f8eda34c2de86d6984967de93ff338f68c,ffa1b0b5cb8c4258,
image,BacterialSpot,BacterialSpot,/content/drive/MyDrive/Papaya_Leaf_Disease_Classification/BDPapayaLeaf/Original Images/BacterialSpot/BacterialSpot(315).jpg,BDPapayaLeaf/Original Images/BacterialSpot/BacterialSpot(315).jpg,BacterialSpot(315).jpg,BacterialSpot(315),bacterialspot(315),.jpg,132317,False,640,480,e80c197b895d471c45e4e45f6703b72de019632e,a28d7dd1270a3e3a,
image,BacterialSpot,BacterialSpot,/content/drive/MyDrive/Papaya_Leaf_Disease_Classification/BDPapayaLeaf/Original Images/BacterialSpot/BacterialSpot(316).jpg,BDPapayaLeaf/Original Images/BacterialSpot/BacterialSpot(316).jpg,BacterialSpot(316).jpg,BacterialSpot(316),bacterialspot(316),.jpg,117471,False,640,480,8461f49301816bb77e571f6f001072e662d7c6a3,c3c4f4552d5a4d5a,
image,BacterialSpot,BacterialSpot,/content/drive/MyDrive/Papaya_Leaf_Disease_Classification/BDPapayaLeaf/Original Images/BacterialSpot/BacterialSpot(317).jpg,BDPapayaLeaf/Original Images/BacterialSpot/BacterialSpot(317).jpg,BacterialSpot(317).jpg,BacterialSpot(317),bacterialspot(317),.jpg,128159,False,640,480,b8d87dd9f6e48467c6b9f64db57f7b532392a07d,fb8c19cc1923baa3,
image,BacterialSpot,BacterialSpot,/content/drive/MyDrive/Papaya_Leaf_Disease_Classification/BDPapayaLeaf/Original Images/BacterialSpot/BacterialSpot(318).jpg,BDPapayaLeaf/Original Images/BacterialSpot/BacterialSpot(318).jpg,BacterialSpot(318).jpg,BacterialSpot(318),bacterialspot(318),.jpg,128202,False,640,480,5f2e7760e16fe01fcf5b7e4f1cc0bd527328c6f7,8edd72d56040ff82,
image,BacterialSpot,BacterialSpot,/content/drive/MyDrive/Papaya_Leaf_Disease_Classification/BDPapayaLeaf/Original Images/BacterialSpot/BacterialSpot(319).jpg,BDPapayaLeaf/Original Images/BacterialSpot/BacterialSpot(319).jpg,BacterialSpot(319).jpg,BacterialSpot(319),bacterialspot(319),.jpg,108753,False,640,480,d45209f41b8fa139ba51acad5439710720f52c2d,8ed740d6abb294aa,
image,BacterialSpot,BacterialSpot,/content/drive/MyDrive/Papaya_Leaf_Disease_Classification/BDPapayaLeaf/Original Images/BacterialSpot/BacterialSpot(320).jpg,BDPapayaLeaf/Original Images/BacterialSpot/BacterialSpot(320).jpg,BacterialSpot(320).jpg,BacterialSpot(320),bacterialspot(320),.jpg,109531,False,640,480,72aaaf39643841b73f27a54d5ce92f38a17c36ee,eb4d8189b99ab0ab,
image,BacterialSpot,BacterialSpot,/content/drive/MyDrive/Papaya_Leaf_Disease_Classification/BDPapayaLeaf/Original Images/BacterialSpot/BacterialSpot(321).jpg,BDPapayaLeaf/Original Images/BacterialSpot/BacterialSpot(321).jpg,BacterialSpot(321).jpg,BacterialSpot(321),bacterialspot(321),.jpg,96210,False,640,480,cb9f5a1ab984d264bfd7e2c2cdce77b8e07e4f16,a7561e3e387258c3,
image,BacterialSpot,BacterialSpot,/content/drive/MyDrive/Papaya_Leaf_Disease_Classification/BDPapayaLeaf/Original Images/BacterialSpot/BacterialSpot(322).jpg,BDPapayaLeaf/Original Images/BacterialSpot/BacterialSpot(322).jpg,BacterialSpot(322).jpg,BacterialSpot(322),bacterialspot(322),.jpg,101113,False,640,480,4bab2273d2df8f393c36b17996a58c863e395b7a,a41cf6e86a742a6d,
image,BacterialSpot,BacterialSpot,/content/drive/MyDrive/Papaya_Leaf_Disease_Classification/BDPapayaLeaf/Original Images/BacterialSpot/BacterialSpot(323).jpg,BDPapayaLeaf/Original Images/BacterialSpot/BacterialSpot(323).jpg,BacterialSpot(323).jpg,BacterialSpot(323),bacterialspot(323),.jpg,107468,False,640,480,e880af9cda155e39705045582327d7be60f078ca,8ff0e4d1412f1e1b,
image,BacterialSpot,BacterialSpot,/content/drive/MyDrive/Papaya_Leaf_Disease_Classification/BDPapayaLeaf/Original Images/BacterialSpot/BacterialSpot(324).jpg,BDPapayaLeaf/Original Images/BacterialSpot/BacterialSpot(324).jpg,BacterialSpot(324).jpg,BacterialSpot(324),bacterialspot(324),.jpg,120375,False,640,480,66f76d5da029bbca59c3fb8c28d1da7288784399,8ab1f401f6f8e13c,
image,BacterialSpot,BacterialSpot,/content/drive/MyDrive/Papaya_Leaf_Disease_Classification/BDPapayaLeaf/Original Images/BacterialSpot/BacterialSpot(325).jpg,BDPapayaLeaf/Original Images/BacterialSpot/BacterialSpot(325).jpg,BacterialSpot(325).jpg,BacterialSpot(325),bacterialspot(325),.jpg,116672,False,640,480,369b97f916a1714110e608c459bc47efbbc4b502,d9d0509262a7b7e6,
image,BacterialSpot,BacterialSpot,/content/drive/MyDrive/Papaya_Leaf_Disease_Classification/BDPapayaLeaf/Original Images/BacterialSpot/BacterialSpot(326).jpg,BDPapayaLeaf/Original Images/BacterialSpot/BacterialSpot(326).jpg,BacterialSpot(326).jpg,BacterialSpot(326),bacterialspot(326),.jpg,104726,False,640,480,cc392510c90da65f41995417a2e2781b56b9d521,94d494ada92e48bf,
image,BacterialSpot,BacterialSpot,/content/drive/MyDrive/Papaya_Leaf_Disease_Classification/BDPapayaLeaf/Original Images/BacterialSpot/BacterialSpot(327).jpg,BDPapayaLeaf/Original Images/BacterialSpot/BacterialSpot(327).jpg,BacterialSpot(327).jpg,BacterialSpot(327),bacterialspot(327),.jpg,111061,False,640,480,6feed009425da46ad9cdf1f033b23dd0a44c260a,b68dd19da0bab2a8,
image,BacterialSpot,BacterialSpot,/content/drive/MyDrive/Papaya_Leaf_Disease_Classification/BDPapayaLeaf/Original Images/BacterialSpot/BacterialSpot(328).jpg,BDPapayaLeaf/Original Images/BacterialSpot/BacterialSpot(328).jpg,BacterialSpot(328).jpg,BacterialSpot(328),bacterialspot(328),.jpg,119096,False,640,480,e8ff777a531f9bec56f6d480989688f6884babe5,ce190fe1fe4e2720,
image,BacterialSpot,BacterialSpot,/content/drive/MyDrive/Papaya_Leaf_Disease_Classification/BDPapayaLeaf/Original Images/BacterialSpot/BacterialSpot(329).jpg,BDPapayaLeaf/Original Images/BacterialSpot/BacterialSpot(329).jpg,BacterialSpot(329).jpg,BacterialSpot(329),bacterialspot(329),.jpg,115146,False,640,480,4132d8e7a6cdaa80773cee4906a6d21d7b9a1793,99a8e0e3add4de50,
image,BacterialSpot,BacterialSpot,/content/drive/MyDrive/Papaya_Leaf_Disease_Classification/BDPapayaLeaf/Original Images/BacterialSpot/BacterialSpot(330).jpg,BDPapayaLeaf/Original Images/BacterialSpot/BacterialSpot(330).jpg,BacterialSpot(330).jpg,BacterialSpot(330),bacterialspot(330),.jpg,117023,False,640,480,893a07e47a99206f936cb8c560c2000f884cb373,c18ccbdd9519ad91,
image,BacterialSpot,BacterialSpot,/content/drive/MyDrive/Papaya_Leaf_Disease_Classification/BDPapayaLeaf/Original Images/BacterialSpot/BacterialSpot(331).jpg,BDPapayaLeaf/Original Images/BacterialSpot/BacterialSpot(331).jpg,BacterialSpot(331).jpg,BacterialSpot(331),bacterialspot(331),.jpg,125324,False,640,480,2d0ce6c806c49767dbc5397b2315966510b2980c,fda7a8b9020817de,
image,BacterialSpot,BacterialSpot,/content/drive/MyDrive/Papaya_Leaf_Disease_Classification/BDPapayaLeaf/Original Images/BacterialSpot/BacterialSpot(332).jpg,BDPapayaLeaf/Original Images/BacterialSpot/BacterialSpot(332).jpg,BacterialSpot(332).jpg,BacterialSpot(332),bacterialspot(332),.jpg,129410,False,640,480,34dba181b764e20be672d962dd92f2f76adf8df9,f8e316cb9d66c888,
image,BacterialSpot,BacterialSpot,/content/drive/MyDrive/Papaya_Leaf_Disease_Classification/BDPapayaLeaf/Original Images/BacterialSpot/BacterialSpot(333).jpg,BDPapayaLeaf/Original Images/BacterialSpot/BacterialSpot(333).jpg,BacterialSpot(333).jpg,BacterialSpot(333),bacterialspot(333),.jpg,117837,False,640,480,41c7ad828d6744cd66477beb30be606c54ad98c0,efeec24751974888,
image,BacterialSpot,BacterialSpot,/content/drive/MyDrive/Papaya_Leaf_Disease_Classification/BDPapayaLeaf/Original Images/BacterialSpot/BacterialSpot(334).jpg,BDPapayaLeaf/Original Images/BacterialSpot/BacterialSpot(334).jpg,BacterialSpot(334).jpg,BacterialSpot(334),bacterialspot(334),.jpg,107023,False,640,480,43a980bba678a5c27a37660d153aaf14216ec207,aad2924955aba99b,
image,BacterialSpot,BacterialSpot,/content/drive/MyDrive/Papaya_Leaf_Disease_Classification/BDPapayaLeaf/Original Images/BacterialSpot/BacterialSpot(335).jpg,BDPapayaLeaf/Original Images/BacterialSpot/BacterialSpot(335).jpg,BacterialSpot(335).jpg,BacterialSpot(335),bacterialspot(335),.jpg,124615,False,640,480,44830bb20608dd87218bff9f05f72e6d87aa64c9,e2fe8c88bdc3a8a1,
image,BacterialSpot,BacterialSpot,/content/drive/MyDrive/Papaya_Leaf_Disease_Classification/BDPapayaLeaf/Original Images/BacterialSpot/BacterialSpot(336).jpg,BDPapayaLeaf/Original Images/BacterialSpot/BacterialSpot(336).jpg,BacterialSpot(336).jpg,BacterialSpot(336),bacterialspot(336),.jpg,116380,False,640,480,9ef1c86dc5297a525b17b67c001315c4b9431f16,a84d6434b3c4f787,
image,BacterialSpot,BacterialSpot,/content/drive/MyDrive/Papaya_Leaf_Disease_Classification/BDPapayaLeaf/Original Images/BacterialSpot/BacterialSpot(337).jpg,BDPapayaLeaf/Original Images/BacterialSpot/BacterialSpot(337).jpg,BacterialSpot(337).jpg,BacterialSpot(337),bacterialspot(337),.jpg,130166,False,640,480,f77fd2c408c65ac41b490c2d71e30503aaae19b3,a6c7944ae19fd81a,
image,BacterialSpot,BacterialSpot,/content/drive/MyDrive/Papaya_Leaf_Disease_Classification/BDPapayaLeaf/Original Images/BacterialSpot/BacterialSpot(338).jpg,BDPapayaLeaf/Original Images/BacterialSpot/BacterialSpot(338).jpg,BacterialSpot(338).jpg,BacterialSpot(338),bacterialspot(338),.jpg,125486,False,640,480,0b9f7a8046b0e5944a846bc3faf59bb6da22b0be,bcb478e0701be34e,
image,BacterialSpot,BacterialSpot,/content/drive/MyDrive/Papaya_Leaf_Disease_Classification/BDPapayaLeaf/Original Images/BacterialSpot/BacterialSpot(339).jpg,BDPapayaLeaf/Original Images/BacterialSpot/BacterialSpot(339).jpg,BacterialSpot(339).jpg,BacterialSpot(339),bacterialspot(339),.jpg,109143,False,640,480,779312211606e6d82bcbeda8c1626938179b386c,8ce1fa4f6dea8118,
image,BacterialSpot,BacterialSpot,/content/drive/MyDrive/Papaya_Leaf_Disease_Classification/BDPapayaLeaf/Original Images/BacterialSpot/BacterialSpot(340).jpg,BDPapayaLeaf/Original Images/BacterialSpot/BacterialSpot(340).jpg,BacterialSpot(340).jpg,BacterialSpot(340),bacterialspot(340),.jpg,114446,False,640,480,16a73d11a003e403267df25ace544d9372394c1c,8ef508ade00ff683,
image,BacterialSpot,BacterialSpot,/content/drive/MyDrive/Papaya_Leaf_Disease_Classification/BDPapayaLeaf/Original Images/BacterialSpot/BacterialSpot(341).jpg,BDPapayaLeaf/Original Images/BacterialSpot/BacterialSpot(341).jpg,BacterialSpot(341).jpg,BacterialSpot(341),bacterialspot(341),.jpg,106871,False,640,480,6e86fda8a49613fc8a726d0b68bd41953b57a6cb,acf2b5f24b056345,
image,BacterialSpot,BacterialSpot,/content/drive/MyDrive/Papaya_Leaf_Disease_Classification/BDPapayaLeaf/Original Images/BacterialSpot/BacterialSpot(342).jpg,BDPapayaLeaf/Original Images/BacterialSpot/BacterialSpot(342).jpg,BacterialSpot(342).jpg,BacterialSpot(342),bacterialspot(342),.jpg,123584,False,640,480,816c772e3da989c2ee1cdaa7db1fbaa32d83c3cc,acd90d2db4107af3,
image,BacterialSpot,BacterialSpot,/content/drive/MyDrive/Papaya_Leaf_Disease_Classification/BDPapayaLeaf/Original Images/BacterialSpot/BacterialSpot(343).jpg,BDPapayaLeaf/Original Images/BacterialSpot/BacterialSpot(343).jpg,BacterialSpot(343).jpg,BacterialSpot(343),bacterialspot(343),.jpg,116359,False,640,480,feb044ce8c0741a6dbfd74a8bc062ca562866b94,ae996892af7e9224,
image,BacterialSpot,BacterialSpot,/content/drive/MyDrive/Papaya_Leaf_Disease_Classification/BDPapayaLeaf/Original Images/BacterialSpot/BacterialSpot(344).jpg,BDPapayaLeaf/Original Images/BacterialSpot/BacterialSpot(344).jpg,BacterialSpot(344).jpg,BacterialSpot(344),bacterialspot(344),.jpg,126090,False,640,480,0656f1c6deb319907c07a3a29d7f8d47ff18af09,8cbdbb90715a4e94,
image,BacterialSpot,BacterialSpot,/content/drive/MyDrive/Papaya_Leaf_Disease_Classification/BDPapayaLeaf/Original Images/BacterialSpot/BacterialSpot(345).jpg,BDPapayaLeaf/Original Images/BacterialSpot/BacterialSpot(345).jpg,BacterialSpot(345).jpg,BacterialSpot(345),bacterialspot(345),.jpg,106439,False,640,480,2a466a877b7ba43a6352bf05e230733099f4c954,accc26a627e598d5,
image,BacterialSpot,BacterialSpot,/content/drive/MyDrive/Papaya_Leaf_Disease_Classification/BDPapayaLeaf/Original Images/BacterialSpot/BacterialSpot(346).jpg,BDPapayaLeaf/Original Images/BacterialSpot/BacterialSpot(346).jpg,BacterialSpot(346).jpg,BacterialSpot(346),bacterialspot(346),.jpg,111761,False,640,480,88eba08697f7552ff9e709160e490f389662a2cd,9fcb4a6854a670bc,
image,BacterialSpot,BacterialSpot,/content/drive/MyDrive/Papaya_Leaf_Disease_Classification/BDPapayaLeaf/Original Images/BacterialSpot/BacterialSpot(347).jpg,BDPapayaLeaf/Original Images/BacterialSpot/BacterialSpot(347).jpg,BacterialSpot(347).jpg,BacterialSpot(347),bacterialspot(347),.jpg,130275,False,640,480,e075d4d5eb6f7e9e8f46e9de3610f367f6514aac,fe80c0953d5e46b6,
image,BacterialSpot,BacterialSpot,/content/drive/MyDrive/Papaya_Leaf_Disease_Classification/BDPapayaLeaf/Original Images/BacterialSpot/BacterialSpot(348).jpg,BDPapayaLeaf/Original Images/BacterialSpot/BacterialSpot(348).jpg,BacterialSpot(348).jpg,BacterialSpot(348),bacterialspot(348),.jpg,95377,False,640,480,4b209003df6f81dc79938c6f89e030ad17704de4,eb8543ea22559755,
image,BacterialSpot,BacterialSpot,/content/drive/MyDrive/Papaya_Leaf_Disease_Classification/BDPapayaLeaf/Original Images/BacterialSpot/BacterialSpot(349).jpg,BDPapayaLeaf/Original Images/BacterialSpot/BacterialSpot(349).jpg,BacterialSpot(349).jpg,BacterialSpot(349),bacterialspot(349),.jpg,104637,False,640,480,0f30ea043225686565b70f16a819ee457c7a5dee,9ac5064b860e6faf,
image,BacterialSpot,BacterialSpot,/content/drive/MyDrive/Papaya_Leaf_Disease_Classification/BDPapayaLeaf/Original Images/BacterialSpot/BacterialSpot(350).jpg,BDPapayaLeaf/Original Images/BacterialSpot/BacterialSpot(350).jpg,BacterialSpot(350).jpg,BacterialSpot(350),bacterialspot(350),.jpg,138863,False,640,480,e4751e07772d8405f735621f9e29a6d59a6255a0,a981ad96722b3367,
image,BacterialSpot,BacterialSpot,/content/drive/MyDrive/Papaya_Leaf_Disease_Classification/BDPapayaLeaf/Original Images/BacterialSpot/BacterialSpot(351).jpg,BDPapayaLeaf/Original Images/BacterialSpot/BacterialSpot(351).jpg,BacterialSpot(351).jpg,BacterialSpot(351),bacterialspot(351),.jpg,119821,False,640,480,1eef794763f8498c20b2b7d6b5d84652e2c09897,b1c4d1999b126ee5,
image,BacterialSpot,BacterialSpot,/content/drive/MyDrive/Papaya_Leaf_Disease_Classification/BDPapayaLeaf/Original Images/BacterialSpot/BacterialSpot(352).jpg,BDPapayaLeaf/Original Images/BacterialSpot/BacterialSpot(352).jpg,BacterialSpot(352).jpg,BacterialSpot(352),bacterialspot(352),.jpg,124752,False,640,480,2273b4d091bd837f0092908e2487e849b9eab614,8fa0ff86f115944a,
image,BacterialSpot,BacterialSpot,/content/drive/MyDrive/Papaya_Leaf_Disease_Classification/BDPapayaLeaf/Original Images/BacterialSpot/BacterialSpot(353).jpg,BDPapayaLeaf/Original Images/BacterialSpot/BacterialSpot(353).jpg,BacterialSpot(353).jpg,BacterialSpot(353),bacterialspot(353),.jpg,124514,False,640,480,4567adf88aa50d0fc2ec0430c3f68e2d35a4f830,9e406a4d05da57fa,
image,BacterialSpot,BacterialSpot,/content/drive/MyDrive/Papaya_Leaf_Disease_Classification/BDPapayaLeaf/Original Images/BacterialSpot/BacterialSpot(354).jpg,BDPapayaLeaf/Original Images/BacterialSpot/BacterialSpot(354).jpg,BacterialSpot(354).jpg,BacterialSpot(354),bacterialspot(354),.jpg,116499,False,640,480,ba6b4beec22336e71c6e1631270a222c32d267eb,80e30b175ba8f0fd,
image,BacterialSpot,BacterialSpot,/content/drive/MyDrive/Papaya_Leaf_Disease_Classification/BDPapayaLeaf/Original Images/BacterialSpot/BacterialSpot(355).jpg,BDPapayaLeaf/Original Images/BacterialSpot/BacterialSpot(355).jpg,BacterialSpot(355).jpg,BacterialSpot(355),bacterialspot(355),.jpg,109929,False,640,480,0f4fc1c4e81cbbc4ef41172432831323ff44d653,dfd17b8b6a646440,
image,BacterialSpot,BacterialSpot,/content/drive/MyDrive/Papaya_Leaf_Disease_Classification/BDPapayaLeaf/Original Images/BacterialSpot/BacterialSpot(356).jpg,BDPapayaLeaf/Original Images/BacterialSpot/BacterialSpot(356).jpg,BacterialSpot(356).jpg,BacterialSpot(356),bacterialspot(356),.jpg,114090,False,640,480,50aa7aa2bed30a680a6a3efd79afd87e3008d180,97d3794407dcaf40,
image,BacterialSpot,BacterialSpot,/content/drive/MyDrive/Papaya_Leaf_Disease_Classification/BDPapayaLeaf/Original Images/BacterialSpot/BacterialSpot(357).jpg,BDPapayaLeaf/Original Images/BacterialSpot/BacterialSpot(357).jpg,BacterialSpot(357).jpg,BacterialSpot(357),bacterialspot(357),.jpg,118664,False,640,480,4fe5fe1e6669859ae14e1642ac67659cdc7f705a,acc4127aaabb7c38,
image,BacterialSpot,BacterialSpot,/content/drive/MyDrive/Papaya_Leaf_Disease_Classification/BDPapayaLeaf/Original Images/BacterialSpot/BacterialSpot(358).jpg,BDPapayaLeaf/Original Images/BacterialSpot/BacterialSpot(358).jpg,BacterialSpot(358).jpg,BacterialSpot(358),bacterialspot(358),.jpg,116958,False,640,480,d72be1aee5c03ea8eb2d9bd5bdf98e1ea2718188,aacaac0dd56aab15,
image,BacterialSpot,BacterialSpot,/content/drive/MyDrive/Papaya_Leaf_Disease_Classification/BDPapayaLeaf/Original Images/BacterialSpot/BacterialSpot(359).jpg,BDPapayaLeaf/Original Images/BacterialSpot/BacterialSpot(359).jpg,BacterialSpot(359).jpg,BacterialSpot(359),bacterialspot(359),.jpg,119897,False,640,480,c494dcda1e7c81f044ff54f1391e364742f5322b,ace8b552faeb2501,
image,BacterialSpot,BacterialSpot,/content/drive/MyDrive/Papaya_Leaf_Disease_Classification/BDPapayaLeaf/Original Images/BacterialSpot/BacterialSpot(360).jpg,BDPapayaLeaf/Original Images/BacterialSpot/BacterialSpot(360).jpg,BacterialSpot(360).jpg,BacterialSpot(360),bacterialspot(360),.jpg,118253,False,640,480,48d5e4f99ae4dda113c25dc909dbbefcf793a9b2,aec045eb863455fa,
image,BacterialSpot,BacterialSpot,/content/drive/MyDrive/Papaya_Leaf_Disease_Classification/BDPapayaLeaf/Original Images/BacterialSpot/BacterialSpot(361).jpg,BDPapayaLeaf/Original Images/BacterialSpot/BacterialSpot(361).jpg,BacterialSpot(361).jpg,BacterialSpot(361),bacterialspot(361),.jpg,118968,False,640,480,6e511429336114a30a1111e10a9cab6a2269e3d1,afd2e0c2916be913,
image,BacterialSpot,BacterialSpot,/content/drive/MyDrive/Papaya_Leaf_Disease_Classification/BDPapayaLeaf/Original Images/BacterialSpot/BacterialSpot(362).jpg,BDPapayaLeaf/Original Images/BacterialSpot/BacterialSpot(362).jpg,BacterialSpot(362).jpg,BacterialSpot(362),bacterialspot(362),.jpg,117438,False,640,480,640dd83a5ae26dbbfe500b826bb3ccf2e0785f75,bcd0ca9f2be90075,
image,BacterialSpot,BacterialSpot,/content/drive/MyDrive/Papaya_Leaf_Disease_Classification/BDPapayaLeaf/Original Images/BacterialSpot/BacterialSpot(363).jpg,BDPapayaLeaf/Original Images/BacterialSpot/BacterialSpot(363).jpg,BacterialSpot(363).jpg,BacterialSpot(363),bacterialspot(363),.jpg,114290,False,640,480,e7400f3b929d9cc9804b75da06e07b77c579a32c,ff1f5d5182ce2098,
image,BacterialSpot,BacterialSpot,/content/drive/MyDrive/Papaya_Leaf_Disease_Classification/BDPapayaLeaf/Original Images/BacterialSpot/BacterialSpot(364).jpg,BDPapayaLeaf/Original Images/BacterialSpot/BacterialSpot(364).jpg,BacterialSpot(364).jpg,BacterialSpot(364),bacterialspot(364),.jpg,108418,False,640,480,21a8c1c6f1993e701dafb91effa3327b897deb36,eb97978e1ac0c523,
image,BacterialSpot,BacterialSpot,/content/drive/MyDrive/Papaya_Leaf_Disease_Classification/BDPapayaLeaf/Original Images/BacterialSpot/BacterialSpot(365).jpg,BDPapayaLeaf/Original Images/BacterialSpot/BacterialSpot(365).jpg,BacterialSpot(365).jpg,BacterialSpot(365),bacterialspot(365),.jpg,112514,False,640,480,59db11f866578aa6cb49e5dccfcd89382fc3b094,dcc003955a0bbf2f,
image,BacterialSpot,BacterialSpot,/content/drive/MyDrive/Papaya_Leaf_Disease_Classification/BDPapayaLeaf/Original Images/BacterialSpot/BacterialSpot(366).jpg,BDPapayaLeaf/Original Images/BacterialSpot/BacterialSpot(366).jpg,BacterialSpot(366).jpg,BacterialSpot(366),bacterialspot(366),.jpg,120743,False,640,480,30a2f8c4609ca0a6632e01ea16ec7e328194a847,f8d878d1f1211375,
image,BacterialSpot,BacterialSpot,/content/drive/MyDrive/Papaya_Leaf_Disease_Classification/BDPapayaLeaf/Original Images/BacterialSpot/BacterialSpot(367).jpg,BDPapayaLeaf/Original Images/BacterialSpot/BacterialSpot(367).jpg,BacterialSpot(367).jpg,BacterialSpot(367),bacterialspot(367),.jpg,86604,False,640,480,da512a19f60ff04a7edb92d379d9f3fec01c1e40,8b97b6092a0dbed4,
image,BacterialSpot,BacterialSpot,/content/drive/MyDrive/Papaya_Leaf_Disease_Classification/BDPapayaLeaf/Original Images/BacterialSpot/BacterialSpot(368).jpg,BDPapayaLeaf/Original Images/BacterialSpot/BacterialSpot(368).jpg,BacterialSpot(368).jpg,BacterialSpot(368),bacterialspot(368),.jpg,96261,False,640,480,c6fa07916f476bbe9a97646e85b8a6e9805aad9a,bbb8ea2bb8e046a4,
image,BacterialSpot,BacterialSpot,/content/drive/MyDrive/Papaya_Leaf_Disease_Classification/BDPapayaLeaf/Original Images/BacterialSpot/BacterialSpot(369).jpg,BDPapayaLeaf/Original Images/BacterialSpot/BacterialSpot(369).jpg,BacterialSpot(369).jpg,BacterialSpot(369),bacterialspot(369),.jpg,98979,False,640,480,95995b5a8bc5b1b57146fdf438a5ee33fb09715e,abf8a5420d3e10ef,
image,BacterialSpot,BacterialSpot,/content/drive/MyDrive/Papaya_Leaf_Disease_Classification/BDPapayaLeaf/Original Images/BacterialSpot/BacterialSpot(370).jpg,BDPapayaLeaf/Original Images/BacterialSpot/BacterialSpot(370).jpg,BacterialSpot(370).jpg,BacterialSpot(370),bacterialspot(370),.jpg,107504,False,640,480,cda8a7c6d17aa90dac8e22c8500a471ef1cf0da6,c95d54f7f2f0a030,
image,BacterialSpot,BacterialSpot,/content/drive/MyDrive/Papaya_Leaf_Disease_Classification/BDPapayaLeaf/Original Images/BacterialSpot/BacterialSpot(371).jpg,BDPapayaLeaf/Original Images/BacterialSpot/BacterialSpot(371).jpg,BacterialSpot(371).jpg,BacterialSpot(371),bacterialspot(371),.jpg,81761,False,640,480,479c8cdb524a4aae1eaa85a860a3487022c6502f,8a9fb507464ab83d,
image,BacterialSpot,BacterialSpot,/content/drive/MyDrive/Papaya_Leaf_Disease_Classification/BDPapayaLeaf/Original Images/BacterialSpot/BacterialSpot(372).jpg,BDPapayaLeaf/Original Images/BacterialSpot/BacterialSpot(372).jpg,BacterialSpot(372).jpg,BacterialSpot(372),bacterialspot(372),.jpg,124769,False,640,480,c591edd99277f8fc5fc70f41f1bfe51d1fe1265c,f6938a6b48d69525,
image,BacterialSpot,BacterialSpot,/content/drive/MyDrive/Papaya_Leaf_Disease_Classification/BDPapayaLeaf/Original Images/BacterialSpot/BacterialSpot(373).jpg,BDPapayaLeaf/Original Images/BacterialSpot/BacterialSpot(373).jpg,BacterialSpot(373).jpg,BacterialSpot(373),bacterialspot(373),.jpg,122985,False,640,480,2defe29183dd93c2d2467ace311c1bf1db82ac6d,fee78091684e84bb,
image,BacterialSpot,BacterialSpot,/content/drive/MyDrive/Papaya_Leaf_Disease_Classification/BDPapayaLeaf/Original Images/BacterialSpot/BacterialSpot(374).jpg,BDPapayaLeaf/Original Images/BacterialSpot/BacterialSpot(374).jpg,BacterialSpot(374).jpg,BacterialSpot(374),bacterialspot(374),.jpg,127182,False,640,480,6ad7e87385fd777ddd7c5ec47533b608b69c3143,e7d790d2dc263780,
image,BacterialSpot,BacterialSpot,/content/drive/MyDrive/Papaya_Leaf_Disease_Classification/BDPapayaLeaf/Original Images/BacterialSpot/BacterialSpot(375).jpg,BDPapayaLeaf/Original Images/BacterialSpot/BacterialSpot(375).jpg,BacterialSpot(375).jpg,BacterialSpot(375),bacterialspot(375),.jpg,110317,False,640,480,526e79eb2ac8109c30c073c06c3f4e3abc4556df,c9b7a9fc84134b2c,
image,BacterialSpot,BacterialSpot,/content/drive/MyDrive/Papaya_Leaf_Disease_Classification/BDPapayaLeaf/Original Images/BacterialSpot/BacterialSpot(376).jpg,BDPapayaLeaf/Original Images/BacterialSpot/BacterialSpot(376).jpg,BacterialSpot(376).jpg,BacterialSpot(376),bacterialspot(376),.jpg,110169,False,640,480,fb3755726c4d962be2b2c330239357f1aaef9fba,eb8f15d0925318fc,
image,BacterialSpot,BacterialSpot,/content/drive/MyDrive/Papaya_Leaf_Disease_Classification/BDPapayaLeaf/Original Images/BacterialSpot/BacterialSpot(377).jpg,BDPapayaLeaf/Original Images/BacterialSpot/BacterialSpot(377).jpg,BacterialSpot(377).jpg,BacterialSpot(377),bacterialspot(377),.jpg,135748,False,640,480,ac16568bd3640b64d428a09a9f0047501e34605d,9ce843c1ff060bb6,
image,BacterialSpot,BacterialSpot,/content/drive/MyDrive/Papaya_Leaf_Disease_Classification/BDPapayaLeaf/Original Images/BacterialSpot/BacterialSpot(378).jpg,BDPapayaLeaf/Original Images/BacterialSpot/BacterialSpot(378).jpg,BacterialSpot(378).jpg,BacterialSpot(378),bacterialspot(378),.jpg,113498,False,640,480,7b19148042a6d46992b35fa9b67bb6e1bed6738b,f72f404051cfa94f,
image,BacterialSpot,BacterialSpot,/content/drive/MyDrive/Papaya_Leaf_Disease_Classification/BDPapayaLeaf/Original Images/BacterialSpot/BacterialSpot(379).jpg,BDPapayaLeaf/Original Images/BacterialSpot/BacterialSpot(379).jpg,BacterialSpot(379).jpg,BacterialSpot(379),bacterialspot(379),.jpg,122027,False,640,480,0b30766c16ae3579c6505534b9f4dded8094c260,d0e4940abad8ddf8,
image,BacterialSpot,BacterialSpot,/content/drive/MyDrive/Papaya_Leaf_Disease_Classification/BDPapayaLeaf/Original Images/BacterialSpot/BacterialSpot(380).jpg,BDPapayaLeaf/Original Images/BacterialSpot/BacterialSpot(380).jpg,BacterialSpot(380).jpg,BacterialSpot(380),bacterialspot(380),.jpg,123234,False,640,480,ab89f1cf9f9edf9284c0b5df2b7d6976ea7dfced,a4985d86d873ae59,
image,BacterialSpot,BacterialSpot,/content/drive/MyDrive/Papaya_Leaf_Disease_Classification/BDPapayaLeaf/Original Images/BacterialSpot/BacterialSpot(381).jpg,BDPapayaLeaf/Original Images/BacterialSpot/BacterialSpot(381).jpg,BacterialSpot(381).jpg,BacterialSpot(381),bacterialspot(381),.jpg,112540,False,640,480,c1d6d9411439119d04519643ed4c240fc534249a,8ee1e5071c92e9f4,
image,BacterialSpot,BacterialSpot,/content/drive/MyDrive/Papaya_Leaf_Disease_Classification/BDPapayaLeaf/Original Images/BacterialSpot/BacterialSpot(382).jpg,BDPapayaLeaf/Original Images/BacterialSpot/BacterialSpot(382).jpg,BacterialSpot(382).jpg,BacterialSpot(382),bacterialspot(382),.jpg,129295,False,640,480,26c4c06d1a276a40f9d3e44718899891efff12b4,894cce5eb83146be,
image,BacterialSpot,BacterialSpot,/content/drive/MyDrive/Papaya_Leaf_Disease_Classification/BDPapayaLeaf/Original Images/BacterialSpot/BacterialSpot(383).jpg,BDPapayaLeaf/Original Images/BacterialSpot/BacterialSpot(383).jpg,BacterialSpot(383).jpg,BacterialSpot(383),bacterialspot(383),.jpg,136410,False,640,480,4dcf65afb687c514628111d6ec495b9f3526dda0,a5b5d6f1b0268cd4,
image,BacterialSpot,BacterialSpot,/content/drive/MyDrive/Papaya_Leaf_Disease_Classification/BDPapayaLeaf/Original Images/BacterialSpot/BacterialSpot(384).jpg,BDPapayaLeaf/Original Images/BacterialSpot/BacterialSpot(384).jpg,BacterialSpot(384).jpg,BacterialSpot(384),bacterialspot(384),.jpg,110196,False,640,480,6cc643061e68f826e368b6251c61cce096ac1029,8fc3bcd5f062588a,
image,BacterialSpot,BacterialSpot,/content/drive/MyDrive/Papaya_Leaf_Disease_Classification/BDPapayaLeaf/Original Images/BacterialSpot/BacterialSpot(385).jpg,BDPapayaLeaf/Original Images/BacterialSpot/BacterialSpot(385).jpg,BacterialSpot(385).jpg,BacterialSpot(385),bacterialspot(385),.jpg,120475,False,640,480,8323b566385db5d9320faa8269f5624b64c79b9b,a6b385b0faa4b865,
image,BacterialSpot,BacterialSpot,/content/drive/MyDrive/Papaya_Leaf_Disease_Classification/BDPapayaLeaf/Original Images/BacterialSpot/BacterialSpot(386).jpg,BDPapayaLeaf/Original Images/BacterialSpot/BacterialSpot(386).jpg,BacterialSpot(386).jpg,BacterialSpot(386),bacterialspot(386),.jpg,108918,False,640,480,ba68c02ca84c6c1386cee38d5bfc491a4c4f4819,86a1d7f7e86516a0,
image,BacterialSpot,BacterialSpot,/content/drive/MyDrive/Papaya_Leaf_Disease_Classification/BDPapayaLeaf/Original Images/BacterialSpot/BacterialSpot(387).jpg,BDPapayaLeaf/Original Images/BacterialSpot/BacterialSpot(387).jpg,BacterialSpot(387).jpg,BacterialSpot(387),bacterialspot(387),.jpg,117492,False,640,480,8701208fd238e429a0b144e2e9e15c0d11dbc85d,eab64b02a6175bd1,
image,BacterialSpot,BacterialSpot,/content/drive/MyDrive/Papaya_Leaf_Disease_Classification/BDPapayaLeaf/Original Images/BacterialSpot/BacterialSpot(388).jpg,BDPapayaLeaf/Original Images/BacterialSpot/BacterialSpot(388).jpg,BacterialSpot(388).jpg,BacterialSpot(388),bacterialspot(388),.jpg,94716,False,640,480,6bb5a11a49c49cacffd8e968cef92f81e8766554,8251ebaa2fb584ae,
image,BacterialSpot,BacterialSpot,/content/drive/MyDrive/Papaya_Leaf_Disease_Classification/BDPapayaLeaf/Original Images/BacterialSpot/BacterialSpot(389).jpg,BDPapayaLeaf/Original Images/BacterialSpot/BacterialSpot(389).jpg,BacterialSpot(389).jpg,BacterialSpot(389),bacterialspot(389),.jpg,120466,False,640,480,4e5c2ecd7211493ad5d2acaee10ddc3c02b0967c,bfd50b579d80262c,
image,BacterialSpot,BacterialSpot,/content/drive/MyDrive/Papaya_Leaf_Disease_Classification/BDPapayaLeaf/Original Images/BacterialSpot/BacterialSpot(390).jpg,BDPapayaLeaf/Original Images/BacterialSpot/BacterialSpot(390).jpg,BacterialSpot(390).jpg,BacterialSpot(390),bacterialspot(390),.jpg,126609,False,640,480,170076dfe567e56c82f095ae8adee8cb2fe77d6f,a3ec5c285aae2eb2,
image,BacterialSpot,BacterialSpot,/content/drive/MyDrive/Papaya_Leaf_Disease_Classification/BDPapayaLeaf/Original Images/BacterialSpot/BacterialSpot(391).jpg,BDPapayaLeaf/Original Images/BacterialSpot/BacterialSpot(391).jpg,BacterialSpot(391).jpg,BacterialSpot(391),bacterialspot(391),.jpg,99499,False,640,480,3ad88f92eef8cfe4424008caf94a13428f0ed539,ee55a24a4b7d03ac,
image,BacterialSpot,BacterialSpot,/content/drive/MyDrive/Papaya_Leaf_Disease_Classification/BDPapayaLeaf/Original Images/BacterialSpot/BacterialSpot(392).jpg,BDPapayaLeaf/Original Images/BacterialSpot/BacterialSpot(392).jpg,BacterialSpot(392).jpg,BacterialSpot(392),bacterialspot(392),.jpg,99436,False,640,480,379980e2d8f235e8e3d5a37fba0ac6818802cdf9,beeb9a9d9500486d,
image,BacterialSpot,BacterialSpot,/content/drive/MyDrive/Papaya_Leaf_Disease_Classification/BDPapayaLeaf/Original Images/BacterialSpot/BacterialSpot(393).jpg,BDPapayaLeaf/Original Images/BacterialSpot/BacterialSpot(393).jpg,BacterialSpot(393).jpg,BacterialSpot(393),bacterialspot(393),.jpg,111309,False,640,480,23d7187dca1f01416977941e545008a54e9e7437,abc8812d5ebf283c,
image,BacterialSpot,BacterialSpot,/content/drive/MyDrive/Papaya_Leaf_Disease_Classification/BDPapayaLeaf/Original Images/BacterialSpot/BacterialSpot(394).jpg,BDPapayaLeaf/Original Images/BacterialSpot/BacterialSpot(394).jpg,BacterialSpot(394).jpg,BacterialSpot(394),bacterialspot(394),.jpg,108881,False,640,480,fccb94bc14cd997c2d8b7cc74c8f82b3af20a954,f1534f2e1e5808ee,
image,BacterialSpot,BacterialSpot,/content/drive/MyDrive/Papaya_Leaf_Disease_Classification/BDPapayaLeaf/Original Images/BacterialSpot/BacterialSpot(395).jpg,BDPapayaLeaf/Original Images/BacterialSpot/BacterialSpot(395).jpg,BacterialSpot(395).jpg,BacterialSpot(395),bacterialspot(395),.jpg,115702,False,640,480,e2c50aafc599f63516021cb1e88488b2857c4245,b0584a68fda5cb53,
image,BacterialSpot,BacterialSpot,/content/drive/MyDrive/Papaya_Leaf_Disease_Classification/BDPapayaLeaf/Original Images/BacterialSpot/BacterialSpot(396).jpg,BDPapayaLeaf/Original Images/BacterialSpot/BacterialSpot(396).jpg,BacterialSpot(396).jpg,BacterialSpot(396),bacterialspot(396),.jpg,90430,False,640,480,ce226e02c78ebcabe701a34cc8a23ae46a891795,aa95ac50567afaa1,
image,BacterialSpot,BacterialSpot,/content/drive/MyDrive/Papaya_Leaf_Disease_Classification/BDPapayaLeaf/Original Images/BacterialSpot/BacterialSpot(397).jpg,BDPapayaLeaf/Original Images/BacterialSpot/BacterialSpot(397).jpg,BacterialSpot(397).jpg,BacterialSpot(397),bacterialspot(397),.jpg,98983,False,640,480,641ce00d6498a6fb208bf7a9c777a7dba8b049ac,abbf94b24891274d,
image,BacterialSpot,BacterialSpot,/content/drive/MyDrive/Papaya_Leaf_Disease_Classification/BDPapayaLeaf/Original Images/BacterialSpot/BacterialSpot(398).jpg,BDPapayaLeaf/Original Images/BacterialSpot/BacterialSpot(398).jpg,BacterialSpot(398).jpg,BacterialSpot(398),bacterialspot(398),.jpg,113828,False,640,480,6c4d4d803ad988677cb0a03f3906435dbf06137a,a1fc5655d87a6a48,
image,BacterialSpot,BacterialSpot,/content/drive/MyDrive/Papaya_Leaf_Disease_Classification/BDPapayaLeaf/Original Images/BacterialSpot/BacterialSpot(399).jpg,BDPapayaLeaf/Original Images/BacterialSpot/BacterialSpot(399).jpg,BacterialSpot(399).jpg,BacterialSpot(399),bacterialspot(399),.jpg,129007,False,640,480,a7d8e5ed5b47aba55c50cffcf174b13d96f4ac12,a9832d071f6efac0,
image,BacterialSpot,BacterialSpot,/content/drive/MyDrive/Papaya_Leaf_Disease_Classification/BDPapayaLeaf/Original Images/BacterialSpot/BacterialSpot(400).jpg,BDPapayaLeaf/Original Images/BacterialSpot/BacterialSpot(400).jpg,BacterialSpot(400).jpg,BacterialSpot(400),bacterialspot(400),.jpg,133054,False,640,480,e743bcd826c34debc36299a2a4061a9f04257dcc,daf92bcb80c3fe00,
image,BacterialSpot,BacterialSpot,/content/drive/MyDrive/Papaya_Leaf_Disease_Classification/BDPapayaLeaf/Original Images/BacterialSpot/BacterialSpot(401).jpg,BDPapayaLeaf/Original Images/BacterialSpot/BacterialSpot(401).jpg,BacterialSpot(401).jpg,BacterialSpot(401),bacterialspot(401),.jpg,123372,False,640,480,592a45dbc1198cf2d8c579a6533aa29c6c739f97,aeb4da40070f7d3c,
image,BacterialSpot,BacterialSpot,/content/drive/MyDrive/Papaya_Leaf_Disease_Classification/BDPapayaLeaf/Original Images/BacterialSpot/BacterialSpot(402).jpg,BDPapayaLeaf/Original Images/BacterialSpot/BacterialSpot(402).jpg,BacterialSpot(402).jpg,BacterialSpot(402),bacterialspot(402),.jpg,121817,False,640,480,897ac742fea356040cd716661066711d020d650d,a8c2d1d5311cf36d,
image,BacterialSpot,BacterialSpot,/content/drive/MyDrive/Papaya_Leaf_Disease_Classification/BDPapayaLeaf/Original Images/BacterialSpot/BacterialSpot(403).jpg,BDPapayaLeaf/Original Images/BacterialSpot/BacterialSpot(403).jpg,BacterialSpot(403).jpg,BacterialSpot(403),bacterialspot(403),.jpg,124100,False,640,480,c7224502e264edbba2dd4f86fa17ae534a51e3fd,f6a162e2870616bf,
image,BacterialSpot,BacterialSpot,/content/drive/MyDrive/Papaya_Leaf_Disease_Classification/BDPapayaLeaf/Original Images/BacterialSpot/BacterialSpot(404).jpg,BDPapayaLeaf/Original Images/BacterialSpot/BacterialSpot(404).jpg,BacterialSpot(404).jpg,BacterialSpot(404),bacterialspot(404),.jpg,119589,False,640,480,96b5cddbbefa7978c0965b4cc3ebab4d15f9c529,ae8ab7abd187d082,
image,BacterialSpot,BacterialSpot,/content/drive/MyDrive/Papaya_Leaf_Disease_Classification/BDPapayaLeaf/Original Images/BacterialSpot/BacterialSpot(405).jpg,BDPapayaLeaf/Original Images/BacterialSpot/BacterialSpot(405).jpg,BacterialSpot(405).jpg,BacterialSpot(405),bacterialspot(405),.jpg,112260,False,640,480,dbf2a82ed554f5312f2946e6568e0f0e554fd703,b6cad890b2e5e43c,
image,BacterialSpot,BacterialSpot,/content/drive/MyDrive/Papaya_Leaf_Disease_Classification/BDPapayaLeaf/Original Images/BacterialSpot/BacterialSpot(406).jpg,BDPapayaLeaf/Original Images/BacterialSpot/BacterialSpot(406).jpg,BacterialSpot(406).jpg,BacterialSpot(406),bacterialspot(406),.jpg,123446,False,640,480,e1d2830950c4883f1bbbf8ce5e4f235ea473b2ab,86cf3f6a5afd2200,
image,BacterialSpot,BacterialSpot,/content/drive/MyDrive/Papaya_Leaf_Disease_Classification/BDPapayaLeaf/Original Images/BacterialSpot/BacterialSpot(407).jpg,BDPapayaLeaf/Original Images/BacterialSpot/BacterialSpot(407).jpg,BacterialSpot(407).jpg,BacterialSpot(407),bacterialspot(407),.jpg,123525,False,640,480,c711df5067ad53f749f8c5ea8bca5a42c1d00444,f98d3494c28af2c7,
image,BacterialSpot,BacterialSpot,/content/drive/MyDrive/Papaya_Leaf_Disease_Classification/BDPapayaLeaf/Original Images/BacterialSpot/BacterialSpot(408).jpg,BDPapayaLeaf/Original Images/BacterialSpot/BacterialSpot(408).jpg,BacterialSpot(408).jpg,BacterialSpot(408),bacterialspot(408),.jpg,140022,False,640,480,5827657b9a42e953f1354e610fec68ceda900c9d,c32b5459ac9295db,
image,BacterialSpot,BacterialSpot,/content/drive/MyDrive/Papaya_Leaf_Disease_Classification/BDPapayaLeaf/Original Images/BacterialSpot/BacterialSpot(409).jpg,BDPapayaLeaf/Original Images/BacterialSpot/BacterialSpot(409).jpg,BacterialSpot(409).jpg,BacterialSpot(409),bacterialspot(409),.jpg,130279,False,640,480,da921ccfe529dd2508c31abd1cda8bbc915a12f8,e6dad4adbc0c051d,
image,BacterialSpot,BacterialSpot,/content/drive/MyDrive/Papaya_Leaf_Disease_Classification/BDPapayaLeaf/Original Images/BacterialSpot/BacterialSpot(410).jpg,BDPapayaLeaf/Original Images/BacterialSpot/BacterialSpot(410).jpg,BacterialSpot(410).jpg,BacterialSpot(410),bacterialspot(410),.jpg,128449,False,640,480,2ce3fc0931a6a2e598e115b1ffdd38e219c63236,abb17181b66d8656,
image,BacterialSpot,BacterialSpot,/content/drive/MyDrive/Papaya_Leaf_Disease_Classification/BDPapayaLeaf/Original Images/BacterialSpot/BacterialSpot(411).jpg,BDPapayaLeaf/Original Images/BacterialSpot/BacterialSpot(411).jpg,BacterialSpot(411).jpg,BacterialSpot(411),bacterialspot(411),.jpg,130137,False,640,480,f78de31395cfc432c4ec74fa2c0eba53e0dcd9ba,f5e9a1e1850faa8a,
image,BacterialSpot,BacterialSpot,/content/drive/MyDrive/Papaya_Leaf_Disease_Classification/BDPapayaLeaf/Original Images/BacterialSpot/BacterialSpot(412).jpg,BDPapayaLeaf/Original Images/BacterialSpot/BacterialSpot(412).jpg,BacterialSpot(412).jpg,BacterialSpot(412),bacterialspot(412),.jpg,89637,False,640,480,b28fb1666ec544af9706945ccd4dd47f97a78b2c,ad808b12ce5aafad,
image,BacterialSpot,BacterialSpot,/content/drive/MyDrive/Papaya_Leaf_Disease_Classification/BDPapayaLeaf/Original Images/BacterialSpot/BacterialSpot(413).jpg,BDPapayaLeaf/Original Images/BacterialSpot/BacterialSpot(413).jpg,BacterialSpot(413).jpg,BacterialSpot(413),bacterialspot(413),.jpg,95097,False,640,480,3a7a9cfaa899cc8ad674c493cb92f61a3e926fee,ac8ba54dbd5478c2,
image,BacterialSpot,BacterialSpot,/content/drive/MyDrive/Papaya_Leaf_Disease_Classification/BDPapayaLeaf/Original Images/BacterialSpot/BacterialSpot(414).jpg,BDPapayaLeaf/Original Images/BacterialSpot/BacterialSpot(414).jpg,BacterialSpot(414).jpg,BacterialSpot(414),bacterialspot(414),.jpg,95026,False,640,480,5f8d251b94e53ce59bbff450e0eed186dfc3a6f1,ae82b7d6d55a2168,
image,BacterialSpot,BacterialSpot,/content/drive/MyDrive/Papaya_Leaf_Disease_Classification/BDPapayaLeaf/Original Images/BacterialSpot/BacterialSpot(415).jpg,BDPapayaLeaf/Original Images/BacterialSpot/BacterialSpot(415).jpg,BacterialSpot(415).jpg,BacterialSpot(415),bacterialspot(415),.jpg,107994,False,640,480,1553d71a95f9f6d575e549e418fda2a01fb6b62e,afc0f85283b794b4,
image,BacterialSpot,BacterialSpot,/content/drive/MyDrive/Papaya_Leaf_Disease_Classification/BDPapayaLeaf/Original Images/BacterialSpot/BacterialSpot(416).jpg,BDPapayaLeaf/Original Images/BacterialSpot/BacterialSpot(416).jpg,BacterialSpot(416).jpg,BacterialSpot(416),bacterialspot(416),.jpg,118360,False,640,480,5358a5afc601bcab62f742fe01520b8dc2738e74,fc871a0b49a5a96e,
image,BacterialSpot,BacterialSpot,/content/drive/MyDrive/Papaya_Leaf_Disease_Classification/BDPapayaLeaf/Original Images/BacterialSpot/BacterialSpot(417).jpg,BDPapayaLeaf/Original Images/BacterialSpot/BacterialSpot(417).jpg,BacterialSpot(417).jpg,BacterialSpot(417),bacterialspot(417),.jpg,95768,False,640,480,71bbbbdb88d1cdec76430a59c73f40b77f303b4b,9a87569ae9ae3849,
image,BacterialSpot,BacterialSpot,/content/drive/MyDrive/Papaya_Leaf_Disease_Classification/BDPapayaLeaf/Original Images/BacterialSpot/BacterialSpot(418).jpg,BDPapayaLeaf/Original Images/BacterialSpot/BacterialSpot(418).jpg,BacterialSpot(418).jpg,BacterialSpot(418),bacterialspot(418),.jpg,108186,False,640,480,6d25d0cb1f02020139d09e4ff08c88405526999e,aed5e8e161a6c686,
image,BacterialSpot,BacterialSpot,/content/drive/MyDrive/Papaya_Leaf_Disease_Classification/BDPapayaLeaf/Original Images/BacterialSpot/BacterialSpot(419).jpg,BDPapayaLeaf/Original Images/BacterialSpot/BacterialSpot(419).jpg,BacterialSpot(419).jpg,BacterialSpot(419),bacterialspot(419),.jpg,112534,False,640,480,f6fb983cb5ae8304e688bb7226310b0eb5e4784b,a08b3f1e10e6ff41,
image,BacterialSpot,BacterialSpot,/content/drive/MyDrive/Papaya_Leaf_Disease_Classification/BDPapayaLeaf/Original Images/BacterialSpot/BacterialSpot(420).jpg,BDPapayaLeaf/Original Images/BacterialSpot/BacterialSpot(420).jpg,BacterialSpot(420).jpg,BacterialSpot(420),bacterialspot(420),.jpg,111932,False,640,480,9c89e587d541eabf725536ad8cfad12c54ac54f2,cafd2de081fbe900,
image,BacterialSpot,BacterialSpot,/content/drive/MyDrive/Papaya_Leaf_Disease_Classification/BDPapayaLeaf/Original Images/BacterialSpot/BacterialSpot(421).jpg,BDPapayaLeaf/Original Images/BacterialSpot/BacterialSpot(421).jpg,BacterialSpot(421).jpg,BacterialSpot(421),bacterialspot(421),.jpg,97063,False,640,480,1e1a7d9fe505afedc56994af3ce06db4d09ea8dd,a983b2e1f6f0c20f,
image,BacterialSpot,BacterialSpot,/content/drive/MyDrive/Papaya_Leaf_Disease_Classification/BDPapayaLeaf/Original Images/BacterialSpot/BacterialSpot(422).jpg,BDPapayaLeaf/Original Images/BacterialSpot/BacterialSpot(422).jpg,BacterialSpot(422).jpg,BacterialSpot(422),bacterialspot(422),.jpg,126979,False,640,480,bf3a7ffc83b80e3784ccc797197f2d83514fbcf2,a6a69a411f4a7e65,
image,BacterialSpot,BacterialSpot,/content/drive/MyDrive/Papaya_Leaf_Disease_Classification/BDPapayaLeaf/Original Images/BacterialSpot/BacterialSpot(423).jpg,BDPapayaLeaf/Original Images/BacterialSpot/BacterialSpot(423).jpg,BacterialSpot(423).jpg,BacterialSpot(423),bacterialspot(423),.jpg,129621,False,640,480,75260579a08546902b13176c9b1951079b7298db,ba8ae0db96364ac6,
image,BacterialSpot,BacterialSpot,/content/drive/MyDrive/Papaya_Leaf_Disease_Classification/BDPapayaLeaf/Original Images/BacterialSpot/BacterialSpot(424).jpg,BDPapayaLeaf/Original Images/BacterialSpot/BacterialSpot(424).jpg,BacterialSpot(424).jpg,BacterialSpot(424),bacterialspot(424),.jpg,119198,False,640,480,c10b580c52d75ff947d968b41b050695e12b97ed,b6a366a606161fdc,
image,BacterialSpot,BacterialSpot,/content/drive/MyDrive/Papaya_Leaf_Disease_Classification/BDPapayaLeaf/Original Images/BacterialSpot/BacterialSpot(425).jpg,BDPapayaLeaf/Original Images/BacterialSpot/BacterialSpot(425).jpg,BacterialSpot(425).jpg,BacterialSpot(425),bacterialspot(425),.jpg,111793,False,640,480,5d85c09ec7a9db8f7fc61f2a11ac34beb0a975b4,eaffa22a38e9f001,
image,BacterialSpot,BacterialSpot,/content/drive/MyDrive/Papaya_Leaf_Disease_Classification/BDPapayaLeaf/Original Images/BacterialSpot/BacterialSpot(426).jpg,BDPapayaLeaf/Original Images/BacterialSpot/BacterialSpot(426).jpg,BacterialSpot(426).jpg,BacterialSpot(426),bacterialspot(426),.jpg,116758,False,640,480,2d1cbd6f5c267edd0ef956d6aa6728ca38f46668,eaf9c202c8651dfa,
image,BacterialSpot,BacterialSpot,/content/drive/MyDrive/Papaya_Leaf_Disease_Classification/BDPapayaLeaf/Original Images/BacterialSpot/BacterialSpot(427).jpg,BDPapayaLeaf/Original Images/BacterialSpot/BacterialSpot(427).jpg,BacterialSpot(427).jpg,BacterialSpot(427),bacterialspot(427),.jpg,112026,False,640,480,319c3109fe48e78b07a4e28f976844517a90fcb1,9ca4593df0c30bf8,
image,BacterialSpot,BacterialSpot,/content/drive/MyDrive/Papaya_Leaf_Disease_Classification/BDPapayaLeaf/Original Images/BacterialSpot/BacterialSpot(428).jpg,BDPapayaLeaf/Original Images/BacterialSpot/BacterialSpot(428).jpg,BacterialSpot(428).jpg,BacterialSpot(428),bacterialspot(428),.jpg,119136,False,640,480,0a9099bdbec5d7ecfec6715cd033ca2f18d6e336,b8e2631a48af2eba,
image,BacterialSpot,BacterialSpot,/content/drive/MyDrive/Papaya_Leaf_Disease_Classification/BDPapayaLeaf/Original Images/BacterialSpot/BacterialSpot(429).jpg,BDPapayaLeaf/Original Images/BacterialSpot/BacterialSpot(429).jpg,BacterialSpot(429).jpg,BacterialSpot(429),bacterialspot(429),.jpg,109479,False,640,480,a8984d8ebb4b3551ffc2bf18381d0435c1ec2de2,eedd7594d2c28446,
image,BacterialSpot,BacterialSpot,/content/drive/MyDrive/Papaya_Leaf_Disease_Classification/BDPapayaLeaf/Original Images/BacterialSpot/BacterialSpot(430).jpg,BDPapayaLeaf/Original Images/BacterialSpot/BacterialSpot(430).jpg,BacterialSpot(430).jpg,BacterialSpot(430),bacterialspot(430),.jpg,95578,False,640,480,61f00632e1328e1c16ed66d50c24c391c94bd9c1,bfcefd48e9412105,
image,BacterialSpot,BacterialSpot,/content/drive/MyDrive/Papaya_Leaf_Disease_Classification/BDPapayaLeaf/Original Images/BacterialSpot/BacterialSpot(431).jpg,BDPapayaLeaf/Original Images/BacterialSpot/BacterialSpot(431).jpg,BacterialSpot(431).jpg,BacterialSpot(431),bacterialspot(431),.jpg,112126,False,640,480,819a96187c8b6654300b83de68a58728a0be7b43,a6d8170727d1f067,
image,BacterialSpot,BacterialSpot,/content/drive/MyDrive/Papaya_Leaf_Disease_Classification/BDPapayaLeaf/Original Images/BacterialSpot/BacterialSpot(432).jpg,BDPapayaLeaf/Original Images/BacterialSpot/BacterialSpot(432).jpg,BacterialSpot(432).jpg,BacterialSpot(432),bacterialspot(432),.jpg,104820,False,640,480,f30b85fe7f78212cdc7c7130777fa5c63f008323,8bb0439678e34f3c,
image,BacterialSpot,BacterialSpot,/content/drive/MyDrive/Papaya_Leaf_Disease_Classification/BDPapayaLeaf/Original Images/BacterialSpot/BacterialSpot(433).jpg,BDPapayaLeaf/Original Images/BacterialSpot/BacterialSpot(433).jpg,BacterialSpot(433).jpg,BacterialSpot(433),bacterialspot(433),.jpg,109115,False,640,480,58be9f1a8b732208916be86e0fa252bb1c12044e,d3f44152c587a7aa,
image,BacterialSpot,BacterialSpot,/content/drive/MyDrive/Papaya_Leaf_Disease_Classification/BDPapayaLeaf/Original Images/BacterialSpot/BacterialSpot(434).jpg,BDPapayaLeaf/Original Images/BacterialSpot/BacterialSpot(434).jpg,BacterialSpot(434).jpg,BacterialSpot(434),bacterialspot(434),.jpg,115822,False,640,480,382768a0ac95ba3d4395867c6ff9abb3a069f55e,a2daac0a700ff4db,
image,BacterialSpot,BacterialSpot,/content/drive/MyDrive/Papaya_Leaf_Disease_Classification/BDPapayaLeaf/Original Images/BacterialSpot/BacterialSpot(435).jpg,BDPapayaLeaf/Original Images/BacterialSpot/BacterialSpot(435).jpg,BacterialSpot(435).jpg,BacterialSpot(435),bacterialspot(435),.jpg,108392,False,640,480,332af561fefcd2af4db054cd36394e1ec44f7b8a,ebc0dbda163089d3,
image,BacterialSpot,BacterialSpot,/content/drive/MyDrive/Papaya_Leaf_Disease_Classification/BDPapayaLeaf/Original Images/BacterialSpot/BacterialSpot(436).jpg,BDPapayaLeaf/Original Images/BacterialSpot/BacterialSpot(436).jpg,BacterialSpot(436).jpg,BacterialSpot(436),bacterialspot(436),.jpg,101153,False,640,480,07649ca2d20c96eacfd2a25e41049fcc088bb3e9,8dd55e4aab10f28b,
image,BacterialSpot,BacterialSpot,/content/drive/MyDrive/Papaya_Leaf_Disease_Classification/BDPapayaLeaf/Original Images/BacterialSpot/BacterialSpot(437).jpg,BDPapayaLeaf/Original Images/BacterialSpot/BacterialSpot(437).jpg,BacterialSpot(437).jpg,BacterialSpot(437),bacterialspot(437),.jpg,106860,False,640,480,dbb6dc5c8b06764102073551a1439a710450182e,f28ba5b0e0cc18df,
image,BacterialSpot,BacterialSpot,/content/drive/MyDrive/Papaya_Leaf_Disease_Classification/BDPapayaLeaf/Original Images/BacterialSpot/BacterialSpot(438).jpg,BDPapayaLeaf/Original Images/BacterialSpot/BacterialSpot(438).jpg,BacterialSpot(438).jpg,BacterialSpot(438),bacterialspot(438),.jpg,101750,False,640,480,00fbaf66c7c92b717090436da890ed101855a0da,9be0db848a2d7553,
image,BacterialSpot,BacterialSpot,/content/drive/MyDrive/Papaya_Leaf_Disease_Classification/BDPapayaLeaf/Original Images/BacterialSpot/BacterialSpot(439).jpg,BDPapayaLeaf/Original Images/BacterialSpot/BacterialSpot(439).jpg,BacterialSpot(439).jpg,BacterialSpot(439),bacterialspot(439),.jpg,95906,False,640,480,d726a2dd725ad997ffc04abcf9f196c6621f2a7e,8af5e1843e12c3f6,
image,BacterialSpot,BacterialSpot,/content/drive/MyDrive/Papaya_Leaf_Disease_Classification/BDPapayaLeaf/Original Images/BacterialSpot/BacterialSpot(440).jpg,BDPapayaLeaf/Original Images/BacterialSpot/BacterialSpot(440).jpg,BacterialSpot(440).jpg,BacterialSpot(440),bacterialspot(440),.jpg,103333,False,640,480,c18cec6608457a6fe209bab0354de7ed66bc3576,bf56a83ac1a53592,
image,BacterialSpot,BacterialSpot,/content/drive/MyDrive/Papaya_Leaf_Disease_Classification/BDPapayaLeaf/Original Images/BacterialSpot/BacterialSpot(441).jpg,BDPapayaLeaf/Original Images/BacterialSpot/BacterialSpot(441).jpg,BacterialSpot(441).jpg,BacterialSpot(441),bacterialspot(441),.jpg,86937,False,640,480,3fd247cbbebe48c25a3106539c521782cf27e4c9,d63deab004d2c2fa,
image,BacterialSpot,BacterialSpot,/content/drive/MyDrive/Papaya_Leaf_Disease_Classification/BDPapayaLeaf/Original Images/BacterialSpot/BacterialSpot(442).jpg,BDPapayaLeaf/Original Images/BacterialSpot/BacterialSpot(442).jpg,BacterialSpot(442).jpg,BacterialSpot(442),bacterialspot(442),.jpg,119413,False,640,480,9186fb318525156f5b86b956ffb186de024eedcd,cae9a5f5f0020f9a,
image,BacterialSpot,BacterialSpot,/content/drive/MyDrive/Papaya_Leaf_Disease_Classification/BDPapayaLeaf/Original Images/BacterialSpot/BacterialSpot(443).jpg,BDPapayaLeaf/Original Images/BacterialSpot/BacterialSpot(443).jpg,BacterialSpot(443).jpg,BacterialSpot(443),bacterialspot(443),.jpg,111632,False,640,480,369942fd15a44377195e146d98ee98de1d817dbb,d98456024afdbf4a,
image,BacterialSpot,BacterialSpot,/content/drive/MyDrive/Papaya_Leaf_Disease_Classification/BDPapayaLeaf/Original Images/BacterialSpot/BacterialSpot(444).jpg,BDPapayaLeaf/Original Images/BacterialSpot/BacterialSpot(444).jpg,BacterialSpot(444).jpg,BacterialSpot(444),bacterialspot(444),.jpg,126151,False,640,480,41c128e838f076faee64ed8dee2b38d0752bc20b,afe9202f30a0f75a,
image,BacterialSpot,BacterialSpot,/content/drive/MyDrive/Papaya_Leaf_Disease_Classification/BDPapayaLeaf/Original Images/BacterialSpot/BacterialSpot(445).jpg,BDPapayaLeaf/Original Images/BacterialSpot/BacterialSpot(445).jpg,BacterialSpot(445).jpg,BacterialSpot(445),bacterialspot(445),.jpg,104877,False,640,480,4d076ebeb1c6a926585ccafff17bf58ff39565d3,aa0afa5afa69a8a8,
image,BacterialSpot,BacterialSpot,/content/drive/MyDrive/Papaya_Leaf_Disease_Classification/BDPapayaLeaf/Original Images/BacterialSpot/BacterialSpot(446).jpg,BDPapayaLeaf/Original Images/BacterialSpot/BacterialSpot(446).jpg,BacterialSpot(446).jpg,BacterialSpot(446),bacterialspot(446),.jpg,106207,False,640,480,76a0ed3c64ac3f628c60dc9f44f7edda03fb93b7,9ea978e1071e16b6,
image,BacterialSpot,BacterialSpot,/content/drive/MyDrive/Papaya_Leaf_Disease_Classification/BDPapayaLeaf/Original Images/BacterialSpot/BacterialSpot(447).jpg,BDPapayaLeaf/Original Images/BacterialSpot/BacterialSpot(447).jpg,BacterialSpot(447).jpg,BacterialSpot(447),bacterialspot(447),.jpg,89334,False,640,480,a6894a951aa8f7eb87c45c5947a4bab00461710f,8af14709adf51db0,
image,BacterialSpot,BacterialSpot,/content/drive/MyDrive/Papaya_Leaf_Disease_Classification/BDPapayaLeaf/Original Images/BacterialSpot/BacterialSpot(448).jpg,BDPapayaLeaf/Original Images/BacterialSpot/BacterialSpot(448).jpg,BacterialSpot(448).jpg,BacterialSpot(448),bacterialspot(448),.jpg,108770,False,640,480,578a3cde61a03aec926097f307ded59d576a2129,99b1564955ba4b5a,
image,BacterialSpot,BacterialSpot,/content/drive/MyDrive/Papaya_Leaf_Disease_Classification/BDPapayaLeaf/Original Images/BacterialSpot/BacterialSpot(449).jpg,BDPapayaLeaf/Original Images/BacterialSpot/BacterialSpot(449).jpg,BacterialSpot(449).jpg,BacterialSpot(449),bacterialspot(449),.jpg,116965,False,640,480,275542937377126f5cdce591007be2796c29d64b,bed41d5bad9980a1,
image,BacterialSpot,BacterialSpot,/content/drive/MyDrive/Papaya_Leaf_Disease_Classification/BDPapayaLeaf/Original Images/BacterialSpot/BacterialSpot(450).jpg,BDPapayaLeaf/Original Images/BacterialSpot/BacterialSpot(450).jpg,BacterialSpot(450).jpg,BacterialSpot(450),bacterialspot(450),.jpg,96924,False,640,480,a277530b2cdd0f466e6063386fe86f2fcc7ae577,bc8436786fe2031f,
image,BacterialSpot,BacterialSpot,/content/drive/MyDrive/Papaya_Leaf_Disease_Classification/BDPapayaLeaf/Original Images/BacterialSpot/BacterialSpot(451).jpg,BDPapayaLeaf/Original Images/BacterialSpot/BacterialSpot(451).jpg,BacterialSpot(451).jpg,BacterialSpot(451),bacterialspot(451),.jpg,90636,False,640,480,c0359df706bdd5c7d2e26abef2afa94329f6e0c5,bbca5a619195e4e8,
image,BacterialSpot,BacterialSpot,/content/drive/MyDrive/Papaya_Leaf_Disease_Classification/BDPapayaLeaf/Original Images/BacterialSpot/BacterialSpot(452).jpg,BDPapayaLeaf/Original Images/BacterialSpot/BacterialSpot(452).jpg,BacterialSpot(452).jpg,BacterialSpot(452),bacterialspot(452),.jpg,88363,False,640,480,da066fccf67c8e50143da9f0613f1e3a81ab0887,a9c40eb57efad022,
image,BacterialSpot,BacterialSpot,/content/drive/MyDrive/Papaya_Leaf_Disease_Classification/BDPapayaLeaf/Original Images/BacterialSpot/BacterialSpot(453).jpg,BDPapayaLeaf/Original Images/BacterialSpot/BacterialSpot(453).jpg,BacterialSpot(453).jpg,BacterialSpot(453),bacterialspot(453),.jpg,91949,False,640,480,2752fd93afdec6e0ece253e9473ed5029f02da80,c8a31dcf3fdc0095,
image,BacterialSpot,BacterialSpot,/content/drive/MyDrive/Papaya_Leaf_Disease_Classification/BDPapayaLeaf/Original Images/BacterialSpot/BacterialSpot(454).jpg,BDPapayaLeaf/Original Images/BacterialSpot/BacterialSpot(454).jpg,BacterialSpot(454).jpg,BacterialSpot(454),bacterialspot(454),.jpg,83666,False,640,480,79515e4a38d57fbdb98769c1b8d4ca6f13ab11e0,ba18f803fa4363ea,
image,BacterialSpot,BacterialSpot,/content/drive/MyDrive/Papaya_Leaf_Disease_Classification/BDPapayaLeaf/Original Images/BacterialSpot/BacterialSpot(455).jpg,BDPapayaLeaf/Original Images/BacterialSpot/BacterialSpot(455).jpg,BacterialSpot(455).jpg,BacterialSpot(455),bacterialspot(455),.jpg,84012,False,640,480,dacb6a0bc246b0a512048ef07da5a33ccaed3c53,8ac50bd7829e978b,
image,BacterialSpot,BacterialSpot,/content/drive/MyDrive/Papaya_Leaf_Disease_Classification/BDPapayaLeaf/Original Images/BacterialSpot/BacterialSpot(456).jpg,BDPapayaLeaf/Original Images/BacterialSpot/BacterialSpot(456).jpg,BacterialSpot(456).jpg,BacterialSpot(456),bacterialspot(456),.jpg,90577,False,640,480,19fa316dfa326e29c61181bddbf6cefe13868e8d,a1b059c6f2e35b25,
image,BacterialSpot,BacterialSpot,/content/drive/MyDrive/Papaya_Leaf_Disease_Classification/BDPapayaLeaf/Original Images/BacterialSpot/BacterialSpot(457).jpg,BDPapayaLeaf/Original Images/BacterialSpot/BacterialSpot(457).jpg,BacterialSpot(457).jpg,BacterialSpot(457),bacterialspot(457),.jpg,98163,False,640,480,01cef7bdf3f8ef6f206b7006e4c68a6b9c250b7d,d0a82bb556795a2b,
image,BacterialSpot,BacterialSpot,/content/drive/MyDrive/Papaya_Leaf_Disease_Classification/BDPapayaLeaf/Original Images/BacterialSpot/BacterialSpot(458).jpg,BDPapayaLeaf/Original Images/BacterialSpot/BacterialSpot(458).jpg,BacterialSpot(458).jpg,BacterialSpot(458),bacterialspot(458),.jpg,97735,False,640,480,191f3a7eff05fbd941ab1bd2eb381dbf639229f8,8b9443153df20f7c,
image,Curl,Curl,/content/drive/MyDrive/Papaya_Leaf_Disease_Classification/BDPapayaLeaf/Original Images/Curl/Curl(319).jpg,BDPapayaLeaf/Original Images/Curl/Curl(319).jpg,Curl(319).jpg,Curl(319),curl(319),.jpg,115874,False,640,480,9430c032d118f98d69381d00023042e2ad19f7cb,890b5fc28f78c33c,
image,Curl,Curl,/content/drive/MyDrive/Papaya_Leaf_Disease_Classification/BDPapayaLeaf/Original Images/Curl/Curl(325).jpg,BDPapayaLeaf/Original Images/Curl/Curl(325).jpg,Curl(325).jpg,Curl(325),curl(325),.jpg,109548,False,640,480,db7764e9e599d251078175c953c46f56672667b4,a2e1494a7aad4bb5,
image,Curl,Curl,/content/drive/MyDrive/Papaya_Leaf_Disease_Classification/BDPapayaLeaf/Original Images/Curl/Curl(326).jpg,BDPapayaLeaf/Original Images/Curl/Curl(326).jpg,Curl(326).jpg,Curl(326),curl(326),.jpg,95870,False,640,480,83c3cdff31225fa96dd3230c8298aa3d8c0a4961,e122c8789e7f9705,
image,Curl,Curl,/content/drive/MyDrive/Papaya_Leaf_Disease_Classification/BDPapayaLeaf/Original Images/Curl/Curl(364).jpg,BDPapayaLeaf/Original Images/Curl/Curl(364).jpg,Curl(364).jpg,Curl(364),curl(364),.jpg,126301,False,640,480,1fba64203e594ea98c866a52f5e53b1c73784a10,ed77224707429f54,
image,Curl,Curl,/content/drive/MyDrive/Papaya_Leaf_Disease_Classification/BDPapayaLeaf/Original Images/Curl/Curl(365).jpg,BDPapayaLeaf/Original Images/Curl/Curl(365).jpg,Curl(365).jpg,Curl(365),curl(365),.jpg,111435,False,640,480,99c6c5a6e1d098b1da0372fdf2d8968200f34983,ac1d5925b29236fa,
image,Curl,Curl,/content/drive/MyDrive/Papaya_Leaf_Disease_Classification/BDPapayaLeaf/Original Images/Curl/Curl(366).jpg,BDPapayaLeaf/Original Images/Curl/Curl(366).jpg,Curl(366).jpg,Curl(366),curl(366),.jpg,109864,False,640,480,988c3f957e06014d884b564e45fb48c74a72f35d,9d9d2aedb561e500,
image,Curl,Curl,/content/drive/MyDrive/Papaya_Leaf_Disease_Classification/BDPapayaLeaf/Original Images/Curl/Curl(367).jpg,BDPapayaLeaf/Original Images/Curl/Curl(367).jpg,Curl(367).jpg,Curl(367),curl(367),.jpg,105866,False,640,480,8657b635c73e12a47721c42e4facfb31b70a16b0,8aed105a4be8f1b6,
image,Curl,Curl,/content/drive/MyDrive/Papaya_Leaf_Disease_Classification/BDPapayaLeaf/Original Images/Curl/Curl(368).jpg,BDPapayaLeaf/Original Images/Curl/Curl(368).jpg,Curl(368).jpg,Curl(368),curl(368),.jpg,111690,False,640,480,bd4a7962a31c83e9c82aafe7d56859fb76a56d6b,ce9556d36da2a2a2,
image,Curl,Curl,/content/drive/MyDrive/Papaya_Leaf_Disease_Classification/BDPapayaLeaf/Original Images/Curl/Curl(369).jpg,BDPapayaLeaf/Original Images/Curl/Curl(369).jpg,Curl(369).jpg,Curl(369),curl(369),.jpg,122355,False,640,480,ca44665aa0372b59cb26f59897301acf102053e8,f219efab87508a1a,
image,Curl,Curl,/content/drive/MyDrive/Papaya_Leaf_Disease_Classification/BDPapayaLeaf/Original Images/Curl/Curl(370).jpg,BDPapayaLeaf/Original Images/Curl/Curl(370).jpg,Curl(370).jpg,Curl(370),curl(370),.jpg,112838,False,640,480,332101bb839229c9d17919b564de794fe9523555,9c8c6ca660d2faf4,
image,Curl,Curl,/content/drive/MyDrive/Papaya_Leaf_Disease_Classification/BDPapayaLeaf/Original Images/Curl/Curl(371).jpg,BDPapayaLeaf/Original Images/Curl/Curl(371).jpg,Curl(371).jpg,Curl(371),curl(371),.jpg,112749,False,640,480,098330b00e36317c99237beab4e22e5befa6eb49,98bcf860e5a5526b,
image,Curl,Curl,/content/drive/MyDrive/Papaya_Leaf_Disease_Classification/BDPapayaLeaf/Original Images/Curl/Curl(372).jpg,BDPapayaLeaf/Original Images/Curl/Curl(372).jpg,Curl(372).jpg,Curl(372),curl(372),.jpg,118016,False,640,480,eddc0f8f1321fb52c44e366e1c02b24256fa5d08,8e8c0536f6db09b6,
image,Curl,Curl,/content/drive/MyDrive/Papaya_Leaf_Disease_Classification/BDPapayaLeaf/Original Images/Curl/Curl(373).jpg,BDPapayaLeaf/Original Images/Curl/Curl(373).jpg,Curl(373).jpg,Curl(373),curl(373),.jpg,111939,False,640,480,313c14444d0ed9e6fb796138887260f26f11cd4b,afc9501d9c31f692,
image,Curl,Curl,/content/drive/MyDrive/Papaya_Leaf_Disease_Classification/BDPapayaLeaf/Original Images/Curl/Curl(374).jpg,BDPapayaLeaf/Original Images/Curl/Curl(374).jpg,Curl(374).jpg,Curl(374),curl(374),.jpg,108039,False,640,480,e22cd59a48f4cb186360d479c65593c5ef8a6b45,bb83cc50835f70ce,
image,Curl,Curl,/content/drive/MyDrive/Papaya_Leaf_Disease_Classification/BDPapayaLeaf/Original Images/Curl/Curl(375).jpg,BDPapayaLeaf/Original Images/Curl/Curl(375).jpg,Curl(375).jpg,Curl(375),curl(375),.jpg,128756,False,640,480,e1037b1bbf5e16049502b7b0cd79dfcd50641f08,aba7c7b65a2150cc,
image,Curl,Curl,/content/drive/MyDrive/Papaya_Leaf_Disease_Classification/BDPapayaLeaf/Original Images/Curl/Curl(376).jpg,BDPapayaLeaf/Original Images/Curl/Curl(376).jpg,Curl(376).jpg,Curl(376),curl(376),.jpg,112473,False,640,480,7750fc857bbaf8f737a28696e202cadf201eb176,faac82900c3bedb3,
image,Curl,Curl,/content/drive/MyDrive/Papaya_Leaf_Disease_Classification/BDPapayaLeaf/Original Images/Curl/Curl(377).jpg,BDPapayaLeaf/Original Images/Curl/Curl(377).jpg,Curl(377).jpg,Curl(377),curl(377),.jpg,115816,False,640,480,5665f1e701e3365794d3ad87edf9d2df81e1f22d,fb8e5858504bcd78,
image,Curl,Curl,/content/drive/MyDrive/Papaya_Leaf_Disease_Classification/BDPapayaLeaf/Original Images/Curl/Curl(378).jpg,BDPapayaLeaf/Original Images/Curl/Curl(378).jpg,Curl(378).jpg,Curl(378),curl(378),.jpg,118489,False,640,480,5843d45ca3c11597f99d8d209744273d7836efe6,dfacc5e49af84482,
image,Curl,Curl,/content/drive/MyDrive/Papaya_Leaf_Disease_Classification/BDPapayaLeaf/Original Images/Curl/Curl(379).jpg,BDPapayaLeaf/Original Images/Curl/Curl(379).jpg,Curl(379).jpg,Curl(379),curl(379),.jpg,109591,False,640,480,dfd40a7ce0e67f76c41b36914a2e645a4bd03457,e9b6908aff8096ac,
image,Curl,Curl,/content/drive/MyDrive/Papaya_Leaf_Disease_Classification/BDPapayaLeaf/Original Images/Curl/Curl(380).jpg,BDPapayaLeaf/Original Images/Curl/Curl(380).jpg,Curl(380).jpg,Curl(380),curl(380),.jpg,121078,False,640,480,3dc10f447f01b139c3f31c6f3d567366383a9200,9ea556aa053ff811,
image,Curl,Curl,/content/drive/MyDrive/Papaya_Leaf_Disease_Classification/BDPapayaLeaf/Original Images/Curl/Curl(381).jpg,BDPapayaLeaf/Original Images/Curl/Curl(381).jpg,Curl(381).jpg,Curl(381),curl(381),.jpg,116892,False,640,480,ffbeeff5d7586cbfddac37407f25af599ffde6f9,b889d5afd2ab41a1,
image,Curl,Curl,/content/drive/MyDrive/Papaya_Leaf_Disease_Classification/BDPapayaLeaf/Original Images/Curl/Curl(382).jpg,BDPapayaLeaf/Original Images/Curl/Curl(382).jpg,Curl(382).jpg,Curl(382),curl(382),.jpg,126832,False,640,480,3ad581547757916ec0ec071a772adb407b4cab37,f5f0bd91ad00a4b6,
image,Curl,Curl,/content/drive/MyDrive/Papaya_Leaf_Disease_Classification/BDPapayaLeaf/Original Images/Curl/Curl(383).jpg,BDPapayaLeaf/Original Images/Curl/Curl(383).jpg,Curl(383).jpg,Curl(383),curl(383),.jpg,109756,False,640,480,3db55512190e2659074ff9c7f3aed59dd00881dc,bdaa8db452876a61,
image,Curl,Curl,/content/drive/MyDrive/Papaya_Leaf_Disease_Classification/BDPapayaLeaf/Original Images/Curl/Curl(384).jpg,BDPapayaLeaf/Original Images/Curl/Curl(384).jpg,Curl(384).jpg,Curl(384),curl(384),.jpg,100960,False,640,480,543aac4e9ac5f802ea9777f592b374a7a90c57a7,f1524a1db4575768,
image,Curl,Curl,/content/drive/MyDrive/Papaya_Leaf_Disease_Classification/BDPapayaLeaf/Original Images/Curl/Curl(385).jpg,BDPapayaLeaf/Original Images/Curl/Curl(385).jpg,Curl(385).jpg,Curl(385),curl(385),.jpg,105407,False,640,480,a83b401739ff1c1ffb2065b20f3bbaaa9ef68d7e,aa0dfef0a034f1a3,
image,Curl,Curl,/content/drive/MyDrive/Papaya_Leaf_Disease_Classification/BDPapayaLeaf/Original Images/Curl/Curl(386).jpg,BDPapayaLeaf/Original Images/Curl/Curl(386).jpg,Curl(386).jpg,Curl(386),curl(386),.jpg,105620,False,640,480,df7a6c8c61162ed2d180b3d52b8ddda847c5fbd0,e8ae4a6db0f091b5,
image,Curl,Curl,/content/drive/MyDrive/Papaya_Leaf_Disease_Classification/BDPapayaLeaf/Original Images/Curl/Curl(387).jpg,BDPapayaLeaf/Original Images/Curl/Curl(387).jpg,Curl(387).jpg,Curl(387),curl(387),.jpg,105385,False,640,480,5105cba1944522a5a2c4531a980d278633bd23d3,89bc1aac93172e7a,
image,Curl,Curl,/content/drive/MyDrive/Papaya_Leaf_Disease_Classification/BDPapayaLeaf/Original Images/Curl/Curl(388).jpg,BDPapayaLeaf/Original Images/Curl/Curl(388).jpg,Curl(388).jpg,Curl(388),curl(388),.jpg,111254,False,640,480,b54300f9bd04dfcd5e2ed7beb3315ed06d9c8a74,bd49152dfef24112,
image,Curl,Curl,/content/drive/MyDrive/Papaya_Leaf_Disease_Classification/BDPapayaLeaf/Original Images/Curl/Curl(389).jpg,BDPapayaLeaf/Original Images/Curl/Curl(389).jpg,Curl(389).jpg,Curl(389),curl(389),.jpg,99930,False,640,480,1c35a39ba5251ba678c217cfe61d01564ab9bfcc,9869a9b5567a0b71,
image,Curl,Curl,/content/drive/MyDrive/Papaya_Leaf_Disease_Classification/BDPapayaLeaf/Original Images/Curl/Curl(390).jpg,BDPapayaLeaf/Original Images/Curl/Curl(390).jpg,Curl(390).jpg,Curl(390),curl(390),.jpg,86957,False,640,480,da5565bc125a5999a51c94283d8b389cc468943a,84c487a6871d5d7d,
image,Curl,Curl,/content/drive/MyDrive/Papaya_Leaf_Disease_Classification/BDPapayaLeaf/Original Images/Curl/Curl(391).jpg,BDPapayaLeaf/Original Images/Curl/Curl(391).jpg,Curl(391).jpg,Curl(391),curl(391),.jpg,120423,False,640,480,98387662d453a7efbf0d387bf44bc6a11dfe8fbc,8eb4a583eb0693ab,
image,Curl,Curl,/content/drive/MyDrive/Papaya_Leaf_Disease_Classification/BDPapayaLeaf/Original Images/Curl/Curl(392).jpg,BDPapayaLeaf/Original Images/Curl/Curl(392).jpg,Curl(392).jpg,Curl(392),curl(392),.jpg,117777,False,640,480,ab8a1b103c1b818cb3b298a89cd138003740435b,e6f4e2cb9824f30a,
image,Curl,Curl,/content/drive/MyDrive/Papaya_Leaf_Disease_Classification/BDPapayaLeaf/Original Images/Curl/Curl(393).jpg,BDPapayaLeaf/Original Images/Curl/Curl(393).jpg,Curl(393).jpg,Curl(393),curl(393),.jpg,111650,False,640,480,368f758fa28ac8c0d3d1d724169186cdb3e7d3bf,cecb56a5d5d8a828,
image,Curl,Curl,/content/drive/MyDrive/Papaya_Leaf_Disease_Classification/BDPapayaLeaf/Original Images/Curl/Curl(394).jpg,BDPapayaLeaf/Original Images/Curl/Curl(394).jpg,Curl(394).jpg,Curl(394),curl(394),.jpg,102933,False,640,480,9a5402ae7fca025859eb883ea25068b66c76e793,ddeb946860c595c3,
image,Curl,Curl,/content/drive/MyDrive/Papaya_Leaf_Disease_Classification/BDPapayaLeaf/Original Images/Curl/Curl(395).jpg,BDPapayaLeaf/Original Images/Curl/Curl(395).jpg,Curl(395).jpg,Curl(395),curl(395),.jpg,91462,False,640,480,19ca69b68a4da7753ac00d698d503774585180db,a3923dc4f70db868,
image,Curl,Curl,/content/drive/MyDrive/Papaya_Leaf_Disease_Classification/BDPapayaLeaf/Original Images/Curl/Curl(396).jpg,BDPapayaLeaf/Original Images/Curl/Curl(396).jpg,Curl(396).jpg,Curl(396),curl(396),.jpg,114978,False,640,480,3ef5501b3d0ec7cfe9bbaff258a5bfe759e49fb5,cec22ed001bf8bad,
image,Curl,Curl,/content/drive/MyDrive/Papaya_Leaf_Disease_Classification/BDPapayaLeaf/Original Images/Curl/Curl(397).jpg,BDPapayaLeaf/Original Images/Curl/Curl(397).jpg,Curl(397).jpg,Curl(397),curl(397),.jpg,125247,False,640,480,5b76021c81b40e5d63d667ba9e18e39303e70973,eeabaa8a181ebb88,
image,Curl,Curl,/content/drive/MyDrive/Papaya_Leaf_Disease_Classification/BDPapayaLeaf/Original Images/Curl/Curl(398).jpg,BDPapayaLeaf/Original Images/Curl/Curl(398).jpg,Curl(398).jpg,Curl(398),curl(398),.jpg,112615,False,640,480,076f0e693223bb59e42f44c8a637058cf806d834,fc8cd4955452c3d6,
image,Curl,Curl,/content/drive/MyDrive/Papaya_Leaf_Disease_Classification/BDPapayaLeaf/Original Images/Curl/Curl(399).jpg,BDPapayaLeaf/Original Images/Curl/Curl(399).jpg,Curl(399).jpg,Curl(399),curl(399),.jpg,114794,False,640,480,2aeeeeef50b1cd758c23b00dbea0581cdda3b2c6,fcf5bd96a4030583,
image,Curl,Curl,/content/drive/MyDrive/Papaya_Leaf_Disease_Classification/BDPapayaLeaf/Original Images/Curl/Curl(400).jpg,BDPapayaLeaf/Original Images/Curl/Curl(400).jpg,Curl(400).jpg,Curl(400),curl(400),.jpg,122844,False,640,480,7d4ab22ec4b9687e08058427a165041ee13999f4,a9da55bdc6435251,
image,Curl,Curl,/content/drive/MyDrive/Papaya_Leaf_Disease_Classification/BDPapayaLeaf/Original Images/Curl/Curl(401).jpg,BDPapayaLeaf/Original Images/Curl/Curl(401).jpg,Curl(401).jpg,Curl(401),curl(401),.jpg,115875,False,640,480,cefa6b18c23c412623e7cb1f3e2e13143ef16cdf,f7b083832b795c94,
image,Curl,Curl,/content/drive/MyDrive/Papaya_Leaf_Disease_Classification/BDPapayaLeaf/Original Images/Curl/Curl(402).jpg,BDPapayaLeaf/Original Images/Curl/Curl(402).jpg,Curl(402).jpg,Curl(402),curl(402),.jpg,108785,False,640,480,2b21146f6b25e1ce93e5b68c42390edd19321dd6,afcfcf8ed08a88c0,
image,Curl,Curl,/content/drive/MyDrive/Papaya_Leaf_Disease_Classification/BDPapayaLeaf/Original Images/Curl/Curl(403).jpg,BDPapayaLeaf/Original Images/Curl/Curl(403).jpg,Curl(403).jpg,Curl(403),curl(403),.jpg,102028,False,640,480,1044f3642e891456440496514b92f47b7f7203de,cfe2e9b5b4c18518,
image,Curl,Curl,/content/drive/MyDrive/Papaya_Leaf_Disease_Classification/BDPapayaLeaf/Original Images/Curl/Curl(404).jpg,BDPapayaLeaf/Original Images/Curl/Curl(404).jpg,Curl(404).jpg,Curl(404),curl(404),.jpg,88923,False,640,480,2374b74134d724616edd82d0abc2f7cf78519b7e,8afca3c537a95243,
image,Curl,Curl,/content/drive/MyDrive/Papaya_Leaf_Disease_Classification/BDPapayaLeaf/Original Images/Curl/Curl(405).jpg,BDPapayaLeaf/Original Images/Curl/Curl(405).jpg,Curl(405).jpg,Curl(405),curl(405),.jpg,92100,False,640,480,147fbbb22f5e5b758f6d76230f538be69e283894,a2bd5cb64b6a1bc0,
image,Curl,Curl,/content/drive/MyDrive/Papaya_Leaf_Disease_Classification/BDPapayaLeaf/Original Images/Curl/Curl(406).jpg,BDPapayaLeaf/Original Images/Curl/Curl(406).jpg,Curl(406).jpg,Curl(406),curl(406),.jpg,95911,False,640,480,a23d63aa89d78f707aa70e3982947cfb02e325bc,bbbf6242b0699790,
image,Curl,Curl,/content/drive/MyDrive/Papaya_Leaf_Disease_Classification/BDPapayaLeaf/Original Images/Curl/Curl(407).jpg,BDPapayaLeaf/Original Images/Curl/Curl(407).jpg,Curl(407).jpg,Curl(407),curl(407),.jpg,93783,False,640,480,38549d05d75c77975c9cc75a69da3cd25a81f221,ea9aba8ab26e6125,
image,Curl,Curl,/content/drive/MyDrive/Papaya_Leaf_Disease_Classification/BDPapayaLeaf/Original Images/Curl/Curl(408).jpg,BDPapayaLeaf/Original Images/Curl/Curl(408).jpg,Curl(408).jpg,Curl(408),curl(408),.jpg,117253,False,640,480,24701d984f4d1d1ac1695fc4b2ee7d0032419151,96664190366fedd1,
image,Curl,Curl,/content/drive/MyDrive/Papaya_Leaf_Disease_Classification/BDPapayaLeaf/Original Images/Curl/Curl(409).jpg,BDPapayaLeaf/Original Images/Curl/Curl(409).jpg,Curl(409).jpg,Curl(409),curl(409),.jpg,131038,False,640,480,880ea361727bbc4fadf1b035722deb69ae9123a7,f309e6fd42940bc3,
image,Curl,Curl,/content/drive/MyDrive/Papaya_Leaf_Disease_Classification/BDPapayaLeaf/Original Images/Curl/Curl(410).jpg,BDPapayaLeaf/Original Images/Curl/Curl(410).jpg,Curl(410).jpg,Curl(410),curl(410),.jpg,97221,False,640,480,117811c44de358844ccffbb051a1f8c414d14dc1,aa410f76fe0a1a79,
image,Curl,Curl,/content/drive/MyDrive/Papaya_Leaf_Disease_Classification/BDPapayaLeaf/Original Images/Curl/Curl(411).jpg,BDPapayaLeaf/Original Images/Curl/Curl(411).jpg,Curl(411).jpg,Curl(411),curl(411),.jpg,89203,False,640,480,a03dcba146734d09d2b23170354cd4f9e4c81598,cfdc74db64026c64,
image,Curl,Curl,/content/drive/MyDrive/Papaya_Leaf_Disease_Classification/BDPapayaLeaf/Original Images/Curl/Curl(412).jpg,BDPapayaLeaf/Original Images/Curl/Curl(412).jpg,Curl(412).jpg,Curl(412),curl(412),.jpg,121650,False,640,480,ce1879e026ead84844553dacd3a5b0c62b294559,ff846a99a825b5d0,
image,Curl,Curl,/content/drive/MyDrive/Papaya_Leaf_Disease_Classification/BDPapayaLeaf/Original Images/Curl/Curl(413).jpg,BDPapayaLeaf/Original Images/Curl/Curl(413).jpg,Curl(413).jpg,Curl(413),curl(413),.jpg,128029,False,640,480,4623a07471be73d001f2aa2af07f959709752bec,baebb539d82448cc,
image,Curl,Curl,/content/drive/MyDrive/Papaya_Leaf_Disease_Classification/BDPapayaLeaf/Original Images/Curl/Curl(414).jpg,BDPapayaLeaf/Original Images/Curl/Curl(414).jpg,Curl(414).jpg,Curl(414),curl(414),.jpg,129901,False,640,480,0512befc91de4de9a13a45842e18b03090ff7f54,abe849298d317d6a,
image,Curl,Curl,/content/drive/MyDrive/Papaya_Leaf_Disease_Classification/BDPapayaLeaf/Original Images/Curl/Curl(415).jpg,BDPapayaLeaf/Original Images/Curl/Curl(415).jpg,Curl(415).jpg,Curl(415),curl(415),.jpg,125946,False,640,480,5bd1aa996a5bdaa43238487d9c60309553b57b0c,8aaa931478e0f1ef,
image,Curl,Curl,/content/drive/MyDrive/Papaya_Leaf_Disease_Classification/BDPapayaLeaf/Original Images/Curl/Curl(416).jpg,BDPapayaLeaf/Original Images/Curl/Curl(416).jpg,Curl(416).jpg,Curl(416),curl(416),.jpg,118137,False,640,480,b91a2dec3c96e690c38a695c83bbb800655eb2ea,e9b0e5f03e051755,
image,Curl,Curl,/content/drive/MyDrive/Papaya_Leaf_Disease_Classification/BDPapayaLeaf/Original Images/Curl/Curl(417).jpg,BDPapayaLeaf/Original Images/Curl/Curl(417).jpg,Curl(417).jpg,Curl(417),curl(417),.jpg,108737,False,640,480,a4018424e155a72c2e1e81f1deeadb92cd8b1a7e,9fc3494adad2d0b2,
image,Curl,Curl,/content/drive/MyDrive/Papaya_Leaf_Disease_Classification/BDPapayaLeaf/Original Images/Curl/Curl(418).jpg,BDPapayaLeaf/Original Images/Curl/Curl(418).jpg,Curl(418).jpg,Curl(418),curl(418),.jpg,123293,False,640,480,37bf0d500f4b64d0e81cfb1f54b320862ac714aa,8fc1365fe40700f7,
image,Curl,Curl,/content/drive/MyDrive/Papaya_Leaf_Disease_Classification/BDPapayaLeaf/Original Images/Curl/Curl(419).jpg,BDPapayaLeaf/Original Images/Curl/Curl(419).jpg,Curl(419).jpg,Curl(419),curl(419),.jpg,119254,False,640,480,f5474b15810782489adc8e24d2a74bcd6445beb3,85a6a368d6d30a9f,
image,Curl,Curl,/content/drive/MyDrive/Papaya_Leaf_Disease_Classification/BDPapayaLeaf/Original Images/Curl/Curl(420).jpg,BDPapayaLeaf/Original Images/Curl/Curl(420).jpg,Curl(420).jpg,Curl(420),curl(420),.jpg,105723,False,640,480,c6ee156e77b97ca2d2fd4479f916d50c41d36ea9,c7c49a480d2fbcba,
image,Curl,Curl,/content/drive/MyDrive/Papaya_Leaf_Disease_Classification/BDPapayaLeaf/Original Images/Curl/Curl(421).jpg,BDPapayaLeaf/Original Images/Curl/Curl(421).jpg,Curl(421).jpg,Curl(421),curl(421),.jpg,121457,False,640,480,22af4b20fe67cd5264122ca080a8691e2f13ccbf,efa1ccfff02003c4,
image,Curl,Curl,/content/drive/MyDrive/Papaya_Leaf_Disease_Classification/BDPapayaLeaf/Original Images/Curl/Curl(422).jpg,BDPapayaLeaf/Original Images/Curl/Curl(422).jpg,Curl(422).jpg,Curl(422),curl(422),.jpg,114499,False,640,480,0a0f386bad87633a74f2d145cd44c9546c9ffafa,eade5ca5cb82d070,
image,Curl,Curl,/content/drive/MyDrive/Papaya_Leaf_Disease_Classification/BDPapayaLeaf/Original Images/Curl/Curl(423).jpg,BDPapayaLeaf/Original Images/Curl/Curl(423).jpg,Curl(423).jpg,Curl(423),curl(423),.jpg,103168,False,640,480,8de41d3961ebfeba2da55f896c2e555ca054e5c9,ab5352eaa8abc0f2,
image,Curl,Curl,/content/drive/MyDrive/Papaya_Leaf_Disease_Classification/BDPapayaLeaf/Original Images/Curl/Curl(424).jpg,BDPapayaLeaf/Original Images/Curl/Curl(424).jpg,Curl(424).jpg,Curl(424),curl(424),.jpg,108269,False,640,480,efec11c7e802c68328175e87ebbf42bca17649b8,81b3155552daab5d,
image,Curl,Curl,/content/drive/MyDrive/Papaya_Leaf_Disease_Classification/BDPapayaLeaf/Original Images/Curl/Curl(425).jpg,BDPapayaLeaf/Original Images/Curl/Curl(425).jpg,Curl(425).jpg,Curl(425),curl(425),.jpg,122245,False,640,480,324a3de8ffa9236e0432a0f81fc554aa4f30398e,dcc805716b3a2aaf,
image,Curl,Curl,/content/drive/MyDrive/Papaya_Leaf_Disease_Classification/BDPapayaLeaf/Original Images/Curl/Curl(426).jpg,BDPapayaLeaf/Original Images/Curl/Curl(426).jpg,Curl(426).jpg,Curl(426),curl(426),.jpg,131987,False,640,480,27790508ed63a707241307071281d74e9918c90d,a7b6d755505f4301,
image,Curl,Curl,/content/drive/MyDrive/Papaya_Leaf_Disease_Classification/BDPapayaLeaf/Original Images/Curl/Curl(427).jpg,BDPapayaLeaf/Original Images/Curl/Curl(427).jpg,Curl(427).jpg,Curl(427),curl(427),.jpg,121597,False,640,480,1094fb4153f3112460f05c0bbadb1f4fb8e3874b,8a92ffb801a12fe5,
image,Curl,Curl,/content/drive/MyDrive/Papaya_Leaf_Disease_Classification/BDPapayaLeaf/Original Images/Curl/Curl(428).jpg,BDPapayaLeaf/Original Images/Curl/Curl(428).jpg,Curl(428).jpg,Curl(428),curl(428),.jpg,131474,False,640,480,d3a1eb61b34da026a4fee9d2fed3f59fc4028076,b3e2d50a09275cbd,
image,Curl,Curl,/content/drive/MyDrive/Papaya_Leaf_Disease_Classification/BDPapayaLeaf/Original Images/Curl/Curl(429).jpg,BDPapayaLeaf/Original Images/Curl/Curl(429).jpg,Curl(429).jpg,Curl(429),curl(429),.jpg,132038,False,640,480,afcb2e1d59e96b224f2464b63827344596a868b0,9ac7d3b44944e9e4,
image,Curl,Curl,/content/drive/MyDrive/Papaya_Leaf_Disease_Classification/BDPapayaLeaf/Original Images/Curl/Curl(430).jpg,BDPapayaLeaf/Original Images/Curl/Curl(430).jpg,Curl(430).jpg,Curl(430),curl(430),.jpg,111611,False,640,480,055fda18294ee19ac6633f6b6b3864e6433cedc0,a741deb7a64c1c0b,
image,Curl,Curl,/content/drive/MyDrive/Papaya_Leaf_Disease_Classification/BDPapayaLeaf/Original Images/Curl/Curl(431).jpg,BDPapayaLeaf/Original Images/Curl/Curl(431).jpg,Curl(431).jpg,Curl(431),curl(431),.jpg,124257,False,640,480,3ee2e45f49af6eced12c8c7c9386b045bb078f0e,bcafd4e61230e2ca,
image,Curl,Curl,/content/drive/MyDrive/Papaya_Leaf_Disease_Classification/BDPapayaLeaf/Original Images/Curl/Curl(432).jpg,BDPapayaLeaf/Original Images/Curl/Curl(432).jpg,Curl(432).jpg,Curl(432),curl(432),.jpg,127541,False,640,480,c4a0c3bdbabb2b4c18ada15a4de0c75159a3bf70,a9fbe0ea5a86a4a1,
image,Curl,Curl,/content/drive/MyDrive/Papaya_Leaf_Disease_Classification/BDPapayaLeaf/Original Images/Curl/Curl(433).jpg,BDPapayaLeaf/Original Images/Curl/Curl(433).jpg,Curl(433).jpg,Curl(433),curl(433),.jpg,120105,False,640,480,1281858afc22b8e218b099a6301474d0f2f2a234,94f506bd516abc26,
image,Curl,Curl,/content/drive/MyDrive/Papaya_Leaf_Disease_Classification/BDPapayaLeaf/Original Images/Curl/Curl(434).jpg,BDPapayaLeaf/Original Images/Curl/Curl(434).jpg,Curl(434).jpg,Curl(434),curl(434),.jpg,135907,False,640,480,488aa913ee0b9d05c45097fd5064155a56108516,f98f0adccec73120,
image,Curl,Curl,/content/drive/MyDrive/Papaya_Leaf_Disease_Classification/BDPapayaLeaf/Original Images/Curl/Curl(435).jpg,BDPapayaLeaf/Original Images/Curl/Curl(435).jpg,Curl(435).jpg,Curl(435),curl(435),.jpg,127894,False,640,480,514a88ac0d4880f7f33c413a2bb1003384d3e1e1,af8604ef9fc014b6,
image,Curl,Curl,/content/drive/MyDrive/Papaya_Leaf_Disease_Classification/BDPapayaLeaf/Original Images/Curl/Curl(436).jpg,BDPapayaLeaf/Original Images/Curl/Curl(436).jpg,Curl(436).jpg,Curl(436),curl(436),.jpg,108568,False,640,480,75f6350fba55f35f9c63a12b2fdd4aa1ad8f0b33,83b3830f9f4de4a4,
image,Curl,Curl,/content/drive/MyDrive/Papaya_Leaf_Disease_Classification/BDPapayaLeaf/Original Images/Curl/Curl(437).jpg,BDPapayaLeaf/Original Images/Curl/Curl(437).jpg,Curl(437).jpg,Curl(437),curl(437),.jpg,108711,False,640,480,2d442b19ddc1ff94ede64bac2bc60087ed155643,a18704165b9679fe,
image,Curl,Curl,/content/drive/MyDrive/Papaya_Leaf_Disease_Classification/BDPapayaLeaf/Original Images/Curl/Curl(438).jpg,BDPapayaLeaf/Original Images/Curl/Curl(438).jpg,Curl(438).jpg,Curl(438),curl(438),.jpg,107522,False,640,480,fcfa89cf2a464b5b5352d9a56e6484664dceab53,beee64922ab09595,
image,Curl,Curl,/content/drive/MyDrive/Papaya_Leaf_Disease_Classification/BDPapayaLeaf/Original Images/Curl/Curl(439).jpg,BDPapayaLeaf/Original Images/Curl/Curl(439).jpg,Curl(439).jpg,Curl(439),curl(439),.jpg,111499,False,640,480,30f4143f06956ee15b25ba9cb9b9bc5bb69801b2,e9b544dd928a8eca,
image,Curl,Curl,/content/drive/MyDrive/Papaya_Leaf_Disease_Classification/BDPapayaLeaf/Original Images/Curl/Curl(440).jpg,BDPapayaLeaf/Original Images/Curl/Curl(440).jpg,Curl(440).jpg,Curl(440),curl(440),.jpg,115226,False,640,480,34b806f8eda34c2de86d6984967de93ff338f68c,ffa1b0b5cb8c4258,
image,Curl,Curl,/content/drive/MyDrive/Papaya_Leaf_Disease_Classification/BDPapayaLeaf/Original Images/Curl/Curl(441).jpg,BDPapayaLeaf/Original Images/Curl/Curl(441).jpg,Curl(441).jpg,Curl(441),curl(441),.jpg,132317,False,640,480,e80c197b895d471c45e4e45f6703b72de019632e,a28d7dd1270a3e3a,
image,Curl,Curl,/content/drive/MyDrive/Papaya_Leaf_Disease_Classification/BDPapayaLeaf/Original Images/Curl/Curl(442).jpg,BDPapayaLeaf/Original Images/Curl/Curl(442).jpg,Curl(442).jpg,Curl(442),curl(442),.jpg,117471,False,640,480,8461f49301816bb77e571f6f001072e662d7c6a3,c3c4f4552d5a4d5a,
image,Curl,Curl,/content/drive/MyDrive/Papaya_Leaf_Disease_Classification/BDPapayaLeaf/Original Images/Curl/Curl(443).jpg,BDPapayaLeaf/Original Images/Curl/Curl(443).jpg,Curl(443).jpg,Curl(443),curl(443),.jpg,128159,False,640,480,b8d87dd9f6e48467c6b9f64db57f7b532392a07d,fb8c19cc1923baa3,
image,Curl,Curl,/content/drive/MyDrive/Papaya_Leaf_Disease_Classification/BDPapayaLeaf/Original Images/Curl/Curl(444).jpg,BDPapayaLeaf/Original Images/Curl/Curl(444).jpg,Curl(444).jpg,Curl(444),curl(444),.jpg,128202,False,640,480,5f2e7760e16fe01fcf5b7e4f1cc0bd527328c6f7,8edd72d56040ff82,
image,Curl,Curl,/content/drive/MyDrive/Papaya_Leaf_Disease_Classification/BDPapayaLeaf/Original Images/Curl/Curl(445).jpg,BDPapayaLeaf/Original Images/Curl/Curl(445).jpg,Curl(445).jpg,Curl(445),curl(445),.jpg,108753,False,640,480,d45209f41b8fa139ba51acad5439710720f52c2d,8ed740d6abb294aa,
image,Curl,Curl,/content/drive/MyDrive/Papaya_Leaf_Disease_Classification/BDPapayaLeaf/Original Images/Curl/Curl(446).jpg,BDPapayaLeaf/Original Images/Curl/Curl(446).jpg,Curl(446).jpg,Curl(446),curl(446),.jpg,109531,False,640,480,72aaaf39643841b73f27a54d5ce92f38a17c36ee,eb4d8189b99ab0ab,
image,Curl,Curl,/content/drive/MyDrive/Papaya_Leaf_Disease_Classification/BDPapayaLeaf/Original Images/Curl/Curl(447).jpg,BDPapayaLeaf/Original Images/Curl/Curl(447).jpg,Curl(447).jpg,Curl(447),curl(447),.jpg,96210,False,640,480,cb9f5a1ab984d264bfd7e2c2cdce77b8e07e4f16,a7561e3e387258c3,
image,Curl,Curl,/content/drive/MyDrive/Papaya_Leaf_Disease_Classification/BDPapayaLeaf/Original Images/Curl/Curl(448).jpg,BDPapayaLeaf/Original Images/Curl/Curl(448).jpg,Curl(448).jpg,Curl(448),curl(448),.jpg,101113,False,640,480,4bab2273d2df8f393c36b17996a58c863e395b7a,a41cf6e86a742a6d,
image,Curl,Curl,/content/drive/MyDrive/Papaya_Leaf_Disease_Classification/BDPapayaLeaf/Original Images/Curl/Curl(449).jpg,BDPapayaLeaf/Original Images/Curl/Curl(449).jpg,Curl(449).jpg,Curl(449),curl(449),.jpg,107468,False,640,480,e880af9cda155e39705045582327d7be60f078ca,8ff0e4d1412f1e1b,
image,Curl,Curl,/content/drive/MyDrive/Papaya_Leaf_Disease_Classification/BDPapayaLeaf/Original Images/Curl/Curl(450).jpg,BDPapayaLeaf/Original Images/Curl/Curl(450).jpg,Curl(450).jpg,Curl(450),curl(450),.jpg,120375,False,640,480,66f76d5da029bbca59c3fb8c28d1da7288784399,8ab1f401f6f8e13c,
image,Curl,Curl,/content/drive/MyDrive/Papaya_Leaf_Disease_Classification/BDPapayaLeaf/Original Images/Curl/Curl(451).jpg,BDPapayaLeaf/Original Images/Curl/Curl(451).jpg,Curl(451).jpg,Curl(451),curl(451),.jpg,116672,False,640,480,369b97f916a1714110e608c459bc47efbbc4b502,d9d0509262a7b7e6,
image,Curl,Curl,/content/drive/MyDrive/Papaya_Leaf_Disease_Classification/BDPapayaLeaf/Original Images/Curl/Curl(452).jpg,BDPapayaLeaf/Original Images/Curl/Curl(452).jpg,Curl(452).jpg,Curl(452),curl(452),.jpg,104726,False,640,480,cc392510c90da65f41995417a2e2781b56b9d521,94d494ada92e48bf,
image,Curl,Curl,/content/drive/MyDrive/Papaya_Leaf_Disease_Classification/BDPapayaLeaf/Original Images/Curl/Curl(453).jpg,BDPapayaLeaf/Original Images/Curl/Curl(453).jpg,Curl(453).jpg,Curl(453),curl(453),.jpg,111061,False,640,480,6feed009425da46ad9cdf1f033b23dd0a44c260a,b68dd19da0bab2a8,
image,Curl,Curl,/content/drive/MyDrive/Papaya_Leaf_Disease_Classification/BDPapayaLeaf/Original Images/Curl/Curl(454).jpg,BDPapayaLeaf/Original Images/Curl/Curl(454).jpg,Curl(454).jpg,Curl(454),curl(454),.jpg,119096,False,640,480,e8ff777a531f9bec56f6d480989688f6884babe5,ce190fe1fe4e2720,
image,Curl,Curl,/content/drive/MyDrive/Papaya_Leaf_Disease_Classification/BDPapayaLeaf/Original Images/Curl/Curl(455).jpg,BDPapayaLeaf/Original Images/Curl/Curl(455).jpg,Curl(455).jpg,Curl(455),curl(455),.jpg,115146,False,640,480,4132d8e7a6cdaa80773cee4906a6d21d7b9a1793,99a8e0e3add4de50,
image,Curl,Curl,/content/drive/MyDrive/Papaya_Leaf_Disease_Classification/BDPapayaLeaf/Original Images/Curl/Curl(456).jpg,BDPapayaLeaf/Original Images/Curl/Curl(456).jpg,Curl(456).jpg,Curl(456),curl(456),.jpg,117023,False,640,480,893a07e47a99206f936cb8c560c2000f884cb373,c18ccbdd9519ad91,
image,Curl,Curl,/content/drive/MyDrive/Papaya_Leaf_Disease_Classification/BDPapayaLeaf/Original Images/Curl/Curl(457).jpg,BDPapayaLeaf/Original Images/Curl/Curl(457).jpg,Curl(457).jpg,Curl(457),curl(457),.jpg,125324,False,640,480,2d0ce6c806c49767dbc5397b2315966510b2980c,fda7a8b9020817de,
image,Curl,Curl,/content/drive/MyDrive/Papaya_Leaf_Disease_Classification/BDPapayaLeaf/Original Images/Curl/Curl(458).jpg,BDPapayaLeaf/Original Images/Curl/Curl(458).jpg,Curl(458).jpg,Curl(458),curl(458),.jpg,129410,False,640,480,34dba181b764e20be672d962dd92f2f76adf8df9,f8e316cb9d66c888,
image,Curl,Curl,/content/drive/MyDrive/Papaya_Leaf_Disease_Classification/BDPapayaLeaf/Original Images/Curl/Curl(459).jpg,BDPapayaLeaf/Original Images/Curl/Curl(459).jpg,Curl(459).jpg,Curl(459),curl(459),.jpg,117837,False,640,480,41c7ad828d6744cd66477beb30be606c54ad98c0,efeec24751974888,
image,Curl,Curl,/content/drive/MyDrive/Papaya_Leaf_Disease_Classification/BDPapayaLeaf/Original Images/Curl/Curl(460).jpg,BDPapayaLeaf/Original Images/Curl/Curl(460).jpg,Curl(460).jpg,Curl(460),curl(460),.jpg,107023,False,640,480,43a980bba678a5c27a37660d153aaf14216ec207,aad2924955aba99b,
image,Curl,Curl,/content/drive/MyDrive/Papaya_Leaf_Disease_Classification/BDPapayaLeaf/Original Images/Curl/Curl(461).jpg,BDPapayaLeaf/Original Images/Curl/Curl(461).jpg,Curl(461).jpg,Curl(461),curl(461),.jpg,124615,False,640,480,44830bb20608dd87218bff9f05f72e6d87aa64c9,e2fe8c88bdc3a8a1,
image,Curl,Curl,/content/drive/MyDrive/Papaya_Leaf_Disease_Classification/BDPapayaLeaf/Original Images/Curl/Curl(462).jpg,BDPapayaLeaf/Original Images/Curl/Curl(462).jpg,Curl(462).jpg,Curl(462),curl(462),.jpg,116380,False,640,480,9ef1c86dc5297a525b17b67c001315c4b9431f16,a84d6434b3c4f787,
image,Curl,Curl,/content/drive/MyDrive/Papaya_Leaf_Disease_Classification/BDPapayaLeaf/Original Images/Curl/Curl(463).jpg,BDPapayaLeaf/Original Images/Curl/Curl(463).jpg,Curl(463).jpg,Curl(463),curl(463),.jpg,130166,False,640,480,f77fd2c408c65ac41b490c2d71e30503aaae19b3,a6c7944ae19fd81a,
image,Curl,Curl,/content/drive/MyDrive/Papaya_Leaf_Disease_Classification/BDPapayaLeaf/Original Images/Curl/Curl(464).jpg,BDPapayaLeaf/Original Images/Curl/Curl(464).jpg,Curl(464).jpg,Curl(464),curl(464),.jpg,125486,False,640,480,0b9f7a8046b0e5944a846bc3faf59bb6da22b0be,bcb478e0701be34e,
image,Curl,Curl,/content/drive/MyDrive/Papaya_Leaf_Disease_Classification/BDPapayaLeaf/Original Images/Curl/Curl(465).jpg,BDPapayaLeaf/Original Images/Curl/Curl(465).jpg,Curl(465).jpg,Curl(465),curl(465),.jpg,109143,False,640,480,779312211606e6d82bcbeda8c1626938179b386c,8ce1fa4f6dea8118,
image,Curl,Curl,/content/drive/MyDrive/Papaya_Leaf_Disease_Classification/BDPapayaLeaf/Original Images/Curl/Curl(466).jpg,BDPapayaLeaf/Original Images/Curl/Curl(466).jpg,Curl(466).jpg,Curl(466),curl(466),.jpg,114446,False,640,480,16a73d11a003e403267df25ace544d9372394c1c,8ef508ade00ff683,
image,Curl,Curl,/content/drive/MyDrive/Papaya_Leaf_Disease_Classification/BDPapayaLeaf/Original Images/Curl/Curl(467).jpg,BDPapayaLeaf/Original Images/Curl/Curl(467).jpg,Curl(467).jpg,Curl(467),curl(467),.jpg,106871,False,640,480,6e86fda8a49613fc8a726d0b68bd41953b57a6cb,acf2b5f24b056345,
image,Curl,Curl,/content/drive/MyDrive/Papaya_Leaf_Disease_Classification/BDPapayaLeaf/Original Images/Curl/Curl(468).jpg,BDPapayaLeaf/Original Images/Curl/Curl(468).jpg,Curl(468).jpg,Curl(468),curl(468),.jpg,123584,False,640,480,816c772e3da989c2ee1cdaa7db1fbaa32d83c3cc,acd90d2db4107af3,
image,Curl,Curl,/content/drive/MyDrive/Papaya_Leaf_Disease_Classification/BDPapayaLeaf/Original Images/Curl/Curl(469).jpg,BDPapayaLeaf/Original Images/Curl/Curl(469).jpg,Curl(469).jpg,Curl(469),curl(469),.jpg,116359,False,640,480,feb044ce8c0741a6dbfd74a8bc062ca562866b94,ae996892af7e9224,
image,Curl,Curl,/content/drive/MyDrive/Papaya_Leaf_Disease_Classification/BDPapayaLeaf/Original Images/Curl/Curl(470).jpg,BDPapayaLeaf/Original Images/Curl/Curl(470).jpg,Curl(470).jpg,Curl(470),curl(470),.jpg,126090,False,640,480,0656f1c6deb319907c07a3a29d7f8d47ff18af09,8cbdbb90715a4e94,
image,Curl,Curl,/content/drive/MyDrive/Papaya_Leaf_Disease_Classification/BDPapayaLeaf/Original Images/Curl/Curl(471).jpg,BDPapayaLeaf/Original Images/Curl/Curl(471).jpg,Curl(471).jpg,Curl(471),curl(471),.jpg,106439,False,640,480,2a466a877b7ba43a6352bf05e230733099f4c954,accc26a627e598d5,
image,Curl,Curl,/content/drive/MyDrive/Papaya_Leaf_Disease_Classification/BDPapayaLeaf/Original Images/Curl/Curl(472).jpg,BDPapayaLeaf/Original Images/Curl/Curl(472).jpg,Curl(472).jpg,Curl(472),curl(472),.jpg,111761,False,640,480,88eba08697f7552ff9e709160e490f389662a2cd,9fcb4a6854a670bc,
image,Curl,Curl,/content/drive/MyDrive/Papaya_Leaf_Disease_Classification/BDPapayaLeaf/Original Images/Curl/Curl(473).jpg,BDPapayaLeaf/Original Images/Curl/Curl(473).jpg,Curl(473).jpg,Curl(473),curl(473),.jpg,130275,False,640,480,e075d4d5eb6f7e9e8f46e9de3610f367f6514aac,fe80c0953d5e46b6,
image,Curl,Curl,/content/drive/MyDrive/Papaya_Leaf_Disease_Classification/BDPapayaLeaf/Original Images/Curl/Curl(474).jpg,BDPapayaLeaf/Original Images/Curl/Curl(474).jpg,Curl(474).jpg,Curl(474),curl(474),.jpg,95377,False,640,480,4b209003df6f81dc79938c6f89e030ad17704de4,eb8543ea22559755,
image,Curl,Curl,/content/drive/MyDrive/Papaya_Leaf_Disease_Classification/BDPapayaLeaf/Original Images/Curl/Curl(475).jpg,BDPapayaLeaf/Original Images/Curl/Curl(475).jpg,Curl(475).jpg,Curl(475),curl(475),.jpg,104637,False,640,480,0f30ea043225686565b70f16a819ee457c7a5dee,9ac5064b860e6faf,
image,Curl,Curl,/content/drive/MyDrive/Papaya_Leaf_Disease_Classification/BDPapayaLeaf/Original Images/Curl/Curl(476).jpg,BDPapayaLeaf/Original Images/Curl/Curl(476).jpg,Curl(476).jpg,Curl(476),curl(476),.jpg,138863,False,640,480,e4751e07772d8405f735621f9e29a6d59a6255a0,a981ad96722b3367,
image,Curl,Curl,/content/drive/MyDrive/Papaya_Leaf_Disease_Classification/BDPapayaLeaf/Original Images/Curl/Curl(477).jpg,BDPapayaLeaf/Original Images/Curl/Curl(477).jpg,Curl(477).jpg,Curl(477),curl(477),.jpg,119821,False,640,480,1eef794763f8498c20b2b7d6b5d84652e2c09897,b1c4d1999b126ee5,
image,Curl,Curl,/content/drive/MyDrive/Papaya_Leaf_Disease_Classification/BDPapayaLeaf/Original Images/Curl/Curl(478).jpg,BDPapayaLeaf/Original Images/Curl/Curl(478).jpg,Curl(478).jpg,Curl(478),curl(478),.jpg,124752,False,640,480,2273b4d091bd837f0092908e2487e849b9eab614,8fa0ff86f115944a,
image,Curl,Curl,/content/drive/MyDrive/Papaya_Leaf_Disease_Classification/BDPapayaLeaf/Original Images/Curl/Curl(479).jpg,BDPapayaLeaf/Original Images/Curl/Curl(479).jpg,Curl(479).jpg,Curl(479),curl(479),.jpg,124514,False,640,480,4567adf88aa50d0fc2ec0430c3f68e2d35a4f830,9e406a4d05da57fa,
image,Curl,Curl,/content/drive/MyDrive/Papaya_Leaf_Disease_Classification/BDPapayaLeaf/Original Images/Curl/Curl(480).jpg,BDPapayaLeaf/Original Images/Curl/Curl(480).jpg,Curl(480).jpg,Curl(480),curl(480),.jpg,116499,False,640,480,ba6b4beec22336e71c6e1631270a222c32d267eb,80e30b175ba8f0fd,
image,Curl,Curl,/content/drive/MyDrive/Papaya_Leaf_Disease_Classification/BDPapayaLeaf/Original Images/Curl/Curl(481).jpg,BDPapayaLeaf/Original Images/Curl/Curl(481).jpg,Curl(481).jpg,Curl(481),curl(481),.jpg,109929,False,640,480,0f4fc1c4e81cbbc4ef41172432831323ff44d653,dfd17b8b6a646440,
image,Curl,Curl,/content/drive/MyDrive/Papaya_Leaf_Disease_Classification/BDPapayaLeaf/Original Images/Curl/Curl(482).jpg,BDPapayaLeaf/Original Images/Curl/Curl(482).jpg,Curl(482).jpg,Curl(482),curl(482),.jpg,114090,False,640,480,50aa7aa2bed30a680a6a3efd79afd87e3008d180,97d3794407dcaf40,
image,Curl,Curl,/content/drive/MyDrive/Papaya_Leaf_Disease_Classification/BDPapayaLeaf/Original Images/Curl/Curl(483).jpg,BDPapayaLeaf/Original Images/Curl/Curl(483).jpg,Curl(483).jpg,Curl(483),curl(483),.jpg,118664,False,640,480,4fe5fe1e6669859ae14e1642ac67659cdc7f705a,acc4127aaabb7c38,
image,Curl,Curl,/content/drive/MyDrive/Papaya_Leaf_Disease_Classification/BDPapayaLeaf/Original Images/Curl/Curl(484).jpg,BDPapayaLeaf/Original Images/Curl/Curl(484).jpg,Curl(484).jpg,Curl(484),curl(484),.jpg,116958,False,640,480,d72be1aee5c03ea8eb2d9bd5bdf98e1ea2718188,aacaac0dd56aab15,
image,Curl,Curl,/content/drive/MyDrive/Papaya_Leaf_Disease_Classification/BDPapayaLeaf/Original Images/Curl/Curl(485).jpg,BDPapayaLeaf/Original Images/Curl/Curl(485).jpg,Curl(485).jpg,Curl(485),curl(485),.jpg,119897,False,640,480,c494dcda1e7c81f044ff54f1391e364742f5322b,ace8b552faeb2501,
image,Curl,Curl,/content/drive/MyDrive/Papaya_Leaf_Disease_Classification/BDPapayaLeaf/Original Images/Curl/Curl(486).jpg,BDPapayaLeaf/Original Images/Curl/Curl(486).jpg,Curl(486).jpg,Curl(486),curl(486),.jpg,118253,False,640,480,48d5e4f99ae4dda113c25dc909dbbefcf793a9b2,aec045eb863455fa,
image,Curl,Curl,/content/drive/MyDrive/Papaya_Leaf_Disease_Classification/BDPapayaLeaf/Original Images/Curl/Curl(487).jpg,BDPapayaLeaf/Original Images/Curl/Curl(487).jpg,Curl(487).jpg,Curl(487),curl(487),.jpg,118968,False,640,480,6e511429336114a30a1111e10a9cab6a2269e3d1,afd2e0c2916be913,
image,Curl,Curl,/content/drive/MyDrive/Papaya_Leaf_Disease_Classification/BDPapayaLeaf/Original Images/Curl/Curl(488).jpg,BDPapayaLeaf/Original Images/Curl/Curl(488).jpg,Curl(488).jpg,Curl(488),curl(488),.jpg,117438,False,640,480,640dd83a5ae26dbbfe500b826bb3ccf2e0785f75,bcd0ca9f2be90075,
image,Curl,Curl,/content/drive/MyDrive/Papaya_Leaf_Disease_Classification/BDPapayaLeaf/Original Images/Curl/Curl(489).jpg,BDPapayaLeaf/Original Images/Curl/Curl(489).jpg,Curl(489).jpg,Curl(489),curl(489),.jpg,114290,False,640,480,e7400f3b929d9cc9804b75da06e07b77c579a32c,ff1f5d5182ce2098,
image,Curl,Curl,/content/drive/MyDrive/Papaya_Leaf_Disease_Classification/BDPapayaLeaf/Original Images/Curl/Curl(490).jpg,BDPapayaLeaf/Original Images/Curl/Curl(490).jpg,Curl(490).jpg,Curl(490),curl(490),.jpg,108418,False,640,480,21a8c1c6f1993e701dafb91effa3327b897deb36,eb97978e1ac0c523,
image,Curl,Curl,/content/drive/MyDrive/Papaya_Leaf_Disease_Classification/BDPapayaLeaf/Original Images/Curl/Curl(491).jpg,BDPapayaLeaf/Original Images/Curl/Curl(491).jpg,Curl(491).jpg,Curl(491),curl(491),.jpg,112514,False,640,480,59db11f866578aa6cb49e5dccfcd89382fc3b094,dcc003955a0bbf2f,
image,Curl,Curl,/content/drive/MyDrive/Papaya_Leaf_Disease_Classification/BDPapayaLeaf/Original Images/Curl/Curl(492).jpg,BDPapayaLeaf/Original Images/Curl/Curl(492).jpg,Curl(492).jpg,Curl(492),curl(492),.jpg,120743,False,640,480,30a2f8c4609ca0a6632e01ea16ec7e328194a847,f8d878d1f1211375,
image,Curl,Curl,/content/drive/MyDrive/Papaya_Leaf_Disease_Classification/BDPapayaLeaf/Original Images/Curl/Curl(493).jpg,BDPapayaLeaf/Original Images/Curl/Curl(493).jpg,Curl(493).jpg,Curl(493),curl(493),.jpg,86604,False,640,480,da512a19f60ff04a7edb92d379d9f3fec01c1e40,8b97b6092a0dbed4,
image,Curl,Curl,/content/drive/MyDrive/Papaya_Leaf_Disease_Classification/BDPapayaLeaf/Original Images/Curl/Curl(494).jpg,BDPapayaLeaf/Original Images/Curl/Curl(494).jpg,Curl(494).jpg,Curl(494),curl(494),.jpg,96261,False,640,480,c6fa07916f476bbe9a97646e85b8a6e9805aad9a,bbb8ea2bb8e046a4,
image,Curl,Curl,/content/drive/MyDrive/Papaya_Leaf_Disease_Classification/BDPapayaLeaf/Original Images/Curl/Curl(495).jpg,BDPapayaLeaf/Original Images/Curl/Curl(495).jpg,Curl(495).jpg,Curl(495),curl(495),.jpg,98979,False,640,480,95995b5a8bc5b1b57146fdf438a5ee33fb09715e,abf8a5420d3e10ef,
image,Curl,Curl,/content/drive/MyDrive/Papaya_Leaf_Disease_Classification/BDPapayaLeaf/Original Images/Curl/Curl(496).jpg,BDPapayaLeaf/Original Images/Curl/Curl(496).jpg,Curl(496).jpg,Curl(496),curl(496),.jpg,107504,False,640,480,cda8a7c6d17aa90dac8e22c8500a471ef1cf0da6,c95d54f7f2f0a030,
image,Curl,Curl,/content/drive/MyDrive/Papaya_Leaf_Disease_Classification/BDPapayaLeaf/Original Images/Curl/Curl(497).jpg,BDPapayaLeaf/Original Images/Curl/Curl(497).jpg,Curl(497).jpg,Curl(497),curl(497),.jpg,81761,False,640,480,479c8cdb524a4aae1eaa85a860a3487022c6502f,8a9fb507464ab83d,
image,Curl,Curl,/content/drive/MyDrive/Papaya_Leaf_Disease_Classification/BDPapayaLeaf/Original Images/Curl/Curl(498).jpg,BDPapayaLeaf/Original Images/Curl/Curl(498).jpg,Curl(498).jpg,Curl(498),curl(498),.jpg,124769,False,640,480,c591edd99277f8fc5fc70f41f1bfe51d1fe1265c,f6938a6b48d69525,
image,Curl,Curl,/content/drive/MyDrive/Papaya_Leaf_Disease_Classification/BDPapayaLeaf/Original Images/Curl/Curl(499).jpg,BDPapayaLeaf/Original Images/Curl/Curl(499).jpg,Curl(499).jpg,Curl(499),curl(499),.jpg,122985,False,640,480,2defe29183dd93c2d2467ace311c1bf1db82ac6d,fee78091684e84bb,
image,Curl,Curl,/content/drive/MyDrive/Papaya_Leaf_Disease_Classification/BDPapayaLeaf/Original Images/Curl/Curl(500).jpg,BDPapayaLeaf/Original Images/Curl/Curl(500).jpg,Curl(500).jpg,Curl(500),curl(500),.jpg,127182,False,640,480,6ad7e87385fd777ddd7c5ec47533b608b69c3143,e7d790d2dc263780,
image,Curl,Curl,/content/drive/MyDrive/Papaya_Leaf_Disease_Classification/BDPapayaLeaf/Original Images/Curl/Curl(501).jpg,BDPapayaLeaf/Original Images/Curl/Curl(501).jpg,Curl(501).jpg,Curl(501),curl(501),.jpg,110317,False,640,480,526e79eb2ac8109c30c073c06c3f4e3abc4556df,c9b7a9fc84134b2c,
image,Curl,Curl,/content/drive/MyDrive/Papaya_Leaf_Disease_Classification/BDPapayaLeaf/Original Images/Curl/Curl(502).jpg,BDPapayaLeaf/Original Images/Curl/Curl(502).jpg,Curl(502).jpg,Curl(502),curl(502),.jpg,110169,False,640,480,fb3755726c4d962be2b2c330239357f1aaef9fba,eb8f15d0925318fc,
image,Curl,Curl,/content/drive/MyDrive/Papaya_Leaf_Disease_Classification/BDPapayaLeaf/Original Images/Curl/Curl(503).jpg,BDPapayaLeaf/Original Images/Curl/Curl(503).jpg,Curl(503).jpg,Curl(503),curl(503),.jpg,135748,False,640,480,ac16568bd3640b64d428a09a9f0047501e34605d,9ce843c1ff060bb6,
image,Curl,Curl,/content/drive/MyDrive/Papaya_Leaf_Disease_Classification/BDPapayaLeaf/Original Images/Curl/Curl(504).jpg,BDPapayaLeaf/Original Images/Curl/Curl(504).jpg,Curl(504).jpg,Curl(504),curl(504),.jpg,113498,False,640,480,7b19148042a6d46992b35fa9b67bb6e1bed6738b,f72f404051cfa94f,
image,Curl,Curl,/content/drive/MyDrive/Papaya_Leaf_Disease_Classification/BDPapayaLeaf/Original Images/Curl/Curl(505).jpg,BDPapayaLeaf/Original Images/Curl/Curl(505).jpg,Curl(505).jpg,Curl(505),curl(505),.jpg,122027,False,640,480,0b30766c16ae3579c6505534b9f4dded8094c260,d0e4940abad8ddf8,
image,Curl,Curl,/content/drive/MyDrive/Papaya_Leaf_Disease_Classification/BDPapayaLeaf/Original Images/Curl/Curl(506).jpg,BDPapayaLeaf/Original Images/Curl/Curl(506).jpg,Curl(506).jpg,Curl(506),curl(506),.jpg,123234,False,640,480,ab89f1cf9f9edf9284c0b5df2b7d6976ea7dfced,a4985d86d873ae59,
image,Curl,Curl,/content/drive/MyDrive/Papaya_Leaf_Disease_Classification/BDPapayaLeaf/Original Images/Curl/Curl(507).jpg,BDPapayaLeaf/Original Images/Curl/Curl(507).jpg,Curl(507).jpg,Curl(507),curl(507),.jpg,112540,False,640,480,c1d6d9411439119d04519643ed4c240fc534249a,8ee1e5071c92e9f4,
image,Curl,Curl,/content/drive/MyDrive/Papaya_Leaf_Disease_Classification/BDPapayaLeaf/Original Images/Curl/Curl(508).jpg,BDPapayaLeaf/Original Images/Curl/Curl(508).jpg,Curl(508).jpg,Curl(508),curl(508),.jpg,129295,False,640,480,26c4c06d1a276a40f9d3e44718899891efff12b4,894cce5eb83146be,
image,Curl,Curl,/content/drive/MyDrive/Papaya_Leaf_Disease_Classification/BDPapayaLeaf/Original Images/Curl/Curl(509).jpg,BDPapayaLeaf/Original Images/Curl/Curl(509).jpg,Curl(509).jpg,Curl(509),curl(509),.jpg,136410,False,640,480,4dcf65afb687c514628111d6ec495b9f3526dda0,a5b5d6f1b0268cd4,
image,Curl,Curl,/content/drive/MyDrive/Papaya_Leaf_Disease_Classification/BDPapayaLeaf/Original Images/Curl/Curl(510).jpg,BDPapayaLeaf/Original Images/Curl/Curl(510).jpg,Curl(510).jpg,Curl(510),curl(510),.jpg,110196,False,640,480,6cc643061e68f826e368b6251c61cce096ac1029,8fc3bcd5f062588a,
image,Curl,Curl,/content/drive/MyDrive/Papaya_Leaf_Disease_Classification/BDPapayaLeaf/Original Images/Curl/Curl(511).jpg,BDPapayaLeaf/Original Images/Curl/Curl(511).jpg,Curl(511).jpg,Curl(511),curl(511),.jpg,120475,False,640,480,8323b566385db5d9320faa8269f5624b64c79b9b,a6b385b0faa4b865,
image,Curl,Curl,/content/drive/MyDrive/Papaya_Leaf_Disease_Classification/BDPapayaLeaf/Original Images/Curl/Curl(512).jpg,BDPapayaLeaf/Original Images/Curl/Curl(512).jpg,Curl(512).jpg,Curl(512),curl(512),.jpg,108918,False,640,480,ba68c02ca84c6c1386cee38d5bfc491a4c4f4819,86a1d7f7e86516a0,
image,Curl,Curl,/content/drive/MyDrive/Papaya_Leaf_Disease_Classification/BDPapayaLeaf/Original Images/Curl/Curl(513).jpg,BDPapayaLeaf/Original Images/Curl/Curl(513).jpg,Curl(513).jpg,Curl(513),curl(513),.jpg,117492,False,640,480,8701208fd238e429a0b144e2e9e15c0d11dbc85d,eab64b02a6175bd1,
image,Curl,Curl,/content/drive/MyDrive/Papaya_Leaf_Disease_Classification/BDPapayaLeaf/Original Images/Curl/Curl(514).jpg,BDPapayaLeaf/Original Images/Curl/Curl(514).jpg,Curl(514).jpg,Curl(514),curl(514),.jpg,94716,False,640,480,6bb5a11a49c49cacffd8e968cef92f81e8766554,8251ebaa2fb584ae,
image,Curl,Curl,/content/drive/MyDrive/Papaya_Leaf_Disease_Classification/BDPapayaLeaf/Original Images/Curl/Curl(515).jpg,BDPapayaLeaf/Original Images/Curl/Curl(515).jpg,Curl(515).jpg,Curl(515),curl(515),.jpg,120466,False,640,480,4e5c2ecd7211493ad5d2acaee10ddc3c02b0967c,bfd50b579d80262c,
image,Curl,Curl,/content/drive/MyDrive/Papaya_Leaf_Disease_Classification/BDPapayaLeaf/Original Images/Curl/Curl(516).jpg,BDPapayaLeaf/Original Images/Curl/Curl(516).jpg,Curl(516).jpg,Curl(516),curl(516),.jpg,126609,False,640,480,170076dfe567e56c82f095ae8adee8cb2fe77d6f,a3ec5c285aae2eb2,
image,Curl,Curl,/content/drive/MyDrive/Papaya_Leaf_Disease_Classification/BDPapayaLeaf/Original Images/Curl/Curl(517).jpg,BDPapayaLeaf/Original Images/Curl/Curl(517).jpg,Curl(517).jpg,Curl(517),curl(517),.jpg,99499,False,640,480,3ad88f92eef8cfe4424008caf94a13428f0ed539,ee55a24a4b7d03ac,
image,Curl,Curl,/content/drive/MyDrive/Papaya_Leaf_Disease_Classification/BDPapayaLeaf/Original Images/Curl/Curl(518).jpg,BDPapayaLeaf/Original Images/Curl/Curl(518).jpg,Curl(518).jpg,Curl(518),curl(518),.jpg,99436,False,640,480,379980e2d8f235e8e3d5a37fba0ac6818802cdf9,beeb9a9d9500486d,
image,Curl,Curl,/content/drive/MyDrive/Papaya_Leaf_Disease_Classification/BDPapayaLeaf/Original Images/Curl/Curl(519).jpg,BDPapayaLeaf/Original Images/Curl/Curl(519).jpg,Curl(519).jpg,Curl(519),curl(519),.jpg,111309,False,640,480,23d7187dca1f01416977941e545008a54e9e7437,abc8812d5ebf283c,
image,Curl,Curl,/content/drive/MyDrive/Papaya_Leaf_Disease_Classification/BDPapayaLeaf/Original Images/Curl/Curl(520).jpg,BDPapayaLeaf/Original Images/Curl/Curl(520).jpg,Curl(520).jpg,Curl(520),curl(520),.jpg,108881,False,640,480,fccb94bc14cd997c2d8b7cc74c8f82b3af20a954,f1534f2e1e5808ee,
image,Curl,Curl,/content/drive/MyDrive/Papaya_Leaf_Disease_Classification/BDPapayaLeaf/Original Images/Curl/Curl(521).jpg,BDPapayaLeaf/Original Images/Curl/Curl(521).jpg,Curl(521).jpg,Curl(521),curl(521),.jpg,115702,False,640,480,e2c50aafc599f63516021cb1e88488b2857c4245,b0584a68fda5cb53,
image,Curl,Curl,/content/drive/MyDrive/Papaya_Leaf_Disease_Classification/BDPapayaLeaf/Original Images/Curl/Curl(522).jpg,BDPapayaLeaf/Original Images/Curl/Curl(522).jpg,Curl(522).jpg,Curl(522),curl(522),.jpg,90430,False,640,480,ce226e02c78ebcabe701a34cc8a23ae46a891795,aa95ac50567afaa1,
image,Curl,Curl,/content/drive/MyDrive/Papaya_Leaf_Disease_Classification/BDPapayaLeaf/Original Images/Curl/Curl(523).jpg,BDPapayaLeaf/Original Images/Curl/Curl(523).jpg,Curl(523).jpg,Curl(523),curl(523),.jpg,98983,False,640,480,641ce00d6498a6fb208bf7a9c777a7dba8b049ac,abbf94b24891274d,
image,Curl,Curl,/content/drive/MyDrive/Papaya_Leaf_Disease_Classification/BDPapayaLeaf/Original Images/Curl/Curl(524).jpg,BDPapayaLeaf/Original Images/Curl/Curl(524).jpg,Curl(524).jpg,Curl(524),curl(524),.jpg,113828,False,640,480,6c4d4d803ad988677cb0a03f3906435dbf06137a,a1fc5655d87a6a48,
image,Curl,Curl,/content/drive/MyDrive/Papaya_Leaf_Disease_Classification/BDPapayaLeaf/Original Images/Curl/Curl(525).jpg,BDPapayaLeaf/Original Images/Curl/Curl(525).jpg,Curl(525).jpg,Curl(525),curl(525),.jpg,129007,False,640,480,a7d8e5ed5b47aba55c50cffcf174b13d96f4ac12,a9832d071f6efac0,
image,Curl,Curl,/content/drive/MyDrive/Papaya_Leaf_Disease_Classification/BDPapayaLeaf/Original Images/Curl/Curl(526).jpg,BDPapayaLeaf/Original Images/Curl/Curl(526).jpg,Curl(526).jpg,Curl(526),curl(526),.jpg,133054,False,640,480,e743bcd826c34debc36299a2a4061a9f04257dcc,daf92bcb80c3fe00,
image,Curl,Curl,/content/drive/MyDrive/Papaya_Leaf_Disease_Classification/BDPapayaLeaf/Original Images/Curl/Curl(527).jpg,BDPapayaLeaf/Original Images/Curl/Curl(527).jpg,Curl(527).jpg,Curl(527),curl(527),.jpg,123372,False,640,480,592a45dbc1198cf2d8c579a6533aa29c6c739f97,aeb4da40070f7d3c,
image,Curl,Curl,/content/drive/MyDrive/Papaya_Leaf_Disease_Classification/BDPapayaLeaf/Original Images/Curl/Curl(528).jpg,BDPapayaLeaf/Original Images/Curl/Curl(528).jpg,Curl(528).jpg,Curl(528),curl(528),.jpg,121817,False,640,480,897ac742fea356040cd716661066711d020d650d,a8c2d1d5311cf36d,
image,Curl,Curl,/content/drive/MyDrive/Papaya_Leaf_Disease_Classification/BDPapayaLeaf/Original Images/Curl/Curl(529).jpg,BDPapayaLeaf/Original Images/Curl/Curl(529).jpg,Curl(529).jpg,Curl(529),curl(529),.jpg,124100,False,640,480,c7224502e264edbba2dd4f86fa17ae534a51e3fd,f6a162e2870616bf,
image,Curl,Curl,/content/drive/MyDrive/Papaya_Leaf_Disease_Classification/BDPapayaLeaf/Original Images/Curl/Curl(530).jpg,BDPapayaLeaf/Original Images/Curl/Curl(530).jpg,Curl(530).jpg,Curl(530),curl(530),.jpg,119589,False,640,480,96b5cddbbefa7978c0965b4cc3ebab4d15f9c529,ae8ab7abd187d082,
image,Curl,Curl,/content/drive/MyDrive/Papaya_Leaf_Disease_Classification/BDPapayaLeaf/Original Images/Curl/Curl(531).jpg,BDPapayaLeaf/Original Images/Curl/Curl(531).jpg,Curl(531).jpg,Curl(531),curl(531),.jpg,112260,False,640,480,dbf2a82ed554f5312f2946e6568e0f0e554fd703,b6cad890b2e5e43c,
image,Curl,Curl,/content/drive/MyDrive/Papaya_Leaf_Disease_Classification/BDPapayaLeaf/Original Images/Curl/Curl(532).jpg,BDPapayaLeaf/Original Images/Curl/Curl(532).jpg,Curl(532).jpg,Curl(532),curl(532),.jpg,123446,False,640,480,e1d2830950c4883f1bbbf8ce5e4f235ea473b2ab,86cf3f6a5afd2200,
image,Curl,Curl,/content/drive/MyDrive/Papaya_Leaf_Disease_Classification/BDPapayaLeaf/Original Images/Curl/Curl(533).jpg,BDPapayaLeaf/Original Images/Curl/Curl(533).jpg,Curl(533).jpg,Curl(533),curl(533),.jpg,123525,False,640,480,c711df5067ad53f749f8c5ea8bca5a42c1d00444,f98d3494c28af2c7,
image,Curl,Curl,/content/drive/MyDrive/Papaya_Leaf_Disease_Classification/BDPapayaLeaf/Original Images/Curl/Curl(534).jpg,BDPapayaLeaf/Original Images/Curl/Curl(534).jpg,Curl(534).jpg,Curl(534),curl(534),.jpg,140022,False,640,480,5827657b9a42e953f1354e610fec68ceda900c9d,c32b5459ac9295db,
image,Curl,Curl,/content/drive/MyDrive/Papaya_Leaf_Disease_Classification/BDPapayaLeaf/Original Images/Curl/Curl(535).jpg,BDPapayaLeaf/Original Images/Curl/Curl(535).jpg,Curl(535).jpg,Curl(535),curl(535),.jpg,130279,False,640,480,da921ccfe529dd2508c31abd1cda8bbc915a12f8,e6dad4adbc0c051d,
image,Curl,Curl,/content/drive/MyDrive/Papaya_Leaf_Disease_Classification/BDPapayaLeaf/Original Images/Curl/Curl(536).jpg,BDPapayaLeaf/Original Images/Curl/Curl(536).jpg,Curl(536).jpg,Curl(536),curl(536),.jpg,128449,False,640,480,2ce3fc0931a6a2e598e115b1ffdd38e219c63236,abb17181b66d8656,
image,Curl,Curl,/content/drive/MyDrive/Papaya_Leaf_Disease_Classification/BDPapayaLeaf/Original Images/Curl/Curl(537).jpg,BDPapayaLeaf/Original Images/Curl/Curl(537).jpg,Curl(537).jpg,Curl(537),curl(537),.jpg,130137,False,640,480,f78de31395cfc432c4ec74fa2c0eba53e0dcd9ba,f5e9a1e1850faa8a,
image,Curl,Curl,/content/drive/MyDrive/Papaya_Leaf_Disease_Classification/BDPapayaLeaf/Original Images/Curl/Curl(538).jpg,BDPapayaLeaf/Original Images/Curl/Curl(538).jpg,Curl(538).jpg,Curl(538),curl(538),.jpg,89637,False,640,480,b28fb1666ec544af9706945ccd4dd47f97a78b2c,ad808b12ce5aafad,
image,Curl,Curl,/content/drive/MyDrive/Papaya_Leaf_Disease_Classification/BDPapayaLeaf/Original Images/Curl/Curl(539).jpg,BDPapayaLeaf/Original Images/Curl/Curl(539).jpg,Curl(539).jpg,Curl(539),curl(539),.jpg,95097,False,640,480,3a7a9cfaa899cc8ad674c493cb92f61a3e926fee,ac8ba54dbd5478c2,
image,Curl,Curl,/content/drive/MyDrive/Papaya_Leaf_Disease_Classification/BDPapayaLeaf/Original Images/Curl/Curl(540).jpg,BDPapayaLeaf/Original Images/Curl/Curl(540).jpg,Curl(540).jpg,Curl(540),curl(540),.jpg,95026,False,640,480,5f8d251b94e53ce59bbff450e0eed186dfc3a6f1,ae82b7d6d55a2168,
image,Curl,Curl,/content/drive/MyDrive/Papaya_Leaf_Disease_Classification/BDPapayaLeaf/Original Images/Curl/Curl(541).jpg,BDPapayaLeaf/Original Images/Curl/Curl(541).jpg,Curl(541).jpg,Curl(541),curl(541),.jpg,107994,False,640,480,1553d71a95f9f6d575e549e418fda2a01fb6b62e,afc0f85283b794b4,
image,Curl,Curl,/content/drive/MyDrive/Papaya_Leaf_Disease_Classification/BDPapayaLeaf/Original Images/Curl/Curl(542).jpg,BDPapayaLeaf/Original Images/Curl/Curl(542).jpg,Curl(542).jpg,Curl(542),curl(542),.jpg,118360,False,640,480,5358a5afc601bcab62f742fe01520b8dc2738e74,fc871a0b49a5a96e,
image,Curl,Curl,/content/drive/MyDrive/Papaya_Leaf_Disease_Classification/BDPapayaLeaf/Original Images/Curl/Curl(543).jpg,BDPapayaLeaf/Original Images/Curl/Curl(543).jpg,Curl(543).jpg,Curl(543),curl(543),.jpg,95768,False,640,480,71bbbbdb88d1cdec76430a59c73f40b77f303b4b,9a87569ae9ae3849,
image,Curl,Curl,/content/drive/MyDrive/Papaya_Leaf_Disease_Classification/BDPapayaLeaf/Original Images/Curl/Curl(544).jpg,BDPapayaLeaf/Original Images/Curl/Curl(544).jpg,Curl(544).jpg,Curl(544),curl(544),.jpg,108186,False,640,480,6d25d0cb1f02020139d09e4ff08c88405526999e,aed5e8e161a6c686,
image,Curl,Curl,/content/drive/MyDrive/Papaya_Leaf_Disease_Classification/BDPapayaLeaf/Original Images/Curl/Curl(545).jpg,BDPapayaLeaf/Original Images/Curl/Curl(545).jpg,Curl(545).jpg,Curl(545),curl(545),.jpg,112534,False,640,480,f6fb983cb5ae8304e688bb7226310b0eb5e4784b,a08b3f1e10e6ff41,
image,Curl,Curl,/content/drive/MyDrive/Papaya_Leaf_Disease_Classification/BDPapayaLeaf/Original Images/Curl/Curl(546).jpg,BDPapayaLeaf/Original Images/Curl/Curl(546).jpg,Curl(546).jpg,Curl(546),curl(546),.jpg,111932,False,640,480,9c89e587d541eabf725536ad8cfad12c54ac54f2,cafd2de081fbe900,
image,Curl,Curl,/content/drive/MyDrive/Papaya_Leaf_Disease_Classification/BDPapayaLeaf/Original Images/Curl/Curl(547).jpg,BDPapayaLeaf/Original Images/Curl/Curl(547).jpg,Curl(547).jpg,Curl(547),curl(547),.jpg,97063,False,640,480,1e1a7d9fe505afedc56994af3ce06db4d09ea8dd,a983b2e1f6f0c20f,
image,Curl,Curl,/content/drive/MyDrive/Papaya_Leaf_Disease_Classification/BDPapayaLeaf/Original Images/Curl/Curl(548).jpg,BDPapayaLeaf/Original Images/Curl/Curl(548).jpg,Curl(548).jpg,Curl(548),curl(548),.jpg,126979,False,640,480,bf3a7ffc83b80e3784ccc797197f2d83514fbcf2,a6a69a411f4a7e65,
image,Curl,Curl,/content/drive/MyDrive/Papaya_Leaf_Disease_Classification/BDPapayaLeaf/Original Images/Curl/Curl(549).jpg,BDPapayaLeaf/Original Images/Curl/Curl(549).jpg,Curl(549).jpg,Curl(549),curl(549),.jpg,129621,False,640,480,75260579a08546902b13176c9b1951079b7298db,ba8ae0db96364ac6,
image,Curl,Curl,/content/drive/MyDrive/Papaya_Leaf_Disease_Classification/BDPapayaLeaf/Original Images/Curl/Curl(550).jpg,BDPapayaLeaf/Original Images/Curl/Curl(550).jpg,Curl(550).jpg,Curl(550),curl(550),.jpg,119198,False,640,480,c10b580c52d75ff947d968b41b050695e12b97ed,b6a366a606161fdc,
image,Curl,Curl,/content/drive/MyDrive/Papaya_Leaf_Disease_Classification/BDPapayaLeaf/Original Images/Curl/Curl(551).jpg,BDPapayaLeaf/Original Images/Curl/Curl(551).jpg,Curl(551).jpg,Curl(551),curl(551),.jpg,111793,False,640,480,5d85c09ec7a9db8f7fc61f2a11ac34beb0a975b4,eaffa22a38e9f001,
image,Curl,Curl,/content/drive/MyDrive/Papaya_Leaf_Disease_Classification/BDPapayaLeaf/Original Images/Curl/Curl(552).jpg,BDPapayaLeaf/Original Images/Curl/Curl(552).jpg,Curl(552).jpg,Curl(552),curl(552),.jpg,116758,False,640,480,2d1cbd6f5c267edd0ef956d6aa6728ca38f46668,eaf9c202c8651dfa,
image,Curl,Curl,/content/drive/MyDrive/Papaya_Leaf_Disease_Classification/BDPapayaLeaf/Original Images/Curl/Curl(553).jpg,BDPapayaLeaf/Original Images/Curl/Curl(553).jpg,Curl(553).jpg,Curl(553),curl(553),.jpg,112026,False,640,480,319c3109fe48e78b07a4e28f976844517a90fcb1,9ca4593df0c30bf8,
image,Curl,Curl,/content/drive/MyDrive/Papaya_Leaf_Disease_Classification/BDPapayaLeaf/Original Images/Curl/Curl(554).jpg,BDPapayaLeaf/Original Images/Curl/Curl(554).jpg,Curl(554).jpg,Curl(554),curl(554),.jpg,119136,False,640,480,0a9099bdbec5d7ecfec6715cd033ca2f18d6e336,b8e2631a48af2eba,
image,Curl,Curl,/content/drive/MyDrive/Papaya_Leaf_Disease_Classification/BDPapayaLeaf/Original Images/Curl/Curl(555).jpg,BDPapayaLeaf/Original Images/Curl/Curl(555).jpg,Curl(555).jpg,Curl(555),curl(555),.jpg,109479,False,640,480,a8984d8ebb4b3551ffc2bf18381d0435c1ec2de2,eedd7594d2c28446,
image,Curl,Curl,/content/drive/MyDrive/Papaya_Leaf_Disease_Classification/BDPapayaLeaf/Original Images/Curl/Curl(556).jpg,BDPapayaLeaf/Original Images/Curl/Curl(556).jpg,Curl(556).jpg,Curl(556),curl(556),.jpg,95578,False,640,480,61f00632e1328e1c16ed66d50c24c391c94bd9c1,bfcefd48e9412105,
image,Curl,Curl,/content/drive/MyDrive/Papaya_Leaf_Disease_Classification/BDPapayaLeaf/Original Images/Curl/Curl(557).jpg,BDPapayaLeaf/Original Images/Curl/Curl(557).jpg,Curl(557).jpg,Curl(557),curl(557),.jpg,112126,False,640,480,819a96187c8b6654300b83de68a58728a0be7b43,a6d8170727d1f067,
image,Curl,Curl,/content/drive/MyDrive/Papaya_Leaf_Disease_Classification/BDPapayaLeaf/Original Images/Curl/Curl(558).jpg,BDPapayaLeaf/Original Images/Curl/Curl(558).jpg,Curl(558).jpg,Curl(558),curl(558),.jpg,104820,False,640,480,f30b85fe7f78212cdc7c7130777fa5c63f008323,8bb0439678e34f3c,
image,Curl,Curl,/content/drive/MyDrive/Papaya_Leaf_Disease_Classification/BDPapayaLeaf/Original Images/Curl/Curl(559).jpg,BDPapayaLeaf/Original Images/Curl/Curl(559).jpg,Curl(559).jpg,Curl(559),curl(559),.jpg,109115,False,640,480,58be9f1a8b732208916be86e0fa252bb1c12044e,d3f44152c587a7aa,
image,Curl,Curl,/content/drive/MyDrive/Papaya_Leaf_Disease_Classification/BDPapayaLeaf/Original Images/Curl/Curl(560).jpg,BDPapayaLeaf/Original Images/Curl/Curl(560).jpg,Curl(560).jpg,Curl(560),curl(560),.jpg,115822,False,640,480,382768a0ac95ba3d4395867c6ff9abb3a069f55e,a2daac0a700ff4db,
image,Curl,Curl,/content/drive/MyDrive/Papaya_Leaf_Disease_Classification/BDPapayaLeaf/Original Images/Curl/Curl(561).jpg,BDPapayaLeaf/Original Images/Curl/Curl(561).jpg,Curl(561).jpg,Curl(561),curl(561),.jpg,108392,False,640,480,332af561fefcd2af4db054cd36394e1ec44f7b8a,ebc0dbda163089d3,
image,Curl,Curl,/content/drive/MyDrive/Papaya_Leaf_Disease_Classification/BDPapayaLeaf/Original Images/Curl/Curl(562).jpg,BDPapayaLeaf/Original Images/Curl/Curl(562).jpg,Curl(562).jpg,Curl(562),curl(562),.jpg,101153,False,640,480,07649ca2d20c96eacfd2a25e41049fcc088bb3e9,8dd55e4aab10f28b,
image,Curl,Curl,/content/drive/MyDrive/Papaya_Leaf_Disease_Classification/BDPapayaLeaf/Original Images/Curl/Curl(563).jpg,BDPapayaLeaf/Original Images/Curl/Curl(563).jpg,Curl(563).jpg,Curl(563),curl(563),.jpg,106860,False,640,480,dbb6dc5c8b06764102073551a1439a710450182e,f28ba5b0e0cc18df,
image,Curl,Curl,/content/drive/MyDrive/Papaya_Leaf_Disease_Classification/BDPapayaLeaf/Original Images/Curl/Curl(564).jpg,BDPapayaLeaf/Original Images/Curl/Curl(564).jpg,Curl(564).jpg,Curl(564),curl(564),.jpg,101750,False,640,480,00fbaf66c7c92b717090436da890ed101855a0da,9be0db848a2d7553,
image,Curl,Curl,/content/drive/MyDrive/Papaya_Leaf_Disease_Classification/BDPapayaLeaf/Original Images/Curl/Curl(565).jpg,BDPapayaLeaf/Original Images/Curl/Curl(565).jpg,Curl(565).jpg,Curl(565),curl(565),.jpg,95906,False,640,480,d726a2dd725ad997ffc04abcf9f196c6621f2a7e,8af5e1843e12c3f6,
image,Curl,Curl,/content/drive/MyDrive/Papaya_Leaf_Disease_Classification/BDPapayaLeaf/Original Images/Curl/Curl(566).jpg,BDPapayaLeaf/Original Images/Curl/Curl(566).jpg,Curl(566).jpg,Curl(566),curl(566),.jpg,103333,False,640,480,c18cec6608457a6fe209bab0354de7ed66bc3576,bf56a83ac1a53592,
image,Curl,Curl,/content/drive/MyDrive/Papaya_Leaf_Disease_Classification/BDPapayaLeaf/Original Images/Curl/Curl(567).jpg,BDPapayaLeaf/Original Images/Curl/Curl(567).jpg,Curl(567).jpg,Curl(567),curl(567),.jpg,86937,False,640,480,3fd247cbbebe48c25a3106539c521782cf27e4c9,d63deab004d2c2fa,
image,Curl,Curl,/content/drive/MyDrive/Papaya_Leaf_Disease_Classification/BDPapayaLeaf/Original Images/Curl/Curl(569).jpg,BDPapayaLeaf/Original Images/Curl/Curl(569).jpg,Curl(569).jpg,Curl(569),curl(569),.jpg,119413,False,640,480,9186fb318525156f5b86b956ffb186de024eedcd,cae9a5f5f0020f9a,
image,Curl,Curl,/content/drive/MyDrive/Papaya_Leaf_Disease_Classification/BDPapayaLeaf/Original Images/Curl/Curl(570).jpg,BDPapayaLeaf/Original Images/Curl/Curl(570).jpg,Curl(570).jpg,Curl(570),curl(570),.jpg,111632,False,640,480,369942fd15a44377195e146d98ee98de1d817dbb,d98456024afdbf4a,
image,Curl,Curl,/content/drive/MyDrive/Papaya_Leaf_Disease_Classification/BDPapayaLeaf/Original Images/Curl/Curl(571).jpg,BDPapayaLeaf/Original Images/Curl/Curl(571).jpg,Curl(571).jpg,Curl(571),curl(571),.jpg,126151,False,640,480,41c128e838f076faee64ed8dee2b38d0752bc20b,afe9202f30a0f75a,
image,Curl,Curl,/content/drive/MyDrive/Papaya_Leaf_Disease_Classification/BDPapayaLeaf/Original Images/Curl/Curl(572).jpg,BDPapayaLeaf/Original Images/Curl/Curl(572).jpg,Curl(572).jpg,Curl(572),curl(572),.jpg,104877,False,640,480,4d076ebeb1c6a926585ccafff17bf58ff39565d3,aa0afa5afa69a8a8,
image,Curl,Curl,/content/drive/MyDrive/Papaya_Leaf_Disease_Classification/BDPapayaLeaf/Original Images/Curl/Curl(573).jpg,BDPapayaLeaf/Original Images/Curl/Curl(573).jpg,Curl(573).jpg,Curl(573),curl(573),.jpg,106207,False,640,480,76a0ed3c64ac3f628c60dc9f44f7edda03fb93b7,9ea978e1071e16b6,
image,Curl,Curl,/content/drive/MyDrive/Papaya_Leaf_Disease_Classification/BDPapayaLeaf/Original Images/Curl/Curl(574).jpg,BDPapayaLeaf/Original Images/Curl/Curl(574).jpg,Curl(574).jpg,Curl(574),curl(574),.jpg,89334,False,640,480,a6894a951aa8f7eb87c45c5947a4bab00461710f,8af14709adf51db0,
image,Curl,Curl,/content/drive/MyDrive/Papaya_Leaf_Disease_Classification/BDPapayaLeaf/Original Images/Curl/Curl(575).jpg,BDPapayaLeaf/Original Images/Curl/Curl(575).jpg,Curl(575).jpg,Curl(575),curl(575),.jpg,108770,False,640,480,578a3cde61a03aec926097f307ded59d576a2129,99b1564955ba4b5a,
image,Curl,Curl,/content/drive/MyDrive/Papaya_Leaf_Disease_Classification/BDPapayaLeaf/Original Images/Curl/Curl(576).jpg,BDPapayaLeaf/Original Images/Curl/Curl(576).jpg,Curl(576).jpg,Curl(576),curl(576),.jpg,116965,False,640,480,275542937377126f5cdce591007be2796c29d64b,bed41d5bad9980a1,
image,Curl,Curl,/content/drive/MyDrive/Papaya_Leaf_Disease_Classification/BDPapayaLeaf/Original Images/Curl/Curl(577).jpg,BDPapayaLeaf/Original Images/Curl/Curl(577).jpg,Curl(577).jpg,Curl(577),curl(577),.jpg,96924,False,640,480,a277530b2cdd0f466e6063386fe86f2fcc7ae577,bc8436786fe2031f,
image,Curl,Curl,/content/drive/MyDrive/Papaya_Leaf_Disease_Classification/BDPapayaLeaf/Original Images/Curl/Curl(578).jpg,BDPapayaLeaf/Original Images/Curl/Curl(578).jpg,Curl(578).jpg,Curl(578),curl(578),.jpg,90636,False,640,480,c0359df706bdd5c7d2e26abef2afa94329f6e0c5,bbca5a619195e4e8,
image,Curl,Curl,/content/drive/MyDrive/Papaya_Leaf_Disease_Classification/BDPapayaLeaf/Original Images/Curl/Curl(579).jpg,BDPapayaLeaf/Original Images/Curl/Curl(579).jpg,Curl(579).jpg,Curl(579),curl(579),.jpg,88363,False,640,480,da066fccf67c8e50143da9f0613f1e3a81ab0887,a9c40eb57efad022,
image,Curl,Curl,/content/drive/MyDrive/Papaya_Leaf_Disease_Classification/BDPapayaLeaf/Original Images/Curl/Curl(580).jpg,BDPapayaLeaf/Original Images/Curl/Curl(580).jpg,Curl(580).jpg,Curl(580),curl(580),.jpg,91949,False,640,480,2752fd93afdec6e0ece253e9473ed5029f02da80,c8a31dcf3fdc0095,
image,Curl,Curl,/content/drive/MyDrive/Papaya_Leaf_Disease_Classification/BDPapayaLeaf/Original Images/Curl/Curl(581).jpg,BDPapayaLeaf/Original Images/Curl/Curl(581).jpg,Curl(581).jpg,Curl(581),curl(581),.jpg,83666,False,640,480,79515e4a38d57fbdb98769c1b8d4ca6f13ab11e0,ba18f803fa4363ea,
image,Curl,Curl,/content/drive/MyDrive/Papaya_Leaf_Disease_Classification/BDPapayaLeaf/Original Images/Curl/Curl(582).jpg,BDPapayaLeaf/Original Images/Curl/Curl(582).jpg,Curl(582).jpg,Curl(582),curl(582),.jpg,84012,False,640,480,dacb6a0bc246b0a512048ef07da5a33ccaed3c53,8ac50bd7829e978b,
image,Curl,Curl,/content/drive/MyDrive/Papaya_Leaf_Disease_Classification/BDPapayaLeaf/Original Images/Curl/Curl(583).jpg,BDPapayaLeaf/Original Images/Curl/Curl(583).jpg,Curl(583).jpg,Curl(583),curl(583),.jpg,90577,False,640,480,19fa316dfa326e29c61181bddbf6cefe13868e8d,a1b059c6f2e35b25,
image,Curl,Curl,/content/drive/MyDrive/Papaya_Leaf_Disease_Classification/BDPapayaLeaf/Original Images/Curl/Curl(584).jpg,BDPapayaLeaf/Original Images/Curl/Curl(584).jpg,Curl(584).jpg,Curl(584),curl(584),.jpg,98163,False,640,480,01cef7bdf3f8ef6f206b7006e4c68a6b9c250b7d,d0a82bb556795a2b,
image,Curl,Curl,/content/drive/MyDrive/Papaya_Leaf_Disease_Classification/BDPapayaLeaf/Original Images/Curl/Curl(585).jpg,BDPapayaLeaf/Original Images/Curl/Curl(585).jpg,Curl(585).jpg,Curl(585),curl(585),.jpg,97735,False,640,480,191f3a7eff05fbd941ab1bd2eb381dbf639229f8,8b9443153df20f7c,
