canonical_class,source_path,label_path,warnings
Anthracnose,/content/drive/MyDrive/Papaya_Leaf_Disease_Classification/BDPapayaLeaf/Original Images/Anthracnose/Anthracnose(1).jpg,/content/drive/MyDrive/Papaya_Leaf_Disease_Classification/YOLO_Bounding_Box/Anthracnose/Anthracnose(1).txt,Box dòng 1 đã được tự động cắt xén (clip) vừa ảnh. | Box dòng 2 đã được tự động cắt xén (clip) vừa ảnh. | Box dòng 3 đã được tự động cắt xén (clip) vừa ảnh. | Box dòng 4 đã được tự động cắt xén (clip) vừa ảnh.
Anthracnose,/content/drive/MyDrive/Papaya_Leaf_Disease_Classification/BDPapayaLeaf/Original Images/Anthracnose/Anthracnose(10).jpg,/content/drive/MyDrive/Papaya_Leaf_Disease_Classification/YOLO_Bounding_Box/Anthracnose/Anthracnose(10).txt,Box dòng 1 đã được tự động cắt xén (clip) vừa ảnh. | Box dòng 2 đã được tự động cắt xén (clip) vừa ảnh. | Box dòng 3 đã được tự động cắt xén (clip) vừa ảnh. | Box dòng 4 đã được tự động cắt xén (clip) vừa ảnh. | Box dòng 5 đã được tự động cắt xén (clip) vừa ảnh. | Box dòng 6 đã được tự động cắt xén (clip) vừa ảnh. | Box dòng 7 đã được tự động cắt xén (clip) vừa ảnh. | Box dòng 8 đã được tự động cắt xén (clip) vừa ảnh. | Box dòng 10 đã được tự động cắt xén (clip) vừa ảnh. | Box dòng 11 đã được tự động cắt xén (clip) vừa ảnh. | Box dòng 12 đã được tự động cắt xén (clip) vừa ảnh. | Box dòng 13 đã được tự động cắt xén (clip) vừa ảnh. | Box dòng 14 đã được tự động cắt xén (clip) vừa ảnh. | Box dòng 15 đã được tự động cắt xén (clip) vừa ảnh. | Box dòng 16 đã được tự động cắt xén (clip) vừa ảnh. | Box dòng 17 đã được tự động cắt xén (clip) vừa ảnh. | Box dòng 18 đã được tự động cắt xén (clip) vừa ảnh. | Box dòng 19 đã được tự động cắt xén (clip) vừa ảnh. | Box dòng 20 đã được tự động cắt xén (clip) vừa ảnh. | Box dòng 21 đã được tự động cắt xén (clip) vừa ảnh.
Anthracnose,/content/drive/MyDrive/Papaya_Leaf_Disease_Classification/BDPapayaLeaf/Original Images/Anthracnose/Anthracnose(100).jpg,/content/drive/MyDrive/Papaya_Leaf_Disease_Classification/YOLO_Bounding_Box/Anthracnose/Anthracnose(100).txt,Box dòng 1 đã được tự động cắt xén (clip) vừa ảnh. | Box dòng 2 đã được tự động cắt xén (clip) vừa ảnh. | Box dòng 3 đã được tự động cắt xén (clip) vừa ảnh. | Box dòng 4 đã được tự động cắt xén (clip) vừa ảnh. | Box dòng 5 đã được tự động cắt xén (clip) vừa ảnh. | Box dòng 6 đã được tự động cắt xén (clip) vừa ảnh. | Box dòng 7 đã được tự động cắt xén (clip) vừa ảnh. | Box dòng 8 đã được tự động cắt xén (clip) vừa ảnh. | Box dòng 9 đã được tự động cắt xén (clip) vừa ảnh. | Box dòng 10 đã được tự động cắt xén (clip) vừa ảnh. | Box dòng 11 đã được tự động cắt xén (clip) vừa ảnh. | Box dòng 12 đã được tự động cắt xén (clip) vừa ảnh.
Anthracnose,/content/drive/MyDrive/Papaya_Leaf_Disease_Classification/BDPapayaLeaf/Original Images/Anthracnose/Anthracnose(101).jpg,/content/drive/MyDrive/Papaya_Leaf_Disease_Classification/YOLO_Bounding_Box/Anthracnose/Anthracnose(101).txt,Box dòng 2 đã được tự động cắt xén (clip) vừa ảnh. | Box dòng 3 đã được tự động cắt xén (clip) vừa ảnh. | Box dòng 4 đã được tự động cắt xén (clip) vừa ảnh. | Box dòng 5 đã được tự động cắt xén (clip) vừa ảnh. | Box dòng 6 đã được tự động cắt xén (clip) vừa ảnh. | Box dòng 7 đã được tự động cắt xén (clip) vừa ảnh. | Box dòng 8 đã được tự động cắt xén (clip) vừa ảnh. | Box dòng 9 đã được tự động cắt xén (clip) vừa ảnh. | Box dòng 10 đã được tự động cắt xén (clip) vừa ảnh. | Box dòng 11 đã được tự động cắt xén (clip) vừa ảnh. | Box dòng 12 đã được tự động cắt xén (clip) vừa ảnh. | Box dòng 13 đã được tự động cắt xén (clip) vừa ảnh. | Box dòng 14 đã được tự động cắt xén (clip) vừa ảnh. | Box dòng 15 đã được tự động cắt xén (clip) vừa ảnh. | Box dòng 16 đã được tự động cắt xén (clip) vừa ảnh. | Box dòng 17 đã được tự động cắt xén (clip) vừa ảnh. | Box dòng 18 đã được tự động cắt xén (clip) vừa ảnh. | Box dòng 19 đã được tự động cắt xén (clip) vừa ảnh. | Box dòng 20 đã được tự động cắt xén (clip) vừa ảnh. | Box dòng 21 đã được tự động cắt xén (clip) vừa ảnh. | Box dòng 22 đã được tự động cắt xén (clip) vừa ảnh. | Box dòng 23 đã được tự động cắt xén (clip) vừa ảnh. | Box dòng 24 đã được tự động cắt xén (clip) vừa ảnh. | Box dòng 25 đã được tự động cắt xén (clip) vừa ảnh. | Box dòng 26 đã được tự động cắt xén (clip) vừa ảnh. | Box dòng 27 đã được tự động cắt xén (clip) vừa ảnh. | Box dòng 28 đã được tự động cắt xén (clip) vừa ảnh. | Box dòng 29 đã được tự động cắt xén (clip) vừa ảnh. | Box dòng 30 đã được tự động cắt xén (clip) vừa ảnh. | Box dòng 31 đã được tự động cắt xén (clip) vừa ảnh. | Box dòng 32 đã được tự động cắt xén (clip) vừa ảnh. | Box dòng 33 đã được tự động cắt xén (clip) vừa ảnh. | Box dòng 34 đã được tự động cắt xén (clip) vừa ảnh. | Box dòng 35 đã được tự động cắt xén (clip) vừa ảnh. | Box dòng 36 đã được tự động cắt xén (clip) vừa ảnh. | Box dòng 37 đã được tự động cắt xén (clip) vừa ảnh.
Anthracnose,/content/drive/MyDrive/Papaya_Leaf_Disease_Classification/BDPapayaLeaf/Original Images/Anthracnose/Anthracnose(102).jpg,/content/drive/MyDrive/Papaya_Leaf_Disease_Classification/YOLO_Bounding_Box/Anthracnose/Anthracnose(102).txt,Box dòng 1 đã được tự động cắt xén (clip) vừa ảnh. | Box dòng 2 đã được tự động cắt xén (clip) vừa ảnh. | Box dòng 3 đã được tự động cắt xén (clip) vừa ảnh. | Box dòng 4 đã được tự động cắt xén (clip) vừa ảnh. | Box dòng 5 đã được tự động cắt xén (clip) vừa ảnh. | Box dòng 6 đã được tự động cắt xén (clip) vừa ảnh. | Box dòng 7 đã được tự động cắt xén (clip) vừa ảnh. | Box dòng 8 đã được tự động cắt xén (clip) vừa ảnh. | Box dòng 9 đã được tự động cắt xén (clip) vừa ảnh. | Box dòng 10 đã được tự động cắt xén (clip) vừa ảnh. | Box dòng 11 đã được tự động cắt xén (clip) vừa ảnh. | Box dòng 12 đã được tự động cắt xén (clip) vừa ảnh. | Box dòng 13 đã được tự động cắt xén (clip) vừa ảnh. | Box dòng 14 đã được tự động cắt xén (clip) vừa ảnh. | Box dòng 15 đã được tự động cắt xén (clip) vừa ảnh. | Box dòng 16 đã được tự động cắt xén (clip) vừa ảnh. | Box dòng 17 đã được tự động cắt xén (clip) vừa ảnh. | Box dòng 18 đã được tự động cắt xén (clip) vừa ảnh. | Box dòng 19 đã được tự động cắt xén (clip) vừa ảnh. | Box dòng 20 đã được tự động cắt xén (clip) vừa ảnh. | Box dòng 21 đã được tự động cắt xén (clip) vừa ảnh. | Box dòng 22 đã được tự động cắt xén (clip) vừa ảnh. | Box dòng 23 đã được tự động cắt xén (clip) vừa ảnh. | Box dòng 24 đã được tự động cắt xén (clip) vừa ảnh. | Box dòng 25 đã được tự động cắt xén (clip) vừa ảnh. | Box dòng 26 đã được tự động cắt xén (clip) vừa ảnh.
Anthracnose,/content/drive/MyDrive/Papaya_Leaf_Disease_Classification/BDPapayaLeaf/Original Images/Anthracnose/Anthracnose(103).jpg,/content/drive/MyDrive/Papaya_Leaf_Disease_Classification/YOLO_Bounding_Box/Anthracnose/Anthracnose(103).txt,Box dòng 1 đã được tự động cắt xén (clip) vừa ảnh. | Box dòng 2 đã được tự động cắt xén (clip) vừa ảnh. | Box dòng 3 đã được tự động cắt xén (clip) vừa ảnh. | Box dòng 4 đã được tự động cắt xén (clip) vừa ảnh. | Box dòng 5 đã được tự động cắt xén (clip) vừa ảnh. | Box dòng 6 đã được tự động cắt xén (clip) vừa ảnh. | Box dòng 7 đã được tự động cắt xén (clip) vừa ảnh. | Box dòng 8 đã được tự động cắt xén (clip) vừa ảnh. | Box dòng 9 đã được tự động cắt xén (clip) vừa ảnh. | Box dòng 10 đã được tự động cắt xén (clip) vừa ảnh.
Anthracnose,/content/drive/MyDrive/Papaya_Leaf_Disease_Classification/BDPapayaLeaf/Original Images/Anthracnose/Anthracnose(104).jpg,/content/drive/MyDrive/Papaya_Leaf_Disease_Classification/YOLO_Bounding_Box/Anthracnose/Anthracnose(104).txt,Box dòng 1 đã được tự động cắt xén (clip) vừa ảnh. | Box dòng 2 đã được tự động cắt xén (clip) vừa ảnh. | Box dòng 3 đã được tự động cắt xén (clip) vừa ảnh.
Anthracnose,/content/drive/MyDrive/Papaya_Leaf_Disease_Classification/BDPapayaLeaf/Original Images/Anthracnose/Anthracnose(105).jpg,/content/drive/MyDrive/Papaya_Leaf_Disease_Classification/YOLO_Bounding_Box/Anthracnose/Anthracnose(105).txt,Box dòng 1 đã được tự động cắt xén (clip) vừa ảnh.
Anthracnose,/content/drive/MyDrive/Papaya_Leaf_Disease_Classification/BDPapayaLeaf/Original Images/Anthracnose/Anthracnose(106).jpg,/content/drive/MyDrive/Papaya_Leaf_Disease_Classification/YOLO_Bounding_Box/Anthracnose/Anthracnose(106).txt,Box dòng 1 đã được tự động cắt xén (clip) vừa ảnh. | Box dòng 2 đã được tự động cắt xén (clip) vừa ảnh. | Box dòng 3 đã được tự động cắt xén (clip) vừa ảnh. | Box dòng 4 đã được tự động cắt xén (clip) vừa ảnh. | Box dòng 5 đã được tự động cắt xén (clip) vừa ảnh. | Box dòng 6 đã được tự động cắt xén (clip) vừa ảnh. | Box dòng 7 đã được tự động cắt xén (clip) vừa ảnh. | Box dòng 8 đã được tự động cắt xén (clip) vừa ảnh. | Box dòng 9 đã được tự động cắt xén (clip) vừa ảnh. | Box dòng 10 đã được tự động cắt xén (clip) vừa ảnh. | Box dòng 11 đã được tự động cắt xén (clip) vừa ảnh. | Box dòng 12 đã được tự động cắt xén (clip) vừa ảnh. | Box dòng 13 đã được tự động cắt xén (clip) vừa ảnh. | Box dòng 14 đã được tự động cắt xén (clip) vừa ảnh. | Box dòng 15 đã được tự động cắt xén (clip) vừa ảnh. | Box dòng 16 đã được tự động cắt xén (clip) vừa ảnh. | Box dòng 17 đã được tự động cắt xén (clip) vừa ảnh. | Box dòng 18 đã được tự động cắt xén (clip) vừa ảnh. | Box dòng 19 đã được tự động cắt xén (clip) vừa ảnh. | Box dòng 20 đã được tự động cắt xén (clip) vừa ảnh. | Box dòng 21 đã được tự động cắt xén (clip) vừa ảnh. | Box dòng 22 đã được tự động cắt xén (clip) vừa ảnh. | Box dòng 23 đã được tự động cắt xén (clip) vừa ảnh. | Box dòng 24 đã được tự động cắt xén (clip) vừa ảnh. | Box dòng 25 đã được tự động cắt xén (clip) vừa ảnh. | Box dòng 26 đã được tự động cắt xén (clip) vừa ảnh. | Box dòng 27 đã được tự động cắt xén (clip) vừa ảnh. | Box dòng 28 đã được tự động cắt xén (clip) vừa ảnh. | Box dòng 29 đã được tự động cắt xén (clip) vừa ảnh. | Box dòng 30 đã được tự động cắt xén (clip) vừa ảnh. | Box dòng 31 đã được tự động cắt xén (clip) vừa ảnh. | Box dòng 32 đã được tự động cắt xén (clip) vừa ảnh. | Box dòng 33 đã được tự động cắt xén (clip) vừa ảnh. | Box dòng 34 đã được tự động cắt xén (clip) vừa ảnh. | Box dòng 35 đã được tự động cắt xén (clip) vừa ảnh. | Box dòng 36 đã được tự động cắt xén (clip) vừa ảnh. | Box dòng 37 đã được tự động cắt xén (clip) vừa ảnh. | Box dòng 38 đã được tự động cắt xén (clip) vừa ảnh. | Box dòng 39 đã được tự động cắt xén (clip) vừa ảnh. | Box dòng 40 đã được tự động cắt xén (clip) vừa ảnh.
Anthracnose,/content/drive/MyDrive/Papaya_Leaf_Disease_Classification/BDPapayaLeaf/Original Images/Anthracnose/Anthracnose(107).jpg,/content/drive/MyDrive/Papaya_Leaf_Disease_Classification/YOLO_Bounding_Box/Anthracnose/Anthracnose(107).txt,Box dòng 1 đã được tự động cắt xén (clip) vừa ảnh. | Box dòng 2 đã được tự động cắt xén (clip) vừa ảnh. | Box dòng 3 đã được tự động cắt xén (clip) vừa ảnh. | Box dòng 4 đã được tự động cắt xén (clip) vừa ảnh. | Box dòng 5 đã được tự động cắt xén (clip) vừa ảnh. | Box dòng 6 đã được tự động cắt xén (clip) vừa ảnh. | Box dòng 7 đã được tự động cắt xén (clip) vừa ảnh. | Box dòng 8 đã được tự động cắt xén (clip) vừa ảnh. | Box dòng 9 đã được tự động cắt xén (clip) vừa ảnh. | Box dòng 10 đã được tự động cắt xén (clip) vừa ảnh. | Box dòng 11 đã được tự động cắt xén (clip) vừa ảnh. | Box dòng 12 đã được tự động cắt xén (clip) vừa ảnh. | Box dòng 13 đã được tự động cắt xén (clip) vừa ảnh. | Box dòng 14 đã được tự động cắt xén (clip) vừa ảnh. | Box dòng 15 đã được tự động cắt xén (clip) vừa ảnh. | Box dòng 16 đã được tự động cắt xén (clip) vừa ảnh. | Box dòng 17 đã được tự động cắt xén (clip) vừa ảnh. | Box dòng 18 đã được tự động cắt xén (clip) vừa ảnh. | Box dòng 19 đã được tự động cắt xén (clip) vừa ảnh. | Box dòng 20 đã được tự động cắt xén (clip) vừa ảnh. | Box dòng 21 đã được tự động cắt xén (clip) vừa ảnh. | Box dòng 22 đã được tự động cắt xén (clip) vừa ảnh. | Box dòng 23 đã được tự động cắt xén (clip) vừa ảnh. | Box dòng 24 đã được tự động cắt xén (clip) vừa ảnh. | Box dòng 25 đã được tự động cắt xén (clip) vừa ảnh. | Box dòng 26 đã được tự động cắt xén (clip) vừa ảnh. | Box dòng 27 đã được tự động cắt xén (clip) vừa ảnh. | Box dòng 28 đã được tự động cắt xén (clip) vừa ảnh. | Box dòng 29 đã được tự động cắt xén (clip) vừa ảnh. | Box dòng 30 đã được tự động cắt xén (clip) vừa ảnh. | Box dòng 31 đã được tự động cắt xén (clip) vừa ảnh. | Box dòng 32 đã được tự động cắt xén (clip) vừa ảnh. | Box dòng 33 đã được tự động cắt xén (clip) vừa ảnh. | Box dòng 34 đã được tự động cắt xén (clip) vừa ảnh.
Anthracnose,/content/drive/MyDrive/Papaya_Leaf_Disease_Classification/BDPapayaLeaf/Original Images/Anthracnose/Anthracnose(108).jpg,/content/drive/MyDrive/Papaya_Leaf_Disease_Classification/YOLO_Bounding_Box/Anthracnose/Anthracnose(108).txt,Box dòng 1 đã được tự động cắt xén (clip) vừa ảnh. | Box dòng 2 đã được tự động cắt xén (clip) vừa ảnh. | Box dòng 3 đã được tự động cắt xén (clip) vừa ảnh. | Box dòng 4 đã được tự động cắt xén (clip) vừa ảnh. | Box dòng 5 đã được tự động cắt xén (clip) vừa ảnh. | Box dòng 6 đã được tự động cắt xén (clip) vừa ảnh. | Box dòng 7 đã được tự động cắt xén (clip) vừa ảnh. | Box dòng 8 đã được tự động cắt xén (clip) vừa ảnh. | Box dòng 9 đã được tự động cắt xén (clip) vừa ảnh. | Box dòng 10 đã được tự động cắt xén (clip) vừa ảnh. | Box dòng 11 đã được tự động cắt xén (clip) vừa ảnh. | Box dòng 12 đã được tự động cắt xén (clip) vừa ảnh. | Box dòng 13 đã được tự động cắt xén (clip) vừa ảnh. | Box dòng 14 đã được tự động cắt xén (clip) vừa ảnh. | Box dòng 15 đã được tự động cắt xén (clip) vừa ảnh. | Box dòng 16 đã được tự động cắt xén (clip) vừa ảnh. | Box dòng 17 đã được tự động cắt xén (clip) vừa ảnh. | Box dòng 18 đã được tự động cắt xén (clip) vừa ảnh. | Box dòng 19 đã được tự động cắt xén (clip) vừa ảnh. | Box dòng 20 đã được tự động cắt xén (clip) vừa ảnh. | Box dòng 21 đã được tự động cắt xén (clip) vừa ảnh. | Box dòng 22 đã được tự động cắt xén (clip) vừa ảnh. | Box dòng 23 đã được tự động cắt xén (clip) vừa ảnh. | Box dòng 24 đã được tự động cắt xén (clip) vừa ảnh. | Box dòng 25 đã được tự động cắt xén (clip) vừa ảnh. | Box dòng 26 đã được tự động cắt xén (clip) vừa ảnh. | Box dòng 27 đã được tự động cắt xén (clip) vừa ảnh. | Box dòng 28 đã được tự động cắt xén (clip) vừa ảnh. | Box dòng 29 đã được tự động cắt xén (clip) vừa ảnh. | Box dòng 30 đã được tự động cắt xén (clip) vừa ảnh. | Box dòng 31 đã được tự động cắt xén (clip) vừa ảnh. | Box dòng 32 đã được tự động cắt xén (clip) vừa ảnh. | Box dòng 33 đã được tự động cắt xén (clip) vừa ảnh. | Box dòng 34 đã được tự động cắt xén (clip) vừa ảnh. | Box dòng 35 đã được tự động cắt xén (clip) vừa ảnh. | Box dòng 36 đã được tự động cắt xén (clip) vừa ảnh. | Box dòng 37 đã được tự động cắt xén (clip) vừa ảnh. | Box dòng 38 đã được tự động cắt xén (clip) vừa ảnh. | Box dòng 39 đã được tự động cắt xén (clip) vừa ảnh. | Box dòng 40 đã được tự động cắt xén (clip) vừa ảnh. | Box dòng 41 đã được tự động cắt xén (clip) vừa ảnh. | Box dòng 42 đã được tự động cắt xén (clip) vừa ảnh. | Box dòng 43 đã được tự động cắt xén (clip) vừa ảnh. | Box dòng 44 đã được tự động cắt xén (clip) vừa ảnh. | Box dòng 45 đã được tự động cắt xén (clip) vừa ảnh. | Box dòng 46 đã được tự động cắt xén (clip) vừa ảnh.
Anthracnose,/content/drive/MyDrive/Papaya_Leaf_Disease_Classification/BDPapayaLeaf/Original Images/Anthracnose/Anthracnose(109).jpg,/content/drive/MyDrive/Papaya_Leaf_Disease_Classification/YOLO_Bounding_Box/Anthracnose/Anthracnose(109).txt,Box dòng 1 đã được tự động cắt xén (clip) vừa ảnh. | Box dòng 2 đã được tự động cắt xén (clip) vừa ảnh. | Box dòng 3 đã được tự động cắt xén (clip) vừa ảnh. | Box dòng 4 đã được tự động cắt xén (clip) vừa ảnh. | Box dòng 5 đã được tự động cắt xén (clip) vừa ảnh. | Box dòng 6 đã được tự động cắt xén (clip) vừa ảnh. | Box dòng 7 đã được tự động cắt xén (clip) vừa ảnh. | Box dòng 8 đã được tự động cắt xén (clip) vừa ảnh. | Box dòng 9 đã được tự động cắt xén (clip) vừa ảnh. | Box dòng 10 đã được tự động cắt xén (clip) vừa ảnh. | Box dòng 11 đã được tự động cắt xén (clip) vừa ảnh. | Box dòng 12 đã được tự động cắt xén (clip) vừa ảnh. | Box dòng 13 đã được tự động cắt xén (clip) vừa ảnh. | Box dòng 14 đã được tự động cắt xén (clip) vừa ảnh. | Box dòng 15 đã được tự động cắt xén (clip) vừa ảnh. | Box dòng 16 đã được tự động cắt xén (clip) vừa ảnh. | Box dòng 17 đã được tự động cắt xén (clip) vừa ảnh. | Box dòng 18 đã được tự động cắt xén (clip) vừa ảnh. | Box dòng 19 đã được tự động cắt xén (clip) vừa ảnh. | Box dòng 20 đã được tự động cắt xén (clip) vừa ảnh. | Box dòng 21 đã được tự động cắt xén (clip) vừa ảnh. | Box dòng 22 đã được tự động cắt xén (clip) vừa ảnh. | Box dòng 23 đã được tự động cắt xén (clip) vừa ảnh. | Box dòng 24 đã được tự động cắt xén (clip) vừa ảnh. | Box dòng 25 đã được tự động cắt xén (clip) vừa ảnh. | Box dòng 26 đã được tự động cắt xén (clip) vừa ảnh. | Box dòng 27 đã được tự động cắt xén (clip) vừa ảnh. | Box dòng 28 đã được tự động cắt xén (clip) vừa ảnh. | Box dòng 29 đã được tự động cắt xén (clip) vừa ảnh. | Box dòng 30 đã được tự động cắt xén (clip) vừa ảnh.
Anthracnose,/content/drive/MyDrive/Papaya_Leaf_Disease_Classification/BDPapayaLeaf/Original Images/Anthracnose/Anthracnose(11).jpg,/content/drive/MyDrive/Papaya_Leaf_Disease_Classification/YOLO_Bounding_Box/Anthracnose/Anthracnose(11).txt,Box dòng 1 đã được tự động cắt xén (clip) vừa ảnh. | Box dòng 2 đã được tự động cắt xén (clip) vừa ảnh. | Box dòng 3 đã được tự động cắt xén (clip) vừa ảnh. | Box dòng 4 đã được tự động cắt xén (clip) vừa ảnh. | Box dòng 5 đã được tự động cắt xén (clip) vừa ảnh. | Box dòng 6 đã được tự động cắt xén (clip) vừa ảnh. | Box dòng 7 đã được tự động cắt xén (clip) vừa ảnh. | Box dòng 8 đã được tự động cắt xén (clip) vừa ảnh. | Box dòng 9 đã được tự động cắt xén (clip) vừa ảnh. | Box dòng 10 đã được tự động cắt xén (clip) vừa ảnh. | Box dòng 11 đã được tự động cắt xén (clip) vừa ảnh. | Box dòng 12 đã được tự động cắt xén (clip) vừa ảnh. | Box dòng 13 đã được tự động cắt xén (clip) vừa ảnh. | Box dòng 14 đã được tự động cắt xén (clip) vừa ảnh. | Box dòng 15 đã được tự động cắt xén (clip) vừa ảnh. | Box dòng 16 đã được tự động cắt xén (clip) vừa ảnh. | Box dòng 17 đã được tự động cắt xén (clip) vừa ảnh. | Box dòng 18 đã được tự động cắt xén (clip) vừa ảnh. | Box dòng 19 đã được tự động cắt xén (clip) vừa ảnh. | Box dòng 20 đã được tự động cắt xén (clip) vừa ảnh. | Box dòng 21 đã được tự động cắt xén (clip) vừa ảnh. | Box dòng 22 đã được tự động cắt xén (clip) vừa ảnh. | Box dòng 23 đã được tự động cắt xén (clip) vừa ảnh. | Box dòng 24 đã được tự động cắt xén (clip) vừa ảnh. | Box dòng 25 đã được tự động cắt xén (clip) vừa ảnh. | Box dòng 26 đã được tự động cắt xén (clip) vừa ảnh. | Box dòng 27 đã được tự động cắt xén (clip) vừa ảnh.
Anthracnose,/content/drive/MyDrive/Papaya_Leaf_Disease_Classification/BDPapayaLeaf/Original Images/Anthracnose/Anthracnose(110).jpg,/content/drive/MyDrive/Papaya_Leaf_Disease_Classification/YOLO_Bounding_Box/Anthracnose/Anthracnose(110).txt,Box dòng 1 đã được tự động cắt xén (clip) vừa ảnh. | Box dòng 2 đã được tự động cắt xén (clip) vừa ảnh. | Box dòng 3 đã được tự động cắt xén (clip) vừa ảnh. | Box dòng 4 đã được tự động cắt xén (clip) vừa ảnh. | Box dòng 5 đã được tự động cắt xén (clip) vừa ảnh. | Box dòng 6 đã được tự động cắt xén (clip) vừa ảnh. | Box dòng 7 đã được tự động cắt xén (clip) vừa ảnh. | Box dòng 8 đã được tự động cắt xén (clip) vừa ảnh. | Box dòng 9 đã được tự động cắt xén (clip) vừa ảnh. | Box dòng 10 đã được tự động cắt xén (clip) vừa ảnh. | Box dòng 11 đã được tự động cắt xén (clip) vừa ảnh. | Box dòng 12 đã được tự động cắt xén (clip) vừa ảnh. | Box dòng 13 đã được tự động cắt xén (clip) vừa ảnh. | Box dòng 14 đã được tự động cắt xén (clip) vừa ảnh. | Box dòng 15 đã được tự động cắt xén (clip) vừa ảnh. | Box dòng 16 đã được tự động cắt xén (clip) vừa ảnh. | Box dòng 17 đã được tự động cắt xén (clip) vừa ảnh. | Box dòng 18 đã được tự động cắt xén (clip) vừa ảnh. | Box dòng 19 đã được tự động cắt xén (clip) vừa ảnh.
Anthracnose,/content/drive/MyDrive/Papaya_Leaf_Disease_Classification/BDPapayaLeaf/Original Images/Anthracnose/Anthracnose(111).jpg,/content/drive/MyDrive/Papaya_Leaf_Disease_Classification/YOLO_Bounding_Box/Anthracnose/Anthracnose(111).txt,Box dòng 1 đã được tự động cắt xén (clip) vừa ảnh. | Box dòng 2 đã được tự động cắt xén (clip) vừa ảnh. | Box dòng 3 đã được tự động cắt xén (clip) vừa ảnh. | Box dòng 4 đã được tự động cắt xén (clip) vừa ảnh. | Box dòng 5 đã được tự động cắt xén (clip) vừa ảnh. | Box dòng 6 đã được tự động cắt xén (clip) vừa ảnh. | Box dòng 7 đã được tự động cắt xén (clip) vừa ảnh. | Box dòng 8 đã được tự động cắt xén (clip) vừa ảnh. | Box dòng 9 đã được tự động cắt xén (clip) vừa ảnh. | Box dòng 10 đã được tự động cắt xén (clip) vừa ảnh. | Box dòng 11 đã được tự động cắt xén (clip) vừa ảnh. | Box dòng 12 đã được tự động cắt xén (clip) vừa ảnh. | Box dòng 13 đã được tự động cắt xén (clip) vừa ảnh. | Box dòng 14 đã được tự động cắt xén (clip) vừa ảnh. | Box dòng 15 đã được tự động cắt xén (clip) vừa ảnh. | Box dòng 16 đã được tự động cắt xén (clip) vừa ảnh. | Box dòng 17 đã được tự động cắt xén (clip) vừa ảnh. | Box dòng 19 đã được tự động cắt xén (clip) vừa ảnh. | Box dòng 20 đã được tự động cắt xén (clip) vừa ảnh. | Box dòng 21 đã được tự động cắt xén (clip) vừa ảnh. | Box dòng 22 đã được tự động cắt xén (clip) vừa ảnh. | Box dòng 23 đã được tự động cắt xén (clip) vừa ảnh. | Box dòng 24 đã được tự động cắt xén (clip) vừa ảnh. | Box dòng 25 đã được tự động cắt xén (clip) vừa ảnh. | Box dòng 26 đã được tự động cắt xén (clip) vừa ảnh. | Box dòng 27 đã được tự động cắt xén (clip) vừa ảnh.
Anthracnose,/content/drive/MyDrive/Papaya_Leaf_Disease_Classification/BDPapayaLeaf/Original Images/Anthracnose/Anthracnose(112).jpg,/content/drive/MyDrive/Papaya_Leaf_Disease_Classification/YOLO_Bounding_Box/Anthracnose/Anthracnose(112).txt,Box dòng 1 đã được tự động cắt xén (clip) vừa ảnh. | Box dòng 2 đã được tự động cắt xén (clip) vừa ảnh. | Box dòng 3 đã được tự động cắt xén (clip) vừa ảnh. | Box dòng 4 đã được tự động cắt xén (clip) vừa ảnh. | Box dòng 5 đã được tự động cắt xén (clip) vừa ảnh. | Box dòng 6 đã được tự động cắt xén (clip) vừa ảnh. | Box dòng 7 đã được tự động cắt xén (clip) vừa ảnh. | Box dòng 8 đã được tự động cắt xén (clip) vừa ảnh. | Box dòng 9 đã được tự động cắt xén (clip) vừa ảnh. | Box dòng 10 đã được tự động cắt xén (clip) vừa ảnh. | Box dòng 11 đã được tự động cắt xén (clip) vừa ảnh. | Box dòng 12 đã được tự động cắt xén (clip) vừa ảnh. | Box dòng 13 đã được tự động cắt xén (clip) vừa ảnh. | Box dòng 14 đã được tự động cắt xén (clip) vừa ảnh. | Box dòng 15 đã được tự động cắt xén (clip) vừa ảnh. | Box dòng 16 đã được tự động cắt xén (clip) vừa ảnh. | Box dòng 17 đã được tự động cắt xén (clip) vừa ảnh. | Box dòng 18 đã được tự động cắt xén (clip) vừa ảnh. | Box dòng 19 đã được tự động cắt xén (clip) vừa ảnh. | Box dòng 20 đã được tự động cắt xén (clip) vừa ảnh. | Box dòng 21 đã được tự động cắt xén (clip) vừa ảnh. | Box dòng 22 đã được tự động cắt xén (clip) vừa ảnh. | Box dòng 23 đã được tự động cắt xén (clip) vừa ảnh. | Box dòng 24 đã được tự động cắt xén (clip) vừa ảnh. | Box dòng 25 đã được tự động cắt xén (clip) vừa ảnh. | Box dòng 26 đã được tự động cắt xén (clip) vừa ảnh. | Box dòng 27 đã được tự động cắt xén (clip) vừa ảnh. | Box dòng 28 đã được tự động cắt xén (clip) vừa ảnh. | Box dòng 29 đã được tự động cắt xén (clip) vừa ảnh. | Box dòng 30 đã được tự động cắt xén (clip) vừa ảnh. | Box dòng 31 đã được tự động cắt xén (clip) vừa ảnh. | Box dòng 32 đã được tự động cắt xén (clip) vừa ảnh. | Box dòng 33 đã được tự động cắt xén (clip) vừa ảnh. | Box dòng 34 đã được tự động cắt xén (clip) vừa ảnh.
Anthracnose,/content/drive/MyDrive/Papaya_Leaf_Disease_Classification/BDPapayaLeaf/Original Images/Anthracnose/Anthracnose(113).jpg,/content/drive/MyDrive/Papaya_Leaf_Disease_Classification/YOLO_Bounding_Box/Anthracnose/Anthracnose(113).txt,Box dòng 1 đã được tự động cắt xén (clip) vừa ảnh. | Box dòng 2 đã được tự động cắt xén (clip) vừa ảnh. | Box dòng 3 đã được tự động cắt xén (clip) vừa ảnh. | Box dòng 4 đã được tự động cắt xén (clip) vừa ảnh. | Box dòng 5 đã được tự động cắt xén (clip) vừa ảnh. | Box dòng 6 đã được tự động cắt xén (clip) vừa ảnh. | Box dòng 7 đã được tự động cắt xén (clip) vừa ảnh. | Box dòng 8 đã được tự động cắt xén (clip) vừa ảnh. | Box dòng 9 đã được tự động cắt xén (clip) vừa ảnh. | Box dòng 10 đã được tự động cắt xén (clip) vừa ảnh. | Box dòng 11 đã được tự động cắt xén (clip) vừa ảnh. | Box dòng 12 đã được tự động cắt xén (clip) vừa ảnh. | Box dòng 13 đã được tự động cắt xén (clip) vừa ảnh. | Box dòng 14 đã được tự động cắt xén (clip) vừa ảnh.
Anthracnose,/content/drive/MyDrive/Papaya_Leaf_Disease_Classification/BDPapayaLeaf/Original Images/Anthracnose/Anthracnose(114).jpg,/content/drive/MyDrive/Papaya_Leaf_Disease_Classification/YOLO_Bounding_Box/Anthracnose/Anthracnose(114).txt,Box dòng 1 đã được tự động cắt xén (clip) vừa ảnh. | Box dòng 2 đã được tự động cắt xén (clip) vừa ảnh. | Box dòng 3 đã được tự động cắt xén (clip) vừa ảnh. | Box dòng 4 đã được tự động cắt xén (clip) vừa ảnh. | Box dòng 5 đã được tự động cắt xén (clip) vừa ảnh. | Box dòng 6 đã được tự động cắt xén (clip) vừa ảnh. | Box dòng 7 đã được tự động cắt xén (clip) vừa ảnh. | Box dòng 8 đã được tự động cắt xén (clip) vừa ảnh.
Anthracnose,/content/drive/MyDrive/Papaya_Leaf_Disease_Classification/BDPapayaLeaf/Original Images/Anthracnose/Anthracnose(115).jpg,/content/drive/MyDrive/Papaya_Leaf_Disease_Classification/YOLO_Bounding_Box/Anthracnose/Anthracnose(115).txt,Box dòng 1 đã được tự động cắt xén (clip) vừa ảnh. | Box dòng 2 đã được tự động cắt xén (clip) vừa ảnh. | Box dòng 3 đã được tự động cắt xén (clip) vừa ảnh. | Box dòng 4 đã được tự động cắt xén (clip) vừa ảnh. | Box dòng 5 đã được tự động cắt xén (clip) vừa ảnh. | Box dòng 6 đã được tự động cắt xén (clip) vừa ảnh. | Box dòng 7 đã được tự động cắt xén (clip) vừa ảnh. | Box dòng 8 đã được tự động cắt xén (clip) vừa ảnh.
Anthracnose,/content/drive/MyDrive/Papaya_Leaf_Disease_Classification/BDPapayaLeaf/Original Images/Anthracnose/Anthracnose(116).jpg,/content/drive/MyDrive/Papaya_Leaf_Disease_Classification/YOLO_Bounding_Box/Anthracnose/Anthracnose(116).txt,Box dòng 1 đã được tự động cắt xén (clip) vừa ảnh. | Box dòng 2 đã được tự động cắt xén (clip) vừa ảnh. | Box dòng 3 đã được tự động cắt xén (clip) vừa ảnh. | Box dòng 4 đã được tự động cắt xén (clip) vừa ảnh. | Box dòng 5 đã được tự động cắt xén (clip) vừa ảnh. | Box dòng 6 đã được tự động cắt xén (clip) vừa ảnh. | Box dòng 7 đã được tự động cắt xén (clip) vừa ảnh. | Box dòng 8 đã được tự động cắt xén (clip) vừa ảnh. | Box dòng 9 đã được tự động cắt xén (clip) vừa ảnh. | Box dòng 10 đã được tự động cắt xén (clip) vừa ảnh.
Anthracnose,/content/drive/MyDrive/Papaya_Leaf_Disease_Classification/BDPapayaLeaf/Original Images/Anthracnose/Anthracnose(117).jpg,/content/drive/MyDrive/Papaya_Leaf_Disease_Classification/YOLO_Bounding_Box/Anthracnose/Anthracnose(117).txt,Box dòng 1 đã được tự động cắt xén (clip) vừa ảnh. | Box dòng 2 đã được tự động cắt xén (clip) vừa ảnh. | Box dòng 3 đã được tự động cắt xén (clip) vừa ảnh. | Box dòng 4 đã được tự động cắt xén (clip) vừa ảnh. | Box dòng 5 đã được tự động cắt xén (clip) vừa ảnh. | Box dòng 6 đã được tự động cắt xén (clip) vừa ảnh. | Box dòng 7 đã được tự động cắt xén (clip) vừa ảnh. | Box dòng 8 đã được tự động cắt xén (clip) vừa ảnh. | Box dòng 9 đã được tự động cắt xén (clip) vừa ảnh. | Box dòng 10 đã được tự động cắt xén (clip) vừa ảnh.
Anthracnose,/content/drive/MyDrive/Papaya_Leaf_Disease_Classification/BDPapayaLeaf/Original Images/Anthracnose/Anthracnose(118).jpg,/content/drive/MyDrive/Papaya_Leaf_Disease_Classification/YOLO_Bounding_Box/Anthracnose/Anthracnose(118).txt,Box dòng 1 đã được tự động cắt xén (clip) vừa ảnh. | Box dòng 2 đã được tự động cắt xén (clip) vừa ảnh. | Box dòng 3 đã được tự động cắt xén (clip) vừa ảnh. | Box dòng 4 đã được tự động cắt xén (clip) vừa ảnh. | Box dòng 5 đã được tự động cắt xén (clip) vừa ảnh. | Box dòng 6 đã được tự động cắt xén (clip) vừa ảnh. | Box dòng 7 đã được tự động cắt xén (clip) vừa ảnh. | Box dòng 8 đã được tự động cắt xén (clip) vừa ảnh.
Anthracnose,/content/drive/MyDrive/Papaya_Leaf_Disease_Classification/BDPapayaLeaf/Original Images/Anthracnose/Anthracnose(119).jpg,/content/drive/MyDrive/Papaya_Leaf_Disease_Classification/YOLO_Bounding_Box/Anthracnose/Anthracnose(119).txt,Box dòng 1 đã được tự động cắt xén (clip) vừa ảnh. | Box dòng 2 đã được tự động cắt xén (clip) vừa ảnh. | Box dòng 3 đã được tự động cắt xén (clip) vừa ảnh. | Box dòng 4 đã được tự động cắt xén (clip) vừa ảnh. | Box dòng 5 đã được tự động cắt xén (clip) vừa ảnh. | Box dòng 6 đã được tự động cắt xén (clip) vừa ảnh. | Box dòng 7 đã được tự động cắt xén (clip) vừa ảnh. | Box dòng 8 đã được tự động cắt xén (clip) vừa ảnh. | Box dòng 9 đã được tự động cắt xén (clip) vừa ảnh. | Box dòng 10 đã được tự động cắt xén (clip) vừa ảnh. | Box dòng 11 đã được tự động cắt xén (clip) vừa ảnh. | Box dòng 12 đã được tự động cắt xén (clip) vừa ảnh. | Box dòng 13 đã được tự động cắt xén (clip) vừa ảnh. | Box dòng 14 đã được tự động cắt xén (clip) vừa ảnh. | Box dòng 15 đã được tự động cắt xén (clip) vừa ảnh. | Box dòng 16 đã được tự động cắt xén (clip) vừa ảnh. | Box dòng 17 đã được tự động cắt xén (clip) vừa ảnh. | Box dòng 18 đã được tự động cắt xén (clip) vừa ảnh. | Box dòng 19 đã được tự động cắt xén (clip) vừa ảnh. | Box dòng 20 đã được tự động cắt xén (clip) vừa ảnh. | Box dòng 21 đã được tự động cắt xén (clip) vừa ảnh. | Box dòng 22 đã được tự động cắt xén (clip) vừa ảnh. | Box dòng 23 đã được tự động cắt xén (clip) vừa ảnh. | Box dòng 24 đã được tự động cắt xén (clip) vừa ảnh.
Anthracnose,/content/drive/MyDrive/Papaya_Leaf_Disease_Classification/BDPapayaLeaf/Original Images/Anthracnose/Anthracnose(12).jpg,/content/drive/MyDrive/Papaya_Leaf_Disease_Classification/YOLO_Bounding_Box/Anthracnose/Anthracnose(12).txt,Box dòng 1 đã được tự động cắt xén (clip) vừa ảnh. | Box dòng 2 đã được tự động cắt xén (clip) vừa ảnh. | Box dòng 3 đã được tự động cắt xén (clip) vừa ảnh. | Box dòng 4 đã được tự động cắt xén (clip) vừa ảnh. | Box dòng 5 đã được tự động cắt xén (clip) vừa ảnh. | Box dòng 6 đã được tự động cắt xén (clip) vừa ảnh. | Box dòng 7 đã được tự động cắt xén (clip) vừa ảnh. | Box dòng 8 đã được tự động cắt xén (clip) vừa ảnh. | Box dòng 9 đã được tự động cắt xén (clip) vừa ảnh. | Box dòng 10 đã được tự động cắt xén (clip) vừa ảnh. | Box dòng 11 đã được tự động cắt xén (clip) vừa ảnh. | Box dòng 12 đã được tự động cắt xén (clip) vừa ảnh. | Box dòng 13 đã được tự động cắt xén (clip) vừa ảnh. | Box dòng 14 đã được tự động cắt xén (clip) vừa ảnh. | Box dòng 15 đã được tự động cắt xén (clip) vừa ảnh. | Box dòng 16 đã được tự động cắt xén (clip) vừa ảnh. | Box dòng 17 đã được tự động cắt xén (clip) vừa ảnh. | Box dòng 18 đã được tự động cắt xén (clip) vừa ảnh. | Box dòng 19 đã được tự động cắt xén (clip) vừa ảnh. | Box dòng 20 đã được tự động cắt xén (clip) vừa ảnh. | Box dòng 21 đã được tự động cắt xén (clip) vừa ảnh. | Box dòng 22 đã được tự động cắt xén (clip) vừa ảnh. | Box dòng 23 đã được tự động cắt xén (clip) vừa ảnh.
Anthracnose,/content/drive/MyDrive/Papaya_Leaf_Disease_Classification/BDPapayaLeaf/Original Images/Anthracnose/Anthracnose(120).jpg,/content/drive/MyDrive/Papaya_Leaf_Disease_Classification/YOLO_Bounding_Box/Anthracnose/Anthracnose(120).txt,Box dòng 1 đã được tự động cắt xén (clip) vừa ảnh. | Box dòng 2 đã được tự động cắt xén (clip) vừa ảnh. | Box dòng 3 đã được tự động cắt xén (clip) vừa ảnh. | Box dòng 4 đã được tự động cắt xén (clip) vừa ảnh. | Box dòng 5 đã được tự động cắt xén (clip) vừa ảnh. | Box dòng 6 đã được tự động cắt xén (clip) vừa ảnh. | Box dòng 7 đã được tự động cắt xén (clip) vừa ảnh. | Box dòng 8 đã được tự động cắt xén (clip) vừa ảnh. | Box dòng 9 đã được tự động cắt xén (clip) vừa ảnh. | Box dòng 10 đã được tự động cắt xén (clip) vừa ảnh. | Box dòng 11 đã được tự động cắt xén (clip) vừa ảnh. | Box dòng 12 đã được tự động cắt xén (clip) vừa ảnh. | Box dòng 13 đã được tự động cắt xén (clip) vừa ảnh. | Box dòng 14 đã được tự động cắt xén (clip) vừa ảnh. | Box dòng 15 đã được tự động cắt xén (clip) vừa ảnh. | Box dòng 16 đã được tự động cắt xén (clip) vừa ảnh. | Box dòng 17 đã được tự động cắt xén (clip) vừa ảnh. | Box dòng 18 đã được tự động cắt xén (clip) vừa ảnh. | Box dòng 19 đã được tự động cắt xén (clip) vừa ảnh. | Box dòng 20 đã được tự động cắt xén (clip) vừa ảnh. | Box dòng 21 đã được tự động cắt xén (clip) vừa ảnh. | Box dòng 22 đã được tự động cắt xén (clip) vừa ảnh. | Box dòng 23 đã được tự động cắt xén (clip) vừa ảnh. | Box dòng 24 đã được tự động cắt xén (clip) vừa ảnh. | Box dòng 25 đã được tự động cắt xén (clip) vừa ảnh. | Box dòng 26 đã được tự động cắt xén (clip) vừa ảnh.
Anthracnose,/content/drive/MyDrive/Papaya_Leaf_Disease_Classification/BDPapayaLeaf/Original Images/Anthracnose/Anthracnose(121).jpg,/content/drive/MyDrive/Papaya_Leaf_Disease_Classification/YOLO_Bounding_Box/Anthracnose/Anthracnose(121).txt,Box dòng 1 đã được tự động cắt xén (clip) vừa ảnh. | Box dòng 2 đã được tự động cắt xén (clip) vừa ảnh. | Box dòng 3 đã được tự động cắt xén (clip) vừa ảnh. | Box dòng 4 đã được tự động cắt xén (clip) vừa ảnh. | Box dòng 5 đã được tự động cắt xén (clip) vừa ảnh. | Box dòng 6 đã được tự động cắt xén (clip) vừa ảnh. | Box dòng 7 đã được tự động cắt xén (clip) vừa ảnh. | Box dòng 8 đã được tự động cắt xén (clip) vừa ảnh. | Box dòng 9 đã được tự động cắt xén (clip) vừa ảnh. | Box dòng 10 đã được tự động cắt xén (clip) vừa ảnh. | Box dòng 11 đã được tự động cắt xén (clip) vừa ảnh. | Box dòng 12 đã được tự động cắt xén (clip) vừa ảnh. | Box dòng 13 đã được tự động cắt xén (clip) vừa ảnh. | Box dòng 14 đã được tự động cắt xén (clip) vừa ảnh. | Box dòng 15 đã được tự động cắt xén (clip) vừa ảnh.
Anthracnose,/content/drive/MyDrive/Papaya_Leaf_Disease_Classification/BDPapayaLeaf/Original Images/Anthracnose/Anthracnose(122).jpg,/content/drive/MyDrive/Papaya_Leaf_Disease_Classification/YOLO_Bounding_Box/Anthracnose/Anthracnose(122).txt,Box dòng 1 đã được tự động cắt xén (clip) vừa ảnh. | Box dòng 2 đã được tự động cắt xén (clip) vừa ảnh. | Box dòng 3 đã được tự động cắt xén (clip) vừa ảnh. | Box dòng 4 đã được tự động cắt xén (clip) vừa ảnh. | Box dòng 5 đã được tự động cắt xén (clip) vừa ảnh. | Box dòng 6 đã được tự động cắt xén (clip) vừa ảnh. | Box dòng 7 đã được tự động cắt xén (clip) vừa ảnh. | Box dòng 8 đã được tự động cắt xén (clip) vừa ảnh. | Box dòng 9 đã được tự động cắt xén (clip) vừa ảnh. | Box dòng 10 đã được tự động cắt xén (clip) vừa ảnh. | Box dòng 11 đã được tự động cắt xén (clip) vừa ảnh. | Box dòng 12 đã được tự động cắt xén (clip) vừa ảnh. | Box dòng 13 đã được tự động cắt xén (clip) vừa ảnh. | Box dòng 14 đã được tự động cắt xén (clip) vừa ảnh. | Box dòng 15 đã được tự động cắt xén (clip) vừa ảnh. | Box dòng 16 đã được tự động cắt xén (clip) vừa ảnh. | Box dòng 17 đã được tự động cắt xén (clip) vừa ảnh. | Box dòng 18 đã được tự động cắt xén (clip) vừa ảnh. | Box dòng 19 đã được tự động cắt xén (clip) vừa ảnh. | Box dòng 20 đã được tự động cắt xén (clip) vừa ảnh. | Box dòng 21 đã được tự động cắt xén (clip) vừa ảnh. | Box dòng 22 đã được tự động cắt xén (clip) vừa ảnh. | Box dòng 23 đã được tự động cắt xén (clip) vừa ảnh. | Box dòng 24 đã được tự động cắt xén (clip) vừa ảnh. | Box dòng 25 đã được tự động cắt xén (clip) vừa ảnh. | Box dòng 26 đã được tự động cắt xén (clip) vừa ảnh. | Box dòng 27 đã được tự động cắt xén (clip) vừa ảnh. | Box dòng 28 đã được tự động cắt xén (clip) vừa ảnh. | Box dòng 29 đã được tự động cắt xén (clip) vừa ảnh. | Box dòng 30 đã được tự động cắt xén (clip) vừa ảnh. | Box dòng 31 đã được tự động cắt xén (clip) vừa ảnh. | Box dòng 32 đã được tự động cắt xén (clip) vừa ảnh. | Box dòng 33 đã được tự động cắt xén (clip) vừa ảnh. | Box dòng 34 đã được tự động cắt xén (clip) vừa ảnh. | Box dòng 35 đã được tự động cắt xén (clip) vừa ảnh. | Box dòng 36 đã được tự động cắt xén (clip) vừa ảnh. | Box dòng 37 đã được tự động cắt xén (clip) vừa ảnh.
Anthracnose,/content/drive/MyDrive/Papaya_Leaf_Disease_Classification/BDPapayaLeaf/Original Images/Anthracnose/Anthracnose(123).jpg,/content/drive/MyDrive/Papaya_Leaf_Disease_Classification/YOLO_Bounding_Box/Anthracnose/Anthracnose(123).txt,Box dòng 1 đã được tự động cắt xén (clip) vừa ảnh. | Box dòng 2 đã được tự động cắt xén (clip) vừa ảnh. | Box dòng 3 đã được tự động cắt xén (clip) vừa ảnh. | Box dòng 4 đã được tự động cắt xén (clip) vừa ảnh. | Box dòng 5 đã được tự động cắt xén (clip) vừa ảnh. | Box dòng 6 đã được tự động cắt xén (clip) vừa ảnh. | Box dòng 7 đã được tự động cắt xén (clip) vừa ảnh. | Box dòng 8 đã được tự động cắt xén (clip) vừa ảnh. | Box dòng 9 đã được tự động cắt xén (clip) vừa ảnh. | Box dòng 10 đã được tự động cắt xén (clip) vừa ảnh. | Box dòng 11 đã được tự động cắt xén (clip) vừa ảnh. | Box dòng 12 đã được tự động cắt xén (clip) vừa ảnh. | Box dòng 13 đã được tự động cắt xén (clip) vừa ảnh. | Box dòng 14 đã được tự động cắt xén (clip) vừa ảnh. | Box dòng 15 đã được tự động cắt xén (clip) vừa ảnh. | Box dòng 16 đã được tự động cắt xén (clip) vừa ảnh. | Box dòng 17 đã được tự động cắt xén (clip) vừa ảnh. | Box dòng 18 đã được tự động cắt xén (clip) vừa ảnh. | Box dòng 19 đã được tự động cắt xén (clip) vừa ảnh. | Box dòng 20 đã được tự động cắt xén (clip) vừa ảnh. | Box dòng 21 đã được tự động cắt xén (clip) vừa ảnh. | Box dòng 22 đã được tự động cắt xén (clip) vừa ảnh. | Box dòng 23 đã được tự động cắt xén (clip) vừa ảnh. | Box dòng 24 đã được tự động cắt xén (clip) vừa ảnh. | Box dòng 25 đã được tự động cắt xén (clip) vừa ảnh. | Box dòng 26 đã được tự động cắt xén (clip) vừa ảnh. | Box dòng 27 đã được tự động cắt xén (clip) vừa ảnh. | Box dòng 28 đã được tự động cắt xén (clip) vừa ảnh. | Box dòng 29 đã được tự động cắt xén (clip) vừa ảnh. | Box dòng 30 đã được tự động cắt xén (clip) vừa ảnh. | Box dòng 31 đã được tự động cắt xén (clip) vừa ảnh. | Box dòng 32 đã được tự động cắt xén (clip) vừa ảnh. | Box dòng 33 đã được tự động cắt xén (clip) vừa ảnh. | Box dòng 34 đã được tự động cắt xén (clip) vừa ảnh.
Anthracnose,/content/drive/MyDrive/Papaya_Leaf_Disease_Classification/BDPapayaLeaf/Original Images/Anthracnose/Anthracnose(124).jpg,/content/drive/MyDrive/Papaya_Leaf_Disease_Classification/YOLO_Bounding_Box/Anthracnose/Anthracnose(124).txt,Box dòng 1 đã được tự động cắt xén (clip) vừa ảnh. | Box dòng 2 đã được tự động cắt xén (clip) vừa ảnh. | Box dòng 3 đã được tự động cắt xén (clip) vừa ảnh. | Box dòng 4 đã được tự động cắt xén (clip) vừa ảnh. | Box dòng 5 đã được tự động cắt xén (clip) vừa ảnh. | Box dòng 6 đã được tự động cắt xén (clip) vừa ảnh. | Box dòng 7 đã được tự động cắt xén (clip) vừa ảnh. | Box dòng 8 đã được tự động cắt xén (clip) vừa ảnh. | Box dòng 9 đã được tự động cắt xén (clip) vừa ảnh. | Box dòng 10 đã được tự động cắt xén (clip) vừa ảnh. | Box dòng 11 đã được tự động cắt xén (clip) vừa ảnh. | Box dòng 12 đã được tự động cắt xén (clip) vừa ảnh. | Box dòng 13 đã được tự động cắt xén (clip) vừa ảnh. | Box dòng 14 đã được tự động cắt xén (clip) vừa ảnh. | Box dòng 15 đã được tự động cắt xén (clip) vừa ảnh. | Box dòng 16 đã được tự động cắt xén (clip) vừa ảnh. | Box dòng 17 đã được tự động cắt xén (clip) vừa ảnh. | Box dòng 18 đã được tự động cắt xén (clip) vừa ảnh. | Box dòng 19 đã được tự động cắt xén (clip) vừa ảnh. | Box dòng 20 đã được tự động cắt xén (clip) vừa ảnh. | Box dòng 21 đã được tự động cắt xén (clip) vừa ảnh. | Box dòng 22 đã được tự động cắt xén (clip) vừa ảnh. | Box dòng 23 đã được tự động cắt xén (clip) vừa ảnh. | Box dòng 24 đã được tự động cắt xén (clip) vừa ảnh. | Box dòng 25 đã được tự động cắt xén (clip) vừa ảnh. | Box dòng 26 đã được tự động cắt xén (clip) vừa ảnh. | Box dòng 27 đã được tự động cắt xén (clip) vừa ảnh. | Box dòng 28 đã được tự động cắt xén (clip) vừa ảnh. | Box dòng 29 đã được tự động cắt xén (clip) vừa ảnh. | Box dòng 30 đã được tự động cắt xén (clip) vừa ảnh. | Box dòng 31 đã được tự động cắt xén (clip) vừa ảnh. | Box dòng 32 đã được tự động cắt xén (clip) vừa ảnh. | Box dòng 33 đã được tự động cắt xén (clip) vừa ảnh.
Anthracnose,/content/drive/MyDrive/Papaya_Leaf_Disease_Classification/BDPapayaLeaf/Original Images/Anthracnose/Anthracnose(125).jpg,/content/drive/MyDrive/Papaya_Leaf_Disease_Classification/YOLO_Bounding_Box/Anthracnose/Anthracnose(125).txt,Box dòng 1 đã được tự động cắt xén (clip) vừa ảnh. | Box dòng 2 đã được tự động cắt xén (clip) vừa ảnh. | Box dòng 3 đã được tự động cắt xén (clip) vừa ảnh. | Box dòng 4 đã được tự động cắt xén (clip) vừa ảnh. | Box dòng 5 đã được tự động cắt xén (clip) vừa ảnh. | Box dòng 6 đã được tự động cắt xén (clip) vừa ảnh. | Box dòng 7 đã được tự động cắt xén (clip) vừa ảnh. | Box dòng 8 đã được tự động cắt xén (clip) vừa ảnh. | Box dòng 9 đã được tự động cắt xén (clip) vừa ảnh. | Box dòng 10 đã được tự động cắt xén (clip) vừa ảnh. | Box dòng 11 đã được tự động cắt xén (clip) vừa ảnh. | Box dòng 12 đã được tự động cắt xén (clip) vừa ảnh. | Box dòng 13 đã được tự động cắt xén (clip) vừa ảnh. | Box dòng 14 đã được tự động cắt xén (clip) vừa ảnh. | Box dòng 15 đã được tự động cắt xén (clip) vừa ảnh. | Box dòng 16 đã được tự động cắt xén (clip) vừa ảnh. | Box dòng 17 đã được tự động cắt xén (clip) vừa ảnh. | Box dòng 18 đã được tự động cắt xén (clip) vừa ảnh. | Box dòng 19 đã được tự động cắt xén (clip) vừa ảnh.
Anthracnose,/content/drive/MyDrive/Papaya_Leaf_Disease_Classification/BDPapayaLeaf/Original Images/Anthracnose/Anthracnose(126).jpg,/content/drive/MyDrive/Papaya_Leaf_Disease_Classification/YOLO_Bounding_Box/Anthracnose/Anthracnose(126).txt,Box dòng 1 đã được tự động cắt xén (clip) vừa ảnh. | Box dòng 2 đã được tự động cắt xén (clip) vừa ảnh.
Anthracnose,/content/drive/MyDrive/Papaya_Leaf_Disease_Classification/BDPapayaLeaf/Original Images/Anthracnose/Anthracnose(127).jpg,/content/drive/MyDrive/Papaya_Leaf_Disease_Classification/YOLO_Bounding_Box/Anthracnose/Anthracnose(127).txt,Box dòng 1 đã được tự động cắt xén (clip) vừa ảnh. | Box dòng 2 đã được tự động cắt xén (clip) vừa ảnh. | Box dòng 3 đã được tự động cắt xén (clip) vừa ảnh. | Box dòng 4 đã được tự động cắt xén (clip) vừa ảnh. | Box dòng 5 đã được tự động cắt xén (clip) vừa ảnh. | Box dòng 6 đã được tự động cắt xén (clip) vừa ảnh.
Anthracnose,/content/drive/MyDrive/Papaya_Leaf_Disease_Classification/BDPapayaLeaf/Original Images/Anthracnose/Anthracnose(128).jpg,/content/drive/MyDrive/Papaya_Leaf_Disease_Classification/YOLO_Bounding_Box/Anthracnose/Anthracnose(128).txt,Box dòng 1 đã được tự động cắt xén (clip) vừa ảnh. | Box dòng 2 đã được tự động cắt xén (clip) vừa ảnh.
Anthracnose,/content/drive/MyDrive/Papaya_Leaf_Disease_Classification/BDPapayaLeaf/Original Images/Anthracnose/Anthracnose(129).jpg,/content/drive/MyDrive/Papaya_Leaf_Disease_Classification/YOLO_Bounding_Box/Anthracnose/Anthracnose(129).txt,Box dòng 1 đã được tự động cắt xén (clip) vừa ảnh. | Box dòng 2 đã được tự động cắt xén (clip) vừa ảnh.
Anthracnose,/content/drive/MyDrive/Papaya_Leaf_Disease_Classification/BDPapayaLeaf/Original Images/Anthracnose/Anthracnose(13).jpg,/content/drive/MyDrive/Papaya_Leaf_Disease_Classification/YOLO_Bounding_Box/Anthracnose/Anthracnose(13).txt,Box dòng 1 đã được tự động cắt xén (clip) vừa ảnh. | Box dòng 2 đã được tự động cắt xén (clip) vừa ảnh.
Anthracnose,/content/drive/MyDrive/Papaya_Leaf_Disease_Classification/BDPapayaLeaf/Original Images/Anthracnose/Anthracnose(130).jpg,/content/drive/MyDrive/Papaya_Leaf_Disease_Classification/YOLO_Bounding_Box/Anthracnose/Anthracnose(130).txt,Box dòng 1 đã được tự động cắt xén (clip) vừa ảnh. | Box dòng 2 đã được tự động cắt xén (clip) vừa ảnh. | Box dòng 3 đã được tự động cắt xén (clip) vừa ảnh. | Box dòng 4 đã được tự động cắt xén (clip) vừa ảnh. | Box dòng 5 đã được tự động cắt xén (clip) vừa ảnh. | Box dòng 6 đã được tự động cắt xén (clip) vừa ảnh. | Box dòng 7 đã được tự động cắt xén (clip) vừa ảnh. | Box dòng 8 đã được tự động cắt xén (clip) vừa ảnh. | Box dòng 9 đã được tự động cắt xén (clip) vừa ảnh. | Box dòng 10 đã được tự động cắt xén (clip) vừa ảnh. | Box dòng 11 đã được tự động cắt xén (clip) vừa ảnh. | Box dòng 12 đã được tự động cắt xén (clip) vừa ảnh. | Box dòng 13 đã được tự động cắt xén (clip) vừa ảnh. | Box dòng 14 đã được tự động cắt xén (clip) vừa ảnh. | Box dòng 15 đã được tự động cắt xén (clip) vừa ảnh. | Box dòng 16 đã được tự động cắt xén (clip) vừa ảnh. | Box dòng 17 đã được tự động cắt xén (clip) vừa ảnh. | Box dòng 18 đã được tự động cắt xén (clip) vừa ảnh. | Box dòng 19 đã được tự động cắt xén (clip) vừa ảnh. | Box dòng 20 đã được tự động cắt xén (clip) vừa ảnh. | Box dòng 21 đã được tự động cắt xén (clip) vừa ảnh. | Box dòng 22 đã được tự động cắt xén (clip) vừa ảnh. | Box dòng 23 đã được tự động cắt xén (clip) vừa ảnh.
Anthracnose,/content/drive/MyDrive/Papaya_Leaf_Disease_Classification/BDPapayaLeaf/Original Images/Anthracnose/Anthracnose(131).jpg,/content/drive/MyDrive/Papaya_Leaf_Disease_Classification/YOLO_Bounding_Box/Anthracnose/Anthracnose(131).txt,Box dòng 1 đã được tự động cắt xén (clip) vừa ảnh. | Box dòng 2 đã được tự động cắt xén (clip) vừa ảnh. | Box dòng 3 đã được tự động cắt xén (clip) vừa ảnh. | Box dòng 4 đã được tự động cắt xén (clip) vừa ảnh. | Box dòng 5 đã được tự động cắt xén (clip) vừa ảnh. | Box dòng 6 đã được tự động cắt xén (clip) vừa ảnh. | Box dòng 7 đã được tự động cắt xén (clip) vừa ảnh. | Box dòng 8 đã được tự động cắt xén (clip) vừa ảnh. | Box dòng 9 đã được tự động cắt xén (clip) vừa ảnh. | Box dòng 10 đã được tự động cắt xén (clip) vừa ảnh. | Box dòng 11 đã được tự động cắt xén (clip) vừa ảnh. | Box dòng 12 đã được tự động cắt xén (clip) vừa ảnh. | Box dòng 13 đã được tự động cắt xén (clip) vừa ảnh. | Box dòng 14 đã được tự động cắt xén (clip) vừa ảnh. | Box dòng 15 đã được tự động cắt xén (clip) vừa ảnh. | Box dòng 16 đã được tự động cắt xén (clip) vừa ảnh. | Box dòng 17 đã được tự động cắt xén (clip) vừa ảnh. | Box dòng 18 đã được tự động cắt xén (clip) vừa ảnh. | Box dòng 19 đã được tự động cắt xén (clip) vừa ảnh. | Box dòng 20 đã được tự động cắt xén (clip) vừa ảnh. | Box dòng 21 đã được tự động cắt xén (clip) vừa ảnh. | Box dòng 22 đã được tự động cắt xén (clip) vừa ảnh. | Box dòng 23 đã được tự động cắt xén (clip) vừa ảnh. | Box dòng 24 đã được tự động cắt xén (clip) vừa ảnh. | Box dòng 25 đã được tự động cắt xén (clip) vừa ảnh. | Box dòng 26 đã được tự động cắt xén (clip) vừa ảnh. | Box dòng 27 đã được tự động cắt xén (clip) vừa ảnh. | Box dòng 28 đã được tự động cắt xén (clip) vừa ảnh. | Box dòng 29 đã được tự động cắt xén (clip) vừa ảnh. | Box dòng 30 đã được tự động cắt xén (clip) vừa ảnh. | Box dòng 31 đã được tự động cắt xén (clip) vừa ảnh. | Box dòng 32 đã được tự động cắt xén (clip) vừa ảnh. | Box dòng 33 đã được tự động cắt xén (clip) vừa ảnh. | Box dòng 34 đã được tự động cắt xén (clip) vừa ảnh. | Box dòng 35 đã được tự động cắt xén (clip) vừa ảnh. | Box dòng 36 đã được tự động cắt xén (clip) vừa ảnh. | Box dòng 37 đã được tự động cắt xén (clip) vừa ảnh. | Box dòng 38 đã được tự động cắt xén (clip) vừa ảnh. | Box dòng 39 đã được tự động cắt xén (clip) vừa ảnh. | Box dòng 40 đã được tự động cắt xén (clip) vừa ảnh. | Box dòng 41 đã được tự động cắt xén (clip) vừa ảnh. | Box dòng 42 đã được tự động cắt xén (clip) vừa ảnh. | Box dòng 43 đã được tự động cắt xén (clip) vừa ảnh. | Box dòng 44 đã được tự động cắt xén (clip) vừa ảnh. | Box dòng 45 đã được tự động cắt xén (clip) vừa ảnh. | Box dòng 46 đã được tự động cắt xén (clip) vừa ảnh.
Anthracnose,/content/drive/MyDrive/Papaya_Leaf_Disease_Classification/BDPapayaLeaf/Original Images/Anthracnose/Anthracnose(132).jpg,/content/drive/MyDrive/Papaya_Leaf_Disease_Classification/YOLO_Bounding_Box/Anthracnose/Anthracnose(132).txt,Box dòng 1 đã được tự động cắt xén (clip) vừa ảnh. | Box dòng 2 đã được tự động cắt xén (clip) vừa ảnh. | Box dòng 3 đã được tự động cắt xén (clip) vừa ảnh.
Anthracnose,/content/drive/MyDrive/Papaya_Leaf_Disease_Classification/BDPapayaLeaf/Original Images/Anthracnose/Anthracnose(133).jpg,/content/drive/MyDrive/Papaya_Leaf_Disease_Classification/YOLO_Bounding_Box/Anthracnose/Anthracnose(133).txt,Box dòng 1 đã được tự động cắt xén (clip) vừa ảnh. | Box dòng 2 đã được tự động cắt xén (clip) vừa ảnh. | Box dòng 3 đã được tự động cắt xén (clip) vừa ảnh. | Box dòng 4 đã được tự động cắt xén (clip) vừa ảnh. | Box dòng 5 đã được tự động cắt xén (clip) vừa ảnh.
Anthracnose,/content/drive/MyDrive/Papaya_Leaf_Disease_Classification/BDPapayaLeaf/Original Images/Anthracnose/Anthracnose(134).jpg,/content/drive/MyDrive/Papaya_Leaf_Disease_Classification/YOLO_Bounding_Box/Anthracnose/Anthracnose(134).txt,Box dòng 1 đã được tự động cắt xén (clip) vừa ảnh. | Box dòng 2 đã được tự động cắt xén (clip) vừa ảnh.
Anthracnose,/content/drive/MyDrive/Papaya_Leaf_Disease_Classification/BDPapayaLeaf/Original Images/Anthracnose/Anthracnose(135).jpg,/content/drive/MyDrive/Papaya_Leaf_Disease_Classification/YOLO_Bounding_Box/Anthracnose/Anthracnose(135).txt,Box dòng 1 đã được tự động cắt xén (clip) vừa ảnh. | Box dòng 2 đã được tự động cắt xén (clip) vừa ảnh. | Box dòng 3 đã được tự động cắt xén (clip) vừa ảnh. | Box dòng 4 đã được tự động cắt xén (clip) vừa ảnh. | Box dòng 5 đã được tự động cắt xén (clip) vừa ảnh. | Box dòng 6 đã được tự động cắt xén (clip) vừa ảnh. | Box dòng 7 đã được tự động cắt xén (clip) vừa ảnh. | Box dòng 8 đã được tự động cắt xén (clip) vừa ảnh. | Box dòng 9 đã được tự động cắt xén (clip) vừa ảnh. | Box dòng 10 đã được tự động cắt xén (clip) vừa ảnh. | Box dòng 11 đã được tự động cắt xén (clip) vừa ảnh. | Box dòng 12 đã được tự động cắt xén (clip) vừa ảnh. | Box dòng 13 đã được tự động cắt xén (clip) vừa ảnh. | Box dòng 14 đã được tự động cắt xén (clip) vừa ảnh. | Box dòng 15 đã được tự động cắt xén (clip) vừa ảnh. | Box dòng 16 đã được tự động cắt xén (clip) vừa ảnh. | Box dòng 17 đã được tự động cắt xén (clip) vừa ảnh. | Box dòng 18 đã được tự động cắt xén (clip) vừa ảnh. | Box dòng 19 đã được tự động cắt xén (clip) vừa ảnh. | Box dòng 20 đã được tự động cắt xén (clip) vừa ảnh. | Box dòng 21 đã được tự động cắt xén (clip) vừa ảnh. | Box dòng 22 đã được tự động cắt xén (clip) vừa ảnh.
Anthracnose,/content/drive/MyDrive/Papaya_Leaf_Disease_Classification/BDPapayaLeaf/Original Images/Anthracnose/Anthracnose(136).jpg,/content/drive/MyDrive/Papaya_Leaf_Disease_Classification/YOLO_Bounding_Box/Anthracnose/Anthracnose(136).txt,Box dòng 1 đã được tự động cắt xén (clip) vừa ảnh. | Box dòng 2 đã được tự động cắt xén (clip) vừa ảnh. | Box dòng 3 đã được tự động cắt xén (clip) vừa ảnh. | Box dòng 4 đã được tự động cắt xén (clip) vừa ảnh. | Box dòng 5 đã được tự động cắt xén (clip) vừa ảnh. | Box dòng 6 đã được tự động cắt xén (clip) vừa ảnh. | Box dòng 7 đã được tự động cắt xén (clip) vừa ảnh. | Box dòng 8 đã được tự động cắt xén (clip) vừa ảnh. | Box dòng 9 đã được tự động cắt xén (clip) vừa ảnh. | Box dòng 10 đã được tự động cắt xén (clip) vừa ảnh. | Box dòng 11 đã được tự động cắt xén (clip) vừa ảnh. | Box dòng 12 đã được tự động cắt xén (clip) vừa ảnh. | Box dòng 13 đã được tự động cắt xén (clip) vừa ảnh.
Anthracnose,/content/drive/MyDrive/Papaya_Leaf_Disease_Classification/BDPapayaLeaf/Original Images/Anthracnose/Anthracnose(137).jpg,/content/drive/MyDrive/Papaya_Leaf_Disease_Classification/YOLO_Bounding_Box/Anthracnose/Anthracnose(137).txt,Box dòng 1 đã được tự động cắt xén (clip) vừa ảnh. | Box dòng 2 đã được tự động cắt xén (clip) vừa ảnh. | Box dòng 3 đã được tự động cắt xén (clip) vừa ảnh. | Box dòng 4 đã được tự động cắt xén (clip) vừa ảnh.
Anthracnose,/content/drive/MyDrive/Papaya_Leaf_Disease_Classification/BDPapayaLeaf/Original Images/Anthracnose/Anthracnose(138).jpg,/content/drive/MyDrive/Papaya_Leaf_Disease_Classification/YOLO_Bounding_Box/Anthracnose/Anthracnose(138).txt,Box dòng 1 đã được tự động cắt xén (clip) vừa ảnh. | Box dòng 2 đã được tự động cắt xén (clip) vừa ảnh. | Box dòng 3 đã được tự động cắt xén (clip) vừa ảnh. | Box dòng 4 đã được tự động cắt xén (clip) vừa ảnh. | Box dòng 5 đã được tự động cắt xén (clip) vừa ảnh. | Box dòng 6 đã được tự động cắt xén (clip) vừa ảnh. | Box dòng 7 đã được tự động cắt xén (clip) vừa ảnh. | Box dòng 8 đã được tự động cắt xén (clip) vừa ảnh. | Box dòng 9 đã được tự động cắt xén (clip) vừa ảnh. | Box dòng 10 đã được tự động cắt xén (clip) vừa ảnh. | Box dòng 11 đã được tự động cắt xén (clip) vừa ảnh. | Box dòng 12 đã được tự động cắt xén (clip) vừa ảnh. | Box dòng 13 đã được tự động cắt xén (clip) vừa ảnh. | Box dòng 14 đã được tự động cắt xén (clip) vừa ảnh. | Box dòng 15 đã được tự động cắt xén (clip) vừa ảnh. | Box dòng 16 đã được tự động cắt xén (clip) vừa ảnh. | Box dòng 17 đã được tự động cắt xén (clip) vừa ảnh. | Box dòng 18 đã được tự động cắt xén (clip) vừa ảnh. | Box dòng 19 đã được tự động cắt xén (clip) vừa ảnh. | Box dòng 20 đã được tự động cắt xén (clip) vừa ảnh. | Box dòng 21 đã được tự động cắt xén (clip) vừa ảnh. | Box dòng 22 đã được tự động cắt xén (clip) vừa ảnh. | Box dòng 23 đã được tự động cắt xén (clip) vừa ảnh. | Box dòng 24 đã được tự động cắt xén (clip) vừa ảnh. | Box dòng 25 đã được tự động cắt xén (clip) vừa ảnh. | Box dòng 26 đã được tự động cắt xén (clip) vừa ảnh.
Anthracnose,/content/drive/MyDrive/Papaya_Leaf_Disease_Classification/BDPapayaLeaf/Original Images/Anthracnose/Anthracnose(139).jpg,/content/drive/MyDrive/Papaya_Leaf_Disease_Classification/YOLO_Bounding_Box/Anthracnose/Anthracnose(139).txt,Box dòng 1 đã được tự động cắt xén (clip) vừa ảnh. | Box dòng 2 đã được tự động cắt xén (clip) vừa ảnh. | Box dòng 3 đã được tự động cắt xén (clip) vừa ảnh. | Box dòng 4 đã được tự động cắt xén (clip) vừa ảnh. | Box dòng 5 đã được tự động cắt xén (clip) vừa ảnh. | Box dòng 6 đã được tự động cắt xén (clip) vừa ảnh. | Box dòng 7 đã được tự động cắt xén (clip) vừa ảnh. | Box dòng 8 đã được tự động cắt xén (clip) vừa ảnh. | Box dòng 9 đã được tự động cắt xén (clip) vừa ảnh. | Box dòng 10 đã được tự động cắt xén (clip) vừa ảnh.
Anthracnose,/content/drive/MyDrive/Papaya_Leaf_Disease_Classification/BDPapayaLeaf/Original Images/Anthracnose/Anthracnose(14).jpg,/content/drive/MyDrive/Papaya_Leaf_Disease_Classification/YOLO_Bounding_Box/Anthracnose/Anthracnose(14).txt,Box dòng 1 đã được tự động cắt xén (clip) vừa ảnh. | Box dòng 2 đã được tự động cắt xén (clip) vừa ảnh. | Box dòng 3 đã được tự động cắt xén (clip) vừa ảnh. | Box dòng 4 đã được tự động cắt xén (clip) vừa ảnh.
Anthracnose,/content/drive/MyDrive/Papaya_Leaf_Disease_Classification/BDPapayaLeaf/Original Images/Anthracnose/Anthracnose(140).jpg,/content/drive/MyDrive/Papaya_Leaf_Disease_Classification/YOLO_Bounding_Box/Anthracnose/Anthracnose(140).txt,Box dòng 1 đã được tự động cắt xén (clip) vừa ảnh. | Box dòng 2 đã được tự động cắt xén (clip) vừa ảnh. | Box dòng 3 đã được tự động cắt xén (clip) vừa ảnh. | Box dòng 4 đã được tự động cắt xén (clip) vừa ảnh. | Box dòng 5 đã được tự động cắt xén (clip) vừa ảnh. | Box dòng 6 đã được tự động cắt xén (clip) vừa ảnh. | Box dòng 7 đã được tự động cắt xén (clip) vừa ảnh. | Box dòng 8 đã được tự động cắt xén (clip) vừa ảnh. | Box dòng 9 đã được tự động cắt xén (clip) vừa ảnh. | Box dòng 10 đã được tự động cắt xén (clip) vừa ảnh. | Box dòng 11 đã được tự động cắt xén (clip) vừa ảnh. | Box dòng 12 đã được tự động cắt xén (clip) vừa ảnh. | Box dòng 13 đã được tự động cắt xén (clip) vừa ảnh. | Box dòng 14 đã được tự động cắt xén (clip) vừa ảnh. | Box dòng 15 đã được tự động cắt xén (clip) vừa ảnh. | Box dòng 16 đã được tự động cắt xén (clip) vừa ảnh. | Box dòng 17 đã được tự động cắt xén (clip) vừa ảnh. | Box dòng 18 đã được tự động cắt xén (clip) vừa ảnh. | Box dòng 19 đã được tự động cắt xén (clip) vừa ảnh. | Box dòng 20 đã được tự động cắt xén (clip) vừa ảnh. | Box dòng 21 đã được tự động cắt xén (clip) vừa ảnh. | Box dòng 22 đã được tự động cắt xén (clip) vừa ảnh. | Box dòng 23 đã được tự động cắt xén (clip) vừa ảnh. | Box dòng 24 đã được tự động cắt xén (clip) vừa ảnh. | Box dòng 25 đã được tự động cắt xén (clip) vừa ảnh. | Box dòng 26 đã được tự động cắt xén (clip) vừa ảnh. | Box dòng 27 đã được tự động cắt xén (clip) vừa ảnh. | Box dòng 28 đã được tự động cắt xén (clip) vừa ảnh. | Box dòng 29 đã được tự động cắt xén (clip) vừa ảnh. | Box dòng 30 đã được tự động cắt xén (clip) vừa ảnh. | Box dòng 31 đã được tự động cắt xén (clip) vừa ảnh. | Box dòng 32 đã được tự động cắt xén (clip) vừa ảnh. | Box dòng 33 đã được tự động cắt xén (clip) vừa ảnh. | Box dòng 34 đã được tự động cắt xén (clip) vừa ảnh. | Box dòng 35 đã được tự động cắt xén (clip) vừa ảnh. | Box dòng 36 đã được tự động cắt xén (clip) vừa ảnh. | Box dòng 37 đã được tự động cắt xén (clip) vừa ảnh. | Box dòng 38 đã được tự động cắt xén (clip) vừa ảnh. | Box dòng 39 đã được tự động cắt xén (clip) vừa ảnh. | Box dòng 40 đã được tự động cắt xén (clip) vừa ảnh. | Box dòng 41 đã được tự động cắt xén (clip) vừa ảnh. | Box dòng 42 đã được tự động cắt xén (clip) vừa ảnh. | Box dòng 43 đã được tự động cắt xén (clip) vừa ảnh. | Box dòng 44 đã được tự động cắt xén (clip) vừa ảnh. | Box dòng 45 đã được tự động cắt xén (clip) vừa ảnh.
Anthracnose,/content/drive/MyDrive/Papaya_Leaf_Disease_Classification/BDPapayaLeaf/Original Images/Anthracnose/Anthracnose(141).jpg,/content/drive/MyDrive/Papaya_Leaf_Disease_Classification/YOLO_Bounding_Box/Anthracnose/Anthracnose(141).txt,Box dòng 1 đã được tự động cắt xén (clip) vừa ảnh. | Box dòng 2 đã được tự động cắt xén (clip) vừa ảnh. | Box dòng 3 đã được tự động cắt xén (clip) vừa ảnh. | Box dòng 4 đã được tự động cắt xén (clip) vừa ảnh. | Box dòng 5 đã được tự động cắt xén (clip) vừa ảnh. | Box dòng 6 đã được tự động cắt xén (clip) vừa ảnh. | Box dòng 7 đã được tự động cắt xén (clip) vừa ảnh. | Box dòng 8 đã được tự động cắt xén (clip) vừa ảnh. | Box dòng 9 đã được tự động cắt xén (clip) vừa ảnh. | Box dòng 10 đã được tự động cắt xén (clip) vừa ảnh. | Box dòng 11 đã được tự động cắt xén (clip) vừa ảnh. | Box dòng 12 đã được tự động cắt xén (clip) vừa ảnh. | Box dòng 13 đã được tự động cắt xén (clip) vừa ảnh. | Box dòng 14 đã được tự động cắt xén (clip) vừa ảnh. | Box dòng 15 đã được tự động cắt xén (clip) vừa ảnh. | Box dòng 16 đã được tự động cắt xén (clip) vừa ảnh. | Box dòng 17 đã được tự động cắt xén (clip) vừa ảnh. | Box dòng 18 đã được tự động cắt xén (clip) vừa ảnh. | Box dòng 19 đã được tự động cắt xén (clip) vừa ảnh. | Box dòng 20 đã được tự động cắt xén (clip) vừa ảnh. | Box dòng 21 đã được tự động cắt xén (clip) vừa ảnh. | Box dòng 22 đã được tự động cắt xén (clip) vừa ảnh. | Box dòng 23 đã được tự động cắt xén (clip) vừa ảnh. | Box dòng 24 đã được tự động cắt xén (clip) vừa ảnh. | Box dòng 25 đã được tự động cắt xén (clip) vừa ảnh. | Box dòng 26 đã được tự động cắt xén (clip) vừa ảnh. | Box dòng 27 đã được tự động cắt xén (clip) vừa ảnh. | Box dòng 28 đã được tự động cắt xén (clip) vừa ảnh. | Box dòng 29 đã được tự động cắt xén (clip) vừa ảnh. | Box dòng 30 đã được tự động cắt xén (clip) vừa ảnh. | Box dòng 31 đã được tự động cắt xén (clip) vừa ảnh. | Box dòng 32 đã được tự động cắt xén (clip) vừa ảnh. | Box dòng 33 đã được tự động cắt xén (clip) vừa ảnh. | Box dòng 34 đã được tự động cắt xén (clip) vừa ảnh. | Box dòng 35 đã được tự động cắt xén (clip) vừa ảnh. | Box dòng 36 đã được tự động cắt xén (clip) vừa ảnh. | Box dòng 37 đã được tự động cắt xén (clip) vừa ảnh. | Box dòng 38 đã được tự động cắt xén (clip) vừa ảnh. | Box dòng 39 đã được tự động cắt xén (clip) vừa ảnh. | Box dòng 40 đã được tự động cắt xén (clip) vừa ảnh. | Box dòng 41 đã được tự động cắt xén (clip) vừa ảnh. | Box dòng 42 đã được tự động cắt xén (clip) vừa ảnh. | Box dòng 43 đã được tự động cắt xén (clip) vừa ảnh. | Box dòng 44 đã được tự động cắt xén (clip) vừa ảnh. | Box dòng 45 đã được tự động cắt xén (clip) vừa ảnh. | Box dòng 46 đã được tự động cắt xén (clip) vừa ảnh. | Box dòng 47 đã được tự động cắt xén (clip) vừa ảnh. | Box dòng 48 đã được tự động cắt xén (clip) vừa ảnh. | Box dòng 49 đã được tự động cắt xén (clip) vừa ảnh. | Box dòng 50 đã được tự động cắt xén (clip) vừa ảnh. | Box dòng 51 đã được tự động cắt xén (clip) vừa ảnh. | Box dòng 52 đã được tự động cắt xén (clip) vừa ảnh. | Box dòng 53 đã được tự động cắt xén (clip) vừa ảnh. | Box dòng 54 đã được tự động cắt xén (clip) vừa ảnh. | Box dòng 55 đã được tự động cắt xén (clip) vừa ảnh. | Box dòng 56 đã được tự động cắt xén (clip) vừa ảnh. | Box dòng 57 đã được tự động cắt xén (clip) vừa ảnh. | Box dòng 58 đã được tự động cắt xén (clip) vừa ảnh. | Box dòng 59 đã được tự động cắt xén (clip) vừa ảnh. | Box dòng 60 đã được tự động cắt xén (clip) vừa ảnh. | Box dòng 61 đã được tự động cắt xén (clip) vừa ảnh. | Box dòng 62 đã được tự động cắt xén (clip) vừa ảnh.
Anthracnose,/content/drive/MyDrive/Papaya_Leaf_Disease_Classification/BDPapayaLeaf/Original Images/Anthracnose/Anthracnose(142).jpg,/content/drive/MyDrive/Papaya_Leaf_Disease_Classification/YOLO_Bounding_Box/Anthracnose/Anthracnose(142).txt,Box dòng 1 đã được tự động cắt xén (clip) vừa ảnh. | Box dòng 2 đã được tự động cắt xén (clip) vừa ảnh. | Box dòng 3 đã được tự động cắt xén (clip) vừa ảnh. | Box dòng 4 đã được tự động cắt xén (clip) vừa ảnh. | Box dòng 5 đã được tự động cắt xén (clip) vừa ảnh. | Box dòng 6 đã được tự động cắt xén (clip) vừa ảnh. | Box dòng 7 đã được tự động cắt xén (clip) vừa ảnh. | Box dòng 8 đã được tự động cắt xén (clip) vừa ảnh. | Box dòng 9 đã được tự động cắt xén (clip) vừa ảnh. | Box dòng 10 đã được tự động cắt xén (clip) vừa ảnh. | Box dòng 11 đã được tự động cắt xén (clip) vừa ảnh. | Box dòng 12 đã được tự động cắt xén (clip) vừa ảnh. | Box dòng 13 đã được tự động cắt xén (clip) vừa ảnh. | Box dòng 14 đã được tự động cắt xén (clip) vừa ảnh. | Box dòng 15 đã được tự động cắt xén (clip) vừa ảnh. | Box dòng 16 đã được tự động cắt xén (clip) vừa ảnh. | Box dòng 17 đã được tự động cắt xén (clip) vừa ảnh. | Box dòng 18 đã được tự động cắt xén (clip) vừa ảnh. | Box dòng 19 đã được tự động cắt xén (clip) vừa ảnh. | Box dòng 20 đã được tự động cắt xén (clip) vừa ảnh. | Box dòng 21 đã được tự động cắt xén (clip) vừa ảnh. | Box dòng 22 đã được tự động cắt xén (clip) vừa ảnh. | Box dòng 23 đã được tự động cắt xén (clip) vừa ảnh. | Box dòng 24 đã được tự động cắt xén (clip) vừa ảnh. | Box dòng 25 đã được tự động cắt xén (clip) vừa ảnh. | Box dòng 26 đã được tự động cắt xén (clip) vừa ảnh. | Box dòng 27 đã được tự động cắt xén (clip) vừa ảnh. | Box dòng 28 đã được tự động cắt xén (clip) vừa ảnh. | Box dòng 29 đã được tự động cắt xén (clip) vừa ảnh. | Box dòng 30 đã được tự động cắt xén (clip) vừa ảnh. | Box dòng 31 đã được tự động cắt xén (clip) vừa ảnh. | Box dòng 32 đã được tự động cắt xén (clip) vừa ảnh. | Box dòng 33 đã được tự động cắt xén (clip) vừa ảnh. | Box dòng 34 đã được tự động cắt xén (clip) vừa ảnh. | Box dòng 35 đã được tự động cắt xén (clip) vừa ảnh. | Box dòng 36 đã được tự động cắt xén (clip) vừa ảnh. | Box dòng 37 đã được tự động cắt xén (clip) vừa ảnh. | Box dòng 38 đã được tự động cắt xén (clip) vừa ảnh. | Box dòng 39 đã được tự động cắt xén (clip) vừa ảnh.
Anthracnose,/content/drive/MyDrive/Papaya_Leaf_Disease_Classification/BDPapayaLeaf/Original Images/Anthracnose/Anthracnose(143).jpg,/content/drive/MyDrive/Papaya_Leaf_Disease_Classification/YOLO_Bounding_Box/Anthracnose/Anthracnose(143).txt,Box dòng 1 đã được tự động cắt xén (clip) vừa ảnh. | Box dòng 2 đã được tự động cắt xén (clip) vừa ảnh. | Box dòng 3 đã được tự động cắt xén (clip) vừa ảnh. | Box dòng 4 đã được tự động cắt xén (clip) vừa ảnh. | Box dòng 5 đã được tự động cắt xén (clip) vừa ảnh. | Box dòng 6 đã được tự động cắt xén (clip) vừa ảnh. | Box dòng 7 đã được tự động cắt xén (clip) vừa ảnh. | Box dòng 8 đã được tự động cắt xén (clip) vừa ảnh. | Box dòng 9 đã được tự động cắt xén (clip) vừa ảnh. | Box dòng 10 đã được tự động cắt xén (clip) vừa ảnh. | Box dòng 11 đã được tự động cắt xén (clip) vừa ảnh. | Box dòng 12 đã được tự động cắt xén (clip) vừa ảnh. | Box dòng 13 đã được tự động cắt xén (clip) vừa ảnh. | Box dòng 14 đã được tự động cắt xén (clip) vừa ảnh. | Box dòng 15 đã được tự động cắt xén (clip) vừa ảnh. | Box dòng 16 đã được tự động cắt xén (clip) vừa ảnh. | Box dòng 17 đã được tự động cắt xén (clip) vừa ảnh. | Box dòng 18 đã được tự động cắt xén (clip) vừa ảnh. | Box dòng 19 đã được tự động cắt xén (clip) vừa ảnh. | Box dòng 20 đã được tự động cắt xén (clip) vừa ảnh. | Box dòng 21 đã được tự động cắt xén (clip) vừa ảnh. | Box dòng 22 đã được tự động cắt xén (clip) vừa ảnh. | Box dòng 23 đã được tự động cắt xén (clip) vừa ảnh. | Box dòng 24 đã được tự động cắt xén (clip) vừa ảnh. | Box dòng 25 đã được tự động cắt xén (clip) vừa ảnh. | Box dòng 26 đã được tự động cắt xén (clip) vừa ảnh. | Box dòng 27 đã được tự động cắt xén (clip) vừa ảnh. | Box dòng 28 đã được tự động cắt xén (clip) vừa ảnh. | Box dòng 29 đã được tự động cắt xén (clip) vừa ảnh. | Box dòng 30 đã được tự động cắt xén (clip) vừa ảnh. | Box dòng 31 đã được tự động cắt xén (clip) vừa ảnh. | Box dòng 32 đã được tự động cắt xén (clip) vừa ảnh. | Box dòng 33 đã được tự động cắt xén (clip) vừa ảnh. | Box dòng 34 đã được tự động cắt xén (clip) vừa ảnh. | Box dòng 35 đã được tự động cắt xén (clip) vừa ảnh. | Box dòng 36 đã được tự động cắt xén (clip) vừa ảnh.
Anthracnose,/content/drive/MyDrive/Papaya_Leaf_Disease_Classification/BDPapayaLeaf/Original Images/Anthracnose/Anthracnose(144).jpg,/content/drive/MyDrive/Papaya_Leaf_Disease_Classification/YOLO_Bounding_Box/Anthracnose/Anthracnose(144).txt,Box dòng 1 đã được tự động cắt xén (clip) vừa ảnh. | Box dòng 2 đã được tự động cắt xén (clip) vừa ảnh. | Box dòng 3 đã được tự động cắt xén (clip) vừa ảnh. | Box dòng 4 đã được tự động cắt xén (clip) vừa ảnh. | Box dòng 5 đã được tự động cắt xén (clip) vừa ảnh. | Box dòng 6 đã được tự động cắt xén (clip) vừa ảnh. | Box dòng 7 đã được tự động cắt xén (clip) vừa ảnh. | Box dòng 8 đã được tự động cắt xén (clip) vừa ảnh. | Box dòng 9 đã được tự động cắt xén (clip) vừa ảnh. | Box dòng 10 đã được tự động cắt xén (clip) vừa ảnh. | Box dòng 11 đã được tự động cắt xén (clip) vừa ảnh. | Box dòng 12 đã được tự động cắt xén (clip) vừa ảnh. | Box dòng 13 đã được tự động cắt xén (clip) vừa ảnh. | Box dòng 14 đã được tự động cắt xén (clip) vừa ảnh. | Box dòng 15 đã được tự động cắt xén (clip) vừa ảnh. | Box dòng 16 đã được tự động cắt xén (clip) vừa ảnh. | Box dòng 17 đã được tự động cắt xén (clip) vừa ảnh. | Box dòng 18 đã được tự động cắt xén (clip) vừa ảnh. | Box dòng 19 đã được tự động cắt xén (clip) vừa ảnh. | Box dòng 20 đã được tự động cắt xén (clip) vừa ảnh. | Box dòng 21 đã được tự động cắt xén (clip) vừa ảnh. | Box dòng 22 đã được tự động cắt xén (clip) vừa ảnh. | Box dòng 23 đã được tự động cắt xén (clip) vừa ảnh. | Box dòng 24 đã được tự động cắt xén (clip) vừa ảnh. | Box dòng 25 đã được tự động cắt xén (clip) vừa ảnh. | Box dòng 26 đã được tự động cắt xén (clip) vừa ảnh. | Box dòng 27 đã được tự động cắt xén (clip) vừa ảnh. | Box dòng 28 đã được tự động cắt xén (clip) vừa ảnh. | Box dòng 29 đã được tự động cắt xén (clip) vừa ảnh. | Box dòng 30 đã được tự động cắt xén (clip) vừa ảnh.
Anthracnose,/content/drive/MyDrive/Papaya_Leaf_Disease_Classification/BDPapayaLeaf/Original Images/Anthracnose/Anthracnose(145).jpg,/content/drive/MyDrive/Papaya_Leaf_Disease_Classification/YOLO_Bounding_Box/Anthracnose/Anthracnose(145).txt,Box dòng 1 đã được tự động cắt xén (clip) vừa ảnh. | Box dòng 2 đã được tự động cắt xén (clip) vừa ảnh. | Box dòng 3 đã được tự động cắt xén (clip) vừa ảnh. | Box dòng 4 đã được tự động cắt xén (clip) vừa ảnh. | Box dòng 5 đã được tự động cắt xén (clip) vừa ảnh. | Box dòng 6 đã được tự động cắt xén (clip) vừa ảnh. | Box dòng 7 đã được tự động cắt xén (clip) vừa ảnh. | Box dòng 8 đã được tự động cắt xén (clip) vừa ảnh. | Box dòng 9 đã được tự động cắt xén (clip) vừa ảnh. | Box dòng 10 đã được tự động cắt xén (clip) vừa ảnh. | Box dòng 11 đã được tự động cắt xén (clip) vừa ảnh. | Box dòng 12 đã được tự động cắt xén (clip) vừa ảnh. | Box dòng 13 đã được tự động cắt xén (clip) vừa ảnh. | Box dòng 14 đã được tự động cắt xén (clip) vừa ảnh. | Box dòng 15 đã được tự động cắt xén (clip) vừa ảnh. | Box dòng 16 đã được tự động cắt xén (clip) vừa ảnh. | Box dòng 17 đã được tự động cắt xén (clip) vừa ảnh. | Box dòng 18 đã được tự động cắt xén (clip) vừa ảnh. | Box dòng 19 đã được tự động cắt xén (clip) vừa ảnh. | Box dòng 20 đã được tự động cắt xén (clip) vừa ảnh. | Box dòng 21 đã được tự động cắt xén (clip) vừa ảnh. | Box dòng 22 đã được tự động cắt xén (clip) vừa ảnh. | Box dòng 23 đã được tự động cắt xén (clip) vừa ảnh. | Box dòng 24 đã được tự động cắt xén (clip) vừa ảnh. | Box dòng 25 đã được tự động cắt xén (clip) vừa ảnh. | Box dòng 26 đã được tự động cắt xén (clip) vừa ảnh. | Box dòng 27 đã được tự động cắt xén (clip) vừa ảnh. | Box dòng 28 đã được tự động cắt xén (clip) vừa ảnh. | Box dòng 29 đã được tự động cắt xén (clip) vừa ảnh. | Box dòng 30 đã được tự động cắt xén (clip) vừa ảnh. | Box dòng 31 đã được tự động cắt xén (clip) vừa ảnh. | Box dòng 32 đã được tự động cắt xén (clip) vừa ảnh. | Box dòng 33 đã được tự động cắt xén (clip) vừa ảnh. | Box dòng 34 đã được tự động cắt xén (clip) vừa ảnh. | Box dòng 35 đã được tự động cắt xén (clip) vừa ảnh. | Box dòng 36 đã được tự động cắt xén (clip) vừa ảnh. | Box dòng 37 đã được tự động cắt xén (clip) vừa ảnh. | Box dòng 38 đã được tự động cắt xén (clip) vừa ảnh. | Box dòng 39 đã được tự động cắt xén (clip) vừa ảnh. | Box dòng 40 đã được tự động cắt xén (clip) vừa ảnh. | Box dòng 41 đã được tự động cắt xén (clip) vừa ảnh. | Box dòng 42 đã được tự động cắt xén (clip) vừa ảnh. | Box dòng 43 đã được tự động cắt xén (clip) vừa ảnh. | Box dòng 44 đã được tự động cắt xén (clip) vừa ảnh.
Anthracnose,/content/drive/MyDrive/Papaya_Leaf_Disease_Classification/BDPapayaLeaf/Original Images/Anthracnose/Anthracnose(146).jpg,/content/drive/MyDrive/Papaya_Leaf_Disease_Classification/YOLO_Bounding_Box/Anthracnose/Anthracnose(146).txt,Box dòng 1 đã được tự động cắt xén (clip) vừa ảnh. | Box dòng 2 đã được tự động cắt xén (clip) vừa ảnh. | Box dòng 3 đã được tự động cắt xén (clip) vừa ảnh. | Box dòng 4 đã được tự động cắt xén (clip) vừa ảnh. | Box dòng 5 đã được tự động cắt xén (clip) vừa ảnh. | Box dòng 6 đã được tự động cắt xén (clip) vừa ảnh. | Box dòng 7 đã được tự động cắt xén (clip) vừa ảnh. | Box dòng 8 đã được tự động cắt xén (clip) vừa ảnh. | Box dòng 9 đã được tự động cắt xén (clip) vừa ảnh. | Box dòng 10 đã được tự động cắt xén (clip) vừa ảnh. | Box dòng 11 đã được tự động cắt xén (clip) vừa ảnh. | Box dòng 12 đã được tự động cắt xén (clip) vừa ảnh. | Box dòng 13 đã được tự động cắt xén (clip) vừa ảnh. | Box dòng 14 đã được tự động cắt xén (clip) vừa ảnh. | Box dòng 15 đã được tự động cắt xén (clip) vừa ảnh. | Box dòng 16 đã được tự động cắt xén (clip) vừa ảnh. | Box dòng 17 đã được tự động cắt xén (clip) vừa ảnh. | Box dòng 18 đã được tự động cắt xén (clip) vừa ảnh. | Box dòng 19 đã được tự động cắt xén (clip) vừa ảnh.
Anthracnose,/content/drive/MyDrive/Papaya_Leaf_Disease_Classification/BDPapayaLeaf/Original Images/Anthracnose/Anthracnose(147).jpg,/content/drive/MyDrive/Papaya_Leaf_Disease_Classification/YOLO_Bounding_Box/Anthracnose/Anthracnose(147).txt,Box dòng 1 đã được tự động cắt xén (clip) vừa ảnh. | Box dòng 2 đã được tự động cắt xén (clip) vừa ảnh. | Box dòng 3 đã được tự động cắt xén (clip) vừa ảnh. | Box dòng 4 đã được tự động cắt xén (clip) vừa ảnh. | Box dòng 5 đã được tự động cắt xén (clip) vừa ảnh. | Box dòng 6 đã được tự động cắt xén (clip) vừa ảnh. | Box dòng 7 đã được tự động cắt xén (clip) vừa ảnh. | Box dòng 8 đã được tự động cắt xén (clip) vừa ảnh. | Box dòng 9 đã được tự động cắt xén (clip) vừa ảnh. | Box dòng 10 đã được tự động cắt xén (clip) vừa ảnh. | Box dòng 11 đã được tự động cắt xén (clip) vừa ảnh. | Box dòng 12 đã được tự động cắt xén (clip) vừa ảnh. | Box dòng 13 đã được tự động cắt xén (clip) vừa ảnh. | Box dòng 14 đã được tự động cắt xén (clip) vừa ảnh. | Box dòng 15 đã được tự động cắt xén (clip) vừa ảnh. | Box dòng 16 đã được tự động cắt xén (clip) vừa ảnh. | Box dòng 17 đã được tự động cắt xén (clip) vừa ảnh. | Box dòng 18 đã được tự động cắt xén (clip) vừa ảnh. | Box dòng 19 đã được tự động cắt xén (clip) vừa ảnh. | Box dòng 20 đã được tự động cắt xén (clip) vừa ảnh. | Box dòng 21 đã được tự động cắt xén (clip) vừa ảnh. | Box dòng 22 đã được tự động cắt xén (clip) vừa ảnh. | Box dòng 23 đã được tự động cắt xén (clip) vừa ảnh. | Box dòng 24 đã được tự động cắt xén (clip) vừa ảnh. | Box dòng 25 đã được tự động cắt xén (clip) vừa ảnh. | Box dòng 26 đã được tự động cắt xén (clip) vừa ảnh. | Box dòng 27 đã được tự động cắt xén (clip) vừa ảnh. | Box dòng 28 đã được tự động cắt xén (clip) vừa ảnh. | Box dòng 29 đã được tự động cắt xén (clip) vừa ảnh.
Anthracnose,/content/drive/MyDrive/Papaya_Leaf_Disease_Classification/BDPapayaLeaf/Original Images/Anthracnose/Anthracnose(148).jpg,/content/drive/MyDrive/Papaya_Leaf_Disease_Classification/YOLO_Bounding_Box/Anthracnose/Anthracnose(148).txt,Box dòng 1 đã được tự động cắt xén (clip) vừa ảnh. | Box dòng 2 đã được tự động cắt xén (clip) vừa ảnh. | Box dòng 3 đã được tự động cắt xén (clip) vừa ảnh. | Box dòng 4 đã được tự động cắt xén (clip) vừa ảnh. | Box dòng 5 đã được tự động cắt xén (clip) vừa ảnh. | Box dòng 6 đã được tự động cắt xén (clip) vừa ảnh. | Box dòng 7 đã được tự động cắt xén (clip) vừa ảnh. | Box dòng 8 đã được tự động cắt xén (clip) vừa ảnh.
Anthracnose,/content/drive/MyDrive/Papaya_Leaf_Disease_Classification/BDPapayaLeaf/Original Images/Anthracnose/Anthracnose(149).jpg,/content/drive/MyDrive/Papaya_Leaf_Disease_Classification/YOLO_Bounding_Box/Anthracnose/Anthracnose(149).txt,Box dòng 1 đã được tự động cắt xén (clip) vừa ảnh. | Box dòng 2 đã được tự động cắt xén (clip) vừa ảnh. | Box dòng 3 đã được tự động cắt xén (clip) vừa ảnh. | Box dòng 4 đã được tự động cắt xén (clip) vừa ảnh. | Box dòng 5 đã được tự động cắt xén (clip) vừa ảnh. | Box dòng 7 đã được tự động cắt xén (clip) vừa ảnh. | Box dòng 8 đã được tự động cắt xén (clip) vừa ảnh. | Box dòng 9 đã được tự động cắt xén (clip) vừa ảnh.
Anthracnose,/content/drive/MyDrive/Papaya_Leaf_Disease_Classification/BDPapayaLeaf/Original Images/Anthracnose/Anthracnose(15).jpg,/content/drive/MyDrive/Papaya_Leaf_Disease_Classification/YOLO_Bounding_Box/Anthracnose/Anthracnose(15).txt,Box dòng 1 đã được tự động cắt xén (clip) vừa ảnh. | Box dòng 2 đã được tự động cắt xén (clip) vừa ảnh. | Box dòng 3 đã được tự động cắt xén (clip) vừa ảnh. | Box dòng 4 đã được tự động cắt xén (clip) vừa ảnh. | Box dòng 5 đã được tự động cắt xén (clip) vừa ảnh. | Box dòng 6 đã được tự động cắt xén (clip) vừa ảnh. | Box dòng 7 đã được tự động cắt xén (clip) vừa ảnh. | Box dòng 8 đã được tự động cắt xén (clip) vừa ảnh. | Box dòng 9 đã được tự động cắt xén (clip) vừa ảnh. | Box dòng 10 đã được tự động cắt xén (clip) vừa ảnh. | Box dòng 11 đã được tự động cắt xén (clip) vừa ảnh. | Box dòng 12 đã được tự động cắt xén (clip) vừa ảnh. | Box dòng 13 đã được tự động cắt xén (clip) vừa ảnh. | Box dòng 14 đã được tự động cắt xén (clip) vừa ảnh. | Box dòng 15 đã được tự động cắt xén (clip) vừa ảnh. | Box dòng 16 đã được tự động cắt xén (clip) vừa ảnh.
Anthracnose,/content/drive/MyDrive/Papaya_Leaf_Disease_Classification/BDPapayaLeaf/Original Images/Anthracnose/Anthracnose(150).jpg,/content/drive/MyDrive/Papaya_Leaf_Disease_Classification/YOLO_Bounding_Box/Anthracnose/Anthracnose(150).txt,Box dòng 1 đã được tự động cắt xén (clip) vừa ảnh. | Box dòng 2 đã được tự động cắt xén (clip) vừa ảnh. | Box dòng 3 đã được tự động cắt xén (clip) vừa ảnh. | Box dòng 4 đã được tự động cắt xén (clip) vừa ảnh.
Anthracnose,/content/drive/MyDrive/Papaya_Leaf_Disease_Classification/BDPapayaLeaf/Original Images/Anthracnose/Anthracnose(151).jpg,/content/drive/MyDrive/Papaya_Leaf_Disease_Classification/YOLO_Bounding_Box/Anthracnose/Anthracnose(151).txt,Box dòng 1 đã được tự động cắt xén (clip) vừa ảnh. | Box dòng 2 đã được tự động cắt xén (clip) vừa ảnh. | Box dòng 3 đã được tự động cắt xén (clip) vừa ảnh. | Box dòng 4 đã được tự động cắt xén (clip) vừa ảnh.
Anthracnose,/content/drive/MyDrive/Papaya_Leaf_Disease_Classification/BDPapayaLeaf/Original Images/Anthracnose/Anthracnose(152).jpg,/content/drive/MyDrive/Papaya_Leaf_Disease_Classification/YOLO_Bounding_Box/Anthracnose/Anthracnose(152).txt,Box dòng 1 đã được tự động cắt xén (clip) vừa ảnh. | Box dòng 2 đã được tự động cắt xén (clip) vừa ảnh. | Box dòng 3 đã được tự động cắt xén (clip) vừa ảnh.
Anthracnose,/content/drive/MyDrive/Papaya_Leaf_Disease_Classification/BDPapayaLeaf/Original Images/Anthracnose/Anthracnose(153).jpg,/content/drive/MyDrive/Papaya_Leaf_Disease_Classification/YOLO_Bounding_Box/Anthracnose/Anthracnose(153).txt,Box dòng 1 đã được tự động cắt xén (clip) vừa ảnh. | Box dòng 2 đã được tự động cắt xén (clip) vừa ảnh. | Box dòng 3 đã được tự động cắt xén (clip) vừa ảnh.
Anthracnose,/content/drive/MyDrive/Papaya_Leaf_Disease_Classification/BDPapayaLeaf/Original Images/Anthracnose/Anthracnose(154).jpg,/content/drive/MyDrive/Papaya_Leaf_Disease_Classification/YOLO_Bounding_Box/Anthracnose/Anthracnose(154).txt,Box dòng 1 đã được tự động cắt xén (clip) vừa ảnh. | Box dòng 2 đã được tự động cắt xén (clip) vừa ảnh. | Box dòng 3 đã được tự động cắt xén (clip) vừa ảnh.
Anthracnose,/content/drive/MyDrive/Papaya_Leaf_Disease_Classification/BDPapayaLeaf/Original Images/Anthracnose/Anthracnose(155).jpg,/content/drive/MyDrive/Papaya_Leaf_Disease_Classification/YOLO_Bounding_Box/Anthracnose/Anthracnose(155).txt,Box dòng 1 đã được tự động cắt xén (clip) vừa ảnh.
Anthracnose,/content/drive/MyDrive/Papaya_Leaf_Disease_Classification/BDPapayaLeaf/Original Images/Anthracnose/Anthracnose(156).jpg,/content/drive/MyDrive/Papaya_Leaf_Disease_Classification/YOLO_Bounding_Box/Anthracnose/Anthracnose(156).txt,Box dòng 1 đã được tự động cắt xén (clip) vừa ảnh.
Anthracnose,/content/drive/MyDrive/Papaya_Leaf_Disease_Classification/BDPapayaLeaf/Original Images/Anthracnose/Anthracnose(157).jpg,/content/drive/MyDrive/Papaya_Leaf_Disease_Classification/YOLO_Bounding_Box/Anthracnose/Anthracnose(157).txt,Box dòng 1 đã được tự động cắt xén (clip) vừa ảnh.
Anthracnose,/content/drive/MyDrive/Papaya_Leaf_Disease_Classification/BDPapayaLeaf/Original Images/Anthracnose/Anthracnose(158).jpg,/content/drive/MyDrive/Papaya_Leaf_Disease_Classification/YOLO_Bounding_Box/Anthracnose/Anthracnose(158).txt,Box dòng 1 đã được tự động cắt xén (clip) vừa ảnh. | Box dòng 2 đã được tự động cắt xén (clip) vừa ảnh. | Box dòng 3 đã được tự động cắt xén (clip) vừa ảnh.
Anthracnose,/content/drive/MyDrive/Papaya_Leaf_Disease_Classification/BDPapayaLeaf/Original Images/Anthracnose/Anthracnose(159).jpg,/content/drive/MyDrive/Papaya_Leaf_Disease_Classification/YOLO_Bounding_Box/Anthracnose/Anthracnose(159).txt,Box dòng 1 đã được tự động cắt xén (clip) vừa ảnh. | Box dòng 2 đã được tự động cắt xén (clip) vừa ảnh. | Box dòng 3 đã được tự động cắt xén (clip) vừa ảnh.
Anthracnose,/content/drive/MyDrive/Papaya_Leaf_Disease_Classification/BDPapayaLeaf/Original Images/Anthracnose/Anthracnose(16).jpg,/content/drive/MyDrive/Papaya_Leaf_Disease_Classification/YOLO_Bounding_Box/Anthracnose/Anthracnose(16).txt,Box dòng 1 đã được tự động cắt xén (clip) vừa ảnh. | Box dòng 2 đã được tự động cắt xén (clip) vừa ảnh. | Box dòng 3 đã được tự động cắt xén (clip) vừa ảnh. | Box dòng 4 đã được tự động cắt xén (clip) vừa ảnh. | Box dòng 5 đã được tự động cắt xén (clip) vừa ảnh. | Box dòng 6 đã được tự động cắt xén (clip) vừa ảnh. | Box dòng 7 đã được tự động cắt xén (clip) vừa ảnh. | Box dòng 8 đã được tự động cắt xén (clip) vừa ảnh. | Box dòng 9 đã được tự động cắt xén (clip) vừa ảnh. | Box dòng 10 đã được tự động cắt xén (clip) vừa ảnh. | Box dòng 11 đã được tự động cắt xén (clip) vừa ảnh. | Box dòng 12 đã được tự động cắt xén (clip) vừa ảnh. | Box dòng 13 đã được tự động cắt xén (clip) vừa ảnh. | Box dòng 14 đã được tự động cắt xén (clip) vừa ảnh. | Box dòng 15 đã được tự động cắt xén (clip) vừa ảnh. | Box dòng 16 đã được tự động cắt xén (clip) vừa ảnh.
Anthracnose,/content/drive/MyDrive/Papaya_Leaf_Disease_Classification/BDPapayaLeaf/Original Images/Anthracnose/Anthracnose(160).jpg,/content/drive/MyDrive/Papaya_Leaf_Disease_Classification/YOLO_Bounding_Box/Anthracnose/Anthracnose(160).txt,Box dòng 1 đã được tự động cắt xén (clip) vừa ảnh. | Box dòng 2 đã được tự động cắt xén (clip) vừa ảnh. | Box dòng 3 đã được tự động cắt xén (clip) vừa ảnh. | Box dòng 4 đã được tự động cắt xén (clip) vừa ảnh.
Anthracnose,/content/drive/MyDrive/Papaya_Leaf_Disease_Classification/BDPapayaLeaf/Original Images/Anthracnose/Anthracnose(161).jpg,/content/drive/MyDrive/Papaya_Leaf_Disease_Classification/YOLO_Bounding_Box/Anthracnose/Anthracnose(161).txt,Box dòng 1 đã được tự động cắt xén (clip) vừa ảnh. | Box dòng 2 đã được tự động cắt xén (clip) vừa ảnh.
Anthracnose,/content/drive/MyDrive/Papaya_Leaf_Disease_Classification/BDPapayaLeaf/Original Images/Anthracnose/Anthracnose(162).jpg,/content/drive/MyDrive/Papaya_Leaf_Disease_Classification/YOLO_Bounding_Box/Anthracnose/Anthracnose(162).txt,Box dòng 1 đã được tự động cắt xén (clip) vừa ảnh.
Anthracnose,/content/drive/MyDrive/Papaya_Leaf_Disease_Classification/BDPapayaLeaf/Original Images/Anthracnose/Anthracnose(163).jpg,/content/drive/MyDrive/Papaya_Leaf_Disease_Classification/YOLO_Bounding_Box/Anthracnose/Anthracnose(163).txt,Box dòng 1 đã được tự động cắt xén (clip) vừa ảnh.
Anthracnose,/content/drive/MyDrive/Papaya_Leaf_Disease_Classification/BDPapayaLeaf/Original Images/Anthracnose/Anthracnose(164).jpg,/content/drive/MyDrive/Papaya_Leaf_Disease_Classification/YOLO_Bounding_Box/Anthracnose/Anthracnose(164).txt,Box dòng 1 đã được tự động cắt xén (clip) vừa ảnh.
Anthracnose,/content/drive/MyDrive/Papaya_Leaf_Disease_Classification/BDPapayaLeaf/Original Images/Anthracnose/Anthracnose(165).jpg,/content/drive/MyDrive/Papaya_Leaf_Disease_Classification/YOLO_Bounding_Box/Anthracnose/Anthracnose(165).txt,Box dòng 1 đã được tự động cắt xén (clip) vừa ảnh.
Anthracnose,/content/drive/MyDrive/Papaya_Leaf_Disease_Classification/BDPapayaLeaf/Original Images/Anthracnose/Anthracnose(166).jpg,/content/drive/MyDrive/Papaya_Leaf_Disease_Classification/YOLO_Bounding_Box/Anthracnose/Anthracnose(166).txt,Box dòng 1 đã được tự động cắt xén (clip) vừa ảnh. | Box dòng 2 đã được tự động cắt xén (clip) vừa ảnh. | Box dòng 3 đã được tự động cắt xén (clip) vừa ảnh. | Box dòng 4 đã được tự động cắt xén (clip) vừa ảnh. | Box dòng 5 đã được tự động cắt xén (clip) vừa ảnh. | Box dòng 6 đã được tự động cắt xén (clip) vừa ảnh. | Box dòng 7 đã được tự động cắt xén (clip) vừa ảnh. | Box dòng 8 đã được tự động cắt xén (clip) vừa ảnh.
Anthracnose,/content/drive/MyDrive/Papaya_Leaf_Disease_Classification/BDPapayaLeaf/Original Images/Anthracnose/Anthracnose(167).jpg,/content/drive/MyDrive/Papaya_Leaf_Disease_Classification/YOLO_Bounding_Box/Anthracnose/Anthracnose(167).txt,Box dòng 1 đã được tự động cắt xén (clip) vừa ảnh. | Box dòng 2 đã được tự động cắt xén (clip) vừa ảnh. | Box dòng 3 đã được tự động cắt xén (clip) vừa ảnh. | Box dòng 4 đã được tự động cắt xén (clip) vừa ảnh. | Box dòng 5 đã được tự động cắt xén (clip) vừa ảnh. | Box dòng 6 đã được tự động cắt xén (clip) vừa ảnh. | Box dòng 7 đã được tự động cắt xén (clip) vừa ảnh. | Box dòng 8 đã được tự động cắt xén (clip) vừa ảnh. | Box dòng 9 đã được tự động cắt xén (clip) vừa ảnh. | Box dòng 10 đã được tự động cắt xén (clip) vừa ảnh. | Box dòng 11 đã được tự động cắt xén (clip) vừa ảnh. | Box dòng 12 đã được tự động cắt xén (clip) vừa ảnh. | Box dòng 13 đã được tự động cắt xén (clip) vừa ảnh.
Anthracnose,/content/drive/MyDrive/Papaya_Leaf_Disease_Classification/BDPapayaLeaf/Original Images/Anthracnose/Anthracnose(168).jpg,/content/drive/MyDrive/Papaya_Leaf_Disease_Classification/YOLO_Bounding_Box/Anthracnose/Anthracnose(168).txt,Box dòng 1 đã được tự động cắt xén (clip) vừa ảnh. | Box dòng 2 đã được tự động cắt xén (clip) vừa ảnh. | Box dòng 3 đã được tự động cắt xén (clip) vừa ảnh. | Box dòng 4 đã được tự động cắt xén (clip) vừa ảnh. | Box dòng 5 đã được tự động cắt xén (clip) vừa ảnh. | Box dòng 6 đã được tự động cắt xén (clip) vừa ảnh. | Box dòng 7 đã được tự động cắt xén (clip) vừa ảnh. | Box dòng 8 đã được tự động cắt xén (clip) vừa ảnh. | Box dòng 9 đã được tự động cắt xén (clip) vừa ảnh. | Box dòng 10 đã được tự động cắt xén (clip) vừa ảnh.
Anthracnose,/content/drive/MyDrive/Papaya_Leaf_Disease_Classification/BDPapayaLeaf/Original Images/Anthracnose/Anthracnose(169).jpg,/content/drive/MyDrive/Papaya_Leaf_Disease_Classification/YOLO_Bounding_Box/Anthracnose/Anthracnose(169).txt,Box dòng 1 đã được tự động cắt xén (clip) vừa ảnh. | Box dòng 2 đã được tự động cắt xén (clip) vừa ảnh. | Box dòng 3 đã được tự động cắt xén (clip) vừa ảnh. | Box dòng 4 đã được tự động cắt xén (clip) vừa ảnh. | Box dòng 5 đã được tự động cắt xén (clip) vừa ảnh. | Box dòng 6 đã được tự động cắt xén (clip) vừa ảnh. | Box dòng 7 đã được tự động cắt xén (clip) vừa ảnh. | Box dòng 8 đã được tự động cắt xén (clip) vừa ảnh. | Box dòng 9 đã được tự động cắt xén (clip) vừa ảnh. | Box dòng 10 đã được tự động cắt xén (clip) vừa ảnh. | Box dòng 11 đã được tự động cắt xén (clip) vừa ảnh.
Anthracnose,/content/drive/MyDrive/Papaya_Leaf_Disease_Classification/BDPapayaLeaf/Original Images/Anthracnose/Anthracnose(17).jpg,/content/drive/MyDrive/Papaya_Leaf_Disease_Classification/YOLO_Bounding_Box/Anthracnose/Anthracnose(17).txt,Box dòng 1 đã được tự động cắt xén (clip) vừa ảnh. | Box dòng 2 đã được tự động cắt xén (clip) vừa ảnh. | Box dòng 3 đã được tự động cắt xén (clip) vừa ảnh. | Box dòng 4 đã được tự động cắt xén (clip) vừa ảnh. | Box dòng 5 đã được tự động cắt xén (clip) vừa ảnh. | Box dòng 6 đã được tự động cắt xén (clip) vừa ảnh. | Box dòng 7 đã được tự động cắt xén (clip) vừa ảnh. | Box dòng 8 đã được tự động cắt xén (clip) vừa ảnh. | Box dòng 9 đã được tự động cắt xén (clip) vừa ảnh. | Box dòng 10 đã được tự động cắt xén (clip) vừa ảnh. | Box dòng 11 đã được tự động cắt xén (clip) vừa ảnh. | Box dòng 12 đã được tự động cắt xén (clip) vừa ảnh. | Box dòng 13 đã được tự động cắt xén (clip) vừa ảnh. | Box dòng 14 đã được tự động cắt xén (clip) vừa ảnh. | Box dòng 15 đã được tự động cắt xén (clip) vừa ảnh. | Box dòng 16 đã được tự động cắt xén (clip) vừa ảnh. | Box dòng 17 đã được tự động cắt xén (clip) vừa ảnh. | Box dòng 18 đã được tự động cắt xén (clip) vừa ảnh. | Box dòng 19 đã được tự động cắt xén (clip) vừa ảnh. | Box dòng 20 đã được tự động cắt xén (clip) vừa ảnh. | Box dòng 21 đã được tự động cắt xén (clip) vừa ảnh. | Box dòng 22 đã được tự động cắt xén (clip) vừa ảnh. | Box dòng 23 đã được tự động cắt xén (clip) vừa ảnh. | Box dòng 24 đã được tự động cắt xén (clip) vừa ảnh. | Box dòng 25 đã được tự động cắt xén (clip) vừa ảnh. | Box dòng 26 đã được tự động cắt xén (clip) vừa ảnh.
Anthracnose,/content/drive/MyDrive/Papaya_Leaf_Disease_Classification/BDPapayaLeaf/Original Images/Anthracnose/Anthracnose(170).jpg,/content/drive/MyDrive/Papaya_Leaf_Disease_Classification/YOLO_Bounding_Box/Anthracnose/Anthracnose(170).txt,Box dòng 1 đã được tự động cắt xén (clip) vừa ảnh. | Box dòng 2 đã được tự động cắt xén (clip) vừa ảnh. | Box dòng 3 đã được tự động cắt xén (clip) vừa ảnh.
Anthracnose,/content/drive/MyDrive/Papaya_Leaf_Disease_Classification/BDPapayaLeaf/Original Images/Anthracnose/Anthracnose(171).jpg,/content/drive/MyDrive/Papaya_Leaf_Disease_Classification/YOLO_Bounding_Box/Anthracnose/Anthracnose(171).txt,Box dòng 1 đã được tự động cắt xén (clip) vừa ảnh. | Box dòng 2 đã được tự động cắt xén (clip) vừa ảnh. | Box dòng 3 đã được tự động cắt xén (clip) vừa ảnh. | Box dòng 4 đã được tự động cắt xén (clip) vừa ảnh.
Anthracnose,/content/drive/MyDrive/Papaya_Leaf_Disease_Classification/BDPapayaLeaf/Original Images/Anthracnose/Anthracnose(172).jpg,/content/drive/MyDrive/Papaya_Leaf_Disease_Classification/YOLO_Bounding_Box/Anthracnose/Anthracnose(172).txt,Box dòng 1 đã được tự động cắt xén (clip) vừa ảnh. | Box dòng 2 đã được tự động cắt xén (clip) vừa ảnh. | Box dòng 3 đã được tự động cắt xén (clip) vừa ảnh. | Box dòng 4 đã được tự động cắt xén (clip) vừa ảnh. | Box dòng 5 đã được tự động cắt xén (clip) vừa ảnh.
Anthracnose,/content/drive/MyDrive/Papaya_Leaf_Disease_Classification/BDPapayaLeaf/Original Images/Anthracnose/Anthracnose(173).jpg,/content/drive/MyDrive/Papaya_Leaf_Disease_Classification/YOLO_Bounding_Box/Anthracnose/Anthracnose(173).txt,Box dòng 1 đã được tự động cắt xén (clip) vừa ảnh. | Box dòng 2 đã được tự động cắt xén (clip) vừa ảnh. | Box dòng 3 đã được tự động cắt xén (clip) vừa ảnh. | Box dòng 4 đã được tự động cắt xén (clip) vừa ảnh. | Box dòng 5 đã được tự động cắt xén (clip) vừa ảnh. | Box dòng 6 đã được tự động cắt xén (clip) vừa ảnh.
Anthracnose,/content/drive/MyDrive/Papaya_Leaf_Disease_Classification/BDPapayaLeaf/Original Images/Anthracnose/Anthracnose(174).jpg,/content/drive/MyDrive/Papaya_Leaf_Disease_Classification/YOLO_Bounding_Box/Anthracnose/Anthracnose(174).txt,Box dòng 1 đã được tự động cắt xén (clip) vừa ảnh. | Box dòng 2 đã được tự động cắt xén (clip) vừa ảnh. | Box dòng 3 đã được tự động cắt xén (clip) vừa ảnh. | Box dòng 4 đã được tự động cắt xén (clip) vừa ảnh. | Box dòng 5 đã được tự động cắt xén (clip) vừa ảnh. | Box dòng 6 đã được tự động cắt xén (clip) vừa ảnh. | Box dòng 7 đã được tự động cắt xén (clip) vừa ảnh. | Box dòng 8 đã được tự động cắt xén (clip) vừa ảnh. | Box dòng 9 đã được tự động cắt xén (clip) vừa ảnh.
Anthracnose,/content/drive/MyDrive/Papaya_Leaf_Disease_Classification/BDPapayaLeaf/Original Images/Anthracnose/Anthracnose(175).jpg,/content/drive/MyDrive/Papaya_Leaf_Disease_Classification/YOLO_Bounding_Box/Anthracnose/Anthracnose(175).txt,Box dòng 1 đã được tự động cắt xén (clip) vừa ảnh. | Box dòng 2 đã được tự động cắt xén (clip) vừa ảnh. | Box dòng 3 đã được tự động cắt xén (clip) vừa ảnh. | Box dòng 4 đã được tự động cắt xén (clip) vừa ảnh. | Box dòng 5 đã được tự động cắt xén (clip) vừa ảnh. | Box dòng 6 đã được tự động cắt xén (clip) vừa ảnh. | Box dòng 7 đã được tự động cắt xén (clip) vừa ảnh. | Box dòng 8 đã được tự động cắt xén (clip) vừa ảnh. | Box dòng 9 đã được tự động cắt xén (clip) vừa ảnh. | Box dòng 10 đã được tự động cắt xén (clip) vừa ảnh. | Box dòng 11 đã được tự động cắt xén (clip) vừa ảnh. | Box dòng 12 đã được tự động cắt xén (clip) vừa ảnh. | Box dòng 13 đã được tự động cắt xén (clip) vừa ảnh. | Box dòng 14 đã được tự động cắt xén (clip) vừa ảnh. | Box dòng 15 đã được tự động cắt xén (clip) vừa ảnh. | Box dòng 16 đã được tự động cắt xén (clip) vừa ảnh. | Box dòng 17 đã được tự động cắt xén (clip) vừa ảnh. | Box dòng 18 đã được tự động cắt xén (clip) vừa ảnh. | Box dòng 19 đã được tự động cắt xén (clip) vừa ảnh. | Box dòng 20 đã được tự động cắt xén (clip) vừa ảnh. | Box dòng 21 đã được tự động cắt xén (clip) vừa ảnh.
Anthracnose,/content/drive/MyDrive/Papaya_Leaf_Disease_Classification/BDPapayaLeaf/Original Images/Anthracnose/Anthracnose(176).jpg,/content/drive/MyDrive/Papaya_Leaf_Disease_Classification/YOLO_Bounding_Box/Anthracnose/Anthracnose(176).txt,Box dòng 1 đã được tự động cắt xén (clip) vừa ảnh. | Box dòng 2 đã được tự động cắt xén (clip) vừa ảnh. | Box dòng 3 đã được tự động cắt xén (clip) vừa ảnh. | Box dòng 4 đã được tự động cắt xén (clip) vừa ảnh. | Box dòng 5 đã được tự động cắt xén (clip) vừa ảnh. | Box dòng 6 đã được tự động cắt xén (clip) vừa ảnh. | Box dòng 7 đã được tự động cắt xén (clip) vừa ảnh. | Box dòng 8 đã được tự động cắt xén (clip) vừa ảnh. | Box dòng 9 đã được tự động cắt xén (clip) vừa ảnh. | Box dòng 10 đã được tự động cắt xén (clip) vừa ảnh. | Box dòng 11 đã được tự động cắt xén (clip) vừa ảnh. | Box dòng 12 đã được tự động cắt xén (clip) vừa ảnh. | Box dòng 13 đã được tự động cắt xén (clip) vừa ảnh. | Box dòng 14 đã được tự động cắt xén (clip) vừa ảnh. | Box dòng 15 đã được tự động cắt xén (clip) vừa ảnh. | Box dòng 16 đã được tự động cắt xén (clip) vừa ảnh. | Box dòng 17 đã được tự động cắt xén (clip) vừa ảnh. | Box dòng 18 đã được tự động cắt xén (clip) vừa ảnh. | Box dòng 19 đã được tự động cắt xén (clip) vừa ảnh. | Box dòng 20 đã được tự động cắt xén (clip) vừa ảnh. | Box dòng 21 đã được tự động cắt xén (clip) vừa ảnh. | Box dòng 22 đã được tự động cắt xén (clip) vừa ảnh. | Box dòng 23 đã được tự động cắt xén (clip) vừa ảnh. | Box dòng 24 đã được tự động cắt xén (clip) vừa ảnh. | Box dòng 25 đã được tự động cắt xén (clip) vừa ảnh. | Box dòng 26 đã được tự động cắt xén (clip) vừa ảnh. | Box dòng 27 đã được tự động cắt xén (clip) vừa ảnh. | Box dòng 28 đã được tự động cắt xén (clip) vừa ảnh. | Box dòng 29 đã được tự động cắt xén (clip) vừa ảnh. | Box dòng 30 đã được tự động cắt xén (clip) vừa ảnh. | Box dòng 31 đã được tự động cắt xén (clip) vừa ảnh. | Box dòng 32 đã được tự động cắt xén (clip) vừa ảnh. | Box dòng 33 đã được tự động cắt xén (clip) vừa ảnh. | Box dòng 34 đã được tự động cắt xén (clip) vừa ảnh. | Box dòng 35 đã được tự động cắt xén (clip) vừa ảnh. | Box dòng 36 đã được tự động cắt xén (clip) vừa ảnh. | Box dòng 37 đã được tự động cắt xén (clip) vừa ảnh. | Box dòng 38 đã được tự động cắt xén (clip) vừa ảnh. | Box dòng 39 đã được tự động cắt xén (clip) vừa ảnh. | Box dòng 40 đã được tự động cắt xén (clip) vừa ảnh. | Box dòng 41 đã được tự động cắt xén (clip) vừa ảnh. | Box dòng 42 đã được tự động cắt xén (clip) vừa ảnh. | Box dòng 43 đã được tự động cắt xén (clip) vừa ảnh. | Box dòng 44 đã được tự động cắt xén (clip) vừa ảnh. | Box dòng 45 đã được tự động cắt xén (clip) vừa ảnh. | Box dòng 46 đã được tự động cắt xén (clip) vừa ảnh. | Box dòng 47 đã được tự động cắt xén (clip) vừa ảnh.
Anthracnose,/content/drive/MyDrive/Papaya_Leaf_Disease_Classification/BDPapayaLeaf/Original Images/Anthracnose/Anthracnose(177).jpg,/content/drive/MyDrive/Papaya_Leaf_Disease_Classification/YOLO_Bounding_Box/Anthracnose/Anthracnose(177).txt,Box dòng 1 đã được tự động cắt xén (clip) vừa ảnh. | Box dòng 2 đã được tự động cắt xén (clip) vừa ảnh. | Box dòng 3 đã được tự động cắt xén (clip) vừa ảnh. | Box dòng 4 đã được tự động cắt xén (clip) vừa ảnh. | Box dòng 5 đã được tự động cắt xén (clip) vừa ảnh. | Box dòng 6 đã được tự động cắt xén (clip) vừa ảnh. | Box dòng 7 đã được tự động cắt xén (clip) vừa ảnh. | Box dòng 8 đã được tự động cắt xén (clip) vừa ảnh. | Box dòng 9 đã được tự động cắt xén (clip) vừa ảnh. | Box dòng 10 đã được tự động cắt xén (clip) vừa ảnh. | Box dòng 11 đã được tự động cắt xén (clip) vừa ảnh. | Box dòng 12 đã được tự động cắt xén (clip) vừa ảnh. | Box dòng 13 đã được tự động cắt xén (clip) vừa ảnh. | Box dòng 14 đã được tự động cắt xén (clip) vừa ảnh. | Box dòng 15 đã được tự động cắt xén (clip) vừa ảnh. | Box dòng 16 đã được tự động cắt xén (clip) vừa ảnh. | Box dòng 17 đã được tự động cắt xén (clip) vừa ảnh. | Box dòng 18 đã được tự động cắt xén (clip) vừa ảnh. | Box dòng 19 đã được tự động cắt xén (clip) vừa ảnh. | Box dòng 20 đã được tự động cắt xén (clip) vừa ảnh. | Box dòng 21 đã được tự động cắt xén (clip) vừa ảnh. | Box dòng 22 đã được tự động cắt xén (clip) vừa ảnh. | Box dòng 23 đã được tự động cắt xén (clip) vừa ảnh. | Box dòng 24 đã được tự động cắt xén (clip) vừa ảnh.
Anthracnose,/content/drive/MyDrive/Papaya_Leaf_Disease_Classification/BDPapayaLeaf/Original Images/Anthracnose/Anthracnose(178).jpg,/content/drive/MyDrive/Papaya_Leaf_Disease_Classification/YOLO_Bounding_Box/Anthracnose/Anthracnose(178).txt,Box dòng 1 đã được tự động cắt xén (clip) vừa ảnh. | Box dòng 2 đã được tự động cắt xén (clip) vừa ảnh. | Box dòng 3 đã được tự động cắt xén (clip) vừa ảnh. | Box dòng 4 đã được tự động cắt xén (clip) vừa ảnh. | Box dòng 5 đã được tự động cắt xén (clip) vừa ảnh. | Box dòng 6 đã được tự động cắt xén (clip) vừa ảnh. | Box dòng 7 đã được tự động cắt xén (clip) vừa ảnh. | Box dòng 8 đã được tự động cắt xén (clip) vừa ảnh. | Box dòng 9 đã được tự động cắt xén (clip) vừa ảnh. | Box dòng 10 đã được tự động cắt xén (clip) vừa ảnh. | Box dòng 11 đã được tự động cắt xén (clip) vừa ảnh. | Box dòng 12 đã được tự động cắt xén (clip) vừa ảnh. | Box dòng 13 đã được tự động cắt xén (clip) vừa ảnh. | Box dòng 14 đã được tự động cắt xén (clip) vừa ảnh. | Box dòng 15 đã được tự động cắt xén (clip) vừa ảnh. | Box dòng 16 đã được tự động cắt xén (clip) vừa ảnh. | Box dòng 17 đã được tự động cắt xén (clip) vừa ảnh. | Box dòng 18 đã được tự động cắt xén (clip) vừa ảnh. | Box dòng 19 đã được tự động cắt xén (clip) vừa ảnh. | Box dòng 20 đã được tự động cắt xén (clip) vừa ảnh.
Anthracnose,/content/drive/MyDrive/Papaya_Leaf_Disease_Classification/BDPapayaLeaf/Original Images/Anthracnose/Anthracnose(179).jpg,/content/drive/MyDrive/Papaya_Leaf_Disease_Classification/YOLO_Bounding_Box/Anthracnose/Anthracnose(179).txt,Box dòng 1 đã được tự động cắt xén (clip) vừa ảnh. | Box dòng 2 đã được tự động cắt xén (clip) vừa ảnh. | Box dòng 3 đã được tự động cắt xén (clip) vừa ảnh. | Box dòng 4 đã được tự động cắt xén (clip) vừa ảnh. | Box dòng 5 đã được tự động cắt xén (clip) vừa ảnh. | Box dòng 6 đã được tự động cắt xén (clip) vừa ảnh. | Box dòng 7 đã được tự động cắt xén (clip) vừa ảnh. | Box dòng 8 đã được tự động cắt xén (clip) vừa ảnh. | Box dòng 9 đã được tự động cắt xén (clip) vừa ảnh. | Box dòng 10 đã được tự động cắt xén (clip) vừa ảnh. | Box dòng 11 đã được tự động cắt xén (clip) vừa ảnh. | Box dòng 12 đã được tự động cắt xén (clip) vừa ảnh. | Box dòng 13 đã được tự động cắt xén (clip) vừa ảnh. | Box dòng 14 đã được tự động cắt xén (clip) vừa ảnh. | Box dòng 15 đã được tự động cắt xén (clip) vừa ảnh. | Box dòng 16 đã được tự động cắt xén (clip) vừa ảnh. | Box dòng 17 đã được tự động cắt xén (clip) vừa ảnh. | Box dòng 18 đã được tự động cắt xén (clip) vừa ảnh. | Box dòng 19 đã được tự động cắt xén (clip) vừa ảnh. | Box dòng 20 đã được tự động cắt xén (clip) vừa ảnh. | Box dòng 21 đã được tự động cắt xén (clip) vừa ảnh. | Box dòng 22 đã được tự động cắt xén (clip) vừa ảnh. | Box dòng 23 đã được tự động cắt xén (clip) vừa ảnh. | Box dòng 24 đã được tự động cắt xén (clip) vừa ảnh. | Box dòng 25 đã được tự động cắt xén (clip) vừa ảnh. | Box dòng 26 đã được tự động cắt xén (clip) vừa ảnh. | Box dòng 27 đã được tự động cắt xén (clip) vừa ảnh. | Box dòng 28 đã được tự động cắt xén (clip) vừa ảnh. | Box dòng 29 đã được tự động cắt xén (clip) vừa ảnh. | Box dòng 30 đã được tự động cắt xén (clip) vừa ảnh. | Box dòng 31 đã được tự động cắt xén (clip) vừa ảnh. | Box dòng 32 đã được tự động cắt xén (clip) vừa ảnh. | Box dòng 33 đã được tự động cắt xén (clip) vừa ảnh. | Box dòng 34 đã được tự động cắt xén (clip) vừa ảnh. | Box dòng 35 đã được tự động cắt xén (clip) vừa ảnh. | Box dòng 36 đã được tự động cắt xén (clip) vừa ảnh. | Box dòng 37 đã được tự động cắt xén (clip) vừa ảnh. | Box dòng 38 đã được tự động cắt xén (clip) vừa ảnh. | Box dòng 39 đã được tự động cắt xén (clip) vừa ảnh. | Box dòng 40 đã được tự động cắt xén (clip) vừa ảnh. | Box dòng 41 đã được tự động cắt xén (clip) vừa ảnh. | Box dòng 42 đã được tự động cắt xén (clip) vừa ảnh. | Box dòng 43 đã được tự động cắt xén (clip) vừa ảnh. | Box dòng 44 đã được tự động cắt xén (clip) vừa ảnh. | Box dòng 45 đã được tự động cắt xén (clip) vừa ảnh.
Anthracnose,/content/drive/MyDrive/Papaya_Leaf_Disease_Classification/BDPapayaLeaf/Original Images/Anthracnose/Anthracnose(18).jpg,/content/drive/MyDrive/Papaya_Leaf_Disease_Classification/YOLO_Bounding_Box/Anthracnose/Anthracnose(18).txt,Box dòng 1 đã được tự động cắt xén (clip) vừa ảnh. | Box dòng 2 đã được tự động cắt xén (clip) vừa ảnh. | Box dòng 3 đã được tự động cắt xén (clip) vừa ảnh. | Box dòng 4 đã được tự động cắt xén (clip) vừa ảnh. | Box dòng 5 đã được tự động cắt xén (clip) vừa ảnh. | Box dòng 6 đã được tự động cắt xén (clip) vừa ảnh. | Box dòng 7 đã được tự động cắt xén (clip) vừa ảnh. | Box dòng 8 đã được tự động cắt xén (clip) vừa ảnh. | Box dòng 9 đã được tự động cắt xén (clip) vừa ảnh. | Box dòng 10 đã được tự động cắt xén (clip) vừa ảnh. | Box dòng 11 đã được tự động cắt xén (clip) vừa ảnh. | Box dòng 12 đã được tự động cắt xén (clip) vừa ảnh. | Box dòng 13 đã được tự động cắt xén (clip) vừa ảnh. | Box dòng 14 đã được tự động cắt xén (clip) vừa ảnh. | Box dòng 15 đã được tự động cắt xén (clip) vừa ảnh. | Box dòng 16 đã được tự động cắt xén (clip) vừa ảnh. | Box dòng 17 đã được tự động cắt xén (clip) vừa ảnh. | Box dòng 18 đã được tự động cắt xén (clip) vừa ảnh. | Box dòng 19 đã được tự động cắt xén (clip) vừa ảnh. | Box dòng 20 đã được tự động cắt xén (clip) vừa ảnh. | Box dòng 21 đã được tự động cắt xén (clip) vừa ảnh. | Box dòng 22 đã được tự động cắt xén (clip) vừa ảnh. | Box dòng 23 đã được tự động cắt xén (clip) vừa ảnh.
Anthracnose,/content/drive/MyDrive/Papaya_Leaf_Disease_Classification/BDPapayaLeaf/Original Images/Anthracnose/Anthracnose(180).jpg,/content/drive/MyDrive/Papaya_Leaf_Disease_Classification/YOLO_Bounding_Box/Anthracnose/Anthracnose(180).txt,Box dòng 1 đã được tự động cắt xén (clip) vừa ảnh. | Box dòng 2 đã được tự động cắt xén (clip) vừa ảnh. | Box dòng 3 đã được tự động cắt xén (clip) vừa ảnh. | Box dòng 4 đã được tự động cắt xén (clip) vừa ảnh. | Box dòng 5 đã được tự động cắt xén (clip) vừa ảnh. | Box dòng 6 đã được tự động cắt xén (clip) vừa ảnh. | Box dòng 7 đã được tự động cắt xén (clip) vừa ảnh. | Box dòng 8 đã được tự động cắt xén (clip) vừa ảnh. | Box dòng 9 đã được tự động cắt xén (clip) vừa ảnh. | Box dòng 10 đã được tự động cắt xén (clip) vừa ảnh. | Box dòng 11 đã được tự động cắt xén (clip) vừa ảnh. | Box dòng 12 đã được tự động cắt xén (clip) vừa ảnh. | Box dòng 13 đã được tự động cắt xén (clip) vừa ảnh. | Box dòng 14 đã được tự động cắt xén (clip) vừa ảnh. | Box dòng 15 đã được tự động cắt xén (clip) vừa ảnh. | Box dòng 16 đã được tự động cắt xén (clip) vừa ảnh. | Box dòng 17 đã được tự động cắt xén (clip) vừa ảnh. | Box dòng 18 đã được tự động cắt xén (clip) vừa ảnh. | Box dòng 19 đã được tự động cắt xén (clip) vừa ảnh. | Box dòng 20 đã được tự động cắt xén (clip) vừa ảnh. | Box dòng 21 đã được tự động cắt xén (clip) vừa ảnh. | Box dòng 22 đã được tự động cắt xén (clip) vừa ảnh. | Box dòng 23 đã được tự động cắt xén (clip) vừa ảnh. | Box dòng 24 đã được tự động cắt xén (clip) vừa ảnh. | Box dòng 25 đã được tự động cắt xén (clip) vừa ảnh. | Box dòng 26 đã được tự động cắt xén (clip) vừa ảnh. | Box dòng 27 đã được tự động cắt xén (clip) vừa ảnh. | Box dòng 28 đã được tự động cắt xén (clip) vừa ảnh. | Box dòng 29 đã được tự động cắt xén (clip) vừa ảnh. | Box dòng 30 đã được tự động cắt xén (clip) vừa ảnh. | Box dòng 31 đã được tự động cắt xén (clip) vừa ảnh. | Box dòng 32 đã được tự động cắt xén (clip) vừa ảnh. | Box dòng 33 đã được tự động cắt xén (clip) vừa ảnh. | Box dòng 34 đã được tự động cắt xén (clip) vừa ảnh. | Box dòng 35 đã được tự động cắt xén (clip) vừa ảnh. | Box dòng 36 đã được tự động cắt xén (clip) vừa ảnh. | Box dòng 37 đã được tự động cắt xén (clip) vừa ảnh. | Box dòng 38 đã được tự động cắt xén (clip) vừa ảnh. | Box dòng 39 đã được tự động cắt xén (clip) vừa ảnh. | Box dòng 40 đã được tự động cắt xén (clip) vừa ảnh. | Box dòng 41 đã được tự động cắt xén (clip) vừa ảnh. | Box dòng 42 đã được tự động cắt xén (clip) vừa ảnh. | Box dòng 43 đã được tự động cắt xén (clip) vừa ảnh. | Box dòng 44 đã được tự động cắt xén (clip) vừa ảnh. | Box dòng 45 đã được tự động cắt xén (clip) vừa ảnh. | Box dòng 46 đã được tự động cắt xén (clip) vừa ảnh. | Box dòng 47 đã được tự động cắt xén (clip) vừa ảnh. | Box dòng 48 đã được tự động cắt xén (clip) vừa ảnh. | Box dòng 49 đã được tự động cắt xén (clip) vừa ảnh. | Box dòng 50 đã được tự động cắt xén (clip) vừa ảnh. | Box dòng 51 đã được tự động cắt xén (clip) vừa ảnh.
Anthracnose,/content/drive/MyDrive/Papaya_Leaf_Disease_Classification/BDPapayaLeaf/Original Images/Anthracnose/Anthracnose(181).jpg,/content/drive/MyDrive/Papaya_Leaf_Disease_Classification/YOLO_Bounding_Box/Anthracnose/Anthracnose(181).txt,Box dòng 1 đã được tự động cắt xén (clip) vừa ảnh. | Box dòng 2 đã được tự động cắt xén (clip) vừa ảnh. | Box dòng 3 đã được tự động cắt xén (clip) vừa ảnh. | Box dòng 4 đã được tự động cắt xén (clip) vừa ảnh. | Box dòng 5 đã được tự động cắt xén (clip) vừa ảnh. | Box dòng 6 đã được tự động cắt xén (clip) vừa ảnh. | Box dòng 7 đã được tự động cắt xén (clip) vừa ảnh. | Box dòng 8 đã được tự động cắt xén (clip) vừa ảnh. | Box dòng 9 đã được tự động cắt xén (clip) vừa ảnh. | Box dòng 10 đã được tự động cắt xén (clip) vừa ảnh. | Box dòng 11 đã được tự động cắt xén (clip) vừa ảnh. | Box dòng 12 đã được tự động cắt xén (clip) vừa ảnh. | Box dòng 13 đã được tự động cắt xén (clip) vừa ảnh. | Box dòng 14 đã được tự động cắt xén (clip) vừa ảnh. | Box dòng 15 đã được tự động cắt xén (clip) vừa ảnh. | Box dòng 16 đã được tự động cắt xén (clip) vừa ảnh. | Box dòng 17 đã được tự động cắt xén (clip) vừa ảnh. | Box dòng 18 đã được tự động cắt xén (clip) vừa ảnh. | Box dòng 19 đã được tự động cắt xén (clip) vừa ảnh. | Box dòng 20 đã được tự động cắt xén (clip) vừa ảnh. | Box dòng 21 đã được tự động cắt xén (clip) vừa ảnh. | Box dòng 22 đã được tự động cắt xén (clip) vừa ảnh. | Box dòng 23 đã được tự động cắt xén (clip) vừa ảnh. | Box dòng 24 đã được tự động cắt xén (clip) vừa ảnh. | Box dòng 25 đã được tự động cắt xén (clip) vừa ảnh. | Box dòng 26 đã được tự động cắt xén (clip) vừa ảnh. | Box dòng 27 đã được tự động cắt xén (clip) vừa ảnh. | Box dòng 28 đã được tự động cắt xén (clip) vừa ảnh. | Box dòng 29 đã được tự động cắt xén (clip) vừa ảnh. | Box dòng 30 đã được tự động cắt xén (clip) vừa ảnh. | Box dòng 31 đã được tự động cắt xén (clip) vừa ảnh. | Box dòng 32 đã được tự động cắt xén (clip) vừa ảnh. | Box dòng 33 đã được tự động cắt xén (clip) vừa ảnh. | Box dòng 34 đã được tự động cắt xén (clip) vừa ảnh. | Box dòng 35 đã được tự động cắt xén (clip) vừa ảnh. | Box dòng 36 đã được tự động cắt xén (clip) vừa ảnh. | Box dòng 37 đã được tự động cắt xén (clip) vừa ảnh. | Box dòng 38 đã được tự động cắt xén (clip) vừa ảnh.
Anthracnose,/content/drive/MyDrive/Papaya_Leaf_Disease_Classification/BDPapayaLeaf/Original Images/Anthracnose/Anthracnose(182).jpg,/content/drive/MyDrive/Papaya_Leaf_Disease_Classification/YOLO_Bounding_Box/Anthracnose/Anthracnose(182).txt,Box dòng 1 đã được tự động cắt xén (clip) vừa ảnh. | Box dòng 2 đã được tự động cắt xén (clip) vừa ảnh. | Box dòng 3 đã được tự động cắt xén (clip) vừa ảnh. | Box dòng 4 đã được tự động cắt xén (clip) vừa ảnh. | Box dòng 5 đã được tự động cắt xén (clip) vừa ảnh. | Box dòng 6 đã được tự động cắt xén (clip) vừa ảnh. | Box dòng 7 đã được tự động cắt xén (clip) vừa ảnh. | Box dòng 8 đã được tự động cắt xén (clip) vừa ảnh. | Box dòng 9 đã được tự động cắt xén (clip) vừa ảnh. | Box dòng 10 đã được tự động cắt xén (clip) vừa ảnh. | Box dòng 11 đã được tự động cắt xén (clip) vừa ảnh. | Box dòng 12 đã được tự động cắt xén (clip) vừa ảnh. | Box dòng 13 đã được tự động cắt xén (clip) vừa ảnh. | Box dòng 14 đã được tự động cắt xén (clip) vừa ảnh. | Box dòng 15 đã được tự động cắt xén (clip) vừa ảnh. | Box dòng 16 đã được tự động cắt xén (clip) vừa ảnh. | Box dòng 17 đã được tự động cắt xén (clip) vừa ảnh. | Box dòng 18 đã được tự động cắt xén (clip) vừa ảnh. | Box dòng 19 đã được tự động cắt xén (clip) vừa ảnh. | Box dòng 20 đã được tự động cắt xén (clip) vừa ảnh. | Box dòng 21 đã được tự động cắt xén (clip) vừa ảnh. | Box dòng 22 đã được tự động cắt xén (clip) vừa ảnh. | Box dòng 23 đã được tự động cắt xén (clip) vừa ảnh. | Box dòng 24 đã được tự động cắt xén (clip) vừa ảnh. | Box dòng 25 đã được tự động cắt xén (clip) vừa ảnh. | Box dòng 26 đã được tự động cắt xén (clip) vừa ảnh. | Box dòng 27 đã được tự động cắt xén (clip) vừa ảnh. | Box dòng 28 đã được tự động cắt xén (clip) vừa ảnh. | Box dòng 29 đã được tự động cắt xén (clip) vừa ảnh. | Box dòng 30 đã được tự động cắt xén (clip) vừa ảnh. | Box dòng 31 đã được tự động cắt xén (clip) vừa ảnh. | Box dòng 32 đã được tự động cắt xén (clip) vừa ảnh. | Box dòng 33 đã được tự động cắt xén (clip) vừa ảnh. | Box dòng 34 đã được tự động cắt xén (clip) vừa ảnh. | Box dòng 35 đã được tự động cắt xén (clip) vừa ảnh. | Box dòng 36 đã được tự động cắt xén (clip) vừa ảnh. | Box dòng 37 đã được tự động cắt xén (clip) vừa ảnh. | Box dòng 38 đã được tự động cắt xén (clip) vừa ảnh. | Box dòng 39 đã được tự động cắt xén (clip) vừa ảnh. | Box dòng 40 đã được tự động cắt xén (clip) vừa ảnh.
Anthracnose,/content/drive/MyDrive/Papaya_Leaf_Disease_Classification/BDPapayaLeaf/Original Images/Anthracnose/Anthracnose(183).jpg,/content/drive/MyDrive/Papaya_Leaf_Disease_Classification/YOLO_Bounding_Box/Anthracnose/Anthracnose(183).txt,Box dòng 1 đã được tự động cắt xén (clip) vừa ảnh. | Box dòng 2 đã được tự động cắt xén (clip) vừa ảnh. | Box dòng 3 đã được tự động cắt xén (clip) vừa ảnh. | Box dòng 4 đã được tự động cắt xén (clip) vừa ảnh. | Box dòng 5 đã được tự động cắt xén (clip) vừa ảnh. | Box dòng 6 đã được tự động cắt xén (clip) vừa ảnh. | Box dòng 7 đã được tự động cắt xén (clip) vừa ảnh. | Box dòng 8 đã được tự động cắt xén (clip) vừa ảnh. | Box dòng 9 đã được tự động cắt xén (clip) vừa ảnh. | Box dòng 10 đã được tự động cắt xén (clip) vừa ảnh. | Box dòng 11 đã được tự động cắt xén (clip) vừa ảnh. | Box dòng 12 đã được tự động cắt xén (clip) vừa ảnh. | Box dòng 13 đã được tự động cắt xén (clip) vừa ảnh. | Box dòng 14 đã được tự động cắt xén (clip) vừa ảnh. | Box dòng 15 đã được tự động cắt xén (clip) vừa ảnh. | Box dòng 16 đã được tự động cắt xén (clip) vừa ảnh. | Box dòng 17 đã được tự động cắt xén (clip) vừa ảnh. | Box dòng 18 đã được tự động cắt xén (clip) vừa ảnh. | Box dòng 19 đã được tự động cắt xén (clip) vừa ảnh. | Box dòng 20 đã được tự động cắt xén (clip) vừa ảnh. | Box dòng 21 đã được tự động cắt xén (clip) vừa ảnh. | Box dòng 22 đã được tự động cắt xén (clip) vừa ảnh. | Box dòng 23 đã được tự động cắt xén (clip) vừa ảnh. | Box dòng 24 đã được tự động cắt xén (clip) vừa ảnh. | Box dòng 25 đã được tự động cắt xén (clip) vừa ảnh. | Box dòng 26 đã được tự động cắt xén (clip) vừa ảnh. | Box dòng 27 đã được tự động cắt xén (clip) vừa ảnh. | Box dòng 28 đã được tự động cắt xén (clip) vừa ảnh. | Box dòng 29 đã được tự động cắt xén (clip) vừa ảnh. | Box dòng 30 đã được tự động cắt xén (clip) vừa ảnh. | Box dòng 31 đã được tự động cắt xén (clip) vừa ảnh. | Box dòng 32 đã được tự động cắt xén (clip) vừa ảnh.
Anthracnose,/content/drive/MyDrive/Papaya_Leaf_Disease_Classification/BDPapayaLeaf/Original Images/Anthracnose/Anthracnose(184).jpg,/content/drive/MyDrive/Papaya_Leaf_Disease_Classification/YOLO_Bounding_Box/Anthracnose/Anthracnose(184).txt,Box dòng 1 đã được tự động cắt xén (clip) vừa ảnh. | Box dòng 2 đã được tự động cắt xén (clip) vừa ảnh. | Box dòng 3 đã được tự động cắt xén (clip) vừa ảnh. | Box dòng 4 đã được tự động cắt xén (clip) vừa ảnh. | Box dòng 5 đã được tự động cắt xén (clip) vừa ảnh. | Box dòng 6 đã được tự động cắt xén (clip) vừa ảnh. | Box dòng 7 đã được tự động cắt xén (clip) vừa ảnh. | Box dòng 8 đã được tự động cắt xén (clip) vừa ảnh. | Box dòng 9 đã được tự động cắt xén (clip) vừa ảnh. | Box dòng 10 đã được tự động cắt xén (clip) vừa ảnh. | Box dòng 11 đã được tự động cắt xén (clip) vừa ảnh.
Anthracnose,/content/drive/MyDrive/Papaya_Leaf_Disease_Classification/BDPapayaLeaf/Original Images/Anthracnose/Anthracnose(185).jpg,/content/drive/MyDrive/Papaya_Leaf_Disease_Classification/YOLO_Bounding_Box/Anthracnose/Anthracnose(185).txt,Box dòng 1 đã được tự động cắt xén (clip) vừa ảnh. | Box dòng 2 đã được tự động cắt xén (clip) vừa ảnh. | Box dòng 3 đã được tự động cắt xén (clip) vừa ảnh. | Box dòng 4 đã được tự động cắt xén (clip) vừa ảnh. | Box dòng 5 đã được tự động cắt xén (clip) vừa ảnh. | Box dòng 6 đã được tự động cắt xén (clip) vừa ảnh. | Box dòng 7 đã được tự động cắt xén (clip) vừa ảnh. | Box dòng 8 đã được tự động cắt xén (clip) vừa ảnh. | Box dòng 9 đã được tự động cắt xén (clip) vừa ảnh. | Box dòng 10 đã được tự động cắt xén (clip) vừa ảnh. | Box dòng 11 đã được tự động cắt xén (clip) vừa ảnh. | Box dòng 12 đã được tự động cắt xén (clip) vừa ảnh. | Box dòng 13 đã được tự động cắt xén (clip) vừa ảnh. | Box dòng 14 đã được tự động cắt xén (clip) vừa ảnh. | Box dòng 15 đã được tự động cắt xén (clip) vừa ảnh. | Box dòng 16 đã được tự động cắt xén (clip) vừa ảnh. | Box dòng 17 đã được tự động cắt xén (clip) vừa ảnh. | Box dòng 18 đã được tự động cắt xén (clip) vừa ảnh. | Box dòng 19 đã được tự động cắt xén (clip) vừa ảnh. | Box dòng 20 đã được tự động cắt xén (clip) vừa ảnh. | Box dòng 21 đã được tự động cắt xén (clip) vừa ảnh. | Box dòng 22 đã được tự động cắt xén (clip) vừa ảnh.
Anthracnose,/content/drive/MyDrive/Papaya_Leaf_Disease_Classification/BDPapayaLeaf/Original Images/Anthracnose/Anthracnose(186).jpg,/content/drive/MyDrive/Papaya_Leaf_Disease_Classification/YOLO_Bounding_Box/Anthracnose/Anthracnose(186).txt,Box dòng 1 đã được tự động cắt xén (clip) vừa ảnh. | Box dòng 2 đã được tự động cắt xén (clip) vừa ảnh.
Anthracnose,/content/drive/MyDrive/Papaya_Leaf_Disease_Classification/BDPapayaLeaf/Original Images/Anthracnose/Anthracnose(187).jpg,/content/drive/MyDrive/Papaya_Leaf_Disease_Classification/YOLO_Bounding_Box/Anthracnose/Anthracnose(187).txt,Box dòng 1 đã được tự động cắt xén (clip) vừa ảnh. | Box dòng 2 đã được tự động cắt xén (clip) vừa ảnh. | Box dòng 3 đã được tự động cắt xén (clip) vừa ảnh. | Box dòng 4 đã được tự động cắt xén (clip) vừa ảnh. | Box dòng 5 đã được tự động cắt xén (clip) vừa ảnh. | Box dòng 6 đã được tự động cắt xén (clip) vừa ảnh. | Box dòng 7 đã được tự động cắt xén (clip) vừa ảnh. | Box dòng 8 đã được tự động cắt xén (clip) vừa ảnh. | Box dòng 9 đã được tự động cắt xén (clip) vừa ảnh. | Box dòng 10 đã được tự động cắt xén (clip) vừa ảnh. | Box dòng 11 đã được tự động cắt xén (clip) vừa ảnh. | Box dòng 12 đã được tự động cắt xén (clip) vừa ảnh. | Box dòng 13 đã được tự động cắt xén (clip) vừa ảnh. | Box dòng 14 đã được tự động cắt xén (clip) vừa ảnh. | Box dòng 15 đã được tự động cắt xén (clip) vừa ảnh. | Box dòng 16 đã được tự động cắt xén (clip) vừa ảnh. | Box dòng 17 đã được tự động cắt xén (clip) vừa ảnh. | Box dòng 18 đã được tự động cắt xén (clip) vừa ảnh. | Box dòng 19 đã được tự động cắt xén (clip) vừa ảnh. | Box dòng 20 đã được tự động cắt xén (clip) vừa ảnh. | Box dòng 21 đã được tự động cắt xén (clip) vừa ảnh. | Box dòng 22 đã được tự động cắt xén (clip) vừa ảnh. | Box dòng 23 đã được tự động cắt xén (clip) vừa ảnh.
Anthracnose,/content/drive/MyDrive/Papaya_Leaf_Disease_Classification/BDPapayaLeaf/Original Images/Anthracnose/Anthracnose(188).jpg,/content/drive/MyDrive/Papaya_Leaf_Disease_Classification/YOLO_Bounding_Box/Anthracnose/Anthracnose(188).txt,Box dòng 1 đã được tự động cắt xén (clip) vừa ảnh. | Box dòng 2 đã được tự động cắt xén (clip) vừa ảnh. | Box dòng 3 đã được tự động cắt xén (clip) vừa ảnh. | Box dòng 4 đã được tự động cắt xén (clip) vừa ảnh. | Box dòng 5 đã được tự động cắt xén (clip) vừa ảnh. | Box dòng 6 đã được tự động cắt xén (clip) vừa ảnh. | Box dòng 7 đã được tự động cắt xén (clip) vừa ảnh. | Box dòng 8 đã được tự động cắt xén (clip) vừa ảnh. | Box dòng 9 đã được tự động cắt xén (clip) vừa ảnh. | Box dòng 10 đã được tự động cắt xén (clip) vừa ảnh. | Box dòng 11 đã được tự động cắt xén (clip) vừa ảnh. | Box dòng 12 đã được tự động cắt xén (clip) vừa ảnh. | Box dòng 13 đã được tự động cắt xén (clip) vừa ảnh. | Box dòng 14 đã được tự động cắt xén (clip) vừa ảnh. | Box dòng 15 đã được tự động cắt xén (clip) vừa ảnh. | Box dòng 16 đã được tự động cắt xén (clip) vừa ảnh. | Box dòng 17 đã được tự động cắt xén (clip) vừa ảnh. | Box dòng 18 đã được tự động cắt xén (clip) vừa ảnh. | Box dòng 19 đã được tự động cắt xén (clip) vừa ảnh. | Box dòng 20 đã được tự động cắt xén (clip) vừa ảnh. | Box dòng 21 đã được tự động cắt xén (clip) vừa ảnh. | Box dòng 22 đã được tự động cắt xén (clip) vừa ảnh. | Box dòng 23 đã được tự động cắt xén (clip) vừa ảnh. | Box dòng 24 đã được tự động cắt xén (clip) vừa ảnh. | Box dòng 25 đã được tự động cắt xén (clip) vừa ảnh. | Box dòng 26 đã được tự động cắt xén (clip) vừa ảnh. | Box dòng 27 đã được tự động cắt xén (clip) vừa ảnh. | Box dòng 28 đã được tự động cắt xén (clip) vừa ảnh. | Box dòng 29 đã được tự động cắt xén (clip) vừa ảnh. | Box dòng 30 đã được tự động cắt xén (clip) vừa ảnh. | Box dòng 31 đã được tự động cắt xén (clip) vừa ảnh. | Box dòng 32 đã được tự động cắt xén (clip) vừa ảnh. | Box dòng 33 đã được tự động cắt xén (clip) vừa ảnh. | Box dòng 34 đã được tự động cắt xén (clip) vừa ảnh. | Box dòng 35 đã được tự động cắt xén (clip) vừa ảnh. | Box dòng 36 đã được tự động cắt xén (clip) vừa ảnh. | Box dòng 37 đã được tự động cắt xén (clip) vừa ảnh. | Box dòng 38 đã được tự động cắt xén (clip) vừa ảnh. | Box dòng 39 đã được tự động cắt xén (clip) vừa ảnh. | Box dòng 40 đã được tự động cắt xén (clip) vừa ảnh. | Box dòng 41 đã được tự động cắt xén (clip) vừa ảnh. | Box dòng 42 đã được tự động cắt xén (clip) vừa ảnh. | Box dòng 43 đã được tự động cắt xén (clip) vừa ảnh. | Box dòng 44 đã được tự động cắt xén (clip) vừa ảnh.
Anthracnose,/content/drive/MyDrive/Papaya_Leaf_Disease_Classification/BDPapayaLeaf/Original Images/Anthracnose/Anthracnose(189).jpg,/content/drive/MyDrive/Papaya_Leaf_Disease_Classification/YOLO_Bounding_Box/Anthracnose/Anthracnose(189).txt,Box dòng 1 đã được tự động cắt xén (clip) vừa ảnh. | Box dòng 2 đã được tự động cắt xén (clip) vừa ảnh. | Box dòng 3 đã được tự động cắt xén (clip) vừa ảnh. | Box dòng 4 đã được tự động cắt xén (clip) vừa ảnh. | Box dòng 5 đã được tự động cắt xén (clip) vừa ảnh. | Box dòng 6 đã được tự động cắt xén (clip) vừa ảnh. | Box dòng 7 đã được tự động cắt xén (clip) vừa ảnh. | Box dòng 8 đã được tự động cắt xén (clip) vừa ảnh. | Box dòng 9 đã được tự động cắt xén (clip) vừa ảnh. | Box dòng 10 đã được tự động cắt xén (clip) vừa ảnh. | Box dòng 11 đã được tự động cắt xén (clip) vừa ảnh. | Box dòng 12 đã được tự động cắt xén (clip) vừa ảnh. | Box dòng 13 đã được tự động cắt xén (clip) vừa ảnh. | Box dòng 14 đã được tự động cắt xén (clip) vừa ảnh. | Box dòng 15 đã được tự động cắt xén (clip) vừa ảnh. | Box dòng 16 đã được tự động cắt xén (clip) vừa ảnh. | Box dòng 17 đã được tự động cắt xén (clip) vừa ảnh. | Box dòng 18 đã được tự động cắt xén (clip) vừa ảnh. | Box dòng 19 đã được tự động cắt xén (clip) vừa ảnh. | Box dòng 20 đã được tự động cắt xén (clip) vừa ảnh. | Box dòng 21 đã được tự động cắt xén (clip) vừa ảnh. | Box dòng 22 đã được tự động cắt xén (clip) vừa ảnh. | Box dòng 23 đã được tự động cắt xén (clip) vừa ảnh. | Box dòng 24 đã được tự động cắt xén (clip) vừa ảnh. | Box dòng 25 đã được tự động cắt xén (clip) vừa ảnh. | Box dòng 26 đã được tự động cắt xén (clip) vừa ảnh. | Box dòng 27 đã được tự động cắt xén (clip) vừa ảnh. | Box dòng 28 đã được tự động cắt xén (clip) vừa ảnh. | Box dòng 29 đã được tự động cắt xén (clip) vừa ảnh. | Box dòng 30 đã được tự động cắt xén (clip) vừa ảnh. | Box dòng 31 đã được tự động cắt xén (clip) vừa ảnh. | Box dòng 32 đã được tự động cắt xén (clip) vừa ảnh. | Box dòng 33 đã được tự động cắt xén (clip) vừa ảnh. | Box dòng 34 đã được tự động cắt xén (clip) vừa ảnh. | Box dòng 35 đã được tự động cắt xén (clip) vừa ảnh. | Box dòng 36 đã được tự động cắt xén (clip) vừa ảnh. | Box dòng 37 đã được tự động cắt xén (clip) vừa ảnh.
Anthracnose,/content/drive/MyDrive/Papaya_Leaf_Disease_Classification/BDPapayaLeaf/Original Images/Anthracnose/Anthracnose(19).jpg,/content/drive/MyDrive/Papaya_Leaf_Disease_Classification/YOLO_Bounding_Box/Anthracnose/Anthracnose(19).txt,Box dòng 1 đã được tự động cắt xén (clip) vừa ảnh. | Box dòng 2 đã được tự động cắt xén (clip) vừa ảnh. | Box dòng 3 đã được tự động cắt xén (clip) vừa ảnh. | Box dòng 4 đã được tự động cắt xén (clip) vừa ảnh. | Box dòng 5 đã được tự động cắt xén (clip) vừa ảnh. | Box dòng 6 đã được tự động cắt xén (clip) vừa ảnh. | Box dòng 7 đã được tự động cắt xén (clip) vừa ảnh.
Anthracnose,/content/drive/MyDrive/Papaya_Leaf_Disease_Classification/BDPapayaLeaf/Original Images/Anthracnose/Anthracnose(190).jpg,/content/drive/MyDrive/Papaya_Leaf_Disease_Classification/YOLO_Bounding_Box/Anthracnose/Anthracnose(190).txt,Box dòng 1 đã được tự động cắt xén (clip) vừa ảnh. | Box dòng 2 đã được tự động cắt xén (clip) vừa ảnh. | Box dòng 3 đã được tự động cắt xén (clip) vừa ảnh. | Box dòng 4 đã được tự động cắt xén (clip) vừa ảnh. | Box dòng 5 đã được tự động cắt xén (clip) vừa ảnh. | Box dòng 6 đã được tự động cắt xén (clip) vừa ảnh. | Box dòng 7 đã được tự động cắt xén (clip) vừa ảnh. | Box dòng 8 đã được tự động cắt xén (clip) vừa ảnh. | Box dòng 9 đã được tự động cắt xén (clip) vừa ảnh. | Box dòng 10 đã được tự động cắt xén (clip) vừa ảnh. | Box dòng 11 đã được tự động cắt xén (clip) vừa ảnh. | Box dòng 12 đã được tự động cắt xén (clip) vừa ảnh. | Box dòng 13 đã được tự động cắt xén (clip) vừa ảnh. | Box dòng 14 đã được tự động cắt xén (clip) vừa ảnh. | Box dòng 15 đã được tự động cắt xén (clip) vừa ảnh. | Box dòng 16 đã được tự động cắt xén (clip) vừa ảnh. | Box dòng 17 đã được tự động cắt xén (clip) vừa ảnh. | Box dòng 18 đã được tự động cắt xén (clip) vừa ảnh. | Box dòng 19 đã được tự động cắt xén (clip) vừa ảnh. | Box dòng 20 đã được tự động cắt xén (clip) vừa ảnh. | Box dòng 21 đã được tự động cắt xén (clip) vừa ảnh. | Box dòng 22 đã được tự động cắt xén (clip) vừa ảnh. | Box dòng 23 đã được tự động cắt xén (clip) vừa ảnh. | Box dòng 24 đã được tự động cắt xén (clip) vừa ảnh. | Box dòng 25 đã được tự động cắt xén (clip) vừa ảnh. | Box dòng 26 đã được tự động cắt xén (clip) vừa ảnh. | Box dòng 27 đã được tự động cắt xén (clip) vừa ảnh. | Box dòng 28 đã được tự động cắt xén (clip) vừa ảnh. | Box dòng 29 đã được tự động cắt xén (clip) vừa ảnh. | Box dòng 30 đã được tự động cắt xén (clip) vừa ảnh. | Box dòng 31 đã được tự động cắt xén (clip) vừa ảnh.
Anthracnose,/content/drive/MyDrive/Papaya_Leaf_Disease_Classification/BDPapayaLeaf/Original Images/Anthracnose/Anthracnose(191).jpg,/content/drive/MyDrive/Papaya_Leaf_Disease_Classification/YOLO_Bounding_Box/Anthracnose/Anthracnose(191).txt,Box dòng 1 đã được tự động cắt xén (clip) vừa ảnh. | Box dòng 2 đã được tự động cắt xén (clip) vừa ảnh. | Box dòng 3 đã được tự động cắt xén (clip) vừa ảnh. | Box dòng 4 đã được tự động cắt xén (clip) vừa ảnh. | Box dòng 5 đã được tự động cắt xén (clip) vừa ảnh. | Box dòng 6 đã được tự động cắt xén (clip) vừa ảnh. | Box dòng 7 đã được tự động cắt xén (clip) vừa ảnh. | Box dòng 8 đã được tự động cắt xén (clip) vừa ảnh. | Box dòng 9 đã được tự động cắt xén (clip) vừa ảnh. | Box dòng 10 đã được tự động cắt xén (clip) vừa ảnh. | Box dòng 11 đã được tự động cắt xén (clip) vừa ảnh. | Box dòng 12 đã được tự động cắt xén (clip) vừa ảnh. | Box dòng 13 đã được tự động cắt xén (clip) vừa ảnh. | Box dòng 14 đã được tự động cắt xén (clip) vừa ảnh. | Box dòng 15 đã được tự động cắt xén (clip) vừa ảnh. | Box dòng 16 đã được tự động cắt xén (clip) vừa ảnh. | Box dòng 17 đã được tự động cắt xén (clip) vừa ảnh. | Box dòng 18 đã được tự động cắt xén (clip) vừa ảnh. | Box dòng 19 đã được tự động cắt xén (clip) vừa ảnh. | Box dòng 20 đã được tự động cắt xén (clip) vừa ảnh. | Box dòng 21 đã được tự động cắt xén (clip) vừa ảnh. | Box dòng 22 đã được tự động cắt xén (clip) vừa ảnh.
Anthracnose,/content/drive/MyDrive/Papaya_Leaf_Disease_Classification/BDPapayaLeaf/Original Images/Anthracnose/Anthracnose(192).jpg,/content/drive/MyDrive/Papaya_Leaf_Disease_Classification/YOLO_Bounding_Box/Anthracnose/Anthracnose(192).txt,Box dòng 1 đã được tự động cắt xén (clip) vừa ảnh. | Box dòng 2 đã được tự động cắt xén (clip) vừa ảnh. | Box dòng 3 đã được tự động cắt xén (clip) vừa ảnh. | Box dòng 4 đã được tự động cắt xén (clip) vừa ảnh. | Box dòng 5 đã được tự động cắt xén (clip) vừa ảnh. | Box dòng 6 đã được tự động cắt xén (clip) vừa ảnh. | Box dòng 7 đã được tự động cắt xén (clip) vừa ảnh.
Anthracnose,/content/drive/MyDrive/Papaya_Leaf_Disease_Classification/BDPapayaLeaf/Original Images/Anthracnose/Anthracnose(193).jpg,/content/drive/MyDrive/Papaya_Leaf_Disease_Classification/YOLO_Bounding_Box/Anthracnose/Anthracnose(193).txt,Box dòng 1 đã được tự động cắt xén (clip) vừa ảnh. | Box dòng 2 đã được tự động cắt xén (clip) vừa ảnh. | Box dòng 3 đã được tự động cắt xén (clip) vừa ảnh. | Box dòng 4 đã được tự động cắt xén (clip) vừa ảnh.
Anthracnose,/content/drive/MyDrive/Papaya_Leaf_Disease_Classification/BDPapayaLeaf/Original Images/Anthracnose/Anthracnose(194).jpg,/content/drive/MyDrive/Papaya_Leaf_Disease_Classification/YOLO_Bounding_Box/Anthracnose/Anthracnose(194).txt,Box dòng 1 đã được tự động cắt xén (clip) vừa ảnh. | Box dòng 2 đã được tự động cắt xén (clip) vừa ảnh. | Box dòng 3 đã được tự động cắt xén (clip) vừa ảnh. | Box dòng 4 đã được tự động cắt xén (clip) vừa ảnh. | Box dòng 5 đã được tự động cắt xén (clip) vừa ảnh. | Box dòng 6 đã được tự động cắt xén (clip) vừa ảnh. | Box dòng 7 đã được tự động cắt xén (clip) vừa ảnh. | Box dòng 8 đã được tự động cắt xén (clip) vừa ảnh. | Box dòng 9 đã được tự động cắt xén (clip) vừa ảnh. | Box dòng 10 đã được tự động cắt xén (clip) vừa ảnh. | Box dòng 11 đã được tự động cắt xén (clip) vừa ảnh. | Box dòng 12 đã được tự động cắt xén (clip) vừa ảnh. | Box dòng 13 đã được tự động cắt xén (clip) vừa ảnh. | Box dòng 14 đã được tự động cắt xén (clip) vừa ảnh. | Box dòng 15 đã được tự động cắt xén (clip) vừa ảnh. | Box dòng 16 đã được tự động cắt xén (clip) vừa ảnh.
Anthracnose,/content/drive/MyDrive/Papaya_Leaf_Disease_Classification/BDPapayaLeaf/Original Images/Anthracnose/Anthracnose(195).jpg,/content/drive/MyDrive/Papaya_Leaf_Disease_Classification/YOLO_Bounding_Box/Anthracnose/Anthracnose(195).txt,Box dòng 1 đã được tự động cắt xén (clip) vừa ảnh. | Box dòng 2 đã được tự động cắt xén (clip) vừa ảnh. | Box dòng 3 đã được tự động cắt xén (clip) vừa ảnh. | Box dòng 4 đã được tự động cắt xén (clip) vừa ảnh. | Box dòng 5 đã được tự động cắt xén (clip) vừa ảnh. | Box dòng 6 đã được tự động cắt xén (clip) vừa ảnh. | Box dòng 7 đã được tự động cắt xén (clip) vừa ảnh. | Box dòng 8 đã được tự động cắt xén (clip) vừa ảnh. | Box dòng 9 đã được tự động cắt xén (clip) vừa ảnh. | Box dòng 10 đã được tự động cắt xén (clip) vừa ảnh. | Box dòng 11 đã được tự động cắt xén (clip) vừa ảnh. | Box dòng 12 đã được tự động cắt xén (clip) vừa ảnh.
Anthracnose,/content/drive/MyDrive/Papaya_Leaf_Disease_Classification/BDPapayaLeaf/Original Images/Anthracnose/Anthracnose(196).jpg,/content/drive/MyDrive/Papaya_Leaf_Disease_Classification/YOLO_Bounding_Box/Anthracnose/Anthracnose(196).txt,Box dòng 1 đã được tự động cắt xén (clip) vừa ảnh. | Box dòng 2 đã được tự động cắt xén (clip) vừa ảnh. | Box dòng 3 đã được tự động cắt xén (clip) vừa ảnh. | Box dòng 4 đã được tự động cắt xén (clip) vừa ảnh. | Box dòng 5 đã được tự động cắt xén (clip) vừa ảnh. | Box dòng 6 đã được tự động cắt xén (clip) vừa ảnh. | Box dòng 7 đã được tự động cắt xén (clip) vừa ảnh. | Box dòng 8 đã được tự động cắt xén (clip) vừa ảnh. | Box dòng 9 đã được tự động cắt xén (clip) vừa ảnh. | Box dòng 10 đã được tự động cắt xén (clip) vừa ảnh. | Box dòng 11 đã được tự động cắt xén (clip) vừa ảnh. | Box dòng 12 đã được tự động cắt xén (clip) vừa ảnh. | Box dòng 13 đã được tự động cắt xén (clip) vừa ảnh. | Box dòng 14 đã được tự động cắt xén (clip) vừa ảnh. | Box dòng 15 đã được tự động cắt xén (clip) vừa ảnh. | Box dòng 16 đã được tự động cắt xén (clip) vừa ảnh.
Anthracnose,/content/drive/MyDrive/Papaya_Leaf_Disease_Classification/BDPapayaLeaf/Original Images/Anthracnose/Anthracnose(197).jpg,/content/drive/MyDrive/Papaya_Leaf_Disease_Classification/YOLO_Bounding_Box/Anthracnose/Anthracnose(197).txt,Box dòng 1 đã được tự động cắt xén (clip) vừa ảnh. | Box dòng 2 đã được tự động cắt xén (clip) vừa ảnh. | Box dòng 3 đã được tự động cắt xén (clip) vừa ảnh. | Box dòng 4 đã được tự động cắt xén (clip) vừa ảnh. | Box dòng 5 đã được tự động cắt xén (clip) vừa ảnh. | Box dòng 6 đã được tự động cắt xén (clip) vừa ảnh. | Box dòng 7 đã được tự động cắt xén (clip) vừa ảnh. | Box dòng 8 đã được tự động cắt xén (clip) vừa ảnh. | Box dòng 9 đã được tự động cắt xén (clip) vừa ảnh. | Box dòng 10 đã được tự động cắt xén (clip) vừa ảnh. | Box dòng 11 đã được tự động cắt xén (clip) vừa ảnh. | Box dòng 12 đã được tự động cắt xén (clip) vừa ảnh. | Box dòng 13 đã được tự động cắt xén (clip) vừa ảnh. | Box dòng 14 đã được tự động cắt xén (clip) vừa ảnh. | Box dòng 15 đã được tự động cắt xén (clip) vừa ảnh. | Box dòng 16 đã được tự động cắt xén (clip) vừa ảnh. | Box dòng 17 đã được tự động cắt xén (clip) vừa ảnh. | Box dòng 18 đã được tự động cắt xén (clip) vừa ảnh. | Box dòng 19 đã được tự động cắt xén (clip) vừa ảnh. | Box dòng 20 đã được tự động cắt xén (clip) vừa ảnh. | Box dòng 21 đã được tự động cắt xén (clip) vừa ảnh. | Box dòng 22 đã được tự động cắt xén (clip) vừa ảnh. | Box dòng 23 đã được tự động cắt xén (clip) vừa ảnh. | Box dòng 24 đã được tự động cắt xén (clip) vừa ảnh. | Box dòng 25 đã được tự động cắt xén (clip) vừa ảnh. | Box dòng 26 đã được tự động cắt xén (clip) vừa ảnh. | Box dòng 27 đã được tự động cắt xén (clip) vừa ảnh. | Box dòng 28 đã được tự động cắt xén (clip) vừa ảnh. | Box dòng 29 đã được tự động cắt xén (clip) vừa ảnh. | Box dòng 30 đã được tự động cắt xén (clip) vừa ảnh. | Box dòng 31 đã được tự động cắt xén (clip) vừa ảnh. | Box dòng 32 đã được tự động cắt xén (clip) vừa ảnh. | Box dòng 33 đã được tự động cắt xén (clip) vừa ảnh. | Box dòng 34 đã được tự động cắt xén (clip) vừa ảnh. | Box dòng 35 đã được tự động cắt xén (clip) vừa ảnh. | Box dòng 36 đã được tự động cắt xén (clip) vừa ảnh. | Box dòng 37 đã được tự động cắt xén (clip) vừa ảnh. | Box dòng 38 đã được tự động cắt xén (clip) vừa ảnh. | Box dòng 39 đã được tự động cắt xén (clip) vừa ảnh. | Box dòng 40 đã được tự động cắt xén (clip) vừa ảnh. | Box dòng 41 đã được tự động cắt xén (clip) vừa ảnh. | Box dòng 42 đã được tự động cắt xén (clip) vừa ảnh. | Box dòng 43 đã được tự động cắt xén (clip) vừa ảnh. | Box dòng 44 đã được tự động cắt xén (clip) vừa ảnh. | Box dòng 45 đã được tự động cắt xén (clip) vừa ảnh. | Box dòng 46 đã được tự động cắt xén (clip) vừa ảnh. | Box dòng 47 đã được tự động cắt xén (clip) vừa ảnh. | Box dòng 48 đã được tự động cắt xén (clip) vừa ảnh.
Anthracnose,/content/drive/MyDrive/Papaya_Leaf_Disease_Classification/BDPapayaLeaf/Original Images/Anthracnose/Anthracnose(198).jpg,/content/drive/MyDrive/Papaya_Leaf_Disease_Classification/YOLO_Bounding_Box/Anthracnose/Anthracnose(198).txt,Box dòng 1 đã được tự động cắt xén (clip) vừa ảnh. | Box dòng 2 đã được tự động cắt xén (clip) vừa ảnh. | Box dòng 3 đã được tự động cắt xén (clip) vừa ảnh. | Box dòng 4 đã được tự động cắt xén (clip) vừa ảnh. | Box dòng 5 đã được tự động cắt xén (clip) vừa ảnh. | Box dòng 6 đã được tự động cắt xén (clip) vừa ảnh. | Box dòng 7 đã được tự động cắt xén (clip) vừa ảnh. | Box dòng 8 đã được tự động cắt xén (clip) vừa ảnh. | Box dòng 9 đã được tự động cắt xén (clip) vừa ảnh. | Box dòng 10 đã được tự động cắt xén (clip) vừa ảnh. | Box dòng 11 đã được tự động cắt xén (clip) vừa ảnh. | Box dòng 12 đã được tự động cắt xén (clip) vừa ảnh. | Box dòng 13 đã được tự động cắt xén (clip) vừa ảnh. | Box dòng 14 đã được tự động cắt xén (clip) vừa ảnh. | Box dòng 15 đã được tự động cắt xén (clip) vừa ảnh. | Box dòng 16 đã được tự động cắt xén (clip) vừa ảnh. | Box dòng 17 đã được tự động cắt xén (clip) vừa ảnh. | Box dòng 18 đã được tự động cắt xén (clip) vừa ảnh. | Box dòng 19 đã được tự động cắt xén (clip) vừa ảnh. | Box dòng 20 đã được tự động cắt xén (clip) vừa ảnh. | Box dòng 21 đã được tự động cắt xén (clip) vừa ảnh. | Box dòng 22 đã được tự động cắt xén (clip) vừa ảnh. | Box dòng 23 đã được tự động cắt xén (clip) vừa ảnh. | Box dòng 24 đã được tự động cắt xén (clip) vừa ảnh. | Box dòng 25 đã được tự động cắt xén (clip) vừa ảnh. | Box dòng 26 đã được tự động cắt xén (clip) vừa ảnh. | Box dòng 27 đã được tự động cắt xén (clip) vừa ảnh. | Box dòng 28 đã được tự động cắt xén (clip) vừa ảnh. | Box dòng 29 đã được tự động cắt xén (clip) vừa ảnh. | Box dòng 30 đã được tự động cắt xén (clip) vừa ảnh. | Box dòng 31 đã được tự động cắt xén (clip) vừa ảnh. | Box dòng 32 đã được tự động cắt xén (clip) vừa ảnh. | Box dòng 33 đã được tự động cắt xén (clip) vừa ảnh. | Box dòng 34 đã được tự động cắt xén (clip) vừa ảnh. | Box dòng 35 đã được tự động cắt xén (clip) vừa ảnh. | Box dòng 36 đã được tự động cắt xén (clip) vừa ảnh. | Box dòng 37 đã được tự động cắt xén (clip) vừa ảnh. | Box dòng 38 đã được tự động cắt xén (clip) vừa ảnh. | Box dòng 39 đã được tự động cắt xén (clip) vừa ảnh. | Box dòng 40 đã được tự động cắt xén (clip) vừa ảnh. | Box dòng 41 đã được tự động cắt xén (clip) vừa ảnh. | Box dòng 42 đã được tự động cắt xén (clip) vừa ảnh. | Box dòng 43 đã được tự động cắt xén (clip) vừa ảnh. | Box dòng 44 đã được tự động cắt xén (clip) vừa ảnh. | Box dòng 45 đã được tự động cắt xén (clip) vừa ảnh. | Box dòng 46 đã được tự động cắt xén (clip) vừa ảnh. | Box dòng 47 đã được tự động cắt xén (clip) vừa ảnh.
Anthracnose,/content/drive/MyDrive/Papaya_Leaf_Disease_Classification/BDPapayaLeaf/Original Images/Anthracnose/Anthracnose(199).jpg,/content/drive/MyDrive/Papaya_Leaf_Disease_Classification/YOLO_Bounding_Box/Anthracnose/Anthracnose(199).txt,Box dòng 1 đã được tự động cắt xén (clip) vừa ảnh. | Box dòng 2 đã được tự động cắt xén (clip) vừa ảnh. | Box dòng 3 đã được tự động cắt xén (clip) vừa ảnh. | Box dòng 4 đã được tự động cắt xén (clip) vừa ảnh. | Box dòng 5 đã được tự động cắt xén (clip) vừa ảnh. | Box dòng 6 đã được tự động cắt xén (clip) vừa ảnh. | Box dòng 7 đã được tự động cắt xén (clip) vừa ảnh. | Box dòng 8 đã được tự động cắt xén (clip) vừa ảnh. | Box dòng 9 đã được tự động cắt xén (clip) vừa ảnh. | Box dòng 10 đã được tự động cắt xén (clip) vừa ảnh. | Box dòng 11 đã được tự động cắt xén (clip) vừa ảnh. | Box dòng 12 đã được tự động cắt xén (clip) vừa ảnh. | Box dòng 13 đã được tự động cắt xén (clip) vừa ảnh. | Box dòng 14 đã được tự động cắt xén (clip) vừa ảnh.
Anthracnose,/content/drive/MyDrive/Papaya_Leaf_Disease_Classification/BDPapayaLeaf/Original Images/Anthracnose/Anthracnose(2).jpg,/content/drive/MyDrive/Papaya_Leaf_Disease_Classification/YOLO_Bounding_Box/Anthracnose/Anthracnose(2).txt,Box dòng 2 đã được tự động cắt xén (clip) vừa ảnh. | Box dòng 3 đã được tự động cắt xén (clip) vừa ảnh. | Box dòng 4 đã được tự động cắt xén (clip) vừa ảnh.
Anthracnose,/content/drive/MyDrive/Papaya_Leaf_Disease_Classification/BDPapayaLeaf/Original Images/Anthracnose/Anthracnose(20).jpg,/content/drive/MyDrive/Papaya_Leaf_Disease_Classification/YOLO_Bounding_Box/Anthracnose/Anthracnose(20).txt,Box dòng 1 đã được tự động cắt xén (clip) vừa ảnh. | Box dòng 2 đã được tự động cắt xén (clip) vừa ảnh. | Box dòng 3 đã được tự động cắt xén (clip) vừa ảnh. | Box dòng 4 đã được tự động cắt xén (clip) vừa ảnh. | Box dòng 5 đã được tự động cắt xén (clip) vừa ảnh.
Anthracnose,/content/drive/MyDrive/Papaya_Leaf_Disease_Classification/BDPapayaLeaf/Original Images/Anthracnose/Anthracnose(200).jpg,/content/drive/MyDrive/Papaya_Leaf_Disease_Classification/YOLO_Bounding_Box/Anthracnose/Anthracnose(200).txt,Box dòng 1 đã được tự động cắt xén (clip) vừa ảnh. | Box dòng 2 đã được tự động cắt xén (clip) vừa ảnh. | Box dòng 3 đã được tự động cắt xén (clip) vừa ảnh. | Box dòng 4 đã được tự động cắt xén (clip) vừa ảnh. | Box dòng 5 đã được tự động cắt xén (clip) vừa ảnh. | Box dòng 6 đã được tự động cắt xén (clip) vừa ảnh. | Box dòng 7 đã được tự động cắt xén (clip) vừa ảnh. | Box dòng 8 đã được tự động cắt xén (clip) vừa ảnh. | Box dòng 9 đã được tự động cắt xén (clip) vừa ảnh. | Box dòng 10 đã được tự động cắt xén (clip) vừa ảnh. | Box dòng 11 đã được tự động cắt xén (clip) vừa ảnh. | Box dòng 12 đã được tự động cắt xén (clip) vừa ảnh. | Box dòng 13 đã được tự động cắt xén (clip) vừa ảnh. | Box dòng 14 đã được tự động cắt xén (clip) vừa ảnh. | Box dòng 15 đã được tự động cắt xén (clip) vừa ảnh. | Box dòng 16 đã được tự động cắt xén (clip) vừa ảnh. | Box dòng 17 đã được tự động cắt xén (clip) vừa ảnh. | Box dòng 18 đã được tự động cắt xén (clip) vừa ảnh. | Box dòng 20 đã được tự động cắt xén (clip) vừa ảnh. | Box dòng 21 đã được tự động cắt xén (clip) vừa ảnh. | Box dòng 22 đã được tự động cắt xén (clip) vừa ảnh. | Box dòng 23 đã được tự động cắt xén (clip) vừa ảnh. | Box dòng 24 đã được tự động cắt xén (clip) vừa ảnh. | Box dòng 25 đã được tự động cắt xén (clip) vừa ảnh.
Anthracnose,/content/drive/MyDrive/Papaya_Leaf_Disease_Classification/BDPapayaLeaf/Original Images/Anthracnose/Anthracnose(201).jpg,/content/drive/MyDrive/Papaya_Leaf_Disease_Classification/YOLO_Bounding_Box/Anthracnose/Anthracnose(201).txt,Box dòng 1 đã được tự động cắt xén (clip) vừa ảnh. | Box dòng 2 đã được tự động cắt xén (clip) vừa ảnh. | Box dòng 3 đã được tự động cắt xén (clip) vừa ảnh. | Box dòng 4 đã được tự động cắt xén (clip) vừa ảnh. | Box dòng 5 đã được tự động cắt xén (clip) vừa ảnh. | Box dòng 6 đã được tự động cắt xén (clip) vừa ảnh. | Box dòng 7 đã được tự động cắt xén (clip) vừa ảnh. | Box dòng 8 đã được tự động cắt xén (clip) vừa ảnh. | Box dòng 9 đã được tự động cắt xén (clip) vừa ảnh. | Box dòng 10 đã được tự động cắt xén (clip) vừa ảnh. | Box dòng 11 đã được tự động cắt xén (clip) vừa ảnh. | Box dòng 12 đã được tự động cắt xén (clip) vừa ảnh. | Box dòng 13 đã được tự động cắt xén (clip) vừa ảnh. | Box dòng 14 đã được tự động cắt xén (clip) vừa ảnh. | Box dòng 15 đã được tự động cắt xén (clip) vừa ảnh. | Box dòng 16 đã được tự động cắt xén (clip) vừa ảnh. | Box dòng 17 đã được tự động cắt xén (clip) vừa ảnh. | Box dòng 18 đã được tự động cắt xén (clip) vừa ảnh. | Box dòng 19 đã được tự động cắt xén (clip) vừa ảnh. | Box dòng 20 đã được tự động cắt xén (clip) vừa ảnh. | Box dòng 21 đã được tự động cắt xén (clip) vừa ảnh. | Box dòng 22 đã được tự động cắt xén (clip) vừa ảnh. | Box dòng 23 đã được tự động cắt xén (clip) vừa ảnh. | Box dòng 24 đã được tự động cắt xén (clip) vừa ảnh. | Box dòng 25 đã được tự động cắt xén (clip) vừa ảnh. | Box dòng 26 đã được tự động cắt xén (clip) vừa ảnh. | Box dòng 27 đã được tự động cắt xén (clip) vừa ảnh. | Box dòng 28 đã được tự động cắt xén (clip) vừa ảnh. | Box dòng 29 đã được tự động cắt xén (clip) vừa ảnh. | Box dòng 30 đã được tự động cắt xén (clip) vừa ảnh. | Box dòng 31 đã được tự động cắt xén (clip) vừa ảnh. | Box dòng 32 đã được tự động cắt xén (clip) vừa ảnh. | Box dòng 33 đã được tự động cắt xén (clip) vừa ảnh. | Box dòng 34 đã được tự động cắt xén (clip) vừa ảnh.
Anthracnose,/content/drive/MyDrive/Papaya_Leaf_Disease_Classification/BDPapayaLeaf/Original Images/Anthracnose/Anthracnose(202).jpg,/content/drive/MyDrive/Papaya_Leaf_Disease_Classification/YOLO_Bounding_Box/Anthracnose/Anthracnose(202).txt,Box dòng 1 đã được tự động cắt xén (clip) vừa ảnh. | Box dòng 2 đã được tự động cắt xén (clip) vừa ảnh. | Box dòng 3 đã được tự động cắt xén (clip) vừa ảnh. | Box dòng 4 đã được tự động cắt xén (clip) vừa ảnh. | Box dòng 5 đã được tự động cắt xén (clip) vừa ảnh. | Box dòng 6 đã được tự động cắt xén (clip) vừa ảnh. | Box dòng 7 đã được tự động cắt xén (clip) vừa ảnh. | Box dòng 8 đã được tự động cắt xén (clip) vừa ảnh. | Box dòng 9 đã được tự động cắt xén (clip) vừa ảnh. | Box dòng 10 đã được tự động cắt xén (clip) vừa ảnh. | Box dòng 11 đã được tự động cắt xén (clip) vừa ảnh. | Box dòng 12 đã được tự động cắt xén (clip) vừa ảnh. | Box dòng 13 đã được tự động cắt xén (clip) vừa ảnh. | Box dòng 14 đã được tự động cắt xén (clip) vừa ảnh. | Box dòng 15 đã được tự động cắt xén (clip) vừa ảnh. | Box dòng 16 đã được tự động cắt xén (clip) vừa ảnh. | Box dòng 17 đã được tự động cắt xén (clip) vừa ảnh. | Box dòng 18 đã được tự động cắt xén (clip) vừa ảnh. | Box dòng 19 đã được tự động cắt xén (clip) vừa ảnh. | Box dòng 20 đã được tự động cắt xén (clip) vừa ảnh. | Box dòng 21 đã được tự động cắt xén (clip) vừa ảnh. | Box dòng 22 đã được tự động cắt xén (clip) vừa ảnh. | Box dòng 23 đã được tự động cắt xén (clip) vừa ảnh. | Box dòng 24 đã được tự động cắt xén (clip) vừa ảnh. | Box dòng 25 đã được tự động cắt xén (clip) vừa ảnh. | Box dòng 26 đã được tự động cắt xén (clip) vừa ảnh. | Box dòng 27 đã được tự động cắt xén (clip) vừa ảnh. | Box dòng 28 đã được tự động cắt xén (clip) vừa ảnh. | Box dòng 29 đã được tự động cắt xén (clip) vừa ảnh. | Box dòng 30 đã được tự động cắt xén (clip) vừa ảnh. | Box dòng 31 đã được tự động cắt xén (clip) vừa ảnh. | Box dòng 32 đã được tự động cắt xén (clip) vừa ảnh. | Box dòng 33 đã được tự động cắt xén (clip) vừa ảnh. | Box dòng 34 đã được tự động cắt xén (clip) vừa ảnh. | Box dòng 35 đã được tự động cắt xén (clip) vừa ảnh. | Box dòng 36 đã được tự động cắt xén (clip) vừa ảnh. | Box dòng 37 đã được tự động cắt xén (clip) vừa ảnh. | Box dòng 38 đã được tự động cắt xén (clip) vừa ảnh. | Box dòng 39 đã được tự động cắt xén (clip) vừa ảnh. | Box dòng 40 đã được tự động cắt xén (clip) vừa ảnh. | Box dòng 41 đã được tự động cắt xén (clip) vừa ảnh. | Box dòng 42 đã được tự động cắt xén (clip) vừa ảnh.
Anthracnose,/content/drive/MyDrive/Papaya_Leaf_Disease_Classification/BDPapayaLeaf/Original Images/Anthracnose/Anthracnose(203).jpg,/content/drive/MyDrive/Papaya_Leaf_Disease_Classification/YOLO_Bounding_Box/Anthracnose/Anthracnose(203).txt,Box dòng 1 đã được tự động cắt xén (clip) vừa ảnh. | Box dòng 2 đã được tự động cắt xén (clip) vừa ảnh. | Box dòng 3 đã được tự động cắt xén (clip) vừa ảnh. | Box dòng 4 đã được tự động cắt xén (clip) vừa ảnh. | Box dòng 5 đã được tự động cắt xén (clip) vừa ảnh. | Box dòng 6 đã được tự động cắt xén (clip) vừa ảnh. | Box dòng 7 đã được tự động cắt xén (clip) vừa ảnh. | Box dòng 8 đã được tự động cắt xén (clip) vừa ảnh. | Box dòng 9 đã được tự động cắt xén (clip) vừa ảnh. | Box dòng 10 đã được tự động cắt xén (clip) vừa ảnh. | Box dòng 11 đã được tự động cắt xén (clip) vừa ảnh. | Box dòng 12 đã được tự động cắt xén (clip) vừa ảnh. | Box dòng 13 đã được tự động cắt xén (clip) vừa ảnh. | Box dòng 14 đã được tự động cắt xén (clip) vừa ảnh. | Box dòng 16 đã được tự động cắt xén (clip) vừa ảnh. | Box dòng 17 đã được tự động cắt xén (clip) vừa ảnh. | Box dòng 18 đã được tự động cắt xén (clip) vừa ảnh. | Box dòng 19 đã được tự động cắt xén (clip) vừa ảnh. | Box dòng 20 đã được tự động cắt xén (clip) vừa ảnh. | Box dòng 21 đã được tự động cắt xén (clip) vừa ảnh. | Box dòng 22 đã được tự động cắt xén (clip) vừa ảnh. | Box dòng 23 đã được tự động cắt xén (clip) vừa ảnh. | Box dòng 24 đã được tự động cắt xén (clip) vừa ảnh. | Box dòng 25 đã được tự động cắt xén (clip) vừa ảnh. | Box dòng 26 đã được tự động cắt xén (clip) vừa ảnh.
Anthracnose,/content/drive/MyDrive/Papaya_Leaf_Disease_Classification/BDPapayaLeaf/Original Images/Anthracnose/Anthracnose(204).jpg,/content/drive/MyDrive/Papaya_Leaf_Disease_Classification/YOLO_Bounding_Box/Anthracnose/Anthracnose(204).txt,Box dòng 1 đã được tự động cắt xén (clip) vừa ảnh. | Box dòng 2 đã được tự động cắt xén (clip) vừa ảnh. | Box dòng 3 đã được tự động cắt xén (clip) vừa ảnh. | Box dòng 4 đã được tự động cắt xén (clip) vừa ảnh. | Box dòng 5 đã được tự động cắt xén (clip) vừa ảnh. | Box dòng 6 đã được tự động cắt xén (clip) vừa ảnh. | Box dòng 7 đã được tự động cắt xén (clip) vừa ảnh. | Box dòng 8 đã được tự động cắt xén (clip) vừa ảnh. | Box dòng 9 đã được tự động cắt xén (clip) vừa ảnh. | Box dòng 10 đã được tự động cắt xén (clip) vừa ảnh. | Box dòng 11 đã được tự động cắt xén (clip) vừa ảnh. | Box dòng 12 đã được tự động cắt xén (clip) vừa ảnh. | Box dòng 13 đã được tự động cắt xén (clip) vừa ảnh. | Box dòng 14 đã được tự động cắt xén (clip) vừa ảnh. | Box dòng 15 đã được tự động cắt xén (clip) vừa ảnh. | Box dòng 16 đã được tự động cắt xén (clip) vừa ảnh. | Box dòng 17 đã được tự động cắt xén (clip) vừa ảnh. | Box dòng 18 đã được tự động cắt xén (clip) vừa ảnh. | Box dòng 19 đã được tự động cắt xén (clip) vừa ảnh. | Box dòng 20 đã được tự động cắt xén (clip) vừa ảnh. | Box dòng 21 đã được tự động cắt xén (clip) vừa ảnh. | Box dòng 22 đã được tự động cắt xén (clip) vừa ảnh. | Box dòng 23 đã được tự động cắt xén (clip) vừa ảnh. | Box dòng 24 đã được tự động cắt xén (clip) vừa ảnh. | Box dòng 25 đã được tự động cắt xén (clip) vừa ảnh. | Box dòng 26 đã được tự động cắt xén (clip) vừa ảnh. | Box dòng 27 đã được tự động cắt xén (clip) vừa ảnh. | Box dòng 28 đã được tự động cắt xén (clip) vừa ảnh. | Box dòng 29 đã được tự động cắt xén (clip) vừa ảnh. | Box dòng 30 đã được tự động cắt xén (clip) vừa ảnh. | Box dòng 31 đã được tự động cắt xén (clip) vừa ảnh. | Box dòng 32 đã được tự động cắt xén (clip) vừa ảnh. | Box dòng 33 đã được tự động cắt xén (clip) vừa ảnh.
Anthracnose,/content/drive/MyDrive/Papaya_Leaf_Disease_Classification/BDPapayaLeaf/Original Images/Anthracnose/Anthracnose(205).jpg,/content/drive/MyDrive/Papaya_Leaf_Disease_Classification/YOLO_Bounding_Box/Anthracnose/Anthracnose(205).txt,Box dòng 1 đã được tự động cắt xén (clip) vừa ảnh. | Box dòng 2 đã được tự động cắt xén (clip) vừa ảnh. | Box dòng 3 đã được tự động cắt xén (clip) vừa ảnh. | Box dòng 4 đã được tự động cắt xén (clip) vừa ảnh. | Box dòng 5 đã được tự động cắt xén (clip) vừa ảnh. | Box dòng 6 đã được tự động cắt xén (clip) vừa ảnh. | Box dòng 7 đã được tự động cắt xén (clip) vừa ảnh. | Box dòng 8 đã được tự động cắt xén (clip) vừa ảnh. | Box dòng 9 đã được tự động cắt xén (clip) vừa ảnh. | Box dòng 10 đã được tự động cắt xén (clip) vừa ảnh. | Box dòng 11 đã được tự động cắt xén (clip) vừa ảnh. | Box dòng 12 đã được tự động cắt xén (clip) vừa ảnh. | Box dòng 13 đã được tự động cắt xén (clip) vừa ảnh. | Box dòng 14 đã được tự động cắt xén (clip) vừa ảnh. | Box dòng 15 đã được tự động cắt xén (clip) vừa ảnh. | Box dòng 16 đã được tự động cắt xén (clip) vừa ảnh. | Box dòng 17 đã được tự động cắt xén (clip) vừa ảnh. | Box dòng 18 đã được tự động cắt xén (clip) vừa ảnh. | Box dòng 19 đã được tự động cắt xén (clip) vừa ảnh. | Box dòng 20 đã được tự động cắt xén (clip) vừa ảnh. | Box dòng 21 đã được tự động cắt xén (clip) vừa ảnh. | Box dòng 22 đã được tự động cắt xén (clip) vừa ảnh. | Box dòng 23 đã được tự động cắt xén (clip) vừa ảnh. | Box dòng 24 đã được tự động cắt xén (clip) vừa ảnh. | Box dòng 25 đã được tự động cắt xén (clip) vừa ảnh. | Box dòng 26 đã được tự động cắt xén (clip) vừa ảnh. | Box dòng 27 đã được tự động cắt xén (clip) vừa ảnh. | Box dòng 28 đã được tự động cắt xén (clip) vừa ảnh. | Box dòng 29 đã được tự động cắt xén (clip) vừa ảnh. | Box dòng 30 đã được tự động cắt xén (clip) vừa ảnh. | Box dòng 31 đã được tự động cắt xén (clip) vừa ảnh. | Box dòng 32 đã được tự động cắt xén (clip) vừa ảnh. | Box dòng 33 đã được tự động cắt xén (clip) vừa ảnh. | Box dòng 34 đã được tự động cắt xén (clip) vừa ảnh.
Anthracnose,/content/drive/MyDrive/Papaya_Leaf_Disease_Classification/BDPapayaLeaf/Original Images/Anthracnose/Anthracnose(206).jpg,/content/drive/MyDrive/Papaya_Leaf_Disease_Classification/YOLO_Bounding_Box/Anthracnose/Anthracnose(206).txt,Box dòng 1 đã được tự động cắt xén (clip) vừa ảnh. | Box dòng 2 đã được tự động cắt xén (clip) vừa ảnh. | Box dòng 3 đã được tự động cắt xén (clip) vừa ảnh. | Box dòng 4 đã được tự động cắt xén (clip) vừa ảnh. | Box dòng 5 đã được tự động cắt xén (clip) vừa ảnh. | Box dòng 6 đã được tự động cắt xén (clip) vừa ảnh. | Box dòng 7 đã được tự động cắt xén (clip) vừa ảnh. | Box dòng 8 đã được tự động cắt xén (clip) vừa ảnh. | Box dòng 9 đã được tự động cắt xén (clip) vừa ảnh. | Box dòng 10 đã được tự động cắt xén (clip) vừa ảnh. | Box dòng 11 đã được tự động cắt xén (clip) vừa ảnh. | Box dòng 12 đã được tự động cắt xén (clip) vừa ảnh. | Box dòng 13 đã được tự động cắt xén (clip) vừa ảnh. | Box dòng 14 đã được tự động cắt xén (clip) vừa ảnh. | Box dòng 15 đã được tự động cắt xén (clip) vừa ảnh. | Box dòng 16 đã được tự động cắt xén (clip) vừa ảnh. | Box dòng 17 đã được tự động cắt xén (clip) vừa ảnh. | Box dòng 18 đã được tự động cắt xén (clip) vừa ảnh. | Box dòng 19 đã được tự động cắt xén (clip) vừa ảnh. | Box dòng 20 đã được tự động cắt xén (clip) vừa ảnh. | Box dòng 21 đã được tự động cắt xén (clip) vừa ảnh. | Box dòng 22 đã được tự động cắt xén (clip) vừa ảnh. | Box dòng 23 đã được tự động cắt xén (clip) vừa ảnh. | Box dòng 24 đã được tự động cắt xén (clip) vừa ảnh. | Box dòng 25 đã được tự động cắt xén (clip) vừa ảnh. | Box dòng 26 đã được tự động cắt xén (clip) vừa ảnh. | Box dòng 27 đã được tự động cắt xén (clip) vừa ảnh. | Box dòng 28 đã được tự động cắt xén (clip) vừa ảnh. | Box dòng 29 đã được tự động cắt xén (clip) vừa ảnh. | Box dòng 30 đã được tự động cắt xén (clip) vừa ảnh. | Box dòng 31 đã được tự động cắt xén (clip) vừa ảnh. | Box dòng 32 đã được tự động cắt xén (clip) vừa ảnh. | Box dòng 33 đã được tự động cắt xén (clip) vừa ảnh. | Box dòng 34 đã được tự động cắt xén (clip) vừa ảnh.
Anthracnose,/content/drive/MyDrive/Papaya_Leaf_Disease_Classification/BDPapayaLeaf/Original Images/Anthracnose/Anthracnose(207).jpg,/content/drive/MyDrive/Papaya_Leaf_Disease_Classification/YOLO_Bounding_Box/Anthracnose/Anthracnose(207).txt,Box dòng 1 đã được tự động cắt xén (clip) vừa ảnh. | Box dòng 2 đã được tự động cắt xén (clip) vừa ảnh. | Box dòng 3 đã được tự động cắt xén (clip) vừa ảnh. | Box dòng 4 đã được tự động cắt xén (clip) vừa ảnh. | Box dòng 5 đã được tự động cắt xén (clip) vừa ảnh. | Box dòng 6 đã được tự động cắt xén (clip) vừa ảnh. | Box dòng 7 đã được tự động cắt xén (clip) vừa ảnh. | Box dòng 8 đã được tự động cắt xén (clip) vừa ảnh. | Box dòng 9 đã được tự động cắt xén (clip) vừa ảnh. | Box dòng 10 đã được tự động cắt xén (clip) vừa ảnh. | Box dòng 11 đã được tự động cắt xén (clip) vừa ảnh. | Box dòng 12 đã được tự động cắt xén (clip) vừa ảnh. | Box dòng 13 đã được tự động cắt xén (clip) vừa ảnh. | Box dòng 14 đã được tự động cắt xén (clip) vừa ảnh. | Box dòng 15 đã được tự động cắt xén (clip) vừa ảnh. | Box dòng 16 đã được tự động cắt xén (clip) vừa ảnh. | Box dòng 17 đã được tự động cắt xén (clip) vừa ảnh. | Box dòng 18 đã được tự động cắt xén (clip) vừa ảnh. | Box dòng 19 đã được tự động cắt xén (clip) vừa ảnh. | Box dòng 20 đã được tự động cắt xén (clip) vừa ảnh. | Box dòng 21 đã được tự động cắt xén (clip) vừa ảnh. | Box dòng 22 đã được tự động cắt xén (clip) vừa ảnh. | Box dòng 23 đã được tự động cắt xén (clip) vừa ảnh. | Box dòng 24 đã được tự động cắt xén (clip) vừa ảnh. | Box dòng 25 đã được tự động cắt xén (clip) vừa ảnh. | Box dòng 26 đã được tự động cắt xén (clip) vừa ảnh. | Box dòng 27 đã được tự động cắt xén (clip) vừa ảnh. | Box dòng 28 đã được tự động cắt xén (clip) vừa ảnh. | Box dòng 29 đã được tự động cắt xén (clip) vừa ảnh. | Box dòng 30 đã được tự động cắt xén (clip) vừa ảnh. | Box dòng 31 đã được tự động cắt xén (clip) vừa ảnh. | Box dòng 32 đã được tự động cắt xén (clip) vừa ảnh. | Box dòng 33 đã được tự động cắt xén (clip) vừa ảnh.
Anthracnose,/content/drive/MyDrive/Papaya_Leaf_Disease_Classification/BDPapayaLeaf/Original Images/Anthracnose/Anthracnose(208).jpg,/content/drive/MyDrive/Papaya_Leaf_Disease_Classification/YOLO_Bounding_Box/Anthracnose/Anthracnose(208).txt,Box dòng 1 đã được tự động cắt xén (clip) vừa ảnh. | Box dòng 2 đã được tự động cắt xén (clip) vừa ảnh.
Anthracnose,/content/drive/MyDrive/Papaya_Leaf_Disease_Classification/BDPapayaLeaf/Original Images/Anthracnose/Anthracnose(209).jpg,/content/drive/MyDrive/Papaya_Leaf_Disease_Classification/YOLO_Bounding_Box/Anthracnose/Anthracnose(209).txt,Box dòng 1 đã được tự động cắt xén (clip) vừa ảnh. | Box dòng 2 đã được tự động cắt xén (clip) vừa ảnh. | Box dòng 3 đã được tự động cắt xén (clip) vừa ảnh. | Box dòng 4 đã được tự động cắt xén (clip) vừa ảnh. | Box dòng 5 đã được tự động cắt xén (clip) vừa ảnh. | Box dòng 6 đã được tự động cắt xén (clip) vừa ảnh.
Anthracnose,/content/drive/MyDrive/Papaya_Leaf_Disease_Classification/BDPapayaLeaf/Original Images/Anthracnose/Anthracnose(21).jpg,/content/drive/MyDrive/Papaya_Leaf_Disease_Classification/YOLO_Bounding_Box/Anthracnose/Anthracnose(21).txt,Box dòng 1 đã được tự động cắt xén (clip) vừa ảnh. | Box dòng 2 đã được tự động cắt xén (clip) vừa ảnh. | Box dòng 3 đã được tự động cắt xén (clip) vừa ảnh. | Box dòng 4 đã được tự động cắt xén (clip) vừa ảnh. | Box dòng 5 đã được tự động cắt xén (clip) vừa ảnh. | Box dòng 6 đã được tự động cắt xén (clip) vừa ảnh. | Box dòng 7 đã được tự động cắt xén (clip) vừa ảnh. | Box dòng 8 đã được tự động cắt xén (clip) vừa ảnh. | Box dòng 9 đã được tự động cắt xén (clip) vừa ảnh. | Box dòng 10 đã được tự động cắt xén (clip) vừa ảnh. | Box dòng 11 đã được tự động cắt xén (clip) vừa ảnh. | Box dòng 12 đã được tự động cắt xén (clip) vừa ảnh. | Box dòng 13 đã được tự động cắt xén (clip) vừa ảnh. | Box dòng 14 đã được tự động cắt xén (clip) vừa ảnh. | Box dòng 15 đã được tự động cắt xén (clip) vừa ảnh. | Box dòng 16 đã được tự động cắt xén (clip) vừa ảnh.
Anthracnose,/content/drive/MyDrive/Papaya_Leaf_Disease_Classification/BDPapayaLeaf/Original Images/Anthracnose/Anthracnose(210).jpg,/content/drive/MyDrive/Papaya_Leaf_Disease_Classification/YOLO_Bounding_Box/Anthracnose/Anthracnose(210).txt,Box dòng 1 đã được tự động cắt xén (clip) vừa ảnh. | Box dòng 2 đã được tự động cắt xén (clip) vừa ảnh. | Box dòng 3 đã được tự động cắt xén (clip) vừa ảnh. | Box dòng 4 đã được tự động cắt xén (clip) vừa ảnh. | Box dòng 5 đã được tự động cắt xén (clip) vừa ảnh. | Box dòng 6 đã được tự động cắt xén (clip) vừa ảnh. | Box dòng 7 đã được tự động cắt xén (clip) vừa ảnh. | Box dòng 8 đã được tự động cắt xén (clip) vừa ảnh. | Box dòng 9 đã được tự động cắt xén (clip) vừa ảnh. | Box dòng 10 đã được tự động cắt xén (clip) vừa ảnh.
Anthracnose,/content/drive/MyDrive/Papaya_Leaf_Disease_Classification/BDPapayaLeaf/Original Images/Anthracnose/Anthracnose(211).jpg,/content/drive/MyDrive/Papaya_Leaf_Disease_Classification/YOLO_Bounding_Box/Anthracnose/Anthracnose(211).txt,Box dòng 1 đã được tự động cắt xén (clip) vừa ảnh. | Box dòng 2 đã được tự động cắt xén (clip) vừa ảnh. | Box dòng 3 đã được tự động cắt xén (clip) vừa ảnh. | Box dòng 4 đã được tự động cắt xén (clip) vừa ảnh. | Box dòng 5 đã được tự động cắt xén (clip) vừa ảnh.
Anthracnose,/content/drive/MyDrive/Papaya_Leaf_Disease_Classification/BDPapayaLeaf/Original Images/Anthracnose/Anthracnose(212).jpg,/content/drive/MyDrive/Papaya_Leaf_Disease_Classification/YOLO_Bounding_Box/Anthracnose/Anthracnose(212).txt,Box dòng 1 đã được tự động cắt xén (clip) vừa ảnh. | Box dòng 2 đã được tự động cắt xén (clip) vừa ảnh. | Box dòng 3 đã được tự động cắt xén (clip) vừa ảnh. | Box dòng 4 đã được tự động cắt xén (clip) vừa ảnh. | Box dòng 5 đã được tự động cắt xén (clip) vừa ảnh. | Box dòng 6 đã được tự động cắt xén (clip) vừa ảnh. | Box dòng 7 đã được tự động cắt xén (clip) vừa ảnh. | Box dòng 8 đã được tự động cắt xén (clip) vừa ảnh. | Box dòng 9 đã được tự động cắt xén (clip) vừa ảnh. | Box dòng 10 đã được tự động cắt xén (clip) vừa ảnh. | Box dòng 11 đã được tự động cắt xén (clip) vừa ảnh.
Anthracnose,/content/drive/MyDrive/Papaya_Leaf_Disease_Classification/BDPapayaLeaf/Original Images/Anthracnose/Anthracnose(213).jpg,/content/drive/MyDrive/Papaya_Leaf_Disease_Classification/YOLO_Bounding_Box/Anthracnose/Anthracnose(213).txt,Box dòng 1 đã được tự động cắt xén (clip) vừa ảnh. | Box dòng 2 đã được tự động cắt xén (clip) vừa ảnh. | Box dòng 3 đã được tự động cắt xén (clip) vừa ảnh. | Box dòng 4 đã được tự động cắt xén (clip) vừa ảnh. | Box dòng 5 đã được tự động cắt xén (clip) vừa ảnh. | Box dòng 6 đã được tự động cắt xén (clip) vừa ảnh. | Box dòng 7 đã được tự động cắt xén (clip) vừa ảnh. | Box dòng 8 đã được tự động cắt xén (clip) vừa ảnh. | Box dòng 9 đã được tự động cắt xén (clip) vừa ảnh. | Box dòng 10 đã được tự động cắt xén (clip) vừa ảnh. | Box dòng 11 đã được tự động cắt xén (clip) vừa ảnh. | Box dòng 12 đã được tự động cắt xén (clip) vừa ảnh. | Box dòng 13 đã được tự động cắt xén (clip) vừa ảnh. | Box dòng 14 đã được tự động cắt xén (clip) vừa ảnh. | Box dòng 15 đã được tự động cắt xén (clip) vừa ảnh.
Anthracnose,/content/drive/MyDrive/Papaya_Leaf_Disease_Classification/BDPapayaLeaf/Original Images/Anthracnose/Anthracnose(214).jpg,/content/drive/MyDrive/Papaya_Leaf_Disease_Classification/YOLO_Bounding_Box/Anthracnose/Anthracnose(214).txt,Box dòng 1 đã được tự động cắt xén (clip) vừa ảnh. | Box dòng 2 đã được tự động cắt xén (clip) vừa ảnh. | Box dòng 3 đã được tự động cắt xén (clip) vừa ảnh. | Box dòng 4 đã được tự động cắt xén (clip) vừa ảnh. | Box dòng 5 đã được tự động cắt xén (clip) vừa ảnh. | Box dòng 6 đã được tự động cắt xén (clip) vừa ảnh. | Box dòng 7 đã được tự động cắt xén (clip) vừa ảnh. | Box dòng 8 đã được tự động cắt xén (clip) vừa ảnh. | Box dòng 9 đã được tự động cắt xén (clip) vừa ảnh. | Box dòng 10 đã được tự động cắt xén (clip) vừa ảnh. | Box dòng 11 đã được tự động cắt xén (clip) vừa ảnh.
Anthracnose,/content/drive/MyDrive/Papaya_Leaf_Disease_Classification/BDPapayaLeaf/Original Images/Anthracnose/Anthracnose(215).jpg,/content/drive/MyDrive/Papaya_Leaf_Disease_Classification/YOLO_Bounding_Box/Anthracnose/Anthracnose(215).txt,Box dòng 1 đã được tự động cắt xén (clip) vừa ảnh. | Box dòng 2 đã được tự động cắt xén (clip) vừa ảnh. | Box dòng 3 đã được tự động cắt xén (clip) vừa ảnh. | Box dòng 4 đã được tự động cắt xén (clip) vừa ảnh. | Box dòng 5 đã được tự động cắt xén (clip) vừa ảnh. | Box dòng 6 đã được tự động cắt xén (clip) vừa ảnh. | Box dòng 7 đã được tự động cắt xén (clip) vừa ảnh. | Box dòng 8 đã được tự động cắt xén (clip) vừa ảnh. | Box dòng 9 đã được tự động cắt xén (clip) vừa ảnh. | Box dòng 10 đã được tự động cắt xén (clip) vừa ảnh. | Box dòng 11 đã được tự động cắt xén (clip) vừa ảnh. | Box dòng 12 đã được tự động cắt xén (clip) vừa ảnh. | Box dòng 13 đã được tự động cắt xén (clip) vừa ảnh. | Box dòng 14 đã được tự động cắt xén (clip) vừa ảnh. | Box dòng 15 đã được tự động cắt xén (clip) vừa ảnh. | Box dòng 16 đã được tự động cắt xén (clip) vừa ảnh. | Box dòng 17 đã được tự động cắt xén (clip) vừa ảnh. | Box dòng 18 đã được tự động cắt xén (clip) vừa ảnh. | Box dòng 19 đã được tự động cắt xén (clip) vừa ảnh. | Box dòng 20 đã được tự động cắt xén (clip) vừa ảnh. | Box dòng 21 đã được tự động cắt xén (clip) vừa ảnh.
Anthracnose,/content/drive/MyDrive/Papaya_Leaf_Disease_Classification/BDPapayaLeaf/Original Images/Anthracnose/Anthracnose(216).jpg,/content/drive/MyDrive/Papaya_Leaf_Disease_Classification/YOLO_Bounding_Box/Anthracnose/Anthracnose(216).txt,Box dòng 1 đã được tự động cắt xén (clip) vừa ảnh. | Box dòng 2 đã được tự động cắt xén (clip) vừa ảnh. | Box dòng 3 đã được tự động cắt xén (clip) vừa ảnh. | Box dòng 4 đã được tự động cắt xén (clip) vừa ảnh. | Box dòng 5 đã được tự động cắt xén (clip) vừa ảnh. | Box dòng 6 đã được tự động cắt xén (clip) vừa ảnh. | Box dòng 7 đã được tự động cắt xén (clip) vừa ảnh. | Box dòng 8 đã được tự động cắt xén (clip) vừa ảnh. | Box dòng 9 đã được tự động cắt xén (clip) vừa ảnh. | Box dòng 10 đã được tự động cắt xén (clip) vừa ảnh. | Box dòng 11 đã được tự động cắt xén (clip) vừa ảnh. | Box dòng 12 đã được tự động cắt xén (clip) vừa ảnh. | Box dòng 13 đã được tự động cắt xén (clip) vừa ảnh. | Box dòng 14 đã được tự động cắt xén (clip) vừa ảnh. | Box dòng 15 đã được tự động cắt xén (clip) vừa ảnh. | Box dòng 16 đã được tự động cắt xén (clip) vừa ảnh. | Box dòng 17 đã được tự động cắt xén (clip) vừa ảnh. | Box dòng 18 đã được tự động cắt xén (clip) vừa ảnh. | Box dòng 19 đã được tự động cắt xén (clip) vừa ảnh. | Box dòng 20 đã được tự động cắt xén (clip) vừa ảnh. | Box dòng 21 đã được tự động cắt xén (clip) vừa ảnh. | Box dòng 22 đã được tự động cắt xén (clip) vừa ảnh. | Box dòng 23 đã được tự động cắt xén (clip) vừa ảnh. | Box dòng 24 đã được tự động cắt xén (clip) vừa ảnh. | Box dòng 25 đã được tự động cắt xén (clip) vừa ảnh. | Box dòng 26 đã được tự động cắt xén (clip) vừa ảnh. | Box dòng 27 đã được tự động cắt xén (clip) vừa ảnh. | Box dòng 28 đã được tự động cắt xén (clip) vừa ảnh. | Box dòng 29 đã được tự động cắt xén (clip) vừa ảnh. | Box dòng 30 đã được tự động cắt xén (clip) vừa ảnh. | Box dòng 31 đã được tự động cắt xén (clip) vừa ảnh. | Box dòng 32 đã được tự động cắt xén (clip) vừa ảnh. | Box dòng 33 đã được tự động cắt xén (clip) vừa ảnh. | Box dòng 34 đã được tự động cắt xén (clip) vừa ảnh. | Box dòng 35 đã được tự động cắt xén (clip) vừa ảnh.
Anthracnose,/content/drive/MyDrive/Papaya_Leaf_Disease_Classification/BDPapayaLeaf/Original Images/Anthracnose/Anthracnose(217).jpg,/content/drive/MyDrive/Papaya_Leaf_Disease_Classification/YOLO_Bounding_Box/Anthracnose/Anthracnose(217).txt,Box dòng 1 đã được tự động cắt xén (clip) vừa ảnh. | Box dòng 2 đã được tự động cắt xén (clip) vừa ảnh. | Box dòng 3 đã được tự động cắt xén (clip) vừa ảnh. | Box dòng 4 đã được tự động cắt xén (clip) vừa ảnh. | Box dòng 5 đã được tự động cắt xén (clip) vừa ảnh. | Box dòng 6 đã được tự động cắt xén (clip) vừa ảnh. | Box dòng 7 đã được tự động cắt xén (clip) vừa ảnh. | Box dòng 8 đã được tự động cắt xén (clip) vừa ảnh.
Anthracnose,/content/drive/MyDrive/Papaya_Leaf_Disease_Classification/BDPapayaLeaf/Original Images/Anthracnose/Anthracnose(218).jpg,/content/drive/MyDrive/Papaya_Leaf_Disease_Classification/YOLO_Bounding_Box/Anthracnose/Anthracnose(218).txt,Box dòng 1 đã được tự động cắt xén (clip) vừa ảnh. | Box dòng 2 đã được tự động cắt xén (clip) vừa ảnh. | Box dòng 3 đã được tự động cắt xén (clip) vừa ảnh. | Box dòng 4 đã được tự động cắt xén (clip) vừa ảnh.
Anthracnose,/content/drive/MyDrive/Papaya_Leaf_Disease_Classification/BDPapayaLeaf/Original Images/Anthracnose/Anthracnose(219).jpg,/content/drive/MyDrive/Papaya_Leaf_Disease_Classification/YOLO_Bounding_Box/Anthracnose/Anthracnose(219).txt,Box dòng 1 đã được tự động cắt xén (clip) vừa ảnh. | Box dòng 2 đã được tự động cắt xén (clip) vừa ảnh.
Anthracnose,/content/drive/MyDrive/Papaya_Leaf_Disease_Classification/BDPapayaLeaf/Original Images/Anthracnose/Anthracnose(22).jpg,/content/drive/MyDrive/Papaya_Leaf_Disease_Classification/YOLO_Bounding_Box/Anthracnose/Anthracnose(22).txt,Box dòng 1 đã được tự động cắt xén (clip) vừa ảnh. | Box dòng 2 đã được tự động cắt xén (clip) vừa ảnh. | Box dòng 3 đã được tự động cắt xén (clip) vừa ảnh. | Box dòng 4 đã được tự động cắt xén (clip) vừa ảnh. | Box dòng 5 đã được tự động cắt xén (clip) vừa ảnh. | Box dòng 6 đã được tự động cắt xén (clip) vừa ảnh. | Box dòng 7 đã được tự động cắt xén (clip) vừa ảnh. | Box dòng 8 đã được tự động cắt xén (clip) vừa ảnh.
Anthracnose,/content/drive/MyDrive/Papaya_Leaf_Disease_Classification/BDPapayaLeaf/Original Images/Anthracnose/Anthracnose(220).jpg,/content/drive/MyDrive/Papaya_Leaf_Disease_Classification/YOLO_Bounding_Box/Anthracnose/Anthracnose(220).txt,Box dòng 1 đã được tự động cắt xén (clip) vừa ảnh. | Box dòng 2 đã được tự động cắt xén (clip) vừa ảnh. | Box dòng 3 đã được tự động cắt xén (clip) vừa ảnh. | Box dòng 4 đã được tự động cắt xén (clip) vừa ảnh. | Box dòng 5 đã được tự động cắt xén (clip) vừa ảnh. | Box dòng 6 đã được tự động cắt xén (clip) vừa ảnh. | Box dòng 7 đã được tự động cắt xén (clip) vừa ảnh. | Box dòng 8 đã được tự động cắt xén (clip) vừa ảnh. | Box dòng 9 đã được tự động cắt xén (clip) vừa ảnh. | Box dòng 10 đã được tự động cắt xén (clip) vừa ảnh. | Box dòng 11 đã được tự động cắt xén (clip) vừa ảnh.
Anthracnose,/content/drive/MyDrive/Papaya_Leaf_Disease_Classification/BDPapayaLeaf/Original Images/Anthracnose/Anthracnose(221).jpg,/content/drive/MyDrive/Papaya_Leaf_Disease_Classification/YOLO_Bounding_Box/Anthracnose/Anthracnose(221).txt,Box dòng 1 đã được tự động cắt xén (clip) vừa ảnh. | Box dòng 2 đã được tự động cắt xén (clip) vừa ảnh. | Box dòng 3 đã được tự động cắt xén (clip) vừa ảnh. | Box dòng 4 đã được tự động cắt xén (clip) vừa ảnh. | Box dòng 5 đã được tự động cắt xén (clip) vừa ảnh. | Box dòng 6 đã được tự động cắt xén (clip) vừa ảnh. | Box dòng 7 đã được tự động cắt xén (clip) vừa ảnh. | Box dòng 8 đã được tự động cắt xén (clip) vừa ảnh. | Box dòng 9 đã được tự động cắt xén (clip) vừa ảnh. | Box dòng 10 đã được tự động cắt xén (clip) vừa ảnh. | Box dòng 11 đã được tự động cắt xén (clip) vừa ảnh.
Anthracnose,/content/drive/MyDrive/Papaya_Leaf_Disease_Classification/BDPapayaLeaf/Original Images/Anthracnose/Anthracnose(222).jpg,/content/drive/MyDrive/Papaya_Leaf_Disease_Classification/YOLO_Bounding_Box/Anthracnose/Anthracnose(222).txt,Box dòng 1 đã được tự động cắt xén (clip) vừa ảnh. | Box dòng 2 đã được tự động cắt xén (clip) vừa ảnh. | Box dòng 3 đã được tự động cắt xén (clip) vừa ảnh. | Box dòng 4 đã được tự động cắt xén (clip) vừa ảnh. | Box dòng 5 đã được tự động cắt xén (clip) vừa ảnh. | Box dòng 6 đã được tự động cắt xén (clip) vừa ảnh. | Box dòng 7 đã được tự động cắt xén (clip) vừa ảnh. | Box dòng 8 đã được tự động cắt xén (clip) vừa ảnh. | Box dòng 9 đã được tự động cắt xén (clip) vừa ảnh. | Box dòng 10 đã được tự động cắt xén (clip) vừa ảnh. | Box dòng 11 đã được tự động cắt xén (clip) vừa ảnh.
Anthracnose,/content/drive/MyDrive/Papaya_Leaf_Disease_Classification/BDPapayaLeaf/Original Images/Anthracnose/Anthracnose(223).jpg,/content/drive/MyDrive/Papaya_Leaf_Disease_Classification/YOLO_Bounding_Box/Anthracnose/Anthracnose(223).txt,Box dòng 1 đã được tự động cắt xén (clip) vừa ảnh. | Box dòng 2 đã được tự động cắt xén (clip) vừa ảnh. | Box dòng 3 đã được tự động cắt xén (clip) vừa ảnh. | Box dòng 4 đã được tự động cắt xén (clip) vừa ảnh. | Box dòng 5 đã được tự động cắt xén (clip) vừa ảnh. | Box dòng 6 đã được tự động cắt xén (clip) vừa ảnh. | Box dòng 7 đã được tự động cắt xén (clip) vừa ảnh. | Box dòng 8 đã được tự động cắt xén (clip) vừa ảnh. | Box dòng 9 đã được tự động cắt xén (clip) vừa ảnh. | Box dòng 10 đã được tự động cắt xén (clip) vừa ảnh. | Box dòng 11 đã được tự động cắt xén (clip) vừa ảnh. | Box dòng 12 đã được tự động cắt xén (clip) vừa ảnh. | Box dòng 13 đã được tự động cắt xén (clip) vừa ảnh. | Box dòng 14 đã được tự động cắt xén (clip) vừa ảnh. | Box dòng 15 đã được tự động cắt xén (clip) vừa ảnh. | Box dòng 16 đã được tự động cắt xén (clip) vừa ảnh. | Box dòng 17 đã được tự động cắt xén (clip) vừa ảnh. | Box dòng 18 đã được tự động cắt xén (clip) vừa ảnh. | Box dòng 19 đã được tự động cắt xén (clip) vừa ảnh. | Box dòng 20 đã được tự động cắt xén (clip) vừa ảnh. | Box dòng 21 đã được tự động cắt xén (clip) vừa ảnh. | Box dòng 22 đã được tự động cắt xén (clip) vừa ảnh. | Box dòng 23 đã được tự động cắt xén (clip) vừa ảnh. | Box dòng 24 đã được tự động cắt xén (clip) vừa ảnh. | Box dòng 25 đã được tự động cắt xén (clip) vừa ảnh. | Box dòng 26 đã được tự động cắt xén (clip) vừa ảnh. | Box dòng 27 đã được tự động cắt xén (clip) vừa ảnh. | Box dòng 28 đã được tự động cắt xén (clip) vừa ảnh. | Box dòng 29 đã được tự động cắt xén (clip) vừa ảnh. | Box dòng 30 đã được tự động cắt xén (clip) vừa ảnh. | Box dòng 31 đã được tự động cắt xén (clip) vừa ảnh. | Box dòng 32 đã được tự động cắt xén (clip) vừa ảnh. | Box dòng 33 đã được tự động cắt xén (clip) vừa ảnh. | Box dòng 34 đã được tự động cắt xén (clip) vừa ảnh. | Box dòng 35 đã được tự động cắt xén (clip) vừa ảnh.
Anthracnose,/content/drive/MyDrive/Papaya_Leaf_Disease_Classification/BDPapayaLeaf/Original Images/Anthracnose/Anthracnose(224).jpg,/content/drive/MyDrive/Papaya_Leaf_Disease_Classification/YOLO_Bounding_Box/Anthracnose/Anthracnose(224).txt,Box dòng 1 đã được tự động cắt xén (clip) vừa ảnh. | Box dòng 2 đã được tự động cắt xén (clip) vừa ảnh. | Box dòng 3 đã được tự động cắt xén (clip) vừa ảnh. | Box dòng 4 đã được tự động cắt xén (clip) vừa ảnh. | Box dòng 5 đã được tự động cắt xén (clip) vừa ảnh. | Box dòng 6 đã được tự động cắt xén (clip) vừa ảnh. | Box dòng 7 đã được tự động cắt xén (clip) vừa ảnh. | Box dòng 8 đã được tự động cắt xén (clip) vừa ảnh. | Box dòng 9 đã được tự động cắt xén (clip) vừa ảnh. | Box dòng 10 đã được tự động cắt xén (clip) vừa ảnh. | Box dòng 11 đã được tự động cắt xén (clip) vừa ảnh.
Anthracnose,/content/drive/MyDrive/Papaya_Leaf_Disease_Classification/BDPapayaLeaf/Original Images/Anthracnose/Anthracnose(225).jpg,/content/drive/MyDrive/Papaya_Leaf_Disease_Classification/YOLO_Bounding_Box/Anthracnose/Anthracnose(225).txt,Box dòng 1 đã được tự động cắt xén (clip) vừa ảnh. | Box dòng 2 đã được tự động cắt xén (clip) vừa ảnh. | Box dòng 3 đã được tự động cắt xén (clip) vừa ảnh. | Box dòng 4 đã được tự động cắt xén (clip) vừa ảnh. | Box dòng 5 đã được tự động cắt xén (clip) vừa ảnh. | Box dòng 6 đã được tự động cắt xén (clip) vừa ảnh. | Box dòng 7 đã được tự động cắt xén (clip) vừa ảnh. | Box dòng 8 đã được tự động cắt xén (clip) vừa ảnh. | Box dòng 9 đã được tự động cắt xén (clip) vừa ảnh. | Box dòng 10 đã được tự động cắt xén (clip) vừa ảnh. | Box dòng 11 đã được tự động cắt xén (clip) vừa ảnh. | Box dòng 12 đã được tự động cắt xén (clip) vừa ảnh. | Box dòng 13 đã được tự động cắt xén (clip) vừa ảnh. | Box dòng 14 đã được tự động cắt xén (clip) vừa ảnh. | Box dòng 15 đã được tự động cắt xén (clip) vừa ảnh. | Box dòng 16 đã được tự động cắt xén (clip) vừa ảnh. | Box dòng 17 đã được tự động cắt xén (clip) vừa ảnh. | Box dòng 19 đã được tự động cắt xén (clip) vừa ảnh. | Box dòng 20 đã được tự động cắt xén (clip) vừa ảnh. | Box dòng 21 đã được tự động cắt xén (clip) vừa ảnh. | Box dòng 22 đã được tự động cắt xén (clip) vừa ảnh. | Box dòng 23 đã được tự động cắt xén (clip) vừa ảnh. | Box dòng 24 đã được tự động cắt xén (clip) vừa ảnh. | Box dòng 25 đã được tự động cắt xén (clip) vừa ảnh. | Box dòng 26 đã được tự động cắt xén (clip) vừa ảnh. | Box dòng 27 đã được tự động cắt xén (clip) vừa ảnh. | Box dòng 28 đã được tự động cắt xén (clip) vừa ảnh. | Box dòng 29 đã được tự động cắt xén (clip) vừa ảnh. | Box dòng 30 đã được tự động cắt xén (clip) vừa ảnh. | Box dòng 31 đã được tự động cắt xén (clip) vừa ảnh. | Box dòng 32 đã được tự động cắt xén (clip) vừa ảnh. | Box dòng 33 đã được tự động cắt xén (clip) vừa ảnh. | Box dòng 34 đã được tự động cắt xén (clip) vừa ảnh. | Box dòng 35 đã được tự động cắt xén (clip) vừa ảnh. | Box dòng 36 đã được tự động cắt xén (clip) vừa ảnh. | Box dòng 37 đã được tự động cắt xén (clip) vừa ảnh. | Box dòng 38 đã được tự động cắt xén (clip) vừa ảnh. | Box dòng 39 đã được tự động cắt xén (clip) vừa ảnh. | Box dòng 40 đã được tự động cắt xén (clip) vừa ảnh. | Box dòng 41 đã được tự động cắt xén (clip) vừa ảnh. | Box dòng 42 đã được tự động cắt xén (clip) vừa ảnh. | Box dòng 43 đã được tự động cắt xén (clip) vừa ảnh. | Box dòng 44 đã được tự động cắt xén (clip) vừa ảnh. | Box dòng 45 đã được tự động cắt xén (clip) vừa ảnh. | Box dòng 46 đã được tự động cắt xén (clip) vừa ảnh. | Box dòng 47 đã được tự động cắt xén (clip) vừa ảnh. | Box dòng 48 đã được tự động cắt xén (clip) vừa ảnh. | Box dòng 49 đã được tự động cắt xén (clip) vừa ảnh. | Box dòng 50 đã được tự động cắt xén (clip) vừa ảnh. | Box dòng 51 đã được tự động cắt xén (clip) vừa ảnh. | Box dòng 52 đã được tự động cắt xén (clip) vừa ảnh. | Box dòng 53 đã được tự động cắt xén (clip) vừa ảnh.
Anthracnose,/content/drive/MyDrive/Papaya_Leaf_Disease_Classification/BDPapayaLeaf/Original Images/Anthracnose/Anthracnose(226).jpg,/content/drive/MyDrive/Papaya_Leaf_Disease_Classification/YOLO_Bounding_Box/Anthracnose/Anthracnose(226).txt,Box dòng 1 đã được tự động cắt xén (clip) vừa ảnh. | Box dòng 2 đã được tự động cắt xén (clip) vừa ảnh. | Box dòng 3 đã được tự động cắt xén (clip) vừa ảnh. | Box dòng 4 đã được tự động cắt xén (clip) vừa ảnh. | Box dòng 5 đã được tự động cắt xén (clip) vừa ảnh. | Box dòng 6 đã được tự động cắt xén (clip) vừa ảnh. | Box dòng 7 đã được tự động cắt xén (clip) vừa ảnh. | Box dòng 8 đã được tự động cắt xén (clip) vừa ảnh. | Box dòng 9 đã được tự động cắt xén (clip) vừa ảnh. | Box dòng 10 đã được tự động cắt xén (clip) vừa ảnh. | Box dòng 11 đã được tự động cắt xén (clip) vừa ảnh. | Box dòng 12 đã được tự động cắt xén (clip) vừa ảnh. | Box dòng 13 đã được tự động cắt xén (clip) vừa ảnh. | Box dòng 14 đã được tự động cắt xén (clip) vừa ảnh. | Box dòng 15 đã được tự động cắt xén (clip) vừa ảnh. | Box dòng 16 đã được tự động cắt xén (clip) vừa ảnh. | Box dòng 17 đã được tự động cắt xén (clip) vừa ảnh. | Box dòng 18 đã được tự động cắt xén (clip) vừa ảnh. | Box dòng 19 đã được tự động cắt xén (clip) vừa ảnh. | Box dòng 20 đã được tự động cắt xén (clip) vừa ảnh. | Box dòng 21 đã được tự động cắt xén (clip) vừa ảnh. | Box dòng 22 đã được tự động cắt xén (clip) vừa ảnh. | Box dòng 23 đã được tự động cắt xén (clip) vừa ảnh. | Box dòng 24 đã được tự động cắt xén (clip) vừa ảnh. | Box dòng 25 đã được tự động cắt xén (clip) vừa ảnh. | Box dòng 26 đã được tự động cắt xén (clip) vừa ảnh. | Box dòng 27 đã được tự động cắt xén (clip) vừa ảnh. | Box dòng 28 đã được tự động cắt xén (clip) vừa ảnh. | Box dòng 29 đã được tự động cắt xén (clip) vừa ảnh. | Box dòng 30 đã được tự động cắt xén (clip) vừa ảnh. | Box dòng 31 đã được tự động cắt xén (clip) vừa ảnh. | Box dòng 32 đã được tự động cắt xén (clip) vừa ảnh. | Box dòng 33 đã được tự động cắt xén (clip) vừa ảnh. | Box dòng 34 đã được tự động cắt xén (clip) vừa ảnh. | Box dòng 35 đã được tự động cắt xén (clip) vừa ảnh. | Box dòng 36 đã được tự động cắt xén (clip) vừa ảnh. | Box dòng 37 đã được tự động cắt xén (clip) vừa ảnh. | Box dòng 38 đã được tự động cắt xén (clip) vừa ảnh. | Box dòng 39 đã được tự động cắt xén (clip) vừa ảnh. | Box dòng 40 đã được tự động cắt xén (clip) vừa ảnh. | Box dòng 41 đã được tự động cắt xén (clip) vừa ảnh. | Box dòng 42 đã được tự động cắt xén (clip) vừa ảnh. | Box dòng 43 đã được tự động cắt xén (clip) vừa ảnh. | Box dòng 44 đã được tự động cắt xén (clip) vừa ảnh. | Box dòng 45 đã được tự động cắt xén (clip) vừa ảnh. | Box dòng 46 đã được tự động cắt xén (clip) vừa ảnh. | Box dòng 47 đã được tự động cắt xén (clip) vừa ảnh. | Box dòng 48 đã được tự động cắt xén (clip) vừa ảnh. | Box dòng 49 đã được tự động cắt xén (clip) vừa ảnh. | Box dòng 50 đã được tự động cắt xén (clip) vừa ảnh.
Anthracnose,/content/drive/MyDrive/Papaya_Leaf_Disease_Classification/BDPapayaLeaf/Original Images/Anthracnose/Anthracnose(227).jpg,/content/drive/MyDrive/Papaya_Leaf_Disease_Classification/YOLO_Bounding_Box/Anthracnose/Anthracnose(227).txt,Box dòng 1 đã được tự động cắt xén (clip) vừa ảnh. | Box dòng 2 đã được tự động cắt xén (clip) vừa ảnh. | Box dòng 3 đã được tự động cắt xén (clip) vừa ảnh. | Box dòng 4 đã được tự động cắt xén (clip) vừa ảnh. | Box dòng 5 đã được tự động cắt xén (clip) vừa ảnh. | Box dòng 6 đã được tự động cắt xén (clip) vừa ảnh. | Box dòng 7 đã được tự động cắt xén (clip) vừa ảnh. | Box dòng 8 đã được tự động cắt xén (clip) vừa ảnh. | Box dòng 9 đã được tự động cắt xén (clip) vừa ảnh. | Box dòng 10 đã được tự động cắt xén (clip) vừa ảnh. | Box dòng 11 đã được tự động cắt xén (clip) vừa ảnh. | Box dòng 12 đã được tự động cắt xén (clip) vừa ảnh. | Box dòng 13 đã được tự động cắt xén (clip) vừa ảnh. | Box dòng 14 đã được tự động cắt xén (clip) vừa ảnh. | Box dòng 15 đã được tự động cắt xén (clip) vừa ảnh. | Box dòng 16 đã được tự động cắt xén (clip) vừa ảnh. | Box dòng 17 đã được tự động cắt xén (clip) vừa ảnh.
Anthracnose,/content/drive/MyDrive/Papaya_Leaf_Disease_Classification/BDPapayaLeaf/Original Images/Anthracnose/Anthracnose(228).jpg,/content/drive/MyDrive/Papaya_Leaf_Disease_Classification/YOLO_Bounding_Box/Anthracnose/Anthracnose(228).txt,Box dòng 1 đã được tự động cắt xén (clip) vừa ảnh. | Box dòng 2 đã được tự động cắt xén (clip) vừa ảnh. | Box dòng 3 đã được tự động cắt xén (clip) vừa ảnh. | Box dòng 4 đã được tự động cắt xén (clip) vừa ảnh. | Box dòng 5 đã được tự động cắt xén (clip) vừa ảnh. | Box dòng 6 đã được tự động cắt xén (clip) vừa ảnh. | Box dòng 7 đã được tự động cắt xén (clip) vừa ảnh. | Box dòng 8 đã được tự động cắt xén (clip) vừa ảnh. | Box dòng 9 đã được tự động cắt xén (clip) vừa ảnh. | Box dòng 10 đã được tự động cắt xén (clip) vừa ảnh. | Box dòng 11 đã được tự động cắt xén (clip) vừa ảnh. | Box dòng 12 đã được tự động cắt xén (clip) vừa ảnh. | Box dòng 13 đã được tự động cắt xén (clip) vừa ảnh. | Box dòng 14 đã được tự động cắt xén (clip) vừa ảnh. | Box dòng 15 đã được tự động cắt xén (clip) vừa ảnh. | Box dòng 16 đã được tự động cắt xén (clip) vừa ảnh. | Box dòng 17 đã được tự động cắt xén (clip) vừa ảnh. | Box dòng 18 đã được tự động cắt xén (clip) vừa ảnh. | Box dòng 19 đã được tự động cắt xén (clip) vừa ảnh. | Box dòng 20 đã được tự động cắt xén (clip) vừa ảnh. | Box dòng 21 đã được tự động cắt xén (clip) vừa ảnh. | Box dòng 22 đã được tự động cắt xén (clip) vừa ảnh. | Box dòng 23 đã được tự động cắt xén (clip) vừa ảnh. | Box dòng 24 đã được tự động cắt xén (clip) vừa ảnh. | Box dòng 25 đã được tự động cắt xén (clip) vừa ảnh. | Box dòng 26 đã được tự động cắt xén (clip) vừa ảnh. | Box dòng 27 đã được tự động cắt xén (clip) vừa ảnh. | Box dòng 28 đã được tự động cắt xén (clip) vừa ảnh. | Box dòng 29 đã được tự động cắt xén (clip) vừa ảnh. | Box dòng 30 đã được tự động cắt xén (clip) vừa ảnh. | Box dòng 31 đã được tự động cắt xén (clip) vừa ảnh. | Box dòng 32 đã được tự động cắt xén (clip) vừa ảnh. | Box dòng 33 đã được tự động cắt xén (clip) vừa ảnh. | Box dòng 34 đã được tự động cắt xén (clip) vừa ảnh. | Box dòng 35 đã được tự động cắt xén (clip) vừa ảnh. | Box dòng 36 đã được tự động cắt xén (clip) vừa ảnh. | Box dòng 37 đã được tự động cắt xén (clip) vừa ảnh. | Box dòng 38 đã được tự động cắt xén (clip) vừa ảnh. | Box dòng 39 đã được tự động cắt xén (clip) vừa ảnh. | Box dòng 40 đã được tự động cắt xén (clip) vừa ảnh. | Box dòng 41 đã được tự động cắt xén (clip) vừa ảnh. | Box dòng 42 đã được tự động cắt xén (clip) vừa ảnh.
Anthracnose,/content/drive/MyDrive/Papaya_Leaf_Disease_Classification/BDPapayaLeaf/Original Images/Anthracnose/Anthracnose(229).jpg,/content/drive/MyDrive/Papaya_Leaf_Disease_Classification/YOLO_Bounding_Box/Anthracnose/Anthracnose(229).txt,Box dòng 1 đã được tự động cắt xén (clip) vừa ảnh. | Box dòng 2 đã được tự động cắt xén (clip) vừa ảnh. | Box dòng 3 đã được tự động cắt xén (clip) vừa ảnh. | Box dòng 4 đã được tự động cắt xén (clip) vừa ảnh. | Box dòng 5 đã được tự động cắt xén (clip) vừa ảnh. | Box dòng 6 đã được tự động cắt xén (clip) vừa ảnh. | Box dòng 7 đã được tự động cắt xén (clip) vừa ảnh. | Box dòng 8 đã được tự động cắt xén (clip) vừa ảnh. | Box dòng 9 đã được tự động cắt xén (clip) vừa ảnh. | Box dòng 10 đã được tự động cắt xén (clip) vừa ảnh. | Box dòng 11 đã được tự động cắt xén (clip) vừa ảnh. | Box dòng 12 đã được tự động cắt xén (clip) vừa ảnh. | Box dòng 13 đã được tự động cắt xén (clip) vừa ảnh. | Box dòng 14 đã được tự động cắt xén (clip) vừa ảnh. | Box dòng 15 đã được tự động cắt xén (clip) vừa ảnh. | Box dòng 16 đã được tự động cắt xén (clip) vừa ảnh. | Box dòng 17 đã được tự động cắt xén (clip) vừa ảnh. | Box dòng 18 đã được tự động cắt xén (clip) vừa ảnh. | Box dòng 19 đã được tự động cắt xén (clip) vừa ảnh. | Box dòng 20 đã được tự động cắt xén (clip) vừa ảnh. | Box dòng 21 đã được tự động cắt xén (clip) vừa ảnh. | Box dòng 22 đã được tự động cắt xén (clip) vừa ảnh. | Box dòng 23 đã được tự động cắt xén (clip) vừa ảnh. | Box dòng 24 đã được tự động cắt xén (clip) vừa ảnh. | Box dòng 25 đã được tự động cắt xén (clip) vừa ảnh. | Box dòng 26 đã được tự động cắt xén (clip) vừa ảnh. | Box dòng 27 đã được tự động cắt xén (clip) vừa ảnh. | Box dòng 28 đã được tự động cắt xén (clip) vừa ảnh.
Anthracnose,/content/drive/MyDrive/Papaya_Leaf_Disease_Classification/BDPapayaLeaf/Original Images/Anthracnose/Anthracnose(23).jpg,/content/drive/MyDrive/Papaya_Leaf_Disease_Classification/YOLO_Bounding_Box/Anthracnose/Anthracnose(23).txt,Box dòng 1 đã được tự động cắt xén (clip) vừa ảnh. | Box dòng 2 đã được tự động cắt xén (clip) vừa ảnh. | Box dòng 3 đã được tự động cắt xén (clip) vừa ảnh. | Box dòng 4 đã được tự động cắt xén (clip) vừa ảnh. | Box dòng 5 đã được tự động cắt xén (clip) vừa ảnh. | Box dòng 6 đã được tự động cắt xén (clip) vừa ảnh. | Box dòng 7 đã được tự động cắt xén (clip) vừa ảnh. | Box dòng 8 đã được tự động cắt xén (clip) vừa ảnh. | Box dòng 9 đã được tự động cắt xén (clip) vừa ảnh. | Box dòng 10 đã được tự động cắt xén (clip) vừa ảnh. | Box dòng 11 đã được tự động cắt xén (clip) vừa ảnh. | Box dòng 12 đã được tự động cắt xén (clip) vừa ảnh. | Box dòng 13 đã được tự động cắt xén (clip) vừa ảnh. | Box dòng 14 đã được tự động cắt xén (clip) vừa ảnh. | Box dòng 15 đã được tự động cắt xén (clip) vừa ảnh. | Box dòng 16 đã được tự động cắt xén (clip) vừa ảnh.
Anthracnose,/content/drive/MyDrive/Papaya_Leaf_Disease_Classification/BDPapayaLeaf/Original Images/Anthracnose/Anthracnose(230).jpg,/content/drive/MyDrive/Papaya_Leaf_Disease_Classification/YOLO_Bounding_Box/Anthracnose/Anthracnose(230).txt,Box dòng 1 đã được tự động cắt xén (clip) vừa ảnh. | Box dòng 2 đã được tự động cắt xén (clip) vừa ảnh. | Box dòng 3 đã được tự động cắt xén (clip) vừa ảnh. | Box dòng 4 đã được tự động cắt xén (clip) vừa ảnh. | Box dòng 5 đã được tự động cắt xén (clip) vừa ảnh. | Box dòng 6 đã được tự động cắt xén (clip) vừa ảnh. | Box dòng 7 đã được tự động cắt xén (clip) vừa ảnh. | Box dòng 8 đã được tự động cắt xén (clip) vừa ảnh. | Box dòng 9 đã được tự động cắt xén (clip) vừa ảnh. | Box dòng 10 đã được tự động cắt xén (clip) vừa ảnh. | Box dòng 11 đã được tự động cắt xén (clip) vừa ảnh. | Box dòng 12 đã được tự động cắt xén (clip) vừa ảnh. | Box dòng 13 đã được tự động cắt xén (clip) vừa ảnh. | Box dòng 14 đã được tự động cắt xén (clip) vừa ảnh. | Box dòng 15 đã được tự động cắt xén (clip) vừa ảnh. | Box dòng 16 đã được tự động cắt xén (clip) vừa ảnh. | Box dòng 17 đã được tự động cắt xén (clip) vừa ảnh. | Box dòng 18 đã được tự động cắt xén (clip) vừa ảnh. | Box dòng 19 đã được tự động cắt xén (clip) vừa ảnh.
Anthracnose,/content/drive/MyDrive/Papaya_Leaf_Disease_Classification/BDPapayaLeaf/Original Images/Anthracnose/Anthracnose(231).jpg,/content/drive/MyDrive/Papaya_Leaf_Disease_Classification/YOLO_Bounding_Box/Anthracnose/Anthracnose(231).txt,Box dòng 1 đã được tự động cắt xén (clip) vừa ảnh. | Box dòng 2 đã được tự động cắt xén (clip) vừa ảnh. | Box dòng 3 đã được tự động cắt xén (clip) vừa ảnh. | Box dòng 4 đã được tự động cắt xén (clip) vừa ảnh. | Box dòng 5 đã được tự động cắt xén (clip) vừa ảnh. | Box dòng 6 đã được tự động cắt xén (clip) vừa ảnh. | Box dòng 7 đã được tự động cắt xén (clip) vừa ảnh. | Box dòng 8 đã được tự động cắt xén (clip) vừa ảnh. | Box dòng 9 đã được tự động cắt xén (clip) vừa ảnh. | Box dòng 10 đã được tự động cắt xén (clip) vừa ảnh. | Box dòng 11 đã được tự động cắt xén (clip) vừa ảnh. | Box dòng 12 đã được tự động cắt xén (clip) vừa ảnh. | Box dòng 13 đã được tự động cắt xén (clip) vừa ảnh. | Box dòng 14 đã được tự động cắt xén (clip) vừa ảnh. | Box dòng 15 đã được tự động cắt xén (clip) vừa ảnh. | Box dòng 16 đã được tự động cắt xén (clip) vừa ảnh. | Box dòng 17 đã được tự động cắt xén (clip) vừa ảnh. | Box dòng 18 đã được tự động cắt xén (clip) vừa ảnh. | Box dòng 19 đã được tự động cắt xén (clip) vừa ảnh. | Box dòng 20 đã được tự động cắt xén (clip) vừa ảnh. | Box dòng 21 đã được tự động cắt xén (clip) vừa ảnh. | Box dòng 22 đã được tự động cắt xén (clip) vừa ảnh. | Box dòng 23 đã được tự động cắt xén (clip) vừa ảnh. | Box dòng 24 đã được tự động cắt xén (clip) vừa ảnh. | Box dòng 25 đã được tự động cắt xén (clip) vừa ảnh. | Box dòng 26 đã được tự động cắt xén (clip) vừa ảnh. | Box dòng 27 đã được tự động cắt xén (clip) vừa ảnh. | Box dòng 28 đã được tự động cắt xén (clip) vừa ảnh. | Box dòng 29 đã được tự động cắt xén (clip) vừa ảnh.
Anthracnose,/content/drive/MyDrive/Papaya_Leaf_Disease_Classification/BDPapayaLeaf/Original Images/Anthracnose/Anthracnose(232).jpg,/content/drive/MyDrive/Papaya_Leaf_Disease_Classification/YOLO_Bounding_Box/Anthracnose/Anthracnose(232).txt,Box dòng 1 đã được tự động cắt xén (clip) vừa ảnh. | Box dòng 2 đã được tự động cắt xén (clip) vừa ảnh. | Box dòng 3 đã được tự động cắt xén (clip) vừa ảnh. | Box dòng 4 đã được tự động cắt xén (clip) vừa ảnh. | Box dòng 5 đã được tự động cắt xén (clip) vừa ảnh. | Box dòng 6 đã được tự động cắt xén (clip) vừa ảnh. | Box dòng 7 đã được tự động cắt xén (clip) vừa ảnh. | Box dòng 8 đã được tự động cắt xén (clip) vừa ảnh. | Box dòng 9 đã được tự động cắt xén (clip) vừa ảnh. | Box dòng 10 đã được tự động cắt xén (clip) vừa ảnh. | Box dòng 11 đã được tự động cắt xén (clip) vừa ảnh. | Box dòng 12 đã được tự động cắt xén (clip) vừa ảnh. | Box dòng 13 đã được tự động cắt xén (clip) vừa ảnh. | Box dòng 14 đã được tự động cắt xén (clip) vừa ảnh. | Box dòng 15 đã được tự động cắt xén (clip) vừa ảnh. | Box dòng 16 đã được tự động cắt xén (clip) vừa ảnh. | Box dòng 17 đã được tự động cắt xén (clip) vừa ảnh. | Box dòng 18 đã được tự động cắt xén (clip) vừa ảnh. | Box dòng 19 đã được tự động cắt xén (clip) vừa ảnh. | Box dòng 20 đã được tự động cắt xén (clip) vừa ảnh. | Box dòng 21 đã được tự động cắt xén (clip) vừa ảnh. | Box dòng 22 đã được tự động cắt xén (clip) vừa ảnh. | Box dòng 23 đã được tự động cắt xén (clip) vừa ảnh. | Box dòng 24 đã được tự động cắt xén (clip) vừa ảnh. | Box dòng 25 đã được tự động cắt xén (clip) vừa ảnh. | Box dòng 26 đã được tự động cắt xén (clip) vừa ảnh. | Box dòng 27 đã được tự động cắt xén (clip) vừa ảnh. | Box dòng 28 đã được tự động cắt xén (clip) vừa ảnh. | Box dòng 29 đã được tự động cắt xén (clip) vừa ảnh. | Box dòng 30 đã được tự động cắt xén (clip) vừa ảnh. | Box dòng 31 đã được tự động cắt xén (clip) vừa ảnh. | Box dòng 32 đã được tự động cắt xén (clip) vừa ảnh. | Box dòng 33 đã được tự động cắt xén (clip) vừa ảnh. | Box dòng 34 đã được tự động cắt xén (clip) vừa ảnh. | Box dòng 35 đã được tự động cắt xén (clip) vừa ảnh. | Box dòng 36 đã được tự động cắt xén (clip) vừa ảnh. | Box dòng 37 đã được tự động cắt xén (clip) vừa ảnh. | Box dòng 38 đã được tự động cắt xén (clip) vừa ảnh. | Box dòng 39 đã được tự động cắt xén (clip) vừa ảnh. | Box dòng 40 đã được tự động cắt xén (clip) vừa ảnh. | Box dòng 41 đã được tự động cắt xén (clip) vừa ảnh. | Box dòng 42 đã được tự động cắt xén (clip) vừa ảnh. | Box dòng 43 đã được tự động cắt xén (clip) vừa ảnh. | Box dòng 44 đã được tự động cắt xén (clip) vừa ảnh. | Box dòng 45 đã được tự động cắt xén (clip) vừa ảnh. | Box dòng 46 đã được tự động cắt xén (clip) vừa ảnh. | Box dòng 47 đã được tự động cắt xén (clip) vừa ảnh. | Box dòng 48 đã được tự động cắt xén (clip) vừa ảnh. | Box dòng 49 đã được tự động cắt xén (clip) vừa ảnh. | Box dòng 50 đã được tự động cắt xén (clip) vừa ảnh. | Box dòng 51 đã được tự động cắt xén (clip) vừa ảnh. | Box dòng 52 đã được tự động cắt xén (clip) vừa ảnh. | Box dòng 53 đã được tự động cắt xén (clip) vừa ảnh. | Box dòng 54 đã được tự động cắt xén (clip) vừa ảnh. | Box dòng 55 đã được tự động cắt xén (clip) vừa ảnh. | Box dòng 56 đã được tự động cắt xén (clip) vừa ảnh. | Box dòng 57 đã được tự động cắt xén (clip) vừa ảnh. | Box dòng 58 đã được tự động cắt xén (clip) vừa ảnh. | Box dòng 59 đã được tự động cắt xén (clip) vừa ảnh. | Box dòng 60 đã được tự động cắt xén (clip) vừa ảnh. | Box dòng 61 đã được tự động cắt xén (clip) vừa ảnh. | Box dòng 62 đã được tự động cắt xén (clip) vừa ảnh. | Box dòng 63 đã được tự động cắt xén (clip) vừa ảnh.
Anthracnose,/content/drive/MyDrive/Papaya_Leaf_Disease_Classification/BDPapayaLeaf/Original Images/Anthracnose/Anthracnose(233).jpg,/content/drive/MyDrive/Papaya_Leaf_Disease_Classification/YOLO_Bounding_Box/Anthracnose/Anthracnose(233).txt,Box dòng 1 đã được tự động cắt xén (clip) vừa ảnh. | Box dòng 2 đã được tự động cắt xén (clip) vừa ảnh. | Box dòng 3 đã được tự động cắt xén (clip) vừa ảnh. | Box dòng 4 đã được tự động cắt xén (clip) vừa ảnh. | Box dòng 5 đã được tự động cắt xén (clip) vừa ảnh. | Box dòng 6 đã được tự động cắt xén (clip) vừa ảnh. | Box dòng 7 đã được tự động cắt xén (clip) vừa ảnh. | Box dòng 8 đã được tự động cắt xén (clip) vừa ảnh. | Box dòng 9 đã được tự động cắt xén (clip) vừa ảnh. | Box dòng 10 đã được tự động cắt xén (clip) vừa ảnh. | Box dòng 11 đã được tự động cắt xén (clip) vừa ảnh. | Box dòng 12 đã được tự động cắt xén (clip) vừa ảnh. | Box dòng 13 đã được tự động cắt xén (clip) vừa ảnh. | Box dòng 14 đã được tự động cắt xén (clip) vừa ảnh. | Box dòng 15 đã được tự động cắt xén (clip) vừa ảnh. | Box dòng 16 đã được tự động cắt xén (clip) vừa ảnh. | Box dòng 17 đã được tự động cắt xén (clip) vừa ảnh. | Box dòng 18 đã được tự động cắt xén (clip) vừa ảnh. | Box dòng 19 đã được tự động cắt xén (clip) vừa ảnh. | Box dòng 20 đã được tự động cắt xén (clip) vừa ảnh. | Box dòng 21 đã được tự động cắt xén (clip) vừa ảnh. | Box dòng 22 đã được tự động cắt xén (clip) vừa ảnh. | Box dòng 23 đã được tự động cắt xén (clip) vừa ảnh. | Box dòng 24 đã được tự động cắt xén (clip) vừa ảnh. | Box dòng 25 đã được tự động cắt xén (clip) vừa ảnh. | Box dòng 26 đã được tự động cắt xén (clip) vừa ảnh. | Box dòng 27 đã được tự động cắt xén (clip) vừa ảnh. | Box dòng 28 đã được tự động cắt xén (clip) vừa ảnh.
Anthracnose,/content/drive/MyDrive/Papaya_Leaf_Disease_Classification/BDPapayaLeaf/Original Images/Anthracnose/Anthracnose(234).jpg,/content/drive/MyDrive/Papaya_Leaf_Disease_Classification/YOLO_Bounding_Box/Anthracnose/Anthracnose(234).txt,Box dòng 1 đã được tự động cắt xén (clip) vừa ảnh. | Box dòng 2 đã được tự động cắt xén (clip) vừa ảnh. | Box dòng 3 đã được tự động cắt xén (clip) vừa ảnh. | Box dòng 4 đã được tự động cắt xén (clip) vừa ảnh. | Box dòng 5 đã được tự động cắt xén (clip) vừa ảnh. | Box dòng 6 đã được tự động cắt xén (clip) vừa ảnh. | Box dòng 7 đã được tự động cắt xén (clip) vừa ảnh. | Box dòng 8 đã được tự động cắt xén (clip) vừa ảnh. | Box dòng 9 đã được tự động cắt xén (clip) vừa ảnh. | Box dòng 10 đã được tự động cắt xén (clip) vừa ảnh. | Box dòng 11 đã được tự động cắt xén (clip) vừa ảnh. | Box dòng 12 đã được tự động cắt xén (clip) vừa ảnh. | Box dòng 13 đã được tự động cắt xén (clip) vừa ảnh. | Box dòng 14 đã được tự động cắt xén (clip) vừa ảnh.
Anthracnose,/content/drive/MyDrive/Papaya_Leaf_Disease_Classification/BDPapayaLeaf/Original Images/Anthracnose/Anthracnose(235).jpg,/content/drive/MyDrive/Papaya_Leaf_Disease_Classification/YOLO_Bounding_Box/Anthracnose/Anthracnose(235).txt,Box dòng 1 đã được tự động cắt xén (clip) vừa ảnh.
Anthracnose,/content/drive/MyDrive/Papaya_Leaf_Disease_Classification/BDPapayaLeaf/Original Images/Anthracnose/Anthracnose(236).jpg,/content/drive/MyDrive/Papaya_Leaf_Disease_Classification/YOLO_Bounding_Box/Anthracnose/Anthracnose(236).txt,Box dòng 1 đã được tự động cắt xén (clip) vừa ảnh. | Box dòng 2 đã được tự động cắt xén (clip) vừa ảnh. | Box dòng 3 đã được tự động cắt xén (clip) vừa ảnh. | Box dòng 4 đã được tự động cắt xén (clip) vừa ảnh. | Box dòng 5 đã được tự động cắt xén (clip) vừa ảnh. | Box dòng 6 đã được tự động cắt xén (clip) vừa ảnh. | Box dòng 7 đã được tự động cắt xén (clip) vừa ảnh. | Box dòng 8 đã được tự động cắt xén (clip) vừa ảnh. | Box dòng 9 đã được tự động cắt xén (clip) vừa ảnh. | Box dòng 10 đã được tự động cắt xén (clip) vừa ảnh. | Box dòng 11 đã được tự động cắt xén (clip) vừa ảnh. | Box dòng 12 đã được tự động cắt xén (clip) vừa ảnh. | Box dòng 13 đã được tự động cắt xén (clip) vừa ảnh. | Box dòng 14 đã được tự động cắt xén (clip) vừa ảnh. | Box dòng 15 đã được tự động cắt xén (clip) vừa ảnh. | Box dòng 16 đã được tự động cắt xén (clip) vừa ảnh. | Box dòng 17 đã được tự động cắt xén (clip) vừa ảnh. | Box dòng 18 đã được tự động cắt xén (clip) vừa ảnh. | Box dòng 19 đã được tự động cắt xén (clip) vừa ảnh. | Box dòng 20 đã được tự động cắt xén (clip) vừa ảnh. | Box dòng 21 đã được tự động cắt xén (clip) vừa ảnh. | Box dòng 22 đã được tự động cắt xén (clip) vừa ảnh. | Box dòng 23 đã được tự động cắt xén (clip) vừa ảnh. | Box dòng 24 đã được tự động cắt xén (clip) vừa ảnh. | Box dòng 25 đã được tự động cắt xén (clip) vừa ảnh. | Box dòng 26 đã được tự động cắt xén (clip) vừa ảnh. | Box dòng 27 đã được tự động cắt xén (clip) vừa ảnh. | Box dòng 28 đã được tự động cắt xén (clip) vừa ảnh. | Box dòng 29 đã được tự động cắt xén (clip) vừa ảnh. | Box dòng 30 đã được tự động cắt xén (clip) vừa ảnh. | Box dòng 31 đã được tự động cắt xén (clip) vừa ảnh. | Box dòng 32 đã được tự động cắt xén (clip) vừa ảnh. | Box dòng 33 đã được tự động cắt xén (clip) vừa ảnh. | Box dòng 34 đã được tự động cắt xén (clip) vừa ảnh. | Box dòng 35 đã được tự động cắt xén (clip) vừa ảnh. | Box dòng 36 đã được tự động cắt xén (clip) vừa ảnh. | Box dòng 37 đã được tự động cắt xén (clip) vừa ảnh. | Box dòng 38 đã được tự động cắt xén (clip) vừa ảnh. | Box dòng 39 đã được tự động cắt xén (clip) vừa ảnh. | Box dòng 40 đã được tự động cắt xén (clip) vừa ảnh. | Box dòng 41 đã được tự động cắt xén (clip) vừa ảnh. | Box dòng 43 đã được tự động cắt xén (clip) vừa ảnh. | Box dòng 44 đã được tự động cắt xén (clip) vừa ảnh. | Box dòng 45 đã được tự động cắt xén (clip) vừa ảnh. | Box dòng 46 đã được tự động cắt xén (clip) vừa ảnh. | Box dòng 47 đã được tự động cắt xén (clip) vừa ảnh. | Box dòng 48 đã được tự động cắt xén (clip) vừa ảnh. | Box dòng 49 đã được tự động cắt xén (clip) vừa ảnh. | Box dòng 50 đã được tự động cắt xén (clip) vừa ảnh. | Box dòng 51 đã được tự động cắt xén (clip) vừa ảnh. | Box dòng 52 đã được tự động cắt xén (clip) vừa ảnh. | Box dòng 53 đã được tự động cắt xén (clip) vừa ảnh. | Box dòng 54 đã được tự động cắt xén (clip) vừa ảnh. | Box dòng 55 đã được tự động cắt xén (clip) vừa ảnh. | Box dòng 56 đã được tự động cắt xén (clip) vừa ảnh. | Box dòng 57 đã được tự động cắt xén (clip) vừa ảnh. | Box dòng 58 đã được tự động cắt xén (clip) vừa ảnh. | Box dòng 59 đã được tự động cắt xén (clip) vừa ảnh. | Box dòng 60 đã được tự động cắt xén (clip) vừa ảnh. | Box dòng 61 đã được tự động cắt xén (clip) vừa ảnh. | Box dòng 62 đã được tự động cắt xén (clip) vừa ảnh. | Box dòng 63 đã được tự động cắt xén (clip) vừa ảnh. | Box dòng 64 đã được tự động cắt xén (clip) vừa ảnh. | Box dòng 65 đã được tự động cắt xén (clip) vừa ảnh. | Box dòng 66 đã được tự động cắt xén (clip) vừa ảnh. | Box dòng 67 đã được tự động cắt xén (clip) vừa ảnh. | Box dòng 68 đã được tự động cắt xén (clip) vừa ảnh. | Box dòng 69 đã được tự động cắt xén (clip) vừa ảnh. | Box dòng 70 đã được tự động cắt xén (clip) vừa ảnh. | Box dòng 71 đã được tự động cắt xén (clip) vừa ảnh. | Box dòng 72 đã được tự động cắt xén (clip) vừa ảnh. | Box dòng 73 đã được tự động cắt xén (clip) vừa ảnh. | Box dòng 74 đã được tự động cắt xén (clip) vừa ảnh. | Box dòng 75 đã được tự động cắt xén (clip) vừa ảnh. | Box dòng 76 đã được tự động cắt xén (clip) vừa ảnh. | Box dòng 77 đã được tự động cắt xén (clip) vừa ảnh.
Anthracnose,/content/drive/MyDrive/Papaya_Leaf_Disease_Classification/BDPapayaLeaf/Original Images/Anthracnose/Anthracnose(237).jpg,/content/drive/MyDrive/Papaya_Leaf_Disease_Classification/YOLO_Bounding_Box/Anthracnose/Anthracnose(237).txt,Box dòng 1 đã được tự động cắt xén (clip) vừa ảnh. | Box dòng 2 đã được tự động cắt xén (clip) vừa ảnh. | Box dòng 3 đã được tự động cắt xén (clip) vừa ảnh. | Box dòng 4 đã được tự động cắt xén (clip) vừa ảnh. | Box dòng 5 đã được tự động cắt xén (clip) vừa ảnh. | Box dòng 6 đã được tự động cắt xén (clip) vừa ảnh. | Box dòng 7 đã được tự động cắt xén (clip) vừa ảnh. | Box dòng 8 đã được tự động cắt xén (clip) vừa ảnh. | Box dòng 9 đã được tự động cắt xén (clip) vừa ảnh. | Box dòng 10 đã được tự động cắt xén (clip) vừa ảnh. | Box dòng 11 đã được tự động cắt xén (clip) vừa ảnh. | Box dòng 12 đã được tự động cắt xén (clip) vừa ảnh. | Box dòng 13 đã được tự động cắt xén (clip) vừa ảnh. | Box dòng 14 đã được tự động cắt xén (clip) vừa ảnh. | Box dòng 15 đã được tự động cắt xén (clip) vừa ảnh. | Box dòng 16 đã được tự động cắt xén (clip) vừa ảnh. | Box dòng 17 đã được tự động cắt xén (clip) vừa ảnh. | Box dòng 18 đã được tự động cắt xén (clip) vừa ảnh. | Box dòng 19 đã được tự động cắt xén (clip) vừa ảnh. | Box dòng 20 đã được tự động cắt xén (clip) vừa ảnh. | Box dòng 21 đã được tự động cắt xén (clip) vừa ảnh. | Box dòng 22 đã được tự động cắt xén (clip) vừa ảnh. | Box dòng 23 đã được tự động cắt xén (clip) vừa ảnh. | Box dòng 24 đã được tự động cắt xén (clip) vừa ảnh. | Box dòng 25 đã được tự động cắt xén (clip) vừa ảnh. | Box dòng 26 đã được tự động cắt xén (clip) vừa ảnh. | Box dòng 27 đã được tự động cắt xén (clip) vừa ảnh. | Box dòng 28 đã được tự động cắt xén (clip) vừa ảnh. | Box dòng 29 đã được tự động cắt xén (clip) vừa ảnh. | Box dòng 30 đã được tự động cắt xén (clip) vừa ảnh. | Box dòng 31 đã được tự động cắt xén (clip) vừa ảnh. | Box dòng 32 đã được tự động cắt xén (clip) vừa ảnh. | Box dòng 33 đã được tự động cắt xén (clip) vừa ảnh. | Box dòng 34 đã được tự động cắt xén (clip) vừa ảnh. | Box dòng 35 đã được tự động cắt xén (clip) vừa ảnh. | Box dòng 36 đã được tự động cắt xén (clip) vừa ảnh. | Box dòng 37 đã được tự động cắt xén (clip) vừa ảnh. | Box dòng 38 đã được tự động cắt xén (clip) vừa ảnh. | Box dòng 39 đã được tự động cắt xén (clip) vừa ảnh. | Box dòng 40 đã được tự động cắt xén (clip) vừa ảnh. | Box dòng 41 đã được tự động cắt xén (clip) vừa ảnh.
Anthracnose,/content/drive/MyDrive/Papaya_Leaf_Disease_Classification/BDPapayaLeaf/Original Images/Anthracnose/Anthracnose(238).jpg,/content/drive/MyDrive/Papaya_Leaf_Disease_Classification/YOLO_Bounding_Box/Anthracnose/Anthracnose(238).txt,Box dòng 1 đã được tự động cắt xén (clip) vừa ảnh. | Box dòng 2 đã được tự động cắt xén (clip) vừa ảnh. | Box dòng 3 đã được tự động cắt xén (clip) vừa ảnh. | Box dòng 4 đã được tự động cắt xén (clip) vừa ảnh. | Box dòng 5 đã được tự động cắt xén (clip) vừa ảnh. | Box dòng 6 đã được tự động cắt xén (clip) vừa ảnh. | Box dòng 7 đã được tự động cắt xén (clip) vừa ảnh. | Box dòng 8 đã được tự động cắt xén (clip) vừa ảnh.
Anthracnose,/content/drive/MyDrive/Papaya_Leaf_Disease_Classification/BDPapayaLeaf/Original Images/Anthracnose/Anthracnose(239).jpg,/content/drive/MyDrive/Papaya_Leaf_Disease_Classification/YOLO_Bounding_Box/Anthracnose/Anthracnose(239).txt,Box dòng 1 đã được tự động cắt xén (clip) vừa ảnh. | Box dòng 2 đã được tự động cắt xén (clip) vừa ảnh. | Box dòng 3 đã được tự động cắt xén (clip) vừa ảnh. | Box dòng 4 đã được tự động cắt xén (clip) vừa ảnh. | Box dòng 5 đã được tự động cắt xén (clip) vừa ảnh. | Box dòng 6 đã được tự động cắt xén (clip) vừa ảnh. | Box dòng 7 đã được tự động cắt xén (clip) vừa ảnh. | Box dòng 8 đã được tự động cắt xén (clip) vừa ảnh. | Box dòng 9 đã được tự động cắt xén (clip) vừa ảnh. | Box dòng 10 đã được tự động cắt xén (clip) vừa ảnh. | Box dòng 11 đã được tự động cắt xén (clip) vừa ảnh. | Box dòng 12 đã được tự động cắt xén (clip) vừa ảnh. | Box dòng 13 đã được tự động cắt xén (clip) vừa ảnh. | Box dòng 14 đã được tự động cắt xén (clip) vừa ảnh. | Box dòng 15 đã được tự động cắt xén (clip) vừa ảnh. | Box dòng 16 đã được tự động cắt xén (clip) vừa ảnh. | Box dòng 17 đã được tự động cắt xén (clip) vừa ảnh. | Box dòng 18 đã được tự động cắt xén (clip) vừa ảnh. | Box dòng 19 đã được tự động cắt xén (clip) vừa ảnh. | Box dòng 20 đã được tự động cắt xén (clip) vừa ảnh. | Box dòng 21 đã được tự động cắt xén (clip) vừa ảnh. | Box dòng 22 đã được tự động cắt xén (clip) vừa ảnh. | Box dòng 23 đã được tự động cắt xén (clip) vừa ảnh. | Box dòng 24 đã được tự động cắt xén (clip) vừa ảnh. | Box dòng 25 đã được tự động cắt xén (clip) vừa ảnh. | Box dòng 26 đã được tự động cắt xén (clip) vừa ảnh. | Box dòng 27 đã được tự động cắt xén (clip) vừa ảnh. | Box dòng 28 đã được tự động cắt xén (clip) vừa ảnh. | Box dòng 29 đã được tự động cắt xén (clip) vừa ảnh. | Box dòng 30 đã được tự động cắt xén (clip) vừa ảnh. | Box dòng 31 đã được tự động cắt xén (clip) vừa ảnh. | Box dòng 32 đã được tự động cắt xén (clip) vừa ảnh. | Box dòng 33 đã được tự động cắt xén (clip) vừa ảnh. | Box dòng 34 đã được tự động cắt xén (clip) vừa ảnh. | Box dòng 35 đã được tự động cắt xén (clip) vừa ảnh. | Box dòng 36 đã được tự động cắt xén (clip) vừa ảnh. | Box dòng 37 đã được tự động cắt xén (clip) vừa ảnh. | Box dòng 38 đã được tự động cắt xén (clip) vừa ảnh. | Box dòng 39 đã được tự động cắt xén (clip) vừa ảnh.
Anthracnose,/content/drive/MyDrive/Papaya_Leaf_Disease_Classification/BDPapayaLeaf/Original Images/Anthracnose/Anthracnose(24).jpg,/content/drive/MyDrive/Papaya_Leaf_Disease_Classification/YOLO_Bounding_Box/Anthracnose/Anthracnose(24).txt,Box dòng 1 đã được tự động cắt xén (clip) vừa ảnh. | Box dòng 2 đã được tự động cắt xén (clip) vừa ảnh. | Box dòng 3 đã được tự động cắt xén (clip) vừa ảnh. | Box dòng 4 đã được tự động cắt xén (clip) vừa ảnh. | Box dòng 5 đã được tự động cắt xén (clip) vừa ảnh.
Anthracnose,/content/drive/MyDrive/Papaya_Leaf_Disease_Classification/BDPapayaLeaf/Original Images/Anthracnose/Anthracnose(240).jpg,/content/drive/MyDrive/Papaya_Leaf_Disease_Classification/YOLO_Bounding_Box/Anthracnose/Anthracnose(240).txt,Box dòng 1 đã được tự động cắt xén (clip) vừa ảnh. | Box dòng 2 đã được tự động cắt xén (clip) vừa ảnh. | Box dòng 3 đã được tự động cắt xén (clip) vừa ảnh. | Box dòng 4 đã được tự động cắt xén (clip) vừa ảnh. | Box dòng 5 đã được tự động cắt xén (clip) vừa ảnh. | Box dòng 6 đã được tự động cắt xén (clip) vừa ảnh. | Box dòng 7 đã được tự động cắt xén (clip) vừa ảnh. | Box dòng 8 đã được tự động cắt xén (clip) vừa ảnh. | Box dòng 9 đã được tự động cắt xén (clip) vừa ảnh. | Box dòng 10 đã được tự động cắt xén (clip) vừa ảnh. | Box dòng 11 đã được tự động cắt xén (clip) vừa ảnh. | Box dòng 12 đã được tự động cắt xén (clip) vừa ảnh. | Box dòng 13 đã được tự động cắt xén (clip) vừa ảnh. | Box dòng 14 đã được tự động cắt xén (clip) vừa ảnh. | Box dòng 15 đã được tự động cắt xén (clip) vừa ảnh. | Box dòng 16 đã được tự động cắt xén (clip) vừa ảnh. | Box dòng 17 đã được tự động cắt xén (clip) vừa ảnh. | Box dòng 18 đã được tự động cắt xén (clip) vừa ảnh. | Box dòng 19 đã được tự động cắt xén (clip) vừa ảnh. | Box dòng 20 đã được tự động cắt xén (clip) vừa ảnh. | Box dòng 21 đã được tự động cắt xén (clip) vừa ảnh. | Box dòng 22 đã được tự động cắt xén (clip) vừa ảnh. | Box dòng 23 đã được tự động cắt xén (clip) vừa ảnh. | Box dòng 24 đã được tự động cắt xén (clip) vừa ảnh.
Anthracnose,/content/drive/MyDrive/Papaya_Leaf_Disease_Classification/BDPapayaLeaf/Original Images/Anthracnose/Anthracnose(241).jpg,/content/drive/MyDrive/Papaya_Leaf_Disease_Classification/YOLO_Bounding_Box/Anthracnose/Anthracnose(241).txt,Box dòng 1 đã được tự động cắt xén (clip) vừa ảnh. | Box dòng 2 đã được tự động cắt xén (clip) vừa ảnh. | Box dòng 3 đã được tự động cắt xén (clip) vừa ảnh. | Box dòng 4 đã được tự động cắt xén (clip) vừa ảnh. | Box dòng 5 đã được tự động cắt xén (clip) vừa ảnh. | Box dòng 6 đã được tự động cắt xén (clip) vừa ảnh. | Box dòng 7 đã được tự động cắt xén (clip) vừa ảnh. | Box dòng 8 đã được tự động cắt xén (clip) vừa ảnh. | Box dòng 9 đã được tự động cắt xén (clip) vừa ảnh. | Box dòng 10 đã được tự động cắt xén (clip) vừa ảnh. | Box dòng 11 đã được tự động cắt xén (clip) vừa ảnh. | Box dòng 12 đã được tự động cắt xén (clip) vừa ảnh. | Box dòng 13 đã được tự động cắt xén (clip) vừa ảnh. | Box dòng 14 đã được tự động cắt xén (clip) vừa ảnh. | Box dòng 15 đã được tự động cắt xén (clip) vừa ảnh. | Box dòng 16 đã được tự động cắt xén (clip) vừa ảnh. | Box dòng 17 đã được tự động cắt xén (clip) vừa ảnh. | Box dòng 18 đã được tự động cắt xén (clip) vừa ảnh. | Box dòng 19 đã được tự động cắt xén (clip) vừa ảnh. | Box dòng 20 đã được tự động cắt xén (clip) vừa ảnh. | Box dòng 21 đã được tự động cắt xén (clip) vừa ảnh. | Box dòng 22 đã được tự động cắt xén (clip) vừa ảnh. | Box dòng 23 đã được tự động cắt xén (clip) vừa ảnh.
Anthracnose,/content/drive/MyDrive/Papaya_Leaf_Disease_Classification/BDPapayaLeaf/Original Images/Anthracnose/Anthracnose(242).jpg,/content/drive/MyDrive/Papaya_Leaf_Disease_Classification/YOLO_Bounding_Box/Anthracnose/Anthracnose(242).txt,Box dòng 1 đã được tự động cắt xén (clip) vừa ảnh. | Box dòng 2 đã được tự động cắt xén (clip) vừa ảnh. | Box dòng 3 đã được tự động cắt xén (clip) vừa ảnh. | Box dòng 4 đã được tự động cắt xén (clip) vừa ảnh. | Box dòng 5 đã được tự động cắt xén (clip) vừa ảnh. | Box dòng 6 đã được tự động cắt xén (clip) vừa ảnh. | Box dòng 7 đã được tự động cắt xén (clip) vừa ảnh. | Box dòng 8 đã được tự động cắt xén (clip) vừa ảnh. | Box dòng 9 đã được tự động cắt xén (clip) vừa ảnh. | Box dòng 10 đã được tự động cắt xén (clip) vừa ảnh. | Box dòng 11 đã được tự động cắt xén (clip) vừa ảnh. | Box dòng 12 đã được tự động cắt xén (clip) vừa ảnh. | Box dòng 13 đã được tự động cắt xén (clip) vừa ảnh. | Box dòng 14 đã được tự động cắt xén (clip) vừa ảnh. | Box dòng 15 đã được tự động cắt xén (clip) vừa ảnh. | Box dòng 16 đã được tự động cắt xén (clip) vừa ảnh. | Box dòng 17 đã được tự động cắt xén (clip) vừa ảnh. | Box dòng 18 đã được tự động cắt xén (clip) vừa ảnh. | Box dòng 19 đã được tự động cắt xén (clip) vừa ảnh. | Box dòng 20 đã được tự động cắt xén (clip) vừa ảnh. | Box dòng 21 đã được tự động cắt xén (clip) vừa ảnh. | Box dòng 22 đã được tự động cắt xén (clip) vừa ảnh.
Anthracnose,/content/drive/MyDrive/Papaya_Leaf_Disease_Classification/BDPapayaLeaf/Original Images/Anthracnose/Anthracnose(243).jpg,/content/drive/MyDrive/Papaya_Leaf_Disease_Classification/YOLO_Bounding_Box/Anthracnose/Anthracnose(243).txt,Box dòng 1 đã được tự động cắt xén (clip) vừa ảnh. | Box dòng 2 đã được tự động cắt xén (clip) vừa ảnh. | Box dòng 3 đã được tự động cắt xén (clip) vừa ảnh. | Box dòng 4 đã được tự động cắt xén (clip) vừa ảnh. | Box dòng 5 đã được tự động cắt xén (clip) vừa ảnh. | Box dòng 6 đã được tự động cắt xén (clip) vừa ảnh. | Box dòng 7 đã được tự động cắt xén (clip) vừa ảnh. | Box dòng 8 đã được tự động cắt xén (clip) vừa ảnh. | Box dòng 9 đã được tự động cắt xén (clip) vừa ảnh. | Box dòng 10 đã được tự động cắt xén (clip) vừa ảnh.
Anthracnose,/content/drive/MyDrive/Papaya_Leaf_Disease_Classification/BDPapayaLeaf/Original Images/Anthracnose/Anthracnose(244).jpg,/content/drive/MyDrive/Papaya_Leaf_Disease_Classification/YOLO_Bounding_Box/Anthracnose/Anthracnose(244).txt,Box dòng 1 đã được tự động cắt xén (clip) vừa ảnh. | Box dòng 2 đã được tự động cắt xén (clip) vừa ảnh. | Box dòng 3 đã được tự động cắt xén (clip) vừa ảnh. | Box dòng 4 đã được tự động cắt xén (clip) vừa ảnh. | Box dòng 5 đã được tự động cắt xén (clip) vừa ảnh. | Box dòng 6 đã được tự động cắt xén (clip) vừa ảnh. | Box dòng 7 đã được tự động cắt xén (clip) vừa ảnh. | Box dòng 8 đã được tự động cắt xén (clip) vừa ảnh. | Box dòng 9 đã được tự động cắt xén (clip) vừa ảnh. | Box dòng 10 đã được tự động cắt xén (clip) vừa ảnh. | Box dòng 11 đã được tự động cắt xén (clip) vừa ảnh. | Box dòng 12 đã được tự động cắt xén (clip) vừa ảnh. | Box dòng 13 đã được tự động cắt xén (clip) vừa ảnh. | Box dòng 14 đã được tự động cắt xén (clip) vừa ảnh. | Box dòng 15 đã được tự động cắt xén (clip) vừa ảnh. | Box dòng 16 đã được tự động cắt xén (clip) vừa ảnh. | Box dòng 17 đã được tự động cắt xén (clip) vừa ảnh. | Box dòng 18 đã được tự động cắt xén (clip) vừa ảnh. | Box dòng 19 đã được tự động cắt xén (clip) vừa ảnh. | Box dòng 20 đã được tự động cắt xén (clip) vừa ảnh. | Box dòng 21 đã được tự động cắt xén (clip) vừa ảnh. | Box dòng 22 đã được tự động cắt xén (clip) vừa ảnh. | Box dòng 23 đã được tự động cắt xén (clip) vừa ảnh. | Box dòng 24 đã được tự động cắt xén (clip) vừa ảnh. | Box dòng 25 đã được tự động cắt xén (clip) vừa ảnh. | Box dòng 26 đã được tự động cắt xén (clip) vừa ảnh. | Box dòng 27 đã được tự động cắt xén (clip) vừa ảnh. | Box dòng 28 đã được tự động cắt xén (clip) vừa ảnh.
Anthracnose,/content/drive/MyDrive/Papaya_Leaf_Disease_Classification/BDPapayaLeaf/Original Images/Anthracnose/Anthracnose(245).jpg,/content/drive/MyDrive/Papaya_Leaf_Disease_Classification/YOLO_Bounding_Box/Anthracnose/Anthracnose(245).txt,Box dòng 1 đã được tự động cắt xén (clip) vừa ảnh. | Box dòng 2 đã được tự động cắt xén (clip) vừa ảnh. | Box dòng 3 đã được tự động cắt xén (clip) vừa ảnh. | Box dòng 4 đã được tự động cắt xén (clip) vừa ảnh. | Box dòng 5 đã được tự động cắt xén (clip) vừa ảnh. | Box dòng 6 đã được tự động cắt xén (clip) vừa ảnh. | Box dòng 7 đã được tự động cắt xén (clip) vừa ảnh. | Box dòng 8 đã được tự động cắt xén (clip) vừa ảnh. | Box dòng 9 đã được tự động cắt xén (clip) vừa ảnh. | Box dòng 10 đã được tự động cắt xén (clip) vừa ảnh. | Box dòng 11 đã được tự động cắt xén (clip) vừa ảnh. | Box dòng 12 đã được tự động cắt xén (clip) vừa ảnh. | Box dòng 13 đã được tự động cắt xén (clip) vừa ảnh. | Box dòng 14 đã được tự động cắt xén (clip) vừa ảnh. | Box dòng 15 đã được tự động cắt xén (clip) vừa ảnh. | Box dòng 16 đã được tự động cắt xén (clip) vừa ảnh. | Box dòng 17 đã được tự động cắt xén (clip) vừa ảnh. | Box dòng 18 đã được tự động cắt xén (clip) vừa ảnh. | Box dòng 19 đã được tự động cắt xén (clip) vừa ảnh.
Anthracnose,/content/drive/MyDrive/Papaya_Leaf_Disease_Classification/BDPapayaLeaf/Original Images/Anthracnose/Anthracnose(246).jpg,/content/drive/MyDrive/Papaya_Leaf_Disease_Classification/YOLO_Bounding_Box/Anthracnose/Anthracnose(246).txt,Box dòng 1 đã được tự động cắt xén (clip) vừa ảnh. | Box dòng 2 đã được tự động cắt xén (clip) vừa ảnh. | Box dòng 3 đã được tự động cắt xén (clip) vừa ảnh. | Box dòng 4 đã được tự động cắt xén (clip) vừa ảnh. | Box dòng 5 đã được tự động cắt xén (clip) vừa ảnh. | Box dòng 6 đã được tự động cắt xén (clip) vừa ảnh. | Box dòng 7 đã được tự động cắt xén (clip) vừa ảnh. | Box dòng 8 đã được tự động cắt xén (clip) vừa ảnh. | Box dòng 9 đã được tự động cắt xén (clip) vừa ảnh. | Box dòng 10 đã được tự động cắt xén (clip) vừa ảnh. | Box dòng 11 đã được tự động cắt xén (clip) vừa ảnh. | Box dòng 12 đã được tự động cắt xén (clip) vừa ảnh. | Box dòng 13 đã được tự động cắt xén (clip) vừa ảnh. | Box dòng 14 đã được tự động cắt xén (clip) vừa ảnh. | Box dòng 15 đã được tự động cắt xén (clip) vừa ảnh. | Box dòng 16 đã được tự động cắt xén (clip) vừa ảnh. | Box dòng 17 đã được tự động cắt xén (clip) vừa ảnh. | Box dòng 18 đã được tự động cắt xén (clip) vừa ảnh. | Box dòng 19 đã được tự động cắt xén (clip) vừa ảnh. | Box dòng 20 đã được tự động cắt xén (clip) vừa ảnh. | Box dòng 21 đã được tự động cắt xén (clip) vừa ảnh. | Box dòng 22 đã được tự động cắt xén (clip) vừa ảnh. | Box dòng 23 đã được tự động cắt xén (clip) vừa ảnh. | Box dòng 24 đã được tự động cắt xén (clip) vừa ảnh. | Box dòng 25 đã được tự động cắt xén (clip) vừa ảnh. | Box dòng 26 đã được tự động cắt xén (clip) vừa ảnh. | Box dòng 27 đã được tự động cắt xén (clip) vừa ảnh.
Anthracnose,/content/drive/MyDrive/Papaya_Leaf_Disease_Classification/BDPapayaLeaf/Original Images/Anthracnose/Anthracnose(247).jpg,/content/drive/MyDrive/Papaya_Leaf_Disease_Classification/YOLO_Bounding_Box/Anthracnose/Anthracnose(247).txt,Box dòng 1 đã được tự động cắt xén (clip) vừa ảnh. | Box dòng 2 đã được tự động cắt xén (clip) vừa ảnh. | Box dòng 3 đã được tự động cắt xén (clip) vừa ảnh. | Box dòng 4 đã được tự động cắt xén (clip) vừa ảnh. | Box dòng 5 đã được tự động cắt xén (clip) vừa ảnh. | Box dòng 6 đã được tự động cắt xén (clip) vừa ảnh. | Box dòng 7 đã được tự động cắt xén (clip) vừa ảnh. | Box dòng 8 đã được tự động cắt xén (clip) vừa ảnh. | Box dòng 9 đã được tự động cắt xén (clip) vừa ảnh. | Box dòng 10 đã được tự động cắt xén (clip) vừa ảnh. | Box dòng 11 đã được tự động cắt xén (clip) vừa ảnh. | Box dòng 12 đã được tự động cắt xén (clip) vừa ảnh. | Box dòng 13 đã được tự động cắt xén (clip) vừa ảnh. | Box dòng 14 đã được tự động cắt xén (clip) vừa ảnh.
Anthracnose,/content/drive/MyDrive/Papaya_Leaf_Disease_Classification/BDPapayaLeaf/Original Images/Anthracnose/Anthracnose(248).jpg,/content/drive/MyDrive/Papaya_Leaf_Disease_Classification/YOLO_Bounding_Box/Anthracnose/Anthracnose(248).txt,Box dòng 1 đã được tự động cắt xén (clip) vừa ảnh. | Box dòng 2 đã được tự động cắt xén (clip) vừa ảnh. | Box dòng 3 đã được tự động cắt xén (clip) vừa ảnh. | Box dòng 4 đã được tự động cắt xén (clip) vừa ảnh. | Box dòng 5 đã được tự động cắt xén (clip) vừa ảnh. | Box dòng 6 đã được tự động cắt xén (clip) vừa ảnh. | Box dòng 7 đã được tự động cắt xén (clip) vừa ảnh. | Box dòng 8 đã được tự động cắt xén (clip) vừa ảnh. | Box dòng 9 đã được tự động cắt xén (clip) vừa ảnh. | Box dòng 10 đã được tự động cắt xén (clip) vừa ảnh. | Box dòng 11 đã được tự động cắt xén (clip) vừa ảnh. | Box dòng 12 đã được tự động cắt xén (clip) vừa ảnh. | Box dòng 13 đã được tự động cắt xén (clip) vừa ảnh. | Box dòng 14 đã được tự động cắt xén (clip) vừa ảnh. | Box dòng 15 đã được tự động cắt xén (clip) vừa ảnh. | Box dòng 16 đã được tự động cắt xén (clip) vừa ảnh. | Box dòng 17 đã được tự động cắt xén (clip) vừa ảnh. | Box dòng 18 đã được tự động cắt xén (clip) vừa ảnh. | Box dòng 19 đã được tự động cắt xén (clip) vừa ảnh. | Box dòng 20 đã được tự động cắt xén (clip) vừa ảnh. | Box dòng 21 đã được tự động cắt xén (clip) vừa ảnh. | Box dòng 22 đã được tự động cắt xén (clip) vừa ảnh. | Box dòng 23 đã được tự động cắt xén (clip) vừa ảnh.
Anthracnose,/content/drive/MyDrive/Papaya_Leaf_Disease_Classification/BDPapayaLeaf/Original Images/Anthracnose/Anthracnose(249).jpg,/content/drive/MyDrive/Papaya_Leaf_Disease_Classification/YOLO_Bounding_Box/Anthracnose/Anthracnose(249).txt,Box dòng 1 đã được tự động cắt xén (clip) vừa ảnh. | Box dòng 2 đã được tự động cắt xén (clip) vừa ảnh. | Box dòng 3 đã được tự động cắt xén (clip) vừa ảnh. | Box dòng 4 đã được tự động cắt xén (clip) vừa ảnh. | Box dòng 5 đã được tự động cắt xén (clip) vừa ảnh. | Box dòng 6 đã được tự động cắt xén (clip) vừa ảnh. | Box dòng 7 đã được tự động cắt xén (clip) vừa ảnh. | Box dòng 8 đã được tự động cắt xén (clip) vừa ảnh. | Box dòng 9 đã được tự động cắt xén (clip) vừa ảnh. | Box dòng 10 đã được tự động cắt xén (clip) vừa ảnh. | Box dòng 11 đã được tự động cắt xén (clip) vừa ảnh. | Box dòng 12 đã được tự động cắt xén (clip) vừa ảnh. | Box dòng 13 đã được tự động cắt xén (clip) vừa ảnh. | Box dòng 14 đã được tự động cắt xén (clip) vừa ảnh. | Box dòng 15 đã được tự động cắt xén (clip) vừa ảnh. | Box dòng 16 đã được tự động cắt xén (clip) vừa ảnh. | Box dòng 17 đã được tự động cắt xén (clip) vừa ảnh. | Box dòng 18 đã được tự động cắt xén (clip) vừa ảnh. | Box dòng 19 đã được tự động cắt xén (clip) vừa ảnh. | Box dòng 20 đã được tự động cắt xén (clip) vừa ảnh. | Box dòng 21 đã được tự động cắt xén (clip) vừa ảnh.
Anthracnose,/content/drive/MyDrive/Papaya_Leaf_Disease_Classification/BDPapayaLeaf/Original Images/Anthracnose/Anthracnose(25).jpg,/content/drive/MyDrive/Papaya_Leaf_Disease_Classification/YOLO_Bounding_Box/Anthracnose/Anthracnose(25).txt,Box dòng 1 đã được tự động cắt xén (clip) vừa ảnh. | Box dòng 2 đã được tự động cắt xén (clip) vừa ảnh. | Box dòng 3 đã được tự động cắt xén (clip) vừa ảnh. | Box dòng 4 đã được tự động cắt xén (clip) vừa ảnh. | Box dòng 5 đã được tự động cắt xén (clip) vừa ảnh. | Box dòng 6 đã được tự động cắt xén (clip) vừa ảnh. | Box dòng 7 đã được tự động cắt xén (clip) vừa ảnh. | Box dòng 8 đã được tự động cắt xén (clip) vừa ảnh. | Box dòng 9 đã được tự động cắt xén (clip) vừa ảnh. | Box dòng 10 đã được tự động cắt xén (clip) vừa ảnh. | Box dòng 11 đã được tự động cắt xén (clip) vừa ảnh. | Box dòng 12 đã được tự động cắt xén (clip) vừa ảnh.
Anthracnose,/content/drive/MyDrive/Papaya_Leaf_Disease_Classification/BDPapayaLeaf/Original Images/Anthracnose/Anthracnose(250).jpg,/content/drive/MyDrive/Papaya_Leaf_Disease_Classification/YOLO_Bounding_Box/Anthracnose/Anthracnose(250).txt,Box dòng 1 đã được tự động cắt xén (clip) vừa ảnh. | Box dòng 2 đã được tự động cắt xén (clip) vừa ảnh. | Box dòng 3 đã được tự động cắt xén (clip) vừa ảnh. | Box dòng 4 đã được tự động cắt xén (clip) vừa ảnh. | Box dòng 5 đã được tự động cắt xén (clip) vừa ảnh. | Box dòng 6 đã được tự động cắt xén (clip) vừa ảnh.
Anthracnose,/content/drive/MyDrive/Papaya_Leaf_Disease_Classification/BDPapayaLeaf/Original Images/Anthracnose/Anthracnose(251).jpg,/content/drive/MyDrive/Papaya_Leaf_Disease_Classification/YOLO_Bounding_Box/Anthracnose/Anthracnose(251).txt,Box dòng 1 đã được tự động cắt xén (clip) vừa ảnh. | Box dòng 2 đã được tự động cắt xén (clip) vừa ảnh. | Box dòng 3 đã được tự động cắt xén (clip) vừa ảnh. | Box dòng 4 đã được tự động cắt xén (clip) vừa ảnh. | Box dòng 5 đã được tự động cắt xén (clip) vừa ảnh. | Box dòng 6 đã được tự động cắt xén (clip) vừa ảnh. | Box dòng 7 đã được tự động cắt xén (clip) vừa ảnh. | Box dòng 8 đã được tự động cắt xén (clip) vừa ảnh. | Box dòng 9 đã được tự động cắt xén (clip) vừa ảnh. | Box dòng 10 đã được tự động cắt xén (clip) vừa ảnh. | Box dòng 11 đã được tự động cắt xén (clip) vừa ảnh. | Box dòng 12 đã được tự động cắt xén (clip) vừa ảnh. | Box dòng 13 đã được tự động cắt xén (clip) vừa ảnh. | Box dòng 14 đã được tự động cắt xén (clip) vừa ảnh. | Box dòng 15 đã được tự động cắt xén (clip) vừa ảnh.
Anthracnose,/content/drive/MyDrive/Papaya_Leaf_Disease_Classification/BDPapayaLeaf/Original Images/Anthracnose/Anthracnose(252).jpg,/content/drive/MyDrive/Papaya_Leaf_Disease_Classification/YOLO_Bounding_Box/Anthracnose/Anthracnose(252).txt,Box dòng 1 đã được tự động cắt xén (clip) vừa ảnh. | Box dòng 2 đã được tự động cắt xén (clip) vừa ảnh. | Box dòng 3 đã được tự động cắt xén (clip) vừa ảnh. | Box dòng 4 đã được tự động cắt xén (clip) vừa ảnh. | Box dòng 5 đã được tự động cắt xén (clip) vừa ảnh. | Box dòng 6 đã được tự động cắt xén (clip) vừa ảnh. | Box dòng 7 đã được tự động cắt xén (clip) vừa ảnh. | Box dòng 8 đã được tự động cắt xén (clip) vừa ảnh. | Box dòng 9 đã được tự động cắt xén (clip) vừa ảnh. | Box dòng 10 đã được tự động cắt xén (clip) vừa ảnh. | Box dòng 11 đã được tự động cắt xén (clip) vừa ảnh. | Box dòng 12 đã được tự động cắt xén (clip) vừa ảnh. | Box dòng 13 đã được tự động cắt xén (clip) vừa ảnh. | Box dòng 14 đã được tự động cắt xén (clip) vừa ảnh. | Box dòng 15 đã được tự động cắt xén (clip) vừa ảnh. | Box dòng 16 đã được tự động cắt xén (clip) vừa ảnh. | Box dòng 17 đã được tự động cắt xén (clip) vừa ảnh. | Box dòng 18 đã được tự động cắt xén (clip) vừa ảnh. | Box dòng 19 đã được tự động cắt xén (clip) vừa ảnh. | Box dòng 20 đã được tự động cắt xén (clip) vừa ảnh.
Anthracnose,/content/drive/MyDrive/Papaya_Leaf_Disease_Classification/BDPapayaLeaf/Original Images/Anthracnose/Anthracnose(253).jpg,/content/drive/MyDrive/Papaya_Leaf_Disease_Classification/YOLO_Bounding_Box/Anthracnose/Anthracnose(253).txt,Box dòng 1 đã được tự động cắt xén (clip) vừa ảnh. | Box dòng 2 đã được tự động cắt xén (clip) vừa ảnh. | Box dòng 3 đã được tự động cắt xén (clip) vừa ảnh. | Box dòng 4 đã được tự động cắt xén (clip) vừa ảnh. | Box dòng 5 đã được tự động cắt xén (clip) vừa ảnh. | Box dòng 6 đã được tự động cắt xén (clip) vừa ảnh. | Box dòng 7 đã được tự động cắt xén (clip) vừa ảnh. | Box dòng 8 đã được tự động cắt xén (clip) vừa ảnh. | Box dòng 9 đã được tự động cắt xén (clip) vừa ảnh. | Box dòng 10 đã được tự động cắt xén (clip) vừa ảnh. | Box dòng 11 đã được tự động cắt xén (clip) vừa ảnh. | Box dòng 12 đã được tự động cắt xén (clip) vừa ảnh. | Box dòng 13 đã được tự động cắt xén (clip) vừa ảnh.
Anthracnose,/content/drive/MyDrive/Papaya_Leaf_Disease_Classification/BDPapayaLeaf/Original Images/Anthracnose/Anthracnose(254).jpg,/content/drive/MyDrive/Papaya_Leaf_Disease_Classification/YOLO_Bounding_Box/Anthracnose/Anthracnose(254).txt,Box dòng 1 đã được tự động cắt xén (clip) vừa ảnh. | Box dòng 2 đã được tự động cắt xén (clip) vừa ảnh. | Box dòng 3 đã được tự động cắt xén (clip) vừa ảnh. | Box dòng 4 đã được tự động cắt xén (clip) vừa ảnh. | Box dòng 5 đã được tự động cắt xén (clip) vừa ảnh. | Box dòng 6 đã được tự động cắt xén (clip) vừa ảnh. | Box dòng 7 đã được tự động cắt xén (clip) vừa ảnh. | Box dòng 8 đã được tự động cắt xén (clip) vừa ảnh. | Box dòng 10 đã được tự động cắt xén (clip) vừa ảnh. | Box dòng 11 đã được tự động cắt xén (clip) vừa ảnh. | Box dòng 12 đã được tự động cắt xén (clip) vừa ảnh. | Box dòng 13 đã được tự động cắt xén (clip) vừa ảnh. | Box dòng 14 đã được tự động cắt xén (clip) vừa ảnh. | Box dòng 15 đã được tự động cắt xén (clip) vừa ảnh. | Box dòng 16 đã được tự động cắt xén (clip) vừa ảnh. | Box dòng 17 đã được tự động cắt xén (clip) vừa ảnh. | Box dòng 18 đã được tự động cắt xén (clip) vừa ảnh. | Box dòng 19 đã được tự động cắt xén (clip) vừa ảnh.
Anthracnose,/content/drive/MyDrive/Papaya_Leaf_Disease_Classification/BDPapayaLeaf/Original Images/Anthracnose/Anthracnose(255).jpg,/content/drive/MyDrive/Papaya_Leaf_Disease_Classification/YOLO_Bounding_Box/Anthracnose/Anthracnose(255).txt,Box dòng 1 đã được tự động cắt xén (clip) vừa ảnh. | Box dòng 2 đã được tự động cắt xén (clip) vừa ảnh. | Box dòng 3 đã được tự động cắt xén (clip) vừa ảnh. | Box dòng 4 đã được tự động cắt xén (clip) vừa ảnh. | Box dòng 5 đã được tự động cắt xén (clip) vừa ảnh. | Box dòng 6 đã được tự động cắt xén (clip) vừa ảnh. | Box dòng 7 đã được tự động cắt xén (clip) vừa ảnh. | Box dòng 8 đã được tự động cắt xén (clip) vừa ảnh. | Box dòng 9 đã được tự động cắt xén (clip) vừa ảnh. | Box dòng 10 đã được tự động cắt xén (clip) vừa ảnh. | Box dòng 11 đã được tự động cắt xén (clip) vừa ảnh. | Box dòng 12 đã được tự động cắt xén (clip) vừa ảnh. | Box dòng 13 đã được tự động cắt xén (clip) vừa ảnh. | Box dòng 14 đã được tự động cắt xén (clip) vừa ảnh. | Box dòng 15 đã được tự động cắt xén (clip) vừa ảnh. | Box dòng 16 đã được tự động cắt xén (clip) vừa ảnh. | Box dòng 17 đã được tự động cắt xén (clip) vừa ảnh. | Box dòng 18 đã được tự động cắt xén (clip) vừa ảnh. | Box dòng 19 đã được tự động cắt xén (clip) vừa ảnh. | Box dòng 20 đã được tự động cắt xén (clip) vừa ảnh.
Anthracnose,/content/drive/MyDrive/Papaya_Leaf_Disease_Classification/BDPapayaLeaf/Original Images/Anthracnose/Anthracnose(257).jpg,/content/drive/MyDrive/Papaya_Leaf_Disease_Classification/YOLO_Bounding_Box/Anthracnose/Anthracnose(257).txt,Box dòng 1 đã được tự động cắt xén (clip) vừa ảnh. | Box dòng 2 đã được tự động cắt xén (clip) vừa ảnh.
Anthracnose,/content/drive/MyDrive/Papaya_Leaf_Disease_Classification/BDPapayaLeaf/Original Images/Anthracnose/Anthracnose(258).jpg,/content/drive/MyDrive/Papaya_Leaf_Disease_Classification/YOLO_Bounding_Box/Anthracnose/Anthracnose(258).txt,Box dòng 1 đã được tự động cắt xén (clip) vừa ảnh. | Box dòng 2 đã được tự động cắt xén (clip) vừa ảnh. | Box dòng 3 đã được tự động cắt xén (clip) vừa ảnh. | Box dòng 4 đã được tự động cắt xén (clip) vừa ảnh. | Box dòng 5 đã được tự động cắt xén (clip) vừa ảnh. | Box dòng 6 đã được tự động cắt xén (clip) vừa ảnh. | Box dòng 7 đã được tự động cắt xén (clip) vừa ảnh. | Box dòng 8 đã được tự động cắt xén (clip) vừa ảnh. | Box dòng 9 đã được tự động cắt xén (clip) vừa ảnh. | Box dòng 10 đã được tự động cắt xén (clip) vừa ảnh. | Box dòng 11 đã được tự động cắt xén (clip) vừa ảnh. | Box dòng 12 đã được tự động cắt xén (clip) vừa ảnh. | Box dòng 13 đã được tự động cắt xén (clip) vừa ảnh. | Box dòng 14 đã được tự động cắt xén (clip) vừa ảnh. | Box dòng 15 đã được tự động cắt xén (clip) vừa ảnh. | Box dòng 16 đã được tự động cắt xén (clip) vừa ảnh. | Box dòng 17 đã được tự động cắt xén (clip) vừa ảnh. | Box dòng 18 đã được tự động cắt xén (clip) vừa ảnh. | Box dòng 19 đã được tự động cắt xén (clip) vừa ảnh. | Box dòng 20 đã được tự động cắt xén (clip) vừa ảnh.
Anthracnose,/content/drive/MyDrive/Papaya_Leaf_Disease_Classification/BDPapayaLeaf/Original Images/Anthracnose/Anthracnose(259).jpg,/content/drive/MyDrive/Papaya_Leaf_Disease_Classification/YOLO_Bounding_Box/Anthracnose/Anthracnose(259).txt,Box dòng 1 đã được tự động cắt xén (clip) vừa ảnh. | Box dòng 2 đã được tự động cắt xén (clip) vừa ảnh. | Box dòng 3 đã được tự động cắt xén (clip) vừa ảnh. | Box dòng 4 đã được tự động cắt xén (clip) vừa ảnh. | Box dòng 5 đã được tự động cắt xén (clip) vừa ảnh. | Box dòng 6 đã được tự động cắt xén (clip) vừa ảnh. | Box dòng 7 đã được tự động cắt xén (clip) vừa ảnh. | Box dòng 8 đã được tự động cắt xén (clip) vừa ảnh. | Box dòng 9 đã được tự động cắt xén (clip) vừa ảnh. | Box dòng 10 đã được tự động cắt xén (clip) vừa ảnh. | Box dòng 11 đã được tự động cắt xén (clip) vừa ảnh. | Box dòng 12 đã được tự động cắt xén (clip) vừa ảnh.
Anthracnose,/content/drive/MyDrive/Papaya_Leaf_Disease_Classification/BDPapayaLeaf/Original Images/Anthracnose/Anthracnose(26).jpg,/content/drive/MyDrive/Papaya_Leaf_Disease_Classification/YOLO_Bounding_Box/Anthracnose/Anthracnose(26).txt,Box dòng 1 đã được tự động cắt xén (clip) vừa ảnh. | Box dòng 2 đã được tự động cắt xén (clip) vừa ảnh. | Box dòng 3 đã được tự động cắt xén (clip) vừa ảnh. | Box dòng 4 đã được tự động cắt xén (clip) vừa ảnh. | Box dòng 5 đã được tự động cắt xén (clip) vừa ảnh. | Box dòng 6 đã được tự động cắt xén (clip) vừa ảnh. | Box dòng 7 đã được tự động cắt xén (clip) vừa ảnh. | Box dòng 8 đã được tự động cắt xén (clip) vừa ảnh. | Box dòng 9 đã được tự động cắt xén (clip) vừa ảnh. | Box dòng 10 đã được tự động cắt xén (clip) vừa ảnh. | Box dòng 11 đã được tự động cắt xén (clip) vừa ảnh. | Box dòng 12 đã được tự động cắt xén (clip) vừa ảnh. | Box dòng 13 đã được tự động cắt xén (clip) vừa ảnh. | Box dòng 14 đã được tự động cắt xén (clip) vừa ảnh. | Box dòng 15 đã được tự động cắt xén (clip) vừa ảnh. | Box dòng 16 đã được tự động cắt xén (clip) vừa ảnh. | Box dòng 17 đã được tự động cắt xén (clip) vừa ảnh. | Box dòng 18 đã được tự động cắt xén (clip) vừa ảnh. | Box dòng 19 đã được tự động cắt xén (clip) vừa ảnh. | Box dòng 20 đã được tự động cắt xén (clip) vừa ảnh. | Box dòng 21 đã được tự động cắt xén (clip) vừa ảnh. | Box dòng 22 đã được tự động cắt xén (clip) vừa ảnh. | Box dòng 23 đã được tự động cắt xén (clip) vừa ảnh. | Box dòng 24 đã được tự động cắt xén (clip) vừa ảnh. | Box dòng 25 đã được tự động cắt xén (clip) vừa ảnh. | Box dòng 26 đã được tự động cắt xén (clip) vừa ảnh. | Box dòng 27 đã được tự động cắt xén (clip) vừa ảnh.
Anthracnose,/content/drive/MyDrive/Papaya_Leaf_Disease_Classification/BDPapayaLeaf/Original Images/Anthracnose/Anthracnose(260).jpg,/content/drive/MyDrive/Papaya_Leaf_Disease_Classification/YOLO_Bounding_Box/Anthracnose/Anthracnose(260).txt,Box dòng 1 đã được tự động cắt xén (clip) vừa ảnh. | Box dòng 2 đã được tự động cắt xén (clip) vừa ảnh. | Box dòng 3 đã được tự động cắt xén (clip) vừa ảnh. | Box dòng 4 đã được tự động cắt xén (clip) vừa ảnh. | Box dòng 5 đã được tự động cắt xén (clip) vừa ảnh. | Box dòng 6 đã được tự động cắt xén (clip) vừa ảnh. | Box dòng 7 đã được tự động cắt xén (clip) vừa ảnh. | Box dòng 8 đã được tự động cắt xén (clip) vừa ảnh. | Box dòng 9 đã được tự động cắt xén (clip) vừa ảnh. | Box dòng 10 đã được tự động cắt xén (clip) vừa ảnh. | Box dòng 11 đã được tự động cắt xén (clip) vừa ảnh. | Box dòng 12 đã được tự động cắt xén (clip) vừa ảnh. | Box dòng 13 đã được tự động cắt xén (clip) vừa ảnh. | Box dòng 14 đã được tự động cắt xén (clip) vừa ảnh. | Box dòng 15 đã được tự động cắt xén (clip) vừa ảnh.
Anthracnose,/content/drive/MyDrive/Papaya_Leaf_Disease_Classification/BDPapayaLeaf/Original Images/Anthracnose/Anthracnose(261).jpg,/content/drive/MyDrive/Papaya_Leaf_Disease_Classification/YOLO_Bounding_Box/Anthracnose/Anthracnose(261).txt,Box dòng 1 đã được tự động cắt xén (clip) vừa ảnh. | Box dòng 2 đã được tự động cắt xén (clip) vừa ảnh. | Box dòng 3 đã được tự động cắt xén (clip) vừa ảnh. | Box dòng 4 đã được tự động cắt xén (clip) vừa ảnh. | Box dòng 5 đã được tự động cắt xén (clip) vừa ảnh. | Box dòng 6 đã được tự động cắt xén (clip) vừa ảnh. | Box dòng 7 đã được tự động cắt xén (clip) vừa ảnh. | Box dòng 8 đã được tự động cắt xén (clip) vừa ảnh. | Box dòng 9 đã được tự động cắt xén (clip) vừa ảnh. | Box dòng 10 đã được tự động cắt xén (clip) vừa ảnh. | Box dòng 11 đã được tự động cắt xén (clip) vừa ảnh. | Box dòng 12 đã được tự động cắt xén (clip) vừa ảnh. | Box dòng 13 đã được tự động cắt xén (clip) vừa ảnh. | Box dòng 14 đã được tự động cắt xén (clip) vừa ảnh. | Box dòng 15 đã được tự động cắt xén (clip) vừa ảnh. | Box dòng 16 đã được tự động cắt xén (clip) vừa ảnh. | Box dòng 17 đã được tự động cắt xén (clip) vừa ảnh. | Box dòng 18 đã được tự động cắt xén (clip) vừa ảnh. | Box dòng 19 đã được tự động cắt xén (clip) vừa ảnh. | Box dòng 20 đã được tự động cắt xén (clip) vừa ảnh. | Box dòng 21 đã được tự động cắt xén (clip) vừa ảnh. | Box dòng 22 đã được tự động cắt xén (clip) vừa ảnh.
Anthracnose,/content/drive/MyDrive/Papaya_Leaf_Disease_Classification/BDPapayaLeaf/Original Images/Anthracnose/Anthracnose(262).jpg,/content/drive/MyDrive/Papaya_Leaf_Disease_Classification/YOLO_Bounding_Box/Anthracnose/Anthracnose(262).txt,Box dòng 1 đã được tự động cắt xén (clip) vừa ảnh. | Box dòng 2 đã được tự động cắt xén (clip) vừa ảnh. | Box dòng 3 đã được tự động cắt xén (clip) vừa ảnh. | Box dòng 4 đã được tự động cắt xén (clip) vừa ảnh. | Box dòng 5 đã được tự động cắt xén (clip) vừa ảnh. | Box dòng 6 đã được tự động cắt xén (clip) vừa ảnh. | Box dòng 7 đã được tự động cắt xén (clip) vừa ảnh. | Box dòng 8 đã được tự động cắt xén (clip) vừa ảnh. | Box dòng 9 đã được tự động cắt xén (clip) vừa ảnh. | Box dòng 10 đã được tự động cắt xén (clip) vừa ảnh. | Box dòng 11 đã được tự động cắt xén (clip) vừa ảnh. | Box dòng 12 đã được tự động cắt xén (clip) vừa ảnh. | Box dòng 13 đã được tự động cắt xén (clip) vừa ảnh. | Box dòng 14 đã được tự động cắt xén (clip) vừa ảnh. | Box dòng 15 đã được tự động cắt xén (clip) vừa ảnh. | Box dòng 16 đã được tự động cắt xén (clip) vừa ảnh. | Box dòng 17 đã được tự động cắt xén (clip) vừa ảnh. | Box dòng 18 đã được tự động cắt xén (clip) vừa ảnh. | Box dòng 19 đã được tự động cắt xén (clip) vừa ảnh. | Box dòng 20 đã được tự động cắt xén (clip) vừa ảnh. | Box dòng 21 đã được tự động cắt xén (clip) vừa ảnh. | Box dòng 22 đã được tự động cắt xén (clip) vừa ảnh. | Box dòng 23 đã được tự động cắt xén (clip) vừa ảnh. | Box dòng 24 đã được tự động cắt xén (clip) vừa ảnh.
Anthracnose,/content/drive/MyDrive/Papaya_Leaf_Disease_Classification/BDPapayaLeaf/Original Images/Anthracnose/Anthracnose(263).jpg,/content/drive/MyDrive/Papaya_Leaf_Disease_Classification/YOLO_Bounding_Box/Anthracnose/Anthracnose(263).txt,Box dòng 1 đã được tự động cắt xén (clip) vừa ảnh. | Box dòng 2 đã được tự động cắt xén (clip) vừa ảnh. | Box dòng 3 đã được tự động cắt xén (clip) vừa ảnh. | Box dòng 4 đã được tự động cắt xén (clip) vừa ảnh. | Box dòng 5 đã được tự động cắt xén (clip) vừa ảnh. | Box dòng 6 đã được tự động cắt xén (clip) vừa ảnh. | Box dòng 7 đã được tự động cắt xén (clip) vừa ảnh. | Box dòng 8 đã được tự động cắt xén (clip) vừa ảnh. | Box dòng 9 đã được tự động cắt xén (clip) vừa ảnh. | Box dòng 10 đã được tự động cắt xén (clip) vừa ảnh. | Box dòng 11 đã được tự động cắt xén (clip) vừa ảnh. | Box dòng 12 đã được tự động cắt xén (clip) vừa ảnh. | Box dòng 13 đã được tự động cắt xén (clip) vừa ảnh. | Box dòng 14 đã được tự động cắt xén (clip) vừa ảnh. | Box dòng 15 đã được tự động cắt xén (clip) vừa ảnh. | Box dòng 16 đã được tự động cắt xén (clip) vừa ảnh. | Box dòng 17 đã được tự động cắt xén (clip) vừa ảnh. | Box dòng 18 đã được tự động cắt xén (clip) vừa ảnh. | Box dòng 19 đã được tự động cắt xén (clip) vừa ảnh.
Anthracnose,/content/drive/MyDrive/Papaya_Leaf_Disease_Classification/BDPapayaLeaf/Original Images/Anthracnose/Anthracnose(264).jpg,/content/drive/MyDrive/Papaya_Leaf_Disease_Classification/YOLO_Bounding_Box/Anthracnose/Anthracnose(264).txt,Box dòng 1 đã được tự động cắt xén (clip) vừa ảnh. | Box dòng 2 đã được tự động cắt xén (clip) vừa ảnh. | Box dòng 3 đã được tự động cắt xén (clip) vừa ảnh. | Box dòng 4 đã được tự động cắt xén (clip) vừa ảnh. | Box dòng 5 đã được tự động cắt xén (clip) vừa ảnh. | Box dòng 6 đã được tự động cắt xén (clip) vừa ảnh. | Box dòng 7 đã được tự động cắt xén (clip) vừa ảnh. | Box dòng 8 đã được tự động cắt xén (clip) vừa ảnh. | Box dòng 9 đã được tự động cắt xén (clip) vừa ảnh. | Box dòng 10 đã được tự động cắt xén (clip) vừa ảnh. | Box dòng 11 đã được tự động cắt xén (clip) vừa ảnh. | Box dòng 12 đã được tự động cắt xén (clip) vừa ảnh. | Box dòng 13 đã được tự động cắt xén (clip) vừa ảnh.
Anthracnose,/content/drive/MyDrive/Papaya_Leaf_Disease_Classification/BDPapayaLeaf/Original Images/Anthracnose/Anthracnose(265).jpg,/content/drive/MyDrive/Papaya_Leaf_Disease_Classification/YOLO_Bounding_Box/Anthracnose/Anthracnose(265).txt,Box dòng 1 đã được tự động cắt xén (clip) vừa ảnh. | Box dòng 2 đã được tự động cắt xén (clip) vừa ảnh. | Box dòng 3 đã được tự động cắt xén (clip) vừa ảnh. | Box dòng 4 đã được tự động cắt xén (clip) vừa ảnh. | Box dòng 5 đã được tự động cắt xén (clip) vừa ảnh. | Box dòng 6 đã được tự động cắt xén (clip) vừa ảnh. | Box dòng 7 đã được tự động cắt xén (clip) vừa ảnh. | Box dòng 8 đã được tự động cắt xén (clip) vừa ảnh. | Box dòng 9 đã được tự động cắt xén (clip) vừa ảnh. | Box dòng 10 đã được tự động cắt xén (clip) vừa ảnh. | Box dòng 11 đã được tự động cắt xén (clip) vừa ảnh.
Anthracnose,/content/drive/MyDrive/Papaya_Leaf_Disease_Classification/BDPapayaLeaf/Original Images/Anthracnose/Anthracnose(266).jpg,/content/drive/MyDrive/Papaya_Leaf_Disease_Classification/YOLO_Bounding_Box/Anthracnose/Anthracnose(266).txt,Box dòng 1 đã được tự động cắt xén (clip) vừa ảnh. | Box dòng 2 đã được tự động cắt xén (clip) vừa ảnh. | Box dòng 3 đã được tự động cắt xén (clip) vừa ảnh. | Box dòng 4 đã được tự động cắt xén (clip) vừa ảnh. | Box dòng 5 đã được tự động cắt xén (clip) vừa ảnh. | Box dòng 6 đã được tự động cắt xén (clip) vừa ảnh. | Box dòng 7 đã được tự động cắt xén (clip) vừa ảnh. | Box dòng 8 đã được tự động cắt xén (clip) vừa ảnh. | Box dòng 9 đã được tự động cắt xén (clip) vừa ảnh. | Box dòng 10 đã được tự động cắt xén (clip) vừa ảnh. | Box dòng 11 đã được tự động cắt xén (clip) vừa ảnh. | Box dòng 12 đã được tự động cắt xén (clip) vừa ảnh. | Box dòng 13 đã được tự động cắt xén (clip) vừa ảnh. | Box dòng 14 đã được tự động cắt xén (clip) vừa ảnh. | Box dòng 15 đã được tự động cắt xén (clip) vừa ảnh. | Box dòng 16 đã được tự động cắt xén (clip) vừa ảnh. | Box dòng 17 đã được tự động cắt xén (clip) vừa ảnh. | Box dòng 18 đã được tự động cắt xén (clip) vừa ảnh. | Box dòng 19 đã được tự động cắt xén (clip) vừa ảnh. | Box dòng 20 đã được tự động cắt xén (clip) vừa ảnh. | Box dòng 21 đã được tự động cắt xén (clip) vừa ảnh. | Box dòng 22 đã được tự động cắt xén (clip) vừa ảnh. | Box dòng 23 đã được tự động cắt xén (clip) vừa ảnh. | Box dòng 24 đã được tự động cắt xén (clip) vừa ảnh. | Box dòng 25 đã được tự động cắt xén (clip) vừa ảnh. | Box dòng 26 đã được tự động cắt xén (clip) vừa ảnh. | Box dòng 27 đã được tự động cắt xén (clip) vừa ảnh. | Box dòng 28 đã được tự động cắt xén (clip) vừa ảnh. | Box dòng 29 đã được tự động cắt xén (clip) vừa ảnh. | Box dòng 30 đã được tự động cắt xén (clip) vừa ảnh. | Box dòng 31 đã được tự động cắt xén (clip) vừa ảnh. | Box dòng 32 đã được tự động cắt xén (clip) vừa ảnh. | Box dòng 33 đã được tự động cắt xén (clip) vừa ảnh. | Box dòng 34 đã được tự động cắt xén (clip) vừa ảnh. | Box dòng 35 đã được tự động cắt xén (clip) vừa ảnh. | Box dòng 36 đã được tự động cắt xén (clip) vừa ảnh. | Box dòng 37 đã được tự động cắt xén (clip) vừa ảnh. | Box dòng 38 đã được tự động cắt xén (clip) vừa ảnh. | Box dòng 39 đã được tự động cắt xén (clip) vừa ảnh. | Box dòng 40 đã được tự động cắt xén (clip) vừa ảnh. | Box dòng 41 đã được tự động cắt xén (clip) vừa ảnh. | Box dòng 42 đã được tự động cắt xén (clip) vừa ảnh. | Box dòng 43 đã được tự động cắt xén (clip) vừa ảnh. | Box dòng 44 đã được tự động cắt xén (clip) vừa ảnh.
Anthracnose,/content/drive/MyDrive/Papaya_Leaf_Disease_Classification/BDPapayaLeaf/Original Images/Anthracnose/Anthracnose(267).jpg,/content/drive/MyDrive/Papaya_Leaf_Disease_Classification/YOLO_Bounding_Box/Anthracnose/Anthracnose(267).txt,Box dòng 1 đã được tự động cắt xén (clip) vừa ảnh. | Box dòng 2 đã được tự động cắt xén (clip) vừa ảnh. | Box dòng 3 đã được tự động cắt xén (clip) vừa ảnh. | Box dòng 4 đã được tự động cắt xén (clip) vừa ảnh. | Box dòng 5 đã được tự động cắt xén (clip) vừa ảnh. | Box dòng 6 đã được tự động cắt xén (clip) vừa ảnh. | Box dòng 7 đã được tự động cắt xén (clip) vừa ảnh. | Box dòng 8 đã được tự động cắt xén (clip) vừa ảnh. | Box dòng 9 đã được tự động cắt xén (clip) vừa ảnh. | Box dòng 10 đã được tự động cắt xén (clip) vừa ảnh. | Box dòng 11 đã được tự động cắt xén (clip) vừa ảnh. | Box dòng 12 đã được tự động cắt xén (clip) vừa ảnh. | Box dòng 13 đã được tự động cắt xén (clip) vừa ảnh. | Box dòng 14 đã được tự động cắt xén (clip) vừa ảnh. | Box dòng 15 đã được tự động cắt xén (clip) vừa ảnh. | Box dòng 16 đã được tự động cắt xén (clip) vừa ảnh. | Box dòng 17 đã được tự động cắt xén (clip) vừa ảnh. | Box dòng 18 đã được tự động cắt xén (clip) vừa ảnh. | Box dòng 19 đã được tự động cắt xén (clip) vừa ảnh. | Box dòng 20 đã được tự động cắt xén (clip) vừa ảnh. | Box dòng 21 đã được tự động cắt xén (clip) vừa ảnh. | Box dòng 22 đã được tự động cắt xén (clip) vừa ảnh. | Box dòng 23 đã được tự động cắt xén (clip) vừa ảnh. | Box dòng 24 đã được tự động cắt xén (clip) vừa ảnh. | Box dòng 25 đã được tự động cắt xén (clip) vừa ảnh. | Box dòng 26 đã được tự động cắt xén (clip) vừa ảnh. | Box dòng 27 đã được tự động cắt xén (clip) vừa ảnh. | Box dòng 28 đã được tự động cắt xén (clip) vừa ảnh.
Anthracnose,/content/drive/MyDrive/Papaya_Leaf_Disease_Classification/BDPapayaLeaf/Original Images/Anthracnose/Anthracnose(268).jpg,/content/drive/MyDrive/Papaya_Leaf_Disease_Classification/YOLO_Bounding_Box/Anthracnose/Anthracnose(268).txt,Box dòng 1 đã được tự động cắt xén (clip) vừa ảnh. | Box dòng 2 đã được tự động cắt xén (clip) vừa ảnh. | Box dòng 3 đã được tự động cắt xén (clip) vừa ảnh. | Box dòng 4 đã được tự động cắt xén (clip) vừa ảnh. | Box dòng 5 đã được tự động cắt xén (clip) vừa ảnh. | Box dòng 7 đã được tự động cắt xén (clip) vừa ảnh. | Box dòng 8 đã được tự động cắt xén (clip) vừa ảnh. | Box dòng 9 đã được tự động cắt xén (clip) vừa ảnh. | Box dòng 10 đã được tự động cắt xén (clip) vừa ảnh. | Box dòng 13 đã được tự động cắt xén (clip) vừa ảnh. | Box dòng 14 đã được tự động cắt xén (clip) vừa ảnh. | Box dòng 16 đã được tự động cắt xén (clip) vừa ảnh. | Box dòng 18 đã được tự động cắt xén (clip) vừa ảnh. | Box dòng 19 đã được tự động cắt xén (clip) vừa ảnh. | Box dòng 20 đã được tự động cắt xén (clip) vừa ảnh. | Box dòng 22 đã được tự động cắt xén (clip) vừa ảnh. | Box dòng 23 đã được tự động cắt xén (clip) vừa ảnh. | Box dòng 24 đã được tự động cắt xén (clip) vừa ảnh. | Box dòng 25 đã được tự động cắt xén (clip) vừa ảnh. | Box dòng 27 đã được tự động cắt xén (clip) vừa ảnh. | Box dòng 28 đã được tự động cắt xén (clip) vừa ảnh. | Box dòng 29 đã được tự động cắt xén (clip) vừa ảnh. | Box dòng 30 đã được tự động cắt xén (clip) vừa ảnh. | Box dòng 31 đã được tự động cắt xén (clip) vừa ảnh. | Box dòng 32 đã được tự động cắt xén (clip) vừa ảnh. | Box dòng 33 đã được tự động cắt xén (clip) vừa ảnh. | Box dòng 35 đã được tự động cắt xén (clip) vừa ảnh. | Box dòng 36 đã được tự động cắt xén (clip) vừa ảnh. | Box dòng 37 đã được tự động cắt xén (clip) vừa ảnh. | Box dòng 38 đã được tự động cắt xén (clip) vừa ảnh. | Box dòng 39 đã được tự động cắt xén (clip) vừa ảnh. | Box dòng 40 đã được tự động cắt xén (clip) vừa ảnh. | Box dòng 41 đã được tự động cắt xén (clip) vừa ảnh. | Box dòng 42 đã được tự động cắt xén (clip) vừa ảnh. | Box dòng 43 đã được tự động cắt xén (clip) vừa ảnh. | Box dòng 44 đã được tự động cắt xén (clip) vừa ảnh. | Box dòng 46 đã được tự động cắt xén (clip) vừa ảnh. | Box dòng 47 đã được tự động cắt xén (clip) vừa ảnh. | Box dòng 48 đã được tự động cắt xén (clip) vừa ảnh. | Box dòng 49 đã được tự động cắt xén (clip) vừa ảnh. | Box dòng 50 đã được tự động cắt xén (clip) vừa ảnh. | Box dòng 52 đã được tự động cắt xén (clip) vừa ảnh. | Box dòng 53 đã được tự động cắt xén (clip) vừa ảnh. | Box dòng 58 đã được tự động cắt xén (clip) vừa ảnh.
Anthracnose,/content/drive/MyDrive/Papaya_Leaf_Disease_Classification/BDPapayaLeaf/Original Images/Anthracnose/Anthracnose(269).jpg,/content/drive/MyDrive/Papaya_Leaf_Disease_Classification/YOLO_Bounding_Box/Anthracnose/Anthracnose(269).txt,Box dòng 1 đã được tự động cắt xén (clip) vừa ảnh. | Box dòng 2 đã được tự động cắt xén (clip) vừa ảnh. | Box dòng 3 đã được tự động cắt xén (clip) vừa ảnh. | Box dòng 4 đã được tự động cắt xén (clip) vừa ảnh. | Box dòng 5 đã được tự động cắt xén (clip) vừa ảnh. | Box dòng 6 đã được tự động cắt xén (clip) vừa ảnh. | Box dòng 7 đã được tự động cắt xén (clip) vừa ảnh. | Box dòng 8 đã được tự động cắt xén (clip) vừa ảnh. | Box dòng 9 đã được tự động cắt xén (clip) vừa ảnh. | Box dòng 10 đã được tự động cắt xén (clip) vừa ảnh. | Box dòng 11 đã được tự động cắt xén (clip) vừa ảnh.
Anthracnose,/content/drive/MyDrive/Papaya_Leaf_Disease_Classification/BDPapayaLeaf/Original Images/Anthracnose/Anthracnose(27).jpg,/content/drive/MyDrive/Papaya_Leaf_Disease_Classification/YOLO_Bounding_Box/Anthracnose/Anthracnose(27).txt,Box dòng 1 đã được tự động cắt xén (clip) vừa ảnh. | Box dòng 2 đã được tự động cắt xén (clip) vừa ảnh. | Box dòng 3 đã được tự động cắt xén (clip) vừa ảnh. | Box dòng 4 đã được tự động cắt xén (clip) vừa ảnh. | Box dòng 5 đã được tự động cắt xén (clip) vừa ảnh. | Box dòng 6 đã được tự động cắt xén (clip) vừa ảnh. | Box dòng 7 đã được tự động cắt xén (clip) vừa ảnh. | Box dòng 8 đã được tự động cắt xén (clip) vừa ảnh. | Box dòng 9 đã được tự động cắt xén (clip) vừa ảnh. | Box dòng 10 đã được tự động cắt xén (clip) vừa ảnh. | Box dòng 11 đã được tự động cắt xén (clip) vừa ảnh. | Box dòng 12 đã được tự động cắt xén (clip) vừa ảnh. | Box dòng 13 đã được tự động cắt xén (clip) vừa ảnh. | Box dòng 14 đã được tự động cắt xén (clip) vừa ảnh. | Box dòng 15 đã được tự động cắt xén (clip) vừa ảnh. | Box dòng 16 đã được tự động cắt xén (clip) vừa ảnh. | Box dòng 17 đã được tự động cắt xén (clip) vừa ảnh. | Box dòng 18 đã được tự động cắt xén (clip) vừa ảnh. | Box dòng 19 đã được tự động cắt xén (clip) vừa ảnh. | Box dòng 20 đã được tự động cắt xén (clip) vừa ảnh. | Box dòng 21 đã được tự động cắt xén (clip) vừa ảnh. | Box dòng 22 đã được tự động cắt xén (clip) vừa ảnh. | Box dòng 23 đã được tự động cắt xén (clip) vừa ảnh. | Box dòng 24 đã được tự động cắt xén (clip) vừa ảnh. | Box dòng 25 đã được tự động cắt xén (clip) vừa ảnh.
Anthracnose,/content/drive/MyDrive/Papaya_Leaf_Disease_Classification/BDPapayaLeaf/Original Images/Anthracnose/Anthracnose(270).jpg,/content/drive/MyDrive/Papaya_Leaf_Disease_Classification/YOLO_Bounding_Box/Anthracnose/Anthracnose(270).txt,Box dòng 1 đã được tự động cắt xén (clip) vừa ảnh. | Box dòng 2 đã được tự động cắt xén (clip) vừa ảnh. | Box dòng 3 đã được tự động cắt xén (clip) vừa ảnh. | Box dòng 4 đã được tự động cắt xén (clip) vừa ảnh. | Box dòng 5 đã được tự động cắt xén (clip) vừa ảnh. | Box dòng 6 đã được tự động cắt xén (clip) vừa ảnh. | Box dòng 7 đã được tự động cắt xén (clip) vừa ảnh. | Box dòng 8 đã được tự động cắt xén (clip) vừa ảnh. | Box dòng 9 đã được tự động cắt xén (clip) vừa ảnh. | Box dòng 10 đã được tự động cắt xén (clip) vừa ảnh. | Box dòng 11 đã được tự động cắt xén (clip) vừa ảnh. | Box dòng 12 đã được tự động cắt xén (clip) vừa ảnh. | Box dòng 13 đã được tự động cắt xén (clip) vừa ảnh. | Box dòng 14 đã được tự động cắt xén (clip) vừa ảnh. | Box dòng 15 đã được tự động cắt xén (clip) vừa ảnh. | Box dòng 16 đã được tự động cắt xén (clip) vừa ảnh. | Box dòng 17 đã được tự động cắt xén (clip) vừa ảnh. | Box dòng 18 đã được tự động cắt xén (clip) vừa ảnh. | Box dòng 19 đã được tự động cắt xén (clip) vừa ảnh. | Box dòng 20 đã được tự động cắt xén (clip) vừa ảnh. | Box dòng 21 đã được tự động cắt xén (clip) vừa ảnh. | Box dòng 22 đã được tự động cắt xén (clip) vừa ảnh. | Box dòng 23 đã được tự động cắt xén (clip) vừa ảnh. | Box dòng 24 đã được tự động cắt xén (clip) vừa ảnh. | Box dòng 25 đã được tự động cắt xén (clip) vừa ảnh. | Box dòng 26 đã được tự động cắt xén (clip) vừa ảnh. | Box dòng 27 đã được tự động cắt xén (clip) vừa ảnh. | Box dòng 28 đã được tự động cắt xén (clip) vừa ảnh. | Box dòng 29 đã được tự động cắt xén (clip) vừa ảnh. | Box dòng 30 đã được tự động cắt xén (clip) vừa ảnh. | Box dòng 31 đã được tự động cắt xén (clip) vừa ảnh. | Box dòng 32 đã được tự động cắt xén (clip) vừa ảnh. | Box dòng 33 đã được tự động cắt xén (clip) vừa ảnh. | Box dòng 34 đã được tự động cắt xén (clip) vừa ảnh. | Box dòng 35 đã được tự động cắt xén (clip) vừa ảnh. | Box dòng 36 đã được tự động cắt xén (clip) vừa ảnh. | Box dòng 37 đã được tự động cắt xén (clip) vừa ảnh. | Box dòng 38 đã được tự động cắt xén (clip) vừa ảnh. | Box dòng 39 đã được tự động cắt xén (clip) vừa ảnh. | Box dòng 40 đã được tự động cắt xén (clip) vừa ảnh. | Box dòng 41 đã được tự động cắt xén (clip) vừa ảnh. | Box dòng 42 đã được tự động cắt xén (clip) vừa ảnh. | Box dòng 43 đã được tự động cắt xén (clip) vừa ảnh. | Box dòng 44 đã được tự động cắt xén (clip) vừa ảnh. | Box dòng 45 đã được tự động cắt xén (clip) vừa ảnh.
Anthracnose,/content/drive/MyDrive/Papaya_Leaf_Disease_Classification/BDPapayaLeaf/Original Images/Anthracnose/Anthracnose(271).jpg,/content/drive/MyDrive/Papaya_Leaf_Disease_Classification/YOLO_Bounding_Box/Anthracnose/Anthracnose(271).txt,Box dòng 1 đã được tự động cắt xén (clip) vừa ảnh. | Box dòng 2 đã được tự động cắt xén (clip) vừa ảnh. | Box dòng 3 đã được tự động cắt xén (clip) vừa ảnh. | Box dòng 4 đã được tự động cắt xén (clip) vừa ảnh. | Box dòng 5 đã được tự động cắt xén (clip) vừa ảnh. | Box dòng 6 đã được tự động cắt xén (clip) vừa ảnh. | Box dòng 7 đã được tự động cắt xén (clip) vừa ảnh. | Box dòng 8 đã được tự động cắt xén (clip) vừa ảnh. | Box dòng 9 đã được tự động cắt xén (clip) vừa ảnh. | Box dòng 10 đã được tự động cắt xén (clip) vừa ảnh. | Box dòng 11 đã được tự động cắt xén (clip) vừa ảnh. | Box dòng 12 đã được tự động cắt xén (clip) vừa ảnh. | Box dòng 13 đã được tự động cắt xén (clip) vừa ảnh. | Box dòng 14 đã được tự động cắt xén (clip) vừa ảnh. | Box dòng 15 đã được tự động cắt xén (clip) vừa ảnh. | Box dòng 16 đã được tự động cắt xén (clip) vừa ảnh. | Box dòng 17 đã được tự động cắt xén (clip) vừa ảnh. | Box dòng 18 đã được tự động cắt xén (clip) vừa ảnh. | Box dòng 19 đã được tự động cắt xén (clip) vừa ảnh. | Box dòng 20 đã được tự động cắt xén (clip) vừa ảnh. | Box dòng 21 đã được tự động cắt xén (clip) vừa ảnh. | Box dòng 22 đã được tự động cắt xén (clip) vừa ảnh. | Box dòng 23 đã được tự động cắt xén (clip) vừa ảnh. | Box dòng 24 đã được tự động cắt xén (clip) vừa ảnh. | Box dòng 25 đã được tự động cắt xén (clip) vừa ảnh. | Box dòng 26 đã được tự động cắt xén (clip) vừa ảnh. | Box dòng 27 đã được tự động cắt xén (clip) vừa ảnh. | Box dòng 28 đã được tự động cắt xén (clip) vừa ảnh. | Box dòng 29 đã được tự động cắt xén (clip) vừa ảnh. | Box dòng 30 đã được tự động cắt xén (clip) vừa ảnh. | Box dòng 31 đã được tự động cắt xén (clip) vừa ảnh. | Box dòng 32 đã được tự động cắt xén (clip) vừa ảnh. | Box dòng 33 đã được tự động cắt xén (clip) vừa ảnh. | Box dòng 34 đã được tự động cắt xén (clip) vừa ảnh. | Box dòng 35 đã được tự động cắt xén (clip) vừa ảnh.
Anthracnose,/content/drive/MyDrive/Papaya_Leaf_Disease_Classification/BDPapayaLeaf/Original Images/Anthracnose/Anthracnose(272).jpg,/content/drive/MyDrive/Papaya_Leaf_Disease_Classification/YOLO_Bounding_Box/Anthracnose/Anthracnose(272).txt,Box dòng 1 đã được tự động cắt xén (clip) vừa ảnh. | Box dòng 2 đã được tự động cắt xén (clip) vừa ảnh. | Box dòng 3 đã được tự động cắt xén (clip) vừa ảnh. | Box dòng 4 đã được tự động cắt xén (clip) vừa ảnh. | Box dòng 5 đã được tự động cắt xén (clip) vừa ảnh. | Box dòng 6 đã được tự động cắt xén (clip) vừa ảnh. | Box dòng 7 đã được tự động cắt xén (clip) vừa ảnh. | Box dòng 8 đã được tự động cắt xén (clip) vừa ảnh. | Box dòng 9 đã được tự động cắt xén (clip) vừa ảnh. | Box dòng 10 đã được tự động cắt xén (clip) vừa ảnh. | Box dòng 11 đã được tự động cắt xén (clip) vừa ảnh. | Box dòng 12 đã được tự động cắt xén (clip) vừa ảnh. | Box dòng 13 đã được tự động cắt xén (clip) vừa ảnh. | Box dòng 14 đã được tự động cắt xén (clip) vừa ảnh. | Box dòng 15 đã được tự động cắt xén (clip) vừa ảnh. | Box dòng 16 đã được tự động cắt xén (clip) vừa ảnh.
Anthracnose,/content/drive/MyDrive/Papaya_Leaf_Disease_Classification/BDPapayaLeaf/Original Images/Anthracnose/Anthracnose(273).jpg,/content/drive/MyDrive/Papaya_Leaf_Disease_Classification/YOLO_Bounding_Box/Anthracnose/Anthracnose(273).txt,Box dòng 1 đã được tự động cắt xén (clip) vừa ảnh. | Box dòng 2 đã được tự động cắt xén (clip) vừa ảnh. | Box dòng 3 đã được tự động cắt xén (clip) vừa ảnh. | Box dòng 4 đã được tự động cắt xén (clip) vừa ảnh. | Box dòng 5 đã được tự động cắt xén (clip) vừa ảnh. | Box dòng 6 đã được tự động cắt xén (clip) vừa ảnh. | Box dòng 7 đã được tự động cắt xén (clip) vừa ảnh. | Box dòng 8 đã được tự động cắt xén (clip) vừa ảnh. | Box dòng 9 đã được tự động cắt xén (clip) vừa ảnh. | Box dòng 10 đã được tự động cắt xén (clip) vừa ảnh. | Box dòng 11 đã được tự động cắt xén (clip) vừa ảnh. | Box dòng 12 đã được tự động cắt xén (clip) vừa ảnh. | Box dòng 13 đã được tự động cắt xén (clip) vừa ảnh. | Box dòng 14 đã được tự động cắt xén (clip) vừa ảnh. | Box dòng 15 đã được tự động cắt xén (clip) vừa ảnh. | Box dòng 16 đã được tự động cắt xén (clip) vừa ảnh. | Box dòng 17 đã được tự động cắt xén (clip) vừa ảnh. | Box dòng 18 đã được tự động cắt xén (clip) vừa ảnh. | Box dòng 19 đã được tự động cắt xén (clip) vừa ảnh.
Anthracnose,/content/drive/MyDrive/Papaya_Leaf_Disease_Classification/BDPapayaLeaf/Original Images/Anthracnose/Anthracnose(274).jpg,/content/drive/MyDrive/Papaya_Leaf_Disease_Classification/YOLO_Bounding_Box/Anthracnose/Anthracnose(274).txt,Box dòng 1 đã được tự động cắt xén (clip) vừa ảnh. | Box dòng 2 đã được tự động cắt xén (clip) vừa ảnh. | Box dòng 3 đã được tự động cắt xén (clip) vừa ảnh. | Box dòng 4 đã được tự động cắt xén (clip) vừa ảnh. | Box dòng 5 đã được tự động cắt xén (clip) vừa ảnh. | Box dòng 6 đã được tự động cắt xén (clip) vừa ảnh. | Box dòng 7 đã được tự động cắt xén (clip) vừa ảnh. | Box dòng 8 đã được tự động cắt xén (clip) vừa ảnh. | Box dòng 9 đã được tự động cắt xén (clip) vừa ảnh. | Box dòng 10 đã được tự động cắt xén (clip) vừa ảnh. | Box dòng 11 đã được tự động cắt xén (clip) vừa ảnh. | Box dòng 12 đã được tự động cắt xén (clip) vừa ảnh. | Box dòng 13 đã được tự động cắt xén (clip) vừa ảnh.
Anthracnose,/content/drive/MyDrive/Papaya_Leaf_Disease_Classification/BDPapayaLeaf/Original Images/Anthracnose/Anthracnose(275).jpg,/content/drive/MyDrive/Papaya_Leaf_Disease_Classification/YOLO_Bounding_Box/Anthracnose/Anthracnose(275).txt,Box dòng 1 đã được tự động cắt xén (clip) vừa ảnh. | Box dòng 2 đã được tự động cắt xén (clip) vừa ảnh. | Box dòng 3 đã được tự động cắt xén (clip) vừa ảnh. | Box dòng 4 đã được tự động cắt xén (clip) vừa ảnh. | Box dòng 5 đã được tự động cắt xén (clip) vừa ảnh. | Box dòng 6 đã được tự động cắt xén (clip) vừa ảnh. | Box dòng 7 đã được tự động cắt xén (clip) vừa ảnh. | Box dòng 8 đã được tự động cắt xén (clip) vừa ảnh. | Box dòng 9 đã được tự động cắt xén (clip) vừa ảnh. | Box dòng 10 đã được tự động cắt xén (clip) vừa ảnh. | Box dòng 11 đã được tự động cắt xén (clip) vừa ảnh. | Box dòng 12 đã được tự động cắt xén (clip) vừa ảnh. | Box dòng 13 đã được tự động cắt xén (clip) vừa ảnh. | Box dòng 14 đã được tự động cắt xén (clip) vừa ảnh. | Box dòng 15 đã được tự động cắt xén (clip) vừa ảnh. | Box dòng 16 đã được tự động cắt xén (clip) vừa ảnh. | Box dòng 17 đã được tự động cắt xén (clip) vừa ảnh. | Box dòng 18 đã được tự động cắt xén (clip) vừa ảnh. | Box dòng 19 đã được tự động cắt xén (clip) vừa ảnh. | Box dòng 20 đã được tự động cắt xén (clip) vừa ảnh.
Anthracnose,/content/drive/MyDrive/Papaya_Leaf_Disease_Classification/BDPapayaLeaf/Original Images/Anthracnose/Anthracnose(276).jpg,/content/drive/MyDrive/Papaya_Leaf_Disease_Classification/YOLO_Bounding_Box/Anthracnose/Anthracnose(276).txt,Box dòng 1 đã được tự động cắt xén (clip) vừa ảnh. | Box dòng 2 đã được tự động cắt xén (clip) vừa ảnh. | Box dòng 3 đã được tự động cắt xén (clip) vừa ảnh. | Box dòng 4 đã được tự động cắt xén (clip) vừa ảnh. | Box dòng 5 đã được tự động cắt xén (clip) vừa ảnh. | Box dòng 6 đã được tự động cắt xén (clip) vừa ảnh. | Box dòng 7 đã được tự động cắt xén (clip) vừa ảnh. | Box dòng 8 đã được tự động cắt xén (clip) vừa ảnh. | Box dòng 9 đã được tự động cắt xén (clip) vừa ảnh. | Box dòng 10 đã được tự động cắt xén (clip) vừa ảnh. | Box dòng 11 đã được tự động cắt xén (clip) vừa ảnh. | Box dòng 12 đã được tự động cắt xén (clip) vừa ảnh. | Box dòng 13 đã được tự động cắt xén (clip) vừa ảnh. | Box dòng 14 đã được tự động cắt xén (clip) vừa ảnh. | Box dòng 15 đã được tự động cắt xén (clip) vừa ảnh. | Box dòng 16 đã được tự động cắt xén (clip) vừa ảnh. | Box dòng 17 đã được tự động cắt xén (clip) vừa ảnh. | Box dòng 18 đã được tự động cắt xén (clip) vừa ảnh. | Box dòng 19 đã được tự động cắt xén (clip) vừa ảnh. | Box dòng 20 đã được tự động cắt xén (clip) vừa ảnh. | Box dòng 21 đã được tự động cắt xén (clip) vừa ảnh. | Box dòng 22 đã được tự động cắt xén (clip) vừa ảnh. | Box dòng 23 đã được tự động cắt xén (clip) vừa ảnh. | Box dòng 24 đã được tự động cắt xén (clip) vừa ảnh. | Box dòng 25 đã được tự động cắt xén (clip) vừa ảnh. | Box dòng 26 đã được tự động cắt xén (clip) vừa ảnh. | Box dòng 27 đã được tự động cắt xén (clip) vừa ảnh. | Box dòng 28 đã được tự động cắt xén (clip) vừa ảnh. | Box dòng 29 đã được tự động cắt xén (clip) vừa ảnh. | Box dòng 30 đã được tự động cắt xén (clip) vừa ảnh. | Box dòng 31 đã được tự động cắt xén (clip) vừa ảnh.
Anthracnose,/content/drive/MyDrive/Papaya_Leaf_Disease_Classification/BDPapayaLeaf/Original Images/Anthracnose/Anthracnose(277).jpg,/content/drive/MyDrive/Papaya_Leaf_Disease_Classification/YOLO_Bounding_Box/Anthracnose/Anthracnose(277).txt,Box dòng 1 đã được tự động cắt xén (clip) vừa ảnh. | Box dòng 2 đã được tự động cắt xén (clip) vừa ảnh. | Box dòng 3 đã được tự động cắt xén (clip) vừa ảnh. | Box dòng 4 đã được tự động cắt xén (clip) vừa ảnh. | Box dòng 5 đã được tự động cắt xén (clip) vừa ảnh. | Box dòng 6 đã được tự động cắt xén (clip) vừa ảnh. | Box dòng 7 đã được tự động cắt xén (clip) vừa ảnh. | Box dòng 8 đã được tự động cắt xén (clip) vừa ảnh. | Box dòng 9 đã được tự động cắt xén (clip) vừa ảnh. | Box dòng 10 đã được tự động cắt xén (clip) vừa ảnh. | Box dòng 11 đã được tự động cắt xén (clip) vừa ảnh. | Box dòng 12 đã được tự động cắt xén (clip) vừa ảnh. | Box dòng 13 đã được tự động cắt xén (clip) vừa ảnh. | Box dòng 14 đã được tự động cắt xén (clip) vừa ảnh. | Box dòng 15 đã được tự động cắt xén (clip) vừa ảnh. | Box dòng 16 đã được tự động cắt xén (clip) vừa ảnh. | Box dòng 17 đã được tự động cắt xén (clip) vừa ảnh.
Anthracnose,/content/drive/MyDrive/Papaya_Leaf_Disease_Classification/BDPapayaLeaf/Original Images/Anthracnose/Anthracnose(278).jpg,/content/drive/MyDrive/Papaya_Leaf_Disease_Classification/YOLO_Bounding_Box/Anthracnose/Anthracnose(278).txt,Box dòng 1 đã được tự động cắt xén (clip) vừa ảnh. | Box dòng 2 đã được tự động cắt xén (clip) vừa ảnh. | Box dòng 3 đã được tự động cắt xén (clip) vừa ảnh. | Box dòng 4 đã được tự động cắt xén (clip) vừa ảnh. | Box dòng 5 đã được tự động cắt xén (clip) vừa ảnh. | Box dòng 6 đã được tự động cắt xén (clip) vừa ảnh. | Box dòng 7 đã được tự động cắt xén (clip) vừa ảnh. | Box dòng 8 đã được tự động cắt xén (clip) vừa ảnh. | Box dòng 9 đã được tự động cắt xén (clip) vừa ảnh. | Box dòng 10 đã được tự động cắt xén (clip) vừa ảnh. | Box dòng 11 đã được tự động cắt xén (clip) vừa ảnh. | Box dòng 12 đã được tự động cắt xén (clip) vừa ảnh. | Box dòng 13 đã được tự động cắt xén (clip) vừa ảnh. | Box dòng 14 đã được tự động cắt xén (clip) vừa ảnh. | Box dòng 15 đã được tự động cắt xén (clip) vừa ảnh. | Box dòng 16 đã được tự động cắt xén (clip) vừa ảnh. | Box dòng 17 đã được tự động cắt xén (clip) vừa ảnh. | Box dòng 18 đã được tự động cắt xén (clip) vừa ảnh. | Box dòng 19 đã được tự động cắt xén (clip) vừa ảnh. | Box dòng 20 đã được tự động cắt xén (clip) vừa ảnh. | Box dòng 21 đã được tự động cắt xén (clip) vừa ảnh. | Box dòng 22 đã được tự động cắt xén (clip) vừa ảnh. | Box dòng 23 đã được tự động cắt xén (clip) vừa ảnh. | Box dòng 24 đã được tự động cắt xén (clip) vừa ảnh. | Box dòng 25 đã được tự động cắt xén (clip) vừa ảnh.
Anthracnose,/content/drive/MyDrive/Papaya_Leaf_Disease_Classification/BDPapayaLeaf/Original Images/Anthracnose/Anthracnose(279).jpg,/content/drive/MyDrive/Papaya_Leaf_Disease_Classification/YOLO_Bounding_Box/Anthracnose/Anthracnose(279).txt,Box dòng 1 đã được tự động cắt xén (clip) vừa ảnh. | Box dòng 2 đã được tự động cắt xén (clip) vừa ảnh. | Box dòng 3 đã được tự động cắt xén (clip) vừa ảnh. | Box dòng 4 đã được tự động cắt xén (clip) vừa ảnh. | Box dòng 5 đã được tự động cắt xén (clip) vừa ảnh. | Box dòng 6 đã được tự động cắt xén (clip) vừa ảnh. | Box dòng 7 đã được tự động cắt xén (clip) vừa ảnh. | Box dòng 8 đã được tự động cắt xén (clip) vừa ảnh. | Box dòng 9 đã được tự động cắt xén (clip) vừa ảnh. | Box dòng 10 đã được tự động cắt xén (clip) vừa ảnh. | Box dòng 11 đã được tự động cắt xén (clip) vừa ảnh. | Box dòng 12 đã được tự động cắt xén (clip) vừa ảnh. | Box dòng 13 đã được tự động cắt xén (clip) vừa ảnh. | Box dòng 14 đã được tự động cắt xén (clip) vừa ảnh. | Box dòng 15 đã được tự động cắt xén (clip) vừa ảnh. | Box dòng 16 đã được tự động cắt xén (clip) vừa ảnh. | Box dòng 17 đã được tự động cắt xén (clip) vừa ảnh. | Box dòng 18 đã được tự động cắt xén (clip) vừa ảnh. | Box dòng 19 đã được tự động cắt xén (clip) vừa ảnh. | Box dòng 20 đã được tự động cắt xén (clip) vừa ảnh. | Box dòng 21 đã được tự động cắt xén (clip) vừa ảnh. | Box dòng 22 đã được tự động cắt xén (clip) vừa ảnh. | Box dòng 23 đã được tự động cắt xén (clip) vừa ảnh. | Box dòng 24 đã được tự động cắt xén (clip) vừa ảnh. | Box dòng 25 đã được tự động cắt xén (clip) vừa ảnh. | Box dòng 26 đã được tự động cắt xén (clip) vừa ảnh. | Box dòng 27 đã được tự động cắt xén (clip) vừa ảnh. | Box dòng 28 đã được tự động cắt xén (clip) vừa ảnh. | Box dòng 29 đã được tự động cắt xén (clip) vừa ảnh. | Box dòng 30 đã được tự động cắt xén (clip) vừa ảnh. | Box dòng 31 đã được tự động cắt xén (clip) vừa ảnh. | Box dòng 32 đã được tự động cắt xén (clip) vừa ảnh. | Box dòng 33 đã được tự động cắt xén (clip) vừa ảnh. | Box dòng 34 đã được tự động cắt xén (clip) vừa ảnh. | Box dòng 35 đã được tự động cắt xén (clip) vừa ảnh. | Box dòng 36 đã được tự động cắt xén (clip) vừa ảnh. | Box dòng 37 đã được tự động cắt xén (clip) vừa ảnh.
Anthracnose,/content/drive/MyDrive/Papaya_Leaf_Disease_Classification/BDPapayaLeaf/Original Images/Anthracnose/Anthracnose(28).jpg,/content/drive/MyDrive/Papaya_Leaf_Disease_Classification/YOLO_Bounding_Box/Anthracnose/Anthracnose(28).txt,Box dòng 1 đã được tự động cắt xén (clip) vừa ảnh. | Box dòng 2 đã được tự động cắt xén (clip) vừa ảnh. | Box dòng 3 đã được tự động cắt xén (clip) vừa ảnh. | Box dòng 4 đã được tự động cắt xén (clip) vừa ảnh. | Box dòng 5 đã được tự động cắt xén (clip) vừa ảnh. | Box dòng 6 đã được tự động cắt xén (clip) vừa ảnh. | Box dòng 7 đã được tự động cắt xén (clip) vừa ảnh. | Box dòng 8 đã được tự động cắt xén (clip) vừa ảnh. | Box dòng 9 đã được tự động cắt xén (clip) vừa ảnh. | Box dòng 10 đã được tự động cắt xén (clip) vừa ảnh. | Box dòng 11 đã được tự động cắt xén (clip) vừa ảnh. | Box dòng 12 đã được tự động cắt xén (clip) vừa ảnh. | Box dòng 13 đã được tự động cắt xén (clip) vừa ảnh. | Box dòng 14 đã được tự động cắt xén (clip) vừa ảnh. | Box dòng 15 đã được tự động cắt xén (clip) vừa ảnh. | Box dòng 16 đã được tự động cắt xén (clip) vừa ảnh. | Box dòng 17 đã được tự động cắt xén (clip) vừa ảnh. | Box dòng 18 đã được tự động cắt xén (clip) vừa ảnh. | Box dòng 19 đã được tự động cắt xén (clip) vừa ảnh. | Box dòng 20 đã được tự động cắt xén (clip) vừa ảnh. | Box dòng 21 đã được tự động cắt xén (clip) vừa ảnh. | Box dòng 22 đã được tự động cắt xén (clip) vừa ảnh. | Box dòng 23 đã được tự động cắt xén (clip) vừa ảnh. | Box dòng 24 đã được tự động cắt xén (clip) vừa ảnh. | Box dòng 25 đã được tự động cắt xén (clip) vừa ảnh. | Box dòng 26 đã được tự động cắt xén (clip) vừa ảnh. | Box dòng 27 đã được tự động cắt xén (clip) vừa ảnh. | Box dòng 28 đã được tự động cắt xén (clip) vừa ảnh. | Box dòng 29 đã được tự động cắt xén (clip) vừa ảnh. | Box dòng 30 đã được tự động cắt xén (clip) vừa ảnh. | Box dòng 31 đã được tự động cắt xén (clip) vừa ảnh. | Box dòng 32 đã được tự động cắt xén (clip) vừa ảnh. | Box dòng 33 đã được tự động cắt xén (clip) vừa ảnh. | Box dòng 34 đã được tự động cắt xén (clip) vừa ảnh. | Box dòng 35 đã được tự động cắt xén (clip) vừa ảnh. | Box dòng 36 đã được tự động cắt xén (clip) vừa ảnh. | Box dòng 37 đã được tự động cắt xén (clip) vừa ảnh. | Box dòng 38 đã được tự động cắt xén (clip) vừa ảnh. | Box dòng 39 đã được tự động cắt xén (clip) vừa ảnh. | Box dòng 40 đã được tự động cắt xén (clip) vừa ảnh. | Box dòng 41 đã được tự động cắt xén (clip) vừa ảnh. | Box dòng 42 đã được tự động cắt xén (clip) vừa ảnh. | Box dòng 43 đã được tự động cắt xén (clip) vừa ảnh. | Box dòng 44 đã được tự động cắt xén (clip) vừa ảnh. | Box dòng 45 đã được tự động cắt xén (clip) vừa ảnh. | Box dòng 46 đã được tự động cắt xén (clip) vừa ảnh. | Box dòng 47 đã được tự động cắt xén (clip) vừa ảnh. | Box dòng 48 đã được tự động cắt xén (clip) vừa ảnh. | Box dòng 49 đã được tự động cắt xén (clip) vừa ảnh. | Box dòng 50 đã được tự động cắt xén (clip) vừa ảnh. | Box dòng 51 đã được tự động cắt xén (clip) vừa ảnh. | Box dòng 52 đã được tự động cắt xén (clip) vừa ảnh. | Box dòng 53 đã được tự động cắt xén (clip) vừa ảnh. | Box dòng 54 đã được tự động cắt xén (clip) vừa ảnh. | Box dòng 55 đã được tự động cắt xén (clip) vừa ảnh. | Box dòng 56 đã được tự động cắt xén (clip) vừa ảnh. | Box dòng 57 đã được tự động cắt xén (clip) vừa ảnh. | Box dòng 58 đã được tự động cắt xén (clip) vừa ảnh. | Box dòng 59 đã được tự động cắt xén (clip) vừa ảnh. | Box dòng 60 đã được tự động cắt xén (clip) vừa ảnh. | Box dòng 61 đã được tự động cắt xén (clip) vừa ảnh. | Box dòng 62 đã được tự động cắt xén (clip) vừa ảnh. | Box dòng 63 đã được tự động cắt xén (clip) vừa ảnh. | Box dòng 64 đã được tự động cắt xén (clip) vừa ảnh. | Box dòng 65 đã được tự động cắt xén (clip) vừa ảnh. | Box dòng 66 đã được tự động cắt xén (clip) vừa ảnh. | Box dòng 67 đã được tự động cắt xén (clip) vừa ảnh. | Box dòng 68 đã được tự động cắt xén (clip) vừa ảnh. | Box dòng 69 đã được tự động cắt xén (clip) vừa ảnh. | Box dòng 70 đã được tự động cắt xén (clip) vừa ảnh. | Box dòng 71 đã được tự động cắt xén (clip) vừa ảnh. | Box dòng 72 đã được tự động cắt xén (clip) vừa ảnh. | Box dòng 73 đã được tự động cắt xén (clip) vừa ảnh. | Box dòng 74 đã được tự động cắt xén (clip) vừa ảnh.
Anthracnose,/content/drive/MyDrive/Papaya_Leaf_Disease_Classification/BDPapayaLeaf/Original Images/Anthracnose/Anthracnose(280).jpg,/content/drive/MyDrive/Papaya_Leaf_Disease_Classification/YOLO_Bounding_Box/Anthracnose/Anthracnose(280).txt,Box dòng 1 đã được tự động cắt xén (clip) vừa ảnh. | Box dòng 2 đã được tự động cắt xén (clip) vừa ảnh. | Box dòng 3 đã được tự động cắt xén (clip) vừa ảnh. | Box dòng 4 đã được tự động cắt xén (clip) vừa ảnh. | Box dòng 5 đã được tự động cắt xén (clip) vừa ảnh. | Box dòng 6 đã được tự động cắt xén (clip) vừa ảnh. | Box dòng 7 đã được tự động cắt xén (clip) vừa ảnh. | Box dòng 8 đã được tự động cắt xén (clip) vừa ảnh. | Box dòng 9 đã được tự động cắt xén (clip) vừa ảnh. | Box dòng 10 đã được tự động cắt xén (clip) vừa ảnh. | Box dòng 11 đã được tự động cắt xén (clip) vừa ảnh. | Box dòng 12 đã được tự động cắt xén (clip) vừa ảnh. | Box dòng 13 đã được tự động cắt xén (clip) vừa ảnh. | Box dòng 14 đã được tự động cắt xén (clip) vừa ảnh. | Box dòng 15 đã được tự động cắt xén (clip) vừa ảnh. | Box dòng 16 đã được tự động cắt xén (clip) vừa ảnh. | Box dòng 17 đã được tự động cắt xén (clip) vừa ảnh. | Box dòng 18 đã được tự động cắt xén (clip) vừa ảnh. | Box dòng 19 đã được tự động cắt xén (clip) vừa ảnh. | Box dòng 20 đã được tự động cắt xén (clip) vừa ảnh. | Box dòng 21 đã được tự động cắt xén (clip) vừa ảnh. | Box dòng 22 đã được tự động cắt xén (clip) vừa ảnh. | Box dòng 23 đã được tự động cắt xén (clip) vừa ảnh. | Box dòng 24 đã được tự động cắt xén (clip) vừa ảnh. | Box dòng 25 đã được tự động cắt xén (clip) vừa ảnh. | Box dòng 26 đã được tự động cắt xén (clip) vừa ảnh. | Box dòng 27 đã được tự động cắt xén (clip) vừa ảnh. | Box dòng 28 đã được tự động cắt xén (clip) vừa ảnh. | Box dòng 29 đã được tự động cắt xén (clip) vừa ảnh. | Box dòng 30 đã được tự động cắt xén (clip) vừa ảnh. | Box dòng 31 đã được tự động cắt xén (clip) vừa ảnh. | Box dòng 32 đã được tự động cắt xén (clip) vừa ảnh. | Box dòng 33 đã được tự động cắt xén (clip) vừa ảnh. | Box dòng 34 đã được tự động cắt xén (clip) vừa ảnh. | Box dòng 35 đã được tự động cắt xén (clip) vừa ảnh. | Box dòng 36 đã được tự động cắt xén (clip) vừa ảnh. | Box dòng 37 đã được tự động cắt xén (clip) vừa ảnh. | Box dòng 38 đã được tự động cắt xén (clip) vừa ảnh. | Box dòng 39 đã được tự động cắt xén (clip) vừa ảnh. | Box dòng 40 đã được tự động cắt xén (clip) vừa ảnh. | Box dòng 41 đã được tự động cắt xén (clip) vừa ảnh. | Box dòng 42 đã được tự động cắt xén (clip) vừa ảnh. | Box dòng 43 đã được tự động cắt xén (clip) vừa ảnh. | Box dòng 44 đã được tự động cắt xén (clip) vừa ảnh. | Box dòng 45 đã được tự động cắt xén (clip) vừa ảnh. | Box dòng 46 đã được tự động cắt xén (clip) vừa ảnh. | Box dòng 47 đã được tự động cắt xén (clip) vừa ảnh. | Box dòng 48 đã được tự động cắt xén (clip) vừa ảnh. | Box dòng 49 đã được tự động cắt xén (clip) vừa ảnh.
Anthracnose,/content/drive/MyDrive/Papaya_Leaf_Disease_Classification/BDPapayaLeaf/Original Images/Anthracnose/Anthracnose(281).jpg,/content/drive/MyDrive/Papaya_Leaf_Disease_Classification/YOLO_Bounding_Box/Anthracnose/Anthracnose(281).txt,Box dòng 1 đã được tự động cắt xén (clip) vừa ảnh. | Box dòng 2 đã được tự động cắt xén (clip) vừa ảnh. | Box dòng 3 đã được tự động cắt xén (clip) vừa ảnh. | Box dòng 4 đã được tự động cắt xén (clip) vừa ảnh. | Box dòng 5 đã được tự động cắt xén (clip) vừa ảnh. | Box dòng 6 đã được tự động cắt xén (clip) vừa ảnh. | Box dòng 7 đã được tự động cắt xén (clip) vừa ảnh. | Box dòng 8 đã được tự động cắt xén (clip) vừa ảnh. | Box dòng 9 đã được tự động cắt xén (clip) vừa ảnh. | Box dòng 10 đã được tự động cắt xén (clip) vừa ảnh. | Box dòng 11 đã được tự động cắt xén (clip) vừa ảnh. | Box dòng 12 đã được tự động cắt xén (clip) vừa ảnh. | Box dòng 13 đã được tự động cắt xén (clip) vừa ảnh. | Box dòng 14 đã được tự động cắt xén (clip) vừa ảnh. | Box dòng 15 đã được tự động cắt xén (clip) vừa ảnh. | Box dòng 16 đã được tự động cắt xén (clip) vừa ảnh. | Box dòng 17 đã được tự động cắt xén (clip) vừa ảnh. | Box dòng 18 đã được tự động cắt xén (clip) vừa ảnh. | Box dòng 19 đã được tự động cắt xén (clip) vừa ảnh. | Box dòng 20 đã được tự động cắt xén (clip) vừa ảnh. | Box dòng 21 đã được tự động cắt xén (clip) vừa ảnh. | Box dòng 22 đã được tự động cắt xén (clip) vừa ảnh. | Box dòng 23 đã được tự động cắt xén (clip) vừa ảnh. | Box dòng 24 đã được tự động cắt xén (clip) vừa ảnh. | Box dòng 25 đã được tự động cắt xén (clip) vừa ảnh.
Anthracnose,/content/drive/MyDrive/Papaya_Leaf_Disease_Classification/BDPapayaLeaf/Original Images/Anthracnose/Anthracnose(282).jpg,/content/drive/MyDrive/Papaya_Leaf_Disease_Classification/YOLO_Bounding_Box/Anthracnose/Anthracnose(282).txt,Box dòng 1 đã được tự động cắt xén (clip) vừa ảnh. | Box dòng 2 đã được tự động cắt xén (clip) vừa ảnh. | Box dòng 3 đã được tự động cắt xén (clip) vừa ảnh. | Box dòng 4 đã được tự động cắt xén (clip) vừa ảnh. | Box dòng 5 đã được tự động cắt xén (clip) vừa ảnh. | Box dòng 6 đã được tự động cắt xén (clip) vừa ảnh. | Box dòng 7 đã được tự động cắt xén (clip) vừa ảnh. | Box dòng 8 đã được tự động cắt xén (clip) vừa ảnh. | Box dòng 9 đã được tự động cắt xén (clip) vừa ảnh. | Box dòng 10 đã được tự động cắt xén (clip) vừa ảnh. | Box dòng 11 đã được tự động cắt xén (clip) vừa ảnh. | Box dòng 12 đã được tự động cắt xén (clip) vừa ảnh. | Box dòng 13 đã được tự động cắt xén (clip) vừa ảnh. | Box dòng 14 đã được tự động cắt xén (clip) vừa ảnh. | Box dòng 15 đã được tự động cắt xén (clip) vừa ảnh. | Box dòng 16 đã được tự động cắt xén (clip) vừa ảnh. | Box dòng 17 đã được tự động cắt xén (clip) vừa ảnh. | Box dòng 18 đã được tự động cắt xén (clip) vừa ảnh. | Box dòng 19 đã được tự động cắt xén (clip) vừa ảnh. | Box dòng 20 đã được tự động cắt xén (clip) vừa ảnh. | Box dòng 21 đã được tự động cắt xén (clip) vừa ảnh. | Box dòng 22 đã được tự động cắt xén (clip) vừa ảnh. | Box dòng 23 đã được tự động cắt xén (clip) vừa ảnh. | Box dòng 24 đã được tự động cắt xén (clip) vừa ảnh. | Box dòng 25 đã được tự động cắt xén (clip) vừa ảnh. | Box dòng 26 đã được tự động cắt xén (clip) vừa ảnh. | Box dòng 27 đã được tự động cắt xén (clip) vừa ảnh. | Box dòng 28 đã được tự động cắt xén (clip) vừa ảnh. | Box dòng 29 đã được tự động cắt xén (clip) vừa ảnh. | Box dòng 30 đã được tự động cắt xén (clip) vừa ảnh. | Box dòng 31 đã được tự động cắt xén (clip) vừa ảnh. | Box dòng 32 đã được tự động cắt xén (clip) vừa ảnh.
Anthracnose,/content/drive/MyDrive/Papaya_Leaf_Disease_Classification/BDPapayaLeaf/Original Images/Anthracnose/Anthracnose(283).jpg,/content/drive/MyDrive/Papaya_Leaf_Disease_Classification/YOLO_Bounding_Box/Anthracnose/Anthracnose(283).txt,Box dòng 1 đã được tự động cắt xén (clip) vừa ảnh. | Box dòng 2 đã được tự động cắt xén (clip) vừa ảnh. | Box dòng 3 đã được tự động cắt xén (clip) vừa ảnh. | Box dòng 4 đã được tự động cắt xén (clip) vừa ảnh. | Box dòng 5 đã được tự động cắt xén (clip) vừa ảnh. | Box dòng 6 đã được tự động cắt xén (clip) vừa ảnh. | Box dòng 7 đã được tự động cắt xén (clip) vừa ảnh. | Box dòng 8 đã được tự động cắt xén (clip) vừa ảnh. | Box dòng 9 đã được tự động cắt xén (clip) vừa ảnh. | Box dòng 10 đã được tự động cắt xén (clip) vừa ảnh. | Box dòng 11 đã được tự động cắt xén (clip) vừa ảnh. | Box dòng 12 đã được tự động cắt xén (clip) vừa ảnh. | Box dòng 13 đã được tự động cắt xén (clip) vừa ảnh. | Box dòng 14 đã được tự động cắt xén (clip) vừa ảnh. | Box dòng 15 đã được tự động cắt xén (clip) vừa ảnh. | Box dòng 16 đã được tự động cắt xén (clip) vừa ảnh. | Box dòng 17 đã được tự động cắt xén (clip) vừa ảnh. | Box dòng 18 đã được tự động cắt xén (clip) vừa ảnh. | Box dòng 19 đã được tự động cắt xén (clip) vừa ảnh. | Box dòng 20 đã được tự động cắt xén (clip) vừa ảnh. | Box dòng 21 đã được tự động cắt xén (clip) vừa ảnh. | Box dòng 22 đã được tự động cắt xén (clip) vừa ảnh. | Box dòng 23 đã được tự động cắt xén (clip) vừa ảnh. | Box dòng 24 đã được tự động cắt xén (clip) vừa ảnh. | Box dòng 25 đã được tự động cắt xén (clip) vừa ảnh.
Anthracnose,/content/drive/MyDrive/Papaya_Leaf_Disease_Classification/BDPapayaLeaf/Original Images/Anthracnose/Anthracnose(284).jpg,/content/drive/MyDrive/Papaya_Leaf_Disease_Classification/YOLO_Bounding_Box/Anthracnose/Anthracnose(284).txt,Box dòng 1 đã được tự động cắt xén (clip) vừa ảnh. | Box dòng 2 đã được tự động cắt xén (clip) vừa ảnh. | Box dòng 3 đã được tự động cắt xén (clip) vừa ảnh. | Box dòng 4 đã được tự động cắt xén (clip) vừa ảnh. | Box dòng 5 đã được tự động cắt xén (clip) vừa ảnh. | Box dòng 6 đã được tự động cắt xén (clip) vừa ảnh. | Box dòng 7 đã được tự động cắt xén (clip) vừa ảnh. | Box dòng 8 đã được tự động cắt xén (clip) vừa ảnh. | Box dòng 9 đã được tự động cắt xén (clip) vừa ảnh. | Box dòng 10 đã được tự động cắt xén (clip) vừa ảnh. | Box dòng 11 đã được tự động cắt xén (clip) vừa ảnh. | Box dòng 12 đã được tự động cắt xén (clip) vừa ảnh. | Box dòng 13 đã được tự động cắt xén (clip) vừa ảnh. | Box dòng 14 đã được tự động cắt xén (clip) vừa ảnh. | Box dòng 15 đã được tự động cắt xén (clip) vừa ảnh. | Box dòng 16 đã được tự động cắt xén (clip) vừa ảnh. | Box dòng 17 đã được tự động cắt xén (clip) vừa ảnh. | Box dòng 18 đã được tự động cắt xén (clip) vừa ảnh. | Box dòng 19 đã được tự động cắt xén (clip) vừa ảnh. | Box dòng 20 đã được tự động cắt xén (clip) vừa ảnh. | Box dòng 21 đã được tự động cắt xén (clip) vừa ảnh. | Box dòng 22 đã được tự động cắt xén (clip) vừa ảnh. | Box dòng 23 đã được tự động cắt xén (clip) vừa ảnh. | Box dòng 24 đã được tự động cắt xén (clip) vừa ảnh. | Box dòng 25 đã được tự động cắt xén (clip) vừa ảnh. | Box dòng 26 đã được tự động cắt xén (clip) vừa ảnh. | Box dòng 27 đã được tự động cắt xén (clip) vừa ảnh. | Box dòng 28 đã được tự động cắt xén (clip) vừa ảnh. | Box dòng 29 đã được tự động cắt xén (clip) vừa ảnh.
Anthracnose,/content/drive/MyDrive/Papaya_Leaf_Disease_Classification/BDPapayaLeaf/Original Images/Anthracnose/Anthracnose(285).jpg,/content/drive/MyDrive/Papaya_Leaf_Disease_Classification/YOLO_Bounding_Box/Anthracnose/Anthracnose(285).txt,Box dòng 1 đã được tự động cắt xén (clip) vừa ảnh. | Box dòng 2 đã được tự động cắt xén (clip) vừa ảnh. | Box dòng 3 đã được tự động cắt xén (clip) vừa ảnh. | Box dòng 4 đã được tự động cắt xén (clip) vừa ảnh. | Box dòng 5 đã được tự động cắt xén (clip) vừa ảnh. | Box dòng 6 đã được tự động cắt xén (clip) vừa ảnh. | Box dòng 7 đã được tự động cắt xén (clip) vừa ảnh. | Box dòng 8 đã được tự động cắt xén (clip) vừa ảnh. | Box dòng 9 đã được tự động cắt xén (clip) vừa ảnh. | Box dòng 10 đã được tự động cắt xén (clip) vừa ảnh. | Box dòng 11 đã được tự động cắt xén (clip) vừa ảnh. | Box dòng 12 đã được tự động cắt xén (clip) vừa ảnh. | Box dòng 13 đã được tự động cắt xén (clip) vừa ảnh. | Box dòng 14 đã được tự động cắt xén (clip) vừa ảnh. | Box dòng 15 đã được tự động cắt xén (clip) vừa ảnh. | Box dòng 16 đã được tự động cắt xén (clip) vừa ảnh. | Box dòng 17 đã được tự động cắt xén (clip) vừa ảnh. | Box dòng 18 đã được tự động cắt xén (clip) vừa ảnh. | Box dòng 19 đã được tự động cắt xén (clip) vừa ảnh. | Box dòng 20 đã được tự động cắt xén (clip) vừa ảnh. | Box dòng 21 đã được tự động cắt xén (clip) vừa ảnh. | Box dòng 22 đã được tự động cắt xén (clip) vừa ảnh. | Box dòng 23 đã được tự động cắt xén (clip) vừa ảnh. | Box dòng 24 đã được tự động cắt xén (clip) vừa ảnh. | Box dòng 25 đã được tự động cắt xén (clip) vừa ảnh. | Box dòng 26 đã được tự động cắt xén (clip) vừa ảnh. | Box dòng 27 đã được tự động cắt xén (clip) vừa ảnh. | Box dòng 28 đã được tự động cắt xén (clip) vừa ảnh. | Box dòng 29 đã được tự động cắt xén (clip) vừa ảnh. | Box dòng 30 đã được tự động cắt xén (clip) vừa ảnh. | Box dòng 31 đã được tự động cắt xén (clip) vừa ảnh. | Box dòng 32 đã được tự động cắt xén (clip) vừa ảnh. | Box dòng 33 đã được tự động cắt xén (clip) vừa ảnh. | Box dòng 34 đã được tự động cắt xén (clip) vừa ảnh.
Anthracnose,/content/drive/MyDrive/Papaya_Leaf_Disease_Classification/BDPapayaLeaf/Original Images/Anthracnose/Anthracnose(286).jpg,/content/drive/MyDrive/Papaya_Leaf_Disease_Classification/YOLO_Bounding_Box/Anthracnose/Anthracnose(286).txt,Box dòng 1 đã được tự động cắt xén (clip) vừa ảnh. | Box dòng 2 đã được tự động cắt xén (clip) vừa ảnh. | Box dòng 3 đã được tự động cắt xén (clip) vừa ảnh. | Box dòng 4 đã được tự động cắt xén (clip) vừa ảnh. | Box dòng 5 đã được tự động cắt xén (clip) vừa ảnh. | Box dòng 6 đã được tự động cắt xén (clip) vừa ảnh. | Box dòng 7 đã được tự động cắt xén (clip) vừa ảnh. | Box dòng 8 đã được tự động cắt xén (clip) vừa ảnh. | Box dòng 9 đã được tự động cắt xén (clip) vừa ảnh. | Box dòng 10 đã được tự động cắt xén (clip) vừa ảnh. | Box dòng 11 đã được tự động cắt xén (clip) vừa ảnh. | Box dòng 12 đã được tự động cắt xén (clip) vừa ảnh. | Box dòng 13 đã được tự động cắt xén (clip) vừa ảnh. | Box dòng 14 đã được tự động cắt xén (clip) vừa ảnh. | Box dòng 15 đã được tự động cắt xén (clip) vừa ảnh. | Box dòng 16 đã được tự động cắt xén (clip) vừa ảnh. | Box dòng 17 đã được tự động cắt xén (clip) vừa ảnh. | Box dòng 18 đã được tự động cắt xén (clip) vừa ảnh. | Box dòng 19 đã được tự động cắt xén (clip) vừa ảnh. | Box dòng 20 đã được tự động cắt xén (clip) vừa ảnh. | Box dòng 21 đã được tự động cắt xén (clip) vừa ảnh. | Box dòng 22 đã được tự động cắt xén (clip) vừa ảnh. | Box dòng 23 đã được tự động cắt xén (clip) vừa ảnh. | Box dòng 24 đã được tự động cắt xén (clip) vừa ảnh. | Box dòng 25 đã được tự động cắt xén (clip) vừa ảnh. | Box dòng 26 đã được tự động cắt xén (clip) vừa ảnh. | Box dòng 27 đã được tự động cắt xén (clip) vừa ảnh. | Box dòng 28 đã được tự động cắt xén (clip) vừa ảnh. | Box dòng 29 đã được tự động cắt xén (clip) vừa ảnh. | Box dòng 30 đã được tự động cắt xén (clip) vừa ảnh. | Box dòng 31 đã được tự động cắt xén (clip) vừa ảnh. | Box dòng 32 đã được tự động cắt xén (clip) vừa ảnh. | Box dòng 33 đã được tự động cắt xén (clip) vừa ảnh. | Box dòng 34 đã được tự động cắt xén (clip) vừa ảnh. | Box dòng 35 đã được tự động cắt xén (clip) vừa ảnh. | Box dòng 36 đã được tự động cắt xén (clip) vừa ảnh. | Box dòng 37 đã được tự động cắt xén (clip) vừa ảnh. | Box dòng 38 đã được tự động cắt xén (clip) vừa ảnh. | Box dòng 39 đã được tự động cắt xén (clip) vừa ảnh. | Box dòng 40 đã được tự động cắt xén (clip) vừa ảnh. | Box dòng 41 đã được tự động cắt xén (clip) vừa ảnh. | Box dòng 42 đã được tự động cắt xén (clip) vừa ảnh. | Box dòng 43 đã được tự động cắt xén (clip) vừa ảnh. | Box dòng 44 đã được tự động cắt xén (clip) vừa ảnh.
Anthracnose,/content/drive/MyDrive/Papaya_Leaf_Disease_Classification/BDPapayaLeaf/Original Images/Anthracnose/Anthracnose(287).jpg,/content/drive/MyDrive/Papaya_Leaf_Disease_Classification/YOLO_Bounding_Box/Anthracnose/Anthracnose(287).txt,Box dòng 1 đã được tự động cắt xén (clip) vừa ảnh. | Box dòng 2 đã được tự động cắt xén (clip) vừa ảnh. | Box dòng 3 đã được tự động cắt xén (clip) vừa ảnh. | Box dòng 4 đã được tự động cắt xén (clip) vừa ảnh. | Box dòng 5 đã được tự động cắt xén (clip) vừa ảnh. | Box dòng 6 đã được tự động cắt xén (clip) vừa ảnh. | Box dòng 7 đã được tự động cắt xén (clip) vừa ảnh. | Box dòng 8 đã được tự động cắt xén (clip) vừa ảnh. | Box dòng 9 đã được tự động cắt xén (clip) vừa ảnh. | Box dòng 10 đã được tự động cắt xén (clip) vừa ảnh. | Box dòng 11 đã được tự động cắt xén (clip) vừa ảnh. | Box dòng 12 đã được tự động cắt xén (clip) vừa ảnh. | Box dòng 13 đã được tự động cắt xén (clip) vừa ảnh. | Box dòng 14 đã được tự động cắt xén (clip) vừa ảnh. | Box dòng 15 đã được tự động cắt xén (clip) vừa ảnh. | Box dòng 16 đã được tự động cắt xén (clip) vừa ảnh. | Box dòng 17 đã được tự động cắt xén (clip) vừa ảnh. | Box dòng 18 đã được tự động cắt xén (clip) vừa ảnh. | Box dòng 19 đã được tự động cắt xén (clip) vừa ảnh. | Box dòng 20 đã được tự động cắt xén (clip) vừa ảnh. | Box dòng 21 đã được tự động cắt xén (clip) vừa ảnh. | Box dòng 22 đã được tự động cắt xén (clip) vừa ảnh. | Box dòng 23 đã được tự động cắt xén (clip) vừa ảnh. | Box dòng 24 đã được tự động cắt xén (clip) vừa ảnh. | Box dòng 25 đã được tự động cắt xén (clip) vừa ảnh. | Box dòng 26 đã được tự động cắt xén (clip) vừa ảnh. | Box dòng 27 đã được tự động cắt xén (clip) vừa ảnh. | Box dòng 28 đã được tự động cắt xén (clip) vừa ảnh. | Box dòng 29 đã được tự động cắt xén (clip) vừa ảnh. | Box dòng 30 đã được tự động cắt xén (clip) vừa ảnh. | Box dòng 31 đã được tự động cắt xén (clip) vừa ảnh. | Box dòng 32 đã được tự động cắt xén (clip) vừa ảnh. | Box dòng 33 đã được tự động cắt xén (clip) vừa ảnh. | Box dòng 34 đã được tự động cắt xén (clip) vừa ảnh. | Box dòng 35 đã được tự động cắt xén (clip) vừa ảnh. | Box dòng 36 đã được tự động cắt xén (clip) vừa ảnh. | Box dòng 37 đã được tự động cắt xén (clip) vừa ảnh. | Box dòng 38 đã được tự động cắt xén (clip) vừa ảnh. | Box dòng 39 đã được tự động cắt xén (clip) vừa ảnh. | Box dòng 40 đã được tự động cắt xén (clip) vừa ảnh. | Box dòng 41 đã được tự động cắt xén (clip) vừa ảnh. | Box dòng 42 đã được tự động cắt xén (clip) vừa ảnh. | Box dòng 43 đã được tự động cắt xén (clip) vừa ảnh. | Box dòng 44 đã được tự động cắt xén (clip) vừa ảnh. | Box dòng 45 đã được tự động cắt xén (clip) vừa ảnh. | Box dòng 46 đã được tự động cắt xén (clip) vừa ảnh. | Box dòng 47 đã được tự động cắt xén (clip) vừa ảnh. | Box dòng 48 đã được tự động cắt xén (clip) vừa ảnh. | Box dòng 49 đã được tự động cắt xén (clip) vừa ảnh. | Box dòng 50 đã được tự động cắt xén (clip) vừa ảnh. | Box dòng 51 đã được tự động cắt xén (clip) vừa ảnh. | Box dòng 52 đã được tự động cắt xén (clip) vừa ảnh. | Box dòng 53 đã được tự động cắt xén (clip) vừa ảnh. | Box dòng 54 đã được tự động cắt xén (clip) vừa ảnh. | Box dòng 55 đã được tự động cắt xén (clip) vừa ảnh. | Box dòng 56 đã được tự động cắt xén (clip) vừa ảnh.
Anthracnose,/content/drive/MyDrive/Papaya_Leaf_Disease_Classification/BDPapayaLeaf/Original Images/Anthracnose/Anthracnose(288).jpg,/content/drive/MyDrive/Papaya_Leaf_Disease_Classification/YOLO_Bounding_Box/Anthracnose/Anthracnose(288).txt,Box dòng 1 đã được tự động cắt xén (clip) vừa ảnh. | Box dòng 2 đã được tự động cắt xén (clip) vừa ảnh. | Box dòng 3 đã được tự động cắt xén (clip) vừa ảnh. | Box dòng 4 đã được tự động cắt xén (clip) vừa ảnh. | Box dòng 5 đã được tự động cắt xén (clip) vừa ảnh. | Box dòng 6 đã được tự động cắt xén (clip) vừa ảnh. | Box dòng 7 đã được tự động cắt xén (clip) vừa ảnh. | Box dòng 8 đã được tự động cắt xén (clip) vừa ảnh. | Box dòng 9 đã được tự động cắt xén (clip) vừa ảnh. | Box dòng 10 đã được tự động cắt xén (clip) vừa ảnh. | Box dòng 11 đã được tự động cắt xén (clip) vừa ảnh. | Box dòng 12 đã được tự động cắt xén (clip) vừa ảnh. | Box dòng 13 đã được tự động cắt xén (clip) vừa ảnh. | Box dòng 14 đã được tự động cắt xén (clip) vừa ảnh. | Box dòng 15 đã được tự động cắt xén (clip) vừa ảnh. | Box dòng 16 đã được tự động cắt xén (clip) vừa ảnh. | Box dòng 17 đã được tự động cắt xén (clip) vừa ảnh. | Box dòng 18 đã được tự động cắt xén (clip) vừa ảnh.
Anthracnose,/content/drive/MyDrive/Papaya_Leaf_Disease_Classification/BDPapayaLeaf/Original Images/Anthracnose/Anthracnose(289).jpg,/content/drive/MyDrive/Papaya_Leaf_Disease_Classification/YOLO_Bounding_Box/Anthracnose/Anthracnose(289).txt,Box dòng 1 đã được tự động cắt xén (clip) vừa ảnh. | Box dòng 2 đã được tự động cắt xén (clip) vừa ảnh. | Box dòng 3 đã được tự động cắt xén (clip) vừa ảnh. | Box dòng 4 đã được tự động cắt xén (clip) vừa ảnh. | Box dòng 5 đã được tự động cắt xén (clip) vừa ảnh. | Box dòng 6 đã được tự động cắt xén (clip) vừa ảnh. | Box dòng 7 đã được tự động cắt xén (clip) vừa ảnh. | Box dòng 8 đã được tự động cắt xén (clip) vừa ảnh. | Box dòng 9 đã được tự động cắt xén (clip) vừa ảnh. | Box dòng 10 đã được tự động cắt xén (clip) vừa ảnh.
Anthracnose,/content/drive/MyDrive/Papaya_Leaf_Disease_Classification/BDPapayaLeaf/Original Images/Anthracnose/Anthracnose(29).jpg,/content/drive/MyDrive/Papaya_Leaf_Disease_Classification/YOLO_Bounding_Box/Anthracnose/Anthracnose(29).txt,Box dòng 1 đã được tự động cắt xén (clip) vừa ảnh. | Box dòng 2 đã được tự động cắt xén (clip) vừa ảnh. | Box dòng 3 đã được tự động cắt xén (clip) vừa ảnh. | Box dòng 4 đã được tự động cắt xén (clip) vừa ảnh. | Box dòng 6 đã được tự động cắt xén (clip) vừa ảnh. | Box dòng 7 đã được tự động cắt xén (clip) vừa ảnh. | Box dòng 8 đã được tự động cắt xén (clip) vừa ảnh. | Box dòng 9 đã được tự động cắt xén (clip) vừa ảnh. | Box dòng 10 đã được tự động cắt xén (clip) vừa ảnh. | Box dòng 11 đã được tự động cắt xén (clip) vừa ảnh. | Box dòng 12 đã được tự động cắt xén (clip) vừa ảnh. | Box dòng 13 đã được tự động cắt xén (clip) vừa ảnh. | Box dòng 14 đã được tự động cắt xén (clip) vừa ảnh. | Box dòng 15 đã được tự động cắt xén (clip) vừa ảnh. | Box dòng 16 đã được tự động cắt xén (clip) vừa ảnh. | Box dòng 17 đã được tự động cắt xén (clip) vừa ảnh. | Box dòng 18 đã được tự động cắt xén (clip) vừa ảnh. | Box dòng 19 đã được tự động cắt xén (clip) vừa ảnh. | Box dòng 20 đã được tự động cắt xén (clip) vừa ảnh. | Box dòng 21 đã được tự động cắt xén (clip) vừa ảnh.
Anthracnose,/content/drive/MyDrive/Papaya_Leaf_Disease_Classification/BDPapayaLeaf/Original Images/Anthracnose/Anthracnose(290).jpg,/content/drive/MyDrive/Papaya_Leaf_Disease_Classification/YOLO_Bounding_Box/Anthracnose/Anthracnose(290).txt,Box dòng 1 đã được tự động cắt xén (clip) vừa ảnh. | Box dòng 2 đã được tự động cắt xén (clip) vừa ảnh. | Box dòng 3 đã được tự động cắt xén (clip) vừa ảnh. | Box dòng 4 đã được tự động cắt xén (clip) vừa ảnh. | Box dòng 5 đã được tự động cắt xén (clip) vừa ảnh. | Box dòng 6 đã được tự động cắt xén (clip) vừa ảnh. | Box dòng 7 đã được tự động cắt xén (clip) vừa ảnh. | Box dòng 8 đã được tự động cắt xén (clip) vừa ảnh. | Box dòng 9 đã được tự động cắt xén (clip) vừa ảnh. | Box dòng 10 đã được tự động cắt xén (clip) vừa ảnh.
Anthracnose,/content/drive/MyDrive/Papaya_Leaf_Disease_Classification/BDPapayaLeaf/Original Images/Anthracnose/Anthracnose(291).jpg,/content/drive/MyDrive/Papaya_Leaf_Disease_Classification/YOLO_Bounding_Box/Anthracnose/Anthracnose(291).txt,Box dòng 1 đã được tự động cắt xén (clip) vừa ảnh. | Box dòng 2 đã được tự động cắt xén (clip) vừa ảnh. | Box dòng 3 đã được tự động cắt xén (clip) vừa ảnh. | Box dòng 4 đã được tự động cắt xén (clip) vừa ảnh. | Box dòng 5 đã được tự động cắt xén (clip) vừa ảnh. | Box dòng 6 đã được tự động cắt xén (clip) vừa ảnh. | Box dòng 7 đã được tự động cắt xén (clip) vừa ảnh. | Box dòng 8 đã được tự động cắt xén (clip) vừa ảnh. | Box dòng 9 đã được tự động cắt xén (clip) vừa ảnh. | Box dòng 10 đã được tự động cắt xén (clip) vừa ảnh. | Box dòng 11 đã được tự động cắt xén (clip) vừa ảnh. | Box dòng 12 đã được tự động cắt xén (clip) vừa ảnh. | Box dòng 13 đã được tự động cắt xén (clip) vừa ảnh. | Box dòng 14 đã được tự động cắt xén (clip) vừa ảnh. | Box dòng 15 đã được tự động cắt xén (clip) vừa ảnh.
Anthracnose,/content/drive/MyDrive/Papaya_Leaf_Disease_Classification/BDPapayaLeaf/Original Images/Anthracnose/Anthracnose(292).jpg,/content/drive/MyDrive/Papaya_Leaf_Disease_Classification/YOLO_Bounding_Box/Anthracnose/Anthracnose(292).txt,Box dòng 1 đã được tự động cắt xén (clip) vừa ảnh. | Box dòng 2 đã được tự động cắt xén (clip) vừa ảnh. | Box dòng 3 đã được tự động cắt xén (clip) vừa ảnh. | Box dòng 4 đã được tự động cắt xén (clip) vừa ảnh. | Box dòng 5 đã được tự động cắt xén (clip) vừa ảnh. | Box dòng 6 đã được tự động cắt xén (clip) vừa ảnh. | Box dòng 7 đã được tự động cắt xén (clip) vừa ảnh.
Anthracnose,/content/drive/MyDrive/Papaya_Leaf_Disease_Classification/BDPapayaLeaf/Original Images/Anthracnose/Anthracnose(293).jpg,/content/drive/MyDrive/Papaya_Leaf_Disease_Classification/YOLO_Bounding_Box/Anthracnose/Anthracnose(293).txt,Box dòng 1 đã được tự động cắt xén (clip) vừa ảnh. | Box dòng 2 đã được tự động cắt xén (clip) vừa ảnh. | Box dòng 3 đã được tự động cắt xén (clip) vừa ảnh. | Box dòng 4 đã được tự động cắt xén (clip) vừa ảnh. | Box dòng 5 đã được tự động cắt xén (clip) vừa ảnh. | Box dòng 6 đã được tự động cắt xén (clip) vừa ảnh. | Box dòng 7 đã được tự động cắt xén (clip) vừa ảnh. | Box dòng 8 đã được tự động cắt xén (clip) vừa ảnh. | Box dòng 9 đã được tự động cắt xén (clip) vừa ảnh. | Box dòng 10 đã được tự động cắt xén (clip) vừa ảnh. | Box dòng 11 đã được tự động cắt xén (clip) vừa ảnh. | Box dòng 12 đã được tự động cắt xén (clip) vừa ảnh. | Box dòng 13 đã được tự động cắt xén (clip) vừa ảnh. | Box dòng 14 đã được tự động cắt xén (clip) vừa ảnh. | Box dòng 15 đã được tự động cắt xén (clip) vừa ảnh. | Box dòng 16 đã được tự động cắt xén (clip) vừa ảnh.
Anthracnose,/content/drive/MyDrive/Papaya_Leaf_Disease_Classification/BDPapayaLeaf/Original Images/Anthracnose/Anthracnose(294).jpg,/content/drive/MyDrive/Papaya_Leaf_Disease_Classification/YOLO_Bounding_Box/Anthracnose/Anthracnose(294).txt,Box dòng 1 đã được tự động cắt xén (clip) vừa ảnh. | Box dòng 2 đã được tự động cắt xén (clip) vừa ảnh. | Box dòng 3 đã được tự động cắt xén (clip) vừa ảnh. | Box dòng 4 đã được tự động cắt xén (clip) vừa ảnh. | Box dòng 5 đã được tự động cắt xén (clip) vừa ảnh. | Box dòng 6 đã được tự động cắt xén (clip) vừa ảnh. | Box dòng 7 đã được tự động cắt xén (clip) vừa ảnh. | Box dòng 8 đã được tự động cắt xén (clip) vừa ảnh.
Anthracnose,/content/drive/MyDrive/Papaya_Leaf_Disease_Classification/BDPapayaLeaf/Original Images/Anthracnose/Anthracnose(295).jpg,/content/drive/MyDrive/Papaya_Leaf_Disease_Classification/YOLO_Bounding_Box/Anthracnose/Anthracnose(295).txt,Box dòng 1 đã được tự động cắt xén (clip) vừa ảnh. | Box dòng 2 đã được tự động cắt xén (clip) vừa ảnh. | Box dòng 3 đã được tự động cắt xén (clip) vừa ảnh. | Box dòng 4 đã được tự động cắt xén (clip) vừa ảnh. | Box dòng 5 đã được tự động cắt xén (clip) vừa ảnh. | Box dòng 6 đã được tự động cắt xén (clip) vừa ảnh. | Box dòng 7 đã được tự động cắt xén (clip) vừa ảnh. | Box dòng 8 đã được tự động cắt xén (clip) vừa ảnh. | Box dòng 9 đã được tự động cắt xén (clip) vừa ảnh. | Box dòng 10 đã được tự động cắt xén (clip) vừa ảnh. | Box dòng 11 đã được tự động cắt xén (clip) vừa ảnh. | Box dòng 12 đã được tự động cắt xén (clip) vừa ảnh. | Box dòng 13 đã được tự động cắt xén (clip) vừa ảnh. | Box dòng 14 đã được tự động cắt xén (clip) vừa ảnh. | Box dòng 15 đã được tự động cắt xén (clip) vừa ảnh. | Box dòng 16 đã được tự động cắt xén (clip) vừa ảnh. | Box dòng 17 đã được tự động cắt xén (clip) vừa ảnh. | Box dòng 18 đã được tự động cắt xén (clip) vừa ảnh.
Anthracnose,/content/drive/MyDrive/Papaya_Leaf_Disease_Classification/BDPapayaLeaf/Original Images/Anthracnose/Anthracnose(296).jpg,/content/drive/MyDrive/Papaya_Leaf_Disease_Classification/YOLO_Bounding_Box/Anthracnose/Anthracnose(296).txt,Box dòng 1 đã được tự động cắt xén (clip) vừa ảnh. | Box dòng 2 đã được tự động cắt xén (clip) vừa ảnh. | Box dòng 3 đã được tự động cắt xén (clip) vừa ảnh. | Box dòng 4 đã được tự động cắt xén (clip) vừa ảnh. | Box dòng 5 đã được tự động cắt xén (clip) vừa ảnh. | Box dòng 6 đã được tự động cắt xén (clip) vừa ảnh. | Box dòng 7 đã được tự động cắt xén (clip) vừa ảnh. | Box dòng 8 đã được tự động cắt xén (clip) vừa ảnh. | Box dòng 9 đã được tự động cắt xén (clip) vừa ảnh. | Box dòng 10 đã được tự động cắt xén (clip) vừa ảnh. | Box dòng 11 đã được tự động cắt xén (clip) vừa ảnh. | Box dòng 12 đã được tự động cắt xén (clip) vừa ảnh. | Box dòng 13 đã được tự động cắt xén (clip) vừa ảnh. | Box dòng 14 đã được tự động cắt xén (clip) vừa ảnh. | Box dòng 15 đã được tự động cắt xén (clip) vừa ảnh. | Box dòng 16 đã được tự động cắt xén (clip) vừa ảnh. | Box dòng 17 đã được tự động cắt xén (clip) vừa ảnh. | Box dòng 18 đã được tự động cắt xén (clip) vừa ảnh. | Box dòng 19 đã được tự động cắt xén (clip) vừa ảnh. | Box dòng 20 đã được tự động cắt xén (clip) vừa ảnh. | Box dòng 21 đã được tự động cắt xén (clip) vừa ảnh. | Box dòng 22 đã được tự động cắt xén (clip) vừa ảnh. | Box dòng 23 đã được tự động cắt xén (clip) vừa ảnh. | Box dòng 24 đã được tự động cắt xén (clip) vừa ảnh. | Box dòng 25 đã được tự động cắt xén (clip) vừa ảnh. | Box dòng 26 đã được tự động cắt xén (clip) vừa ảnh. | Box dòng 27 đã được tự động cắt xén (clip) vừa ảnh.
Anthracnose,/content/drive/MyDrive/Papaya_Leaf_Disease_Classification/BDPapayaLeaf/Original Images/Anthracnose/Anthracnose(297).jpg,/content/drive/MyDrive/Papaya_Leaf_Disease_Classification/YOLO_Bounding_Box/Anthracnose/Anthracnose(297).txt,Box dòng 1 đã được tự động cắt xén (clip) vừa ảnh. | Box dòng 2 đã được tự động cắt xén (clip) vừa ảnh. | Box dòng 3 đã được tự động cắt xén (clip) vừa ảnh. | Box dòng 4 đã được tự động cắt xén (clip) vừa ảnh. | Box dòng 5 đã được tự động cắt xén (clip) vừa ảnh. | Box dòng 6 đã được tự động cắt xén (clip) vừa ảnh. | Box dòng 7 đã được tự động cắt xén (clip) vừa ảnh. | Box dòng 8 đã được tự động cắt xén (clip) vừa ảnh. | Box dòng 9 đã được tự động cắt xén (clip) vừa ảnh. | Box dòng 10 đã được tự động cắt xén (clip) vừa ảnh. | Box dòng 11 đã được tự động cắt xén (clip) vừa ảnh. | Box dòng 12 đã được tự động cắt xén (clip) vừa ảnh. | Box dòng 13 đã được tự động cắt xén (clip) vừa ảnh. | Box dòng 14 đã được tự động cắt xén (clip) vừa ảnh. | Box dòng 15 đã được tự động cắt xén (clip) vừa ảnh. | Box dòng 16 đã được tự động cắt xén (clip) vừa ảnh. | Box dòng 17 đã được tự động cắt xén (clip) vừa ảnh. | Box dòng 18 đã được tự động cắt xén (clip) vừa ảnh. | Box dòng 19 đã được tự động cắt xén (clip) vừa ảnh. | Box dòng 20 đã được tự động cắt xén (clip) vừa ảnh. | Box dòng 21 đã được tự động cắt xén (clip) vừa ảnh. | Box dòng 22 đã được tự động cắt xén (clip) vừa ảnh. | Box dòng 23 đã được tự động cắt xén (clip) vừa ảnh. | Box dòng 24 đã được tự động cắt xén (clip) vừa ảnh. | Box dòng 25 đã được tự động cắt xén (clip) vừa ảnh. | Box dòng 26 đã được tự động cắt xén (clip) vừa ảnh. | Box dòng 27 đã được tự động cắt xén (clip) vừa ảnh. | Box dòng 28 đã được tự động cắt xén (clip) vừa ảnh. | Box dòng 29 đã được tự động cắt xén (clip) vừa ảnh. | Box dòng 30 đã được tự động cắt xén (clip) vừa ảnh. | Box dòng 31 đã được tự động cắt xén (clip) vừa ảnh. | Box dòng 32 đã được tự động cắt xén (clip) vừa ảnh. | Box dòng 33 đã được tự động cắt xén (clip) vừa ảnh. | Box dòng 34 đã được tự động cắt xén (clip) vừa ảnh. | Box dòng 35 đã được tự động cắt xén (clip) vừa ảnh. | Box dòng 36 đã được tự động cắt xén (clip) vừa ảnh. | Box dòng 37 đã được tự động cắt xén (clip) vừa ảnh.
Anthracnose,/content/drive/MyDrive/Papaya_Leaf_Disease_Classification/BDPapayaLeaf/Original Images/Anthracnose/Anthracnose(298).jpg,/content/drive/MyDrive/Papaya_Leaf_Disease_Classification/YOLO_Bounding_Box/Anthracnose/Anthracnose(298).txt,Box dòng 1 đã được tự động cắt xén (clip) vừa ảnh. | Box dòng 2 đã được tự động cắt xén (clip) vừa ảnh. | Box dòng 3 đã được tự động cắt xén (clip) vừa ảnh. | Box dòng 4 đã được tự động cắt xén (clip) vừa ảnh. | Box dòng 5 đã được tự động cắt xén (clip) vừa ảnh. | Box dòng 6 đã được tự động cắt xén (clip) vừa ảnh. | Box dòng 7 đã được tự động cắt xén (clip) vừa ảnh. | Box dòng 8 đã được tự động cắt xén (clip) vừa ảnh. | Box dòng 9 đã được tự động cắt xén (clip) vừa ảnh. | Box dòng 10 đã được tự động cắt xén (clip) vừa ảnh. | Box dòng 11 đã được tự động cắt xén (clip) vừa ảnh. | Box dòng 12 đã được tự động cắt xén (clip) vừa ảnh. | Box dòng 13 đã được tự động cắt xén (clip) vừa ảnh. | Box dòng 14 đã được tự động cắt xén (clip) vừa ảnh. | Box dòng 15 đã được tự động cắt xén (clip) vừa ảnh. | Box dòng 16 đã được tự động cắt xén (clip) vừa ảnh. | Box dòng 17 đã được tự động cắt xén (clip) vừa ảnh. | Box dòng 18 đã được tự động cắt xén (clip) vừa ảnh. | Box dòng 19 đã được tự động cắt xén (clip) vừa ảnh. | Box dòng 20 đã được tự động cắt xén (clip) vừa ảnh. | Box dòng 21 đã được tự động cắt xén (clip) vừa ảnh. | Box dòng 22 đã được tự động cắt xén (clip) vừa ảnh. | Box dòng 23 đã được tự động cắt xén (clip) vừa ảnh. | Box dòng 24 đã được tự động cắt xén (clip) vừa ảnh. | Box dòng 25 đã được tự động cắt xén (clip) vừa ảnh. | Box dòng 26 đã được tự động cắt xén (clip) vừa ảnh. | Box dòng 27 đã được tự động cắt xén (clip) vừa ảnh. | Box dòng 28 đã được tự động cắt xén (clip) vừa ảnh. | Box dòng 29 đã được tự động cắt xén (clip) vừa ảnh. | Box dòng 30 đã được tự động cắt xén (clip) vừa ảnh. | Box dòng 31 đã được tự động cắt xén (clip) vừa ảnh. | Box dòng 32 đã được tự động cắt xén (clip) vừa ảnh. | Box dòng 33 đã được tự động cắt xén (clip) vừa ảnh. | Box dòng 34 đã được tự động cắt xén (clip) vừa ảnh. | Box dòng 35 đã được tự động cắt xén (clip) vừa ảnh. | Box dòng 36 đã được tự động cắt xén (clip) vừa ảnh. | Box dòng 37 đã được tự động cắt xén (clip) vừa ảnh. | Box dòng 38 đã được tự động cắt xén (clip) vừa ảnh. | Box dòng 39 đã được tự động cắt xén (clip) vừa ảnh. | Box dòng 40 đã được tự động cắt xén (clip) vừa ảnh. | Box dòng 41 đã được tự động cắt xén (clip) vừa ảnh. | Box dòng 42 đã được tự động cắt xén (clip) vừa ảnh. | Box dòng 43 đã được tự động cắt xén (clip) vừa ảnh. | Box dòng 44 đã được tự động cắt xén (clip) vừa ảnh. | Box dòng 45 đã được tự động cắt xén (clip) vừa ảnh. | Box dòng 46 đã được tự động cắt xén (clip) vừa ảnh. | Box dòng 47 đã được tự động cắt xén (clip) vừa ảnh. | Box dòng 48 đã được tự động cắt xén (clip) vừa ảnh. | Box dòng 49 đã được tự động cắt xén (clip) vừa ảnh. | Box dòng 50 đã được tự động cắt xén (clip) vừa ảnh.
Anthracnose,/content/drive/MyDrive/Papaya_Leaf_Disease_Classification/BDPapayaLeaf/Original Images/Anthracnose/Anthracnose(299).jpg,/content/drive/MyDrive/Papaya_Leaf_Disease_Classification/YOLO_Bounding_Box/Anthracnose/Anthracnose(299).txt,Box dòng 1 đã được tự động cắt xén (clip) vừa ảnh. | Box dòng 2 đã được tự động cắt xén (clip) vừa ảnh. | Box dòng 3 đã được tự động cắt xén (clip) vừa ảnh. | Box dòng 4 đã được tự động cắt xén (clip) vừa ảnh. | Box dòng 5 đã được tự động cắt xén (clip) vừa ảnh. | Box dòng 6 đã được tự động cắt xén (clip) vừa ảnh. | Box dòng 7 đã được tự động cắt xén (clip) vừa ảnh. | Box dòng 8 đã được tự động cắt xén (clip) vừa ảnh. | Box dòng 9 đã được tự động cắt xén (clip) vừa ảnh. | Box dòng 10 đã được tự động cắt xén (clip) vừa ảnh. | Box dòng 11 đã được tự động cắt xén (clip) vừa ảnh. | Box dòng 12 đã được tự động cắt xén (clip) vừa ảnh. | Box dòng 13 đã được tự động cắt xén (clip) vừa ảnh. | Box dòng 14 đã được tự động cắt xén (clip) vừa ảnh. | Box dòng 15 đã được tự động cắt xén (clip) vừa ảnh. | Box dòng 16 đã được tự động cắt xén (clip) vừa ảnh. | Box dòng 17 đã được tự động cắt xén (clip) vừa ảnh. | Box dòng 18 đã được tự động cắt xén (clip) vừa ảnh. | Box dòng 19 đã được tự động cắt xén (clip) vừa ảnh.
Anthracnose,/content/drive/MyDrive/Papaya_Leaf_Disease_Classification/BDPapayaLeaf/Original Images/Anthracnose/Anthracnose(3).jpg,/content/drive/MyDrive/Papaya_Leaf_Disease_Classification/YOLO_Bounding_Box/Anthracnose/Anthracnose(3).txt,Box dòng 1 đã được tự động cắt xén (clip) vừa ảnh. | Box dòng 2 đã được tự động cắt xén (clip) vừa ảnh. | Box dòng 3 đã được tự động cắt xén (clip) vừa ảnh. | Box dòng 4 đã được tự động cắt xén (clip) vừa ảnh.
Anthracnose,/content/drive/MyDrive/Papaya_Leaf_Disease_Classification/BDPapayaLeaf/Original Images/Anthracnose/Anthracnose(30).jpg,/content/drive/MyDrive/Papaya_Leaf_Disease_Classification/YOLO_Bounding_Box/Anthracnose/Anthracnose(30).txt,Box dòng 1 đã được tự động cắt xén (clip) vừa ảnh. | Box dòng 2 đã được tự động cắt xén (clip) vừa ảnh. | Box dòng 3 đã được tự động cắt xén (clip) vừa ảnh. | Box dòng 4 đã được tự động cắt xén (clip) vừa ảnh. | Box dòng 5 đã được tự động cắt xén (clip) vừa ảnh. | Box dòng 6 đã được tự động cắt xén (clip) vừa ảnh. | Box dòng 7 đã được tự động cắt xén (clip) vừa ảnh. | Box dòng 8 đã được tự động cắt xén (clip) vừa ảnh. | Box dòng 9 đã được tự động cắt xén (clip) vừa ảnh. | Box dòng 10 đã được tự động cắt xén (clip) vừa ảnh. | Box dòng 11 đã được tự động cắt xén (clip) vừa ảnh. | Box dòng 12 đã được tự động cắt xén (clip) vừa ảnh. | Box dòng 13 đã được tự động cắt xén (clip) vừa ảnh. | Box dòng 14 đã được tự động cắt xén (clip) vừa ảnh. | Box dòng 15 đã được tự động cắt xén (clip) vừa ảnh. | Box dòng 16 đã được tự động cắt xén (clip) vừa ảnh. | Box dòng 17 đã được tự động cắt xén (clip) vừa ảnh. | Box dòng 18 đã được tự động cắt xén (clip) vừa ảnh. | Box dòng 19 đã được tự động cắt xén (clip) vừa ảnh. | Box dòng 20 đã được tự động cắt xén (clip) vừa ảnh. | Box dòng 21 đã được tự động cắt xén (clip) vừa ảnh. | Box dòng 22 đã được tự động cắt xén (clip) vừa ảnh. | Box dòng 23 đã được tự động cắt xén (clip) vừa ảnh. | Box dòng 24 đã được tự động cắt xén (clip) vừa ảnh. | Box dòng 25 đã được tự động cắt xén (clip) vừa ảnh. | Box dòng 26 đã được tự động cắt xén (clip) vừa ảnh. | Box dòng 27 đã được tự động cắt xén (clip) vừa ảnh. | Box dòng 28 đã được tự động cắt xén (clip) vừa ảnh. | Box dòng 29 đã được tự động cắt xén (clip) vừa ảnh.
Anthracnose,/content/drive/MyDrive/Papaya_Leaf_Disease_Classification/BDPapayaLeaf/Original Images/Anthracnose/Anthracnose(300).jpg,/content/drive/MyDrive/Papaya_Leaf_Disease_Classification/YOLO_Bounding_Box/Anthracnose/Anthracnose(300).txt,Box dòng 1 đã được tự động cắt xén (clip) vừa ảnh. | Box dòng 2 đã được tự động cắt xén (clip) vừa ảnh. | Box dòng 3 đã được tự động cắt xén (clip) vừa ảnh. | Box dòng 4 đã được tự động cắt xén (clip) vừa ảnh. | Box dòng 5 đã được tự động cắt xén (clip) vừa ảnh. | Box dòng 6 đã được tự động cắt xén (clip) vừa ảnh. | Box dòng 7 đã được tự động cắt xén (clip) vừa ảnh. | Box dòng 8 đã được tự động cắt xén (clip) vừa ảnh. | Box dòng 9 đã được tự động cắt xén (clip) vừa ảnh. | Box dòng 10 đã được tự động cắt xén (clip) vừa ảnh. | Box dòng 11 đã được tự động cắt xén (clip) vừa ảnh. | Box dòng 12 đã được tự động cắt xén (clip) vừa ảnh. | Box dòng 13 đã được tự động cắt xén (clip) vừa ảnh. | Box dòng 14 đã được tự động cắt xén (clip) vừa ảnh. | Box dòng 15 đã được tự động cắt xén (clip) vừa ảnh. | Box dòng 16 đã được tự động cắt xén (clip) vừa ảnh. | Box dòng 17 đã được tự động cắt xén (clip) vừa ảnh. | Box dòng 18 đã được tự động cắt xén (clip) vừa ảnh. | Box dòng 19 đã được tự động cắt xén (clip) vừa ảnh. | Box dòng 20 đã được tự động cắt xén (clip) vừa ảnh. | Box dòng 21 đã được tự động cắt xén (clip) vừa ảnh. | Box dòng 22 đã được tự động cắt xén (clip) vừa ảnh. | Box dòng 23 đã được tự động cắt xén (clip) vừa ảnh. | Box dòng 24 đã được tự động cắt xén (clip) vừa ảnh. | Box dòng 25 đã được tự động cắt xén (clip) vừa ảnh. | Box dòng 26 đã được tự động cắt xén (clip) vừa ảnh. | Box dòng 27 đã được tự động cắt xén (clip) vừa ảnh. | Box dòng 28 đã được tự động cắt xén (clip) vừa ảnh. | Box dòng 29 đã được tự động cắt xén (clip) vừa ảnh. | Box dòng 30 đã được tự động cắt xén (clip) vừa ảnh. | Box dòng 31 đã được tự động cắt xén (clip) vừa ảnh. | Box dòng 32 đã được tự động cắt xén (clip) vừa ảnh. | Box dòng 33 đã được tự động cắt xén (clip) vừa ảnh. | Box dòng 34 đã được tự động cắt xén (clip) vừa ảnh. | Box dòng 35 đã được tự động cắt xén (clip) vừa ảnh. | Box dòng 36 đã được tự động cắt xén (clip) vừa ảnh. | Box dòng 37 đã được tự động cắt xén (clip) vừa ảnh. | Box dòng 38 đã được tự động cắt xén (clip) vừa ảnh. | Box dòng 39 đã được tự động cắt xén (clip) vừa ảnh. | Box dòng 40 đã được tự động cắt xén (clip) vừa ảnh. | Box dòng 41 đã được tự động cắt xén (clip) vừa ảnh. | Box dòng 42 đã được tự động cắt xén (clip) vừa ảnh. | Box dòng 43 đã được tự động cắt xén (clip) vừa ảnh. | Box dòng 44 đã được tự động cắt xén (clip) vừa ảnh. | Box dòng 45 đã được tự động cắt xén (clip) vừa ảnh. | Box dòng 46 đã được tự động cắt xén (clip) vừa ảnh. | Box dòng 47 đã được tự động cắt xén (clip) vừa ảnh. | Box dòng 48 đã được tự động cắt xén (clip) vừa ảnh. | Box dòng 49 đã được tự động cắt xén (clip) vừa ảnh. | Box dòng 50 đã được tự động cắt xén (clip) vừa ảnh. | Box dòng 51 đã được tự động cắt xén (clip) vừa ảnh. | Box dòng 52 đã được tự động cắt xén (clip) vừa ảnh. | Box dòng 53 đã được tự động cắt xén (clip) vừa ảnh. | Box dòng 54 đã được tự động cắt xén (clip) vừa ảnh. | Box dòng 55 đã được tự động cắt xén (clip) vừa ảnh. | Box dòng 56 đã được tự động cắt xén (clip) vừa ảnh.
Anthracnose,/content/drive/MyDrive/Papaya_Leaf_Disease_Classification/BDPapayaLeaf/Original Images/Anthracnose/Anthracnose(301).jpg,/content/drive/MyDrive/Papaya_Leaf_Disease_Classification/YOLO_Bounding_Box/Anthracnose/Anthracnose(301).txt,Box dòng 1 đã được tự động cắt xén (clip) vừa ảnh. | Box dòng 2 đã được tự động cắt xén (clip) vừa ảnh. | Box dòng 4 đã được tự động cắt xén (clip) vừa ảnh. | Box dòng 5 đã được tự động cắt xén (clip) vừa ảnh. | Box dòng 6 đã được tự động cắt xén (clip) vừa ảnh. | Box dòng 7 đã được tự động cắt xén (clip) vừa ảnh. | Box dòng 8 đã được tự động cắt xén (clip) vừa ảnh. | Box dòng 9 đã được tự động cắt xén (clip) vừa ảnh. | Box dòng 10 đã được tự động cắt xén (clip) vừa ảnh. | Box dòng 11 đã được tự động cắt xén (clip) vừa ảnh. | Box dòng 12 đã được tự động cắt xén (clip) vừa ảnh. | Box dòng 13 đã được tự động cắt xén (clip) vừa ảnh. | Box dòng 14 đã được tự động cắt xén (clip) vừa ảnh. | Box dòng 15 đã được tự động cắt xén (clip) vừa ảnh. | Box dòng 16 đã được tự động cắt xén (clip) vừa ảnh. | Box dòng 17 đã được tự động cắt xén (clip) vừa ảnh. | Box dòng 19 đã được tự động cắt xén (clip) vừa ảnh. | Box dòng 20 đã được tự động cắt xén (clip) vừa ảnh. | Box dòng 21 đã được tự động cắt xén (clip) vừa ảnh. | Box dòng 22 đã được tự động cắt xén (clip) vừa ảnh. | Box dòng 23 đã được tự động cắt xén (clip) vừa ảnh. | Box dòng 24 đã được tự động cắt xén (clip) vừa ảnh. | Box dòng 25 đã được tự động cắt xén (clip) vừa ảnh. | Box dòng 26 đã được tự động cắt xén (clip) vừa ảnh. | Box dòng 27 đã được tự động cắt xén (clip) vừa ảnh. | Box dòng 28 đã được tự động cắt xén (clip) vừa ảnh. | Box dòng 29 đã được tự động cắt xén (clip) vừa ảnh. | Box dòng 30 đã được tự động cắt xén (clip) vừa ảnh. | Box dòng 31 đã được tự động cắt xén (clip) vừa ảnh. | Box dòng 32 đã được tự động cắt xén (clip) vừa ảnh. | Box dòng 33 đã được tự động cắt xén (clip) vừa ảnh. | Box dòng 34 đã được tự động cắt xén (clip) vừa ảnh. | Box dòng 35 đã được tự động cắt xén (clip) vừa ảnh. | Box dòng 36 đã được tự động cắt xén (clip) vừa ảnh. | Box dòng 37 đã được tự động cắt xén (clip) vừa ảnh. | Box dòng 38 đã được tự động cắt xén (clip) vừa ảnh.
Anthracnose,/content/drive/MyDrive/Papaya_Leaf_Disease_Classification/BDPapayaLeaf/Original Images/Anthracnose/Anthracnose(302).jpg,/content/drive/MyDrive/Papaya_Leaf_Disease_Classification/YOLO_Bounding_Box/Anthracnose/Anthracnose(302).txt,Box dòng 1 đã được tự động cắt xén (clip) vừa ảnh. | Box dòng 2 đã được tự động cắt xén (clip) vừa ảnh. | Box dòng 3 đã được tự động cắt xén (clip) vừa ảnh. | Box dòng 4 đã được tự động cắt xén (clip) vừa ảnh. | Box dòng 5 đã được tự động cắt xén (clip) vừa ảnh. | Box dòng 6 đã được tự động cắt xén (clip) vừa ảnh. | Box dòng 7 đã được tự động cắt xén (clip) vừa ảnh. | Box dòng 8 đã được tự động cắt xén (clip) vừa ảnh. | Box dòng 9 đã được tự động cắt xén (clip) vừa ảnh. | Box dòng 10 đã được tự động cắt xén (clip) vừa ảnh. | Box dòng 11 đã được tự động cắt xén (clip) vừa ảnh.
Anthracnose,/content/drive/MyDrive/Papaya_Leaf_Disease_Classification/BDPapayaLeaf/Original Images/Anthracnose/Anthracnose(303).jpg,/content/drive/MyDrive/Papaya_Leaf_Disease_Classification/YOLO_Bounding_Box/Anthracnose/Anthracnose(303).txt,Box dòng 1 đã được tự động cắt xén (clip) vừa ảnh. | Box dòng 2 đã được tự động cắt xén (clip) vừa ảnh. | Box dòng 3 đã được tự động cắt xén (clip) vừa ảnh. | Box dòng 4 đã được tự động cắt xén (clip) vừa ảnh. | Box dòng 5 đã được tự động cắt xén (clip) vừa ảnh. | Box dòng 6 đã được tự động cắt xén (clip) vừa ảnh. | Box dòng 7 đã được tự động cắt xén (clip) vừa ảnh. | Box dòng 8 đã được tự động cắt xén (clip) vừa ảnh. | Box dòng 9 đã được tự động cắt xén (clip) vừa ảnh. | Box dòng 10 đã được tự động cắt xén (clip) vừa ảnh. | Box dòng 11 đã được tự động cắt xén (clip) vừa ảnh. | Box dòng 12 đã được tự động cắt xén (clip) vừa ảnh. | Box dòng 13 đã được tự động cắt xén (clip) vừa ảnh. | Box dòng 14 đã được tự động cắt xén (clip) vừa ảnh. | Box dòng 15 đã được tự động cắt xén (clip) vừa ảnh. | Box dòng 16 đã được tự động cắt xén (clip) vừa ảnh. | Box dòng 17 đã được tự động cắt xén (clip) vừa ảnh. | Box dòng 18 đã được tự động cắt xén (clip) vừa ảnh. | Box dòng 19 đã được tự động cắt xén (clip) vừa ảnh. | Box dòng 20 đã được tự động cắt xén (clip) vừa ảnh. | Box dòng 21 đã được tự động cắt xén (clip) vừa ảnh. | Box dòng 22 đã được tự động cắt xén (clip) vừa ảnh. | Box dòng 23 đã được tự động cắt xén (clip) vừa ảnh. | Box dòng 24 đã được tự động cắt xén (clip) vừa ảnh. | Box dòng 25 đã được tự động cắt xén (clip) vừa ảnh. | Box dòng 26 đã được tự động cắt xén (clip) vừa ảnh. | Box dòng 27 đã được tự động cắt xén (clip) vừa ảnh. | Box dòng 28 đã được tự động cắt xén (clip) vừa ảnh. | Box dòng 29 đã được tự động cắt xén (clip) vừa ảnh. | Box dòng 30 đã được tự động cắt xén (clip) vừa ảnh. | Box dòng 31 đã được tự động cắt xén (clip) vừa ảnh. | Box dòng 32 đã được tự động cắt xén (clip) vừa ảnh. | Box dòng 33 đã được tự động cắt xén (clip) vừa ảnh. | Box dòng 34 đã được tự động cắt xén (clip) vừa ảnh. | Box dòng 35 đã được tự động cắt xén (clip) vừa ảnh. | Box dòng 36 đã được tự động cắt xén (clip) vừa ảnh. | Box dòng 37 đã được tự động cắt xén (clip) vừa ảnh. | Box dòng 38 đã được tự động cắt xén (clip) vừa ảnh. | Box dòng 39 đã được tự động cắt xén (clip) vừa ảnh. | Box dòng 40 đã được tự động cắt xén (clip) vừa ảnh. | Box dòng 41 đã được tự động cắt xén (clip) vừa ảnh. | Box dòng 42 đã được tự động cắt xén (clip) vừa ảnh. | Box dòng 43 đã được tự động cắt xén (clip) vừa ảnh. | Box dòng 44 đã được tự động cắt xén (clip) vừa ảnh. | Box dòng 45 đã được tự động cắt xén (clip) vừa ảnh. | Box dòng 46 đã được tự động cắt xén (clip) vừa ảnh. | Box dòng 47 đã được tự động cắt xén (clip) vừa ảnh. | Box dòng 48 đã được tự động cắt xén (clip) vừa ảnh. | Box dòng 49 đã được tự động cắt xén (clip) vừa ảnh. | Box dòng 50 đã được tự động cắt xén (clip) vừa ảnh. | Box dòng 51 đã được tự động cắt xén (clip) vừa ảnh. | Box dòng 52 đã được tự động cắt xén (clip) vừa ảnh. | Box dòng 53 đã được tự động cắt xén (clip) vừa ảnh. | Box dòng 54 đã được tự động cắt xén (clip) vừa ảnh. | Box dòng 55 đã được tự động cắt xén (clip) vừa ảnh.
Anthracnose,/content/drive/MyDrive/Papaya_Leaf_Disease_Classification/BDPapayaLeaf/Original Images/Anthracnose/Anthracnose(304).jpg,/content/drive/MyDrive/Papaya_Leaf_Disease_Classification/YOLO_Bounding_Box/Anthracnose/Anthracnose(304).txt,Box dòng 1 đã được tự động cắt xén (clip) vừa ảnh. | Box dòng 2 đã được tự động cắt xén (clip) vừa ảnh. | Box dòng 3 đã được tự động cắt xén (clip) vừa ảnh. | Box dòng 4 đã được tự động cắt xén (clip) vừa ảnh. | Box dòng 5 đã được tự động cắt xén (clip) vừa ảnh. | Box dòng 6 đã được tự động cắt xén (clip) vừa ảnh. | Box dòng 7 đã được tự động cắt xén (clip) vừa ảnh. | Box dòng 8 đã được tự động cắt xén (clip) vừa ảnh. | Box dòng 9 đã được tự động cắt xén (clip) vừa ảnh. | Box dòng 10 đã được tự động cắt xén (clip) vừa ảnh. | Box dòng 11 đã được tự động cắt xén (clip) vừa ảnh. | Box dòng 12 đã được tự động cắt xén (clip) vừa ảnh. | Box dòng 13 đã được tự động cắt xén (clip) vừa ảnh. | Box dòng 14 đã được tự động cắt xén (clip) vừa ảnh. | Box dòng 15 đã được tự động cắt xén (clip) vừa ảnh. | Box dòng 16 đã được tự động cắt xén (clip) vừa ảnh. | Box dòng 17 đã được tự động cắt xén (clip) vừa ảnh. | Box dòng 18 đã được tự động cắt xén (clip) vừa ảnh. | Box dòng 19 đã được tự động cắt xén (clip) vừa ảnh. | Box dòng 20 đã được tự động cắt xén (clip) vừa ảnh. | Box dòng 21 đã được tự động cắt xén (clip) vừa ảnh. | Box dòng 22 đã được tự động cắt xén (clip) vừa ảnh. | Box dòng 23 đã được tự động cắt xén (clip) vừa ảnh. | Box dòng 24 đã được tự động cắt xén (clip) vừa ảnh. | Box dòng 25 đã được tự động cắt xén (clip) vừa ảnh. | Box dòng 26 đã được tự động cắt xén (clip) vừa ảnh. | Box dòng 27 đã được tự động cắt xén (clip) vừa ảnh. | Box dòng 28 đã được tự động cắt xén (clip) vừa ảnh. | Box dòng 29 đã được tự động cắt xén (clip) vừa ảnh. | Box dòng 30 đã được tự động cắt xén (clip) vừa ảnh. | Box dòng 31 đã được tự động cắt xén (clip) vừa ảnh. | Box dòng 32 đã được tự động cắt xén (clip) vừa ảnh. | Box dòng 33 đã được tự động cắt xén (clip) vừa ảnh. | Box dòng 34 đã được tự động cắt xén (clip) vừa ảnh. | Box dòng 35 đã được tự động cắt xén (clip) vừa ảnh. | Box dòng 36 đã được tự động cắt xén (clip) vừa ảnh. | Box dòng 37 đã được tự động cắt xén (clip) vừa ảnh. | Box dòng 38 đã được tự động cắt xén (clip) vừa ảnh. | Box dòng 39 đã được tự động cắt xén (clip) vừa ảnh. | Box dòng 40 đã được tự động cắt xén (clip) vừa ảnh.
Anthracnose,/content/drive/MyDrive/Papaya_Leaf_Disease_Classification/BDPapayaLeaf/Original Images/Anthracnose/Anthracnose(305).jpg,/content/drive/MyDrive/Papaya_Leaf_Disease_Classification/YOLO_Bounding_Box/Anthracnose/Anthracnose(305).txt,Box dòng 1 đã được tự động cắt xén (clip) vừa ảnh. | Box dòng 2 đã được tự động cắt xén (clip) vừa ảnh. | Box dòng 3 đã được tự động cắt xén (clip) vừa ảnh. | Box dòng 4 đã được tự động cắt xén (clip) vừa ảnh. | Box dòng 5 đã được tự động cắt xén (clip) vừa ảnh. | Box dòng 6 đã được tự động cắt xén (clip) vừa ảnh. | Box dòng 7 đã được tự động cắt xén (clip) vừa ảnh. | Box dòng 8 đã được tự động cắt xén (clip) vừa ảnh. | Box dòng 9 đã được tự động cắt xén (clip) vừa ảnh. | Box dòng 10 đã được tự động cắt xén (clip) vừa ảnh. | Box dòng 11 đã được tự động cắt xén (clip) vừa ảnh. | Box dòng 12 đã được tự động cắt xén (clip) vừa ảnh. | Box dòng 13 đã được tự động cắt xén (clip) vừa ảnh. | Box dòng 14 đã được tự động cắt xén (clip) vừa ảnh. | Box dòng 15 đã được tự động cắt xén (clip) vừa ảnh. | Box dòng 16 đã được tự động cắt xén (clip) vừa ảnh. | Box dòng 17 đã được tự động cắt xén (clip) vừa ảnh. | Box dòng 18 đã được tự động cắt xén (clip) vừa ảnh. | Box dòng 19 đã được tự động cắt xén (clip) vừa ảnh. | Box dòng 20 đã được tự động cắt xén (clip) vừa ảnh. | Box dòng 21 đã được tự động cắt xén (clip) vừa ảnh. | Box dòng 22 đã được tự động cắt xén (clip) vừa ảnh. | Box dòng 23 đã được tự động cắt xén (clip) vừa ảnh. | Box dòng 24 đã được tự động cắt xén (clip) vừa ảnh. | Box dòng 25 đã được tự động cắt xén (clip) vừa ảnh. | Box dòng 26 đã được tự động cắt xén (clip) vừa ảnh. | Box dòng 27 đã được tự động cắt xén (clip) vừa ảnh. | Box dòng 28 đã được tự động cắt xén (clip) vừa ảnh. | Box dòng 29 đã được tự động cắt xén (clip) vừa ảnh. | Box dòng 30 đã được tự động cắt xén (clip) vừa ảnh. | Box dòng 31 đã được tự động cắt xén (clip) vừa ảnh. | Box dòng 32 đã được tự động cắt xén (clip) vừa ảnh. | Box dòng 33 đã được tự động cắt xén (clip) vừa ảnh. | Box dòng 34 đã được tự động cắt xén (clip) vừa ảnh. | Box dòng 35 đã được tự động cắt xén (clip) vừa ảnh.
Anthracnose,/content/drive/MyDrive/Papaya_Leaf_Disease_Classification/BDPapayaLeaf/Original Images/Anthracnose/Anthracnose(306).jpg,/content/drive/MyDrive/Papaya_Leaf_Disease_Classification/YOLO_Bounding_Box/Anthracnose/Anthracnose(306).txt,Box dòng 1 đã được tự động cắt xén (clip) vừa ảnh. | Box dòng 2 đã được tự động cắt xén (clip) vừa ảnh. | Box dòng 3 đã được tự động cắt xén (clip) vừa ảnh. | Box dòng 4 đã được tự động cắt xén (clip) vừa ảnh. | Box dòng 5 đã được tự động cắt xén (clip) vừa ảnh. | Box dòng 6 đã được tự động cắt xén (clip) vừa ảnh. | Box dòng 7 đã được tự động cắt xén (clip) vừa ảnh. | Box dòng 8 đã được tự động cắt xén (clip) vừa ảnh. | Box dòng 9 đã được tự động cắt xén (clip) vừa ảnh. | Box dòng 10 đã được tự động cắt xén (clip) vừa ảnh. | Box dòng 11 đã được tự động cắt xén (clip) vừa ảnh. | Box dòng 12 đã được tự động cắt xén (clip) vừa ảnh. | Box dòng 13 đã được tự động cắt xén (clip) vừa ảnh. | Box dòng 14 đã được tự động cắt xén (clip) vừa ảnh. | Box dòng 15 đã được tự động cắt xén (clip) vừa ảnh. | Box dòng 16 đã được tự động cắt xén (clip) vừa ảnh. | Box dòng 17 đã được tự động cắt xén (clip) vừa ảnh. | Box dòng 18 đã được tự động cắt xén (clip) vừa ảnh. | Box dòng 19 đã được tự động cắt xén (clip) vừa ảnh. | Box dòng 20 đã được tự động cắt xén (clip) vừa ảnh. | Box dòng 21 đã được tự động cắt xén (clip) vừa ảnh. | Box dòng 22 đã được tự động cắt xén (clip) vừa ảnh. | Box dòng 23 đã được tự động cắt xén (clip) vừa ảnh. | Box dòng 24 đã được tự động cắt xén (clip) vừa ảnh. | Box dòng 25 đã được tự động cắt xén (clip) vừa ảnh. | Box dòng 26 đã được tự động cắt xén (clip) vừa ảnh. | Box dòng 27 đã được tự động cắt xén (clip) vừa ảnh. | Box dòng 28 đã được tự động cắt xén (clip) vừa ảnh. | Box dòng 29 đã được tự động cắt xén (clip) vừa ảnh. | Box dòng 30 đã được tự động cắt xén (clip) vừa ảnh. | Box dòng 31 đã được tự động cắt xén (clip) vừa ảnh. | Box dòng 32 đã được tự động cắt xén (clip) vừa ảnh. | Box dòng 33 đã được tự động cắt xén (clip) vừa ảnh. | Box dòng 34 đã được tự động cắt xén (clip) vừa ảnh. | Box dòng 35 đã được tự động cắt xén (clip) vừa ảnh. | Box dòng 36 đã được tự động cắt xén (clip) vừa ảnh. | Box dòng 37 đã được tự động cắt xén (clip) vừa ảnh. | Box dòng 38 đã được tự động cắt xén (clip) vừa ảnh. | Box dòng 39 đã được tự động cắt xén (clip) vừa ảnh. | Box dòng 40 đã được tự động cắt xén (clip) vừa ảnh. | Box dòng 41 đã được tự động cắt xén (clip) vừa ảnh. | Box dòng 42 đã được tự động cắt xén (clip) vừa ảnh. | Box dòng 43 đã được tự động cắt xén (clip) vừa ảnh. | Box dòng 44 đã được tự động cắt xén (clip) vừa ảnh. | Box dòng 45 đã được tự động cắt xén (clip) vừa ảnh. | Box dòng 46 đã được tự động cắt xén (clip) vừa ảnh. | Box dòng 47 đã được tự động cắt xén (clip) vừa ảnh. | Box dòng 48 đã được tự động cắt xén (clip) vừa ảnh. | Box dòng 49 đã được tự động cắt xén (clip) vừa ảnh. | Box dòng 50 đã được tự động cắt xén (clip) vừa ảnh. | Box dòng 51 đã được tự động cắt xén (clip) vừa ảnh. | Box dòng 52 đã được tự động cắt xén (clip) vừa ảnh. | Box dòng 53 đã được tự động cắt xén (clip) vừa ảnh. | Box dòng 54 đã được tự động cắt xén (clip) vừa ảnh. | Box dòng 55 đã được tự động cắt xén (clip) vừa ảnh. | Box dòng 56 đã được tự động cắt xén (clip) vừa ảnh.
Anthracnose,/content/drive/MyDrive/Papaya_Leaf_Disease_Classification/BDPapayaLeaf/Original Images/Anthracnose/Anthracnose(307).jpg,/content/drive/MyDrive/Papaya_Leaf_Disease_Classification/YOLO_Bounding_Box/Anthracnose/Anthracnose(307).txt,Box dòng 1 đã được tự động cắt xén (clip) vừa ảnh. | Box dòng 2 đã được tự động cắt xén (clip) vừa ảnh. | Box dòng 3 đã được tự động cắt xén (clip) vừa ảnh. | Box dòng 4 đã được tự động cắt xén (clip) vừa ảnh. | Box dòng 5 đã được tự động cắt xén (clip) vừa ảnh. | Box dòng 6 đã được tự động cắt xén (clip) vừa ảnh. | Box dòng 7 đã được tự động cắt xén (clip) vừa ảnh. | Box dòng 8 đã được tự động cắt xén (clip) vừa ảnh. | Box dòng 9 đã được tự động cắt xén (clip) vừa ảnh. | Box dòng 10 đã được tự động cắt xén (clip) vừa ảnh. | Box dòng 11 đã được tự động cắt xén (clip) vừa ảnh. | Box dòng 12 đã được tự động cắt xén (clip) vừa ảnh. | Box dòng 13 đã được tự động cắt xén (clip) vừa ảnh. | Box dòng 14 đã được tự động cắt xén (clip) vừa ảnh. | Box dòng 15 đã được tự động cắt xén (clip) vừa ảnh. | Box dòng 16 đã được tự động cắt xén (clip) vừa ảnh. | Box dòng 17 đã được tự động cắt xén (clip) vừa ảnh. | Box dòng 18 đã được tự động cắt xén (clip) vừa ảnh. | Box dòng 19 đã được tự động cắt xén (clip) vừa ảnh. | Box dòng 20 đã được tự động cắt xén (clip) vừa ảnh. | Box dòng 21 đã được tự động cắt xén (clip) vừa ảnh. | Box dòng 22 đã được tự động cắt xén (clip) vừa ảnh. | Box dòng 23 đã được tự động cắt xén (clip) vừa ảnh. | Box dòng 24 đã được tự động cắt xén (clip) vừa ảnh. | Box dòng 25 đã được tự động cắt xén (clip) vừa ảnh.
Anthracnose,/content/drive/MyDrive/Papaya_Leaf_Disease_Classification/BDPapayaLeaf/Original Images/Anthracnose/Anthracnose(308).jpg,/content/drive/MyDrive/Papaya_Leaf_Disease_Classification/YOLO_Bounding_Box/Anthracnose/Anthracnose(308).txt,Box dòng 1 đã được tự động cắt xén (clip) vừa ảnh. | Box dòng 2 đã được tự động cắt xén (clip) vừa ảnh.
Anthracnose,/content/drive/MyDrive/Papaya_Leaf_Disease_Classification/BDPapayaLeaf/Original Images/Anthracnose/Anthracnose(309).jpg,/content/drive/MyDrive/Papaya_Leaf_Disease_Classification/YOLO_Bounding_Box/Anthracnose/Anthracnose(309).txt,Box dòng 1 đã được tự động cắt xén (clip) vừa ảnh. | Box dòng 2 đã được tự động cắt xén (clip) vừa ảnh. | Box dòng 3 đã được tự động cắt xén (clip) vừa ảnh. | Box dòng 4 đã được tự động cắt xén (clip) vừa ảnh. | Box dòng 5 đã được tự động cắt xén (clip) vừa ảnh. | Box dòng 6 đã được tự động cắt xén (clip) vừa ảnh. | Box dòng 7 đã được tự động cắt xén (clip) vừa ảnh. | Box dòng 8 đã được tự động cắt xén (clip) vừa ảnh. | Box dòng 9 đã được tự động cắt xén (clip) vừa ảnh. | Box dòng 10 đã được tự động cắt xén (clip) vừa ảnh. | Box dòng 11 đã được tự động cắt xén (clip) vừa ảnh. | Box dòng 12 đã được tự động cắt xén (clip) vừa ảnh. | Box dòng 13 đã được tự động cắt xén (clip) vừa ảnh. | Box dòng 14 đã được tự động cắt xén (clip) vừa ảnh. | Box dòng 15 đã được tự động cắt xén (clip) vừa ảnh. | Box dòng 16 đã được tự động cắt xén (clip) vừa ảnh. | Box dòng 17 đã được tự động cắt xén (clip) vừa ảnh. | Box dòng 18 đã được tự động cắt xén (clip) vừa ảnh. | Box dòng 19 đã được tự động cắt xén (clip) vừa ảnh.
Anthracnose,/content/drive/MyDrive/Papaya_Leaf_Disease_Classification/BDPapayaLeaf/Original Images/Anthracnose/Anthracnose(31).jpg,/content/drive/MyDrive/Papaya_Leaf_Disease_Classification/YOLO_Bounding_Box/Anthracnose/Anthracnose(31).txt,Box dòng 1 đã được tự động cắt xén (clip) vừa ảnh. | Box dòng 2 đã được tự động cắt xén (clip) vừa ảnh. | Box dòng 3 đã được tự động cắt xén (clip) vừa ảnh. | Box dòng 4 đã được tự động cắt xén (clip) vừa ảnh. | Box dòng 5 đã được tự động cắt xén (clip) vừa ảnh. | Box dòng 6 đã được tự động cắt xén (clip) vừa ảnh. | Box dòng 7 đã được tự động cắt xén (clip) vừa ảnh. | Box dòng 8 đã được tự động cắt xén (clip) vừa ảnh. | Box dòng 9 đã được tự động cắt xén (clip) vừa ảnh. | Box dòng 10 đã được tự động cắt xén (clip) vừa ảnh. | Box dòng 11 đã được tự động cắt xén (clip) vừa ảnh. | Box dòng 12 đã được tự động cắt xén (clip) vừa ảnh. | Box dòng 13 đã được tự động cắt xén (clip) vừa ảnh. | Box dòng 14 đã được tự động cắt xén (clip) vừa ảnh. | Box dòng 15 đã được tự động cắt xén (clip) vừa ảnh. | Box dòng 16 đã được tự động cắt xén (clip) vừa ảnh. | Box dòng 17 đã được tự động cắt xén (clip) vừa ảnh. | Box dòng 18 đã được tự động cắt xén (clip) vừa ảnh. | Box dòng 19 đã được tự động cắt xén (clip) vừa ảnh. | Box dòng 20 đã được tự động cắt xén (clip) vừa ảnh. | Box dòng 21 đã được tự động cắt xén (clip) vừa ảnh. | Box dòng 22 đã được tự động cắt xén (clip) vừa ảnh. | Box dòng 23 đã được tự động cắt xén (clip) vừa ảnh. | Box dòng 24 đã được tự động cắt xén (clip) vừa ảnh. | Box dòng 25 đã được tự động cắt xén (clip) vừa ảnh. | Box dòng 26 đã được tự động cắt xén (clip) vừa ảnh. | Box dòng 27 đã được tự động cắt xén (clip) vừa ảnh. | Box dòng 28 đã được tự động cắt xén (clip) vừa ảnh. | Box dòng 29 đã được tự động cắt xén (clip) vừa ảnh. | Box dòng 30 đã được tự động cắt xén (clip) vừa ảnh. | Box dòng 31 đã được tự động cắt xén (clip) vừa ảnh. | Box dòng 32 đã được tự động cắt xén (clip) vừa ảnh. | Box dòng 33 đã được tự động cắt xén (clip) vừa ảnh. | Box dòng 34 đã được tự động cắt xén (clip) vừa ảnh. | Box dòng 35 đã được tự động cắt xén (clip) vừa ảnh. | Box dòng 36 đã được tự động cắt xén (clip) vừa ảnh. | Box dòng 37 đã được tự động cắt xén (clip) vừa ảnh. | Box dòng 38 đã được tự động cắt xén (clip) vừa ảnh. | Box dòng 39 đã được tự động cắt xén (clip) vừa ảnh.
Anthracnose,/content/drive/MyDrive/Papaya_Leaf_Disease_Classification/BDPapayaLeaf/Original Images/Anthracnose/Anthracnose(310).jpg,/content/drive/MyDrive/Papaya_Leaf_Disease_Classification/YOLO_Bounding_Box/Anthracnose/Anthracnose(310).txt,Box dòng 1 đã được tự động cắt xén (clip) vừa ảnh. | Box dòng 2 đã được tự động cắt xén (clip) vừa ảnh. | Box dòng 3 đã được tự động cắt xén (clip) vừa ảnh. | Box dòng 4 đã được tự động cắt xén (clip) vừa ảnh. | Box dòng 5 đã được tự động cắt xén (clip) vừa ảnh. | Box dòng 6 đã được tự động cắt xén (clip) vừa ảnh.
Anthracnose,/content/drive/MyDrive/Papaya_Leaf_Disease_Classification/BDPapayaLeaf/Original Images/Anthracnose/Anthracnose(311).jpg,/content/drive/MyDrive/Papaya_Leaf_Disease_Classification/YOLO_Bounding_Box/Anthracnose/Anthracnose(311).txt,Box dòng 1 đã được tự động cắt xén (clip) vừa ảnh. | Box dòng 2 đã được tự động cắt xén (clip) vừa ảnh. | Box dòng 3 đã được tự động cắt xén (clip) vừa ảnh. | Box dòng 4 đã được tự động cắt xén (clip) vừa ảnh. | Box dòng 5 đã được tự động cắt xén (clip) vừa ảnh. | Box dòng 6 đã được tự động cắt xén (clip) vừa ảnh. | Box dòng 7 đã được tự động cắt xén (clip) vừa ảnh. | Box dòng 8 đã được tự động cắt xén (clip) vừa ảnh. | Box dòng 9 đã được tự động cắt xén (clip) vừa ảnh. | Box dòng 10 đã được tự động cắt xén (clip) vừa ảnh. | Box dòng 11 đã được tự động cắt xén (clip) vừa ảnh. | Box dòng 12 đã được tự động cắt xén (clip) vừa ảnh. | Box dòng 13 đã được tự động cắt xén (clip) vừa ảnh. | Box dòng 14 đã được tự động cắt xén (clip) vừa ảnh. | Box dòng 15 đã được tự động cắt xén (clip) vừa ảnh. | Box dòng 16 đã được tự động cắt xén (clip) vừa ảnh. | Box dòng 17 đã được tự động cắt xén (clip) vừa ảnh. | Box dòng 18 đã được tự động cắt xén (clip) vừa ảnh. | Box dòng 19 đã được tự động cắt xén (clip) vừa ảnh. | Box dòng 20 đã được tự động cắt xén (clip) vừa ảnh. | Box dòng 21 đã được tự động cắt xén (clip) vừa ảnh. | Box dòng 22 đã được tự động cắt xén (clip) vừa ảnh. | Box dòng 23 đã được tự động cắt xén (clip) vừa ảnh. | Box dòng 24 đã được tự động cắt xén (clip) vừa ảnh.
Anthracnose,/content/drive/MyDrive/Papaya_Leaf_Disease_Classification/BDPapayaLeaf/Original Images/Anthracnose/Anthracnose(312).jpg,/content/drive/MyDrive/Papaya_Leaf_Disease_Classification/YOLO_Bounding_Box/Anthracnose/Anthracnose(312).txt,Box dòng 1 đã được tự động cắt xén (clip) vừa ảnh. | Box dòng 2 đã được tự động cắt xén (clip) vừa ảnh. | Box dòng 3 đã được tự động cắt xén (clip) vừa ảnh. | Box dòng 4 đã được tự động cắt xén (clip) vừa ảnh. | Box dòng 5 đã được tự động cắt xén (clip) vừa ảnh. | Box dòng 6 đã được tự động cắt xén (clip) vừa ảnh. | Box dòng 7 đã được tự động cắt xén (clip) vừa ảnh. | Box dòng 8 đã được tự động cắt xén (clip) vừa ảnh. | Box dòng 9 đã được tự động cắt xén (clip) vừa ảnh. | Box dòng 10 đã được tự động cắt xén (clip) vừa ảnh. | Box dòng 11 đã được tự động cắt xén (clip) vừa ảnh. | Box dòng 12 đã được tự động cắt xén (clip) vừa ảnh. | Box dòng 13 đã được tự động cắt xén (clip) vừa ảnh. | Box dòng 14 đã được tự động cắt xén (clip) vừa ảnh. | Box dòng 15 đã được tự động cắt xén (clip) vừa ảnh. | Box dòng 16 đã được tự động cắt xén (clip) vừa ảnh. | Box dòng 17 đã được tự động cắt xén (clip) vừa ảnh. | Box dòng 18 đã được tự động cắt xén (clip) vừa ảnh. | Box dòng 19 đã được tự động cắt xén (clip) vừa ảnh. | Box dòng 20 đã được tự động cắt xén (clip) vừa ảnh. | Box dòng 21 đã được tự động cắt xén (clip) vừa ảnh. | Box dòng 22 đã được tự động cắt xén (clip) vừa ảnh. | Box dòng 23 đã được tự động cắt xén (clip) vừa ảnh. | Box dòng 24 đã được tự động cắt xén (clip) vừa ảnh. | Box dòng 25 đã được tự động cắt xén (clip) vừa ảnh. | Box dòng 26 đã được tự động cắt xén (clip) vừa ảnh. | Box dòng 27 đã được tự động cắt xén (clip) vừa ảnh. | Box dòng 28 đã được tự động cắt xén (clip) vừa ảnh.
Anthracnose,/content/drive/MyDrive/Papaya_Leaf_Disease_Classification/BDPapayaLeaf/Original Images/Anthracnose/Anthracnose(313).jpg,/content/drive/MyDrive/Papaya_Leaf_Disease_Classification/YOLO_Bounding_Box/Anthracnose/Anthracnose(313).txt,Box dòng 1 đã được tự động cắt xén (clip) vừa ảnh. | Box dòng 2 đã được tự động cắt xén (clip) vừa ảnh. | Box dòng 3 đã được tự động cắt xén (clip) vừa ảnh. | Box dòng 4 đã được tự động cắt xén (clip) vừa ảnh. | Box dòng 5 đã được tự động cắt xén (clip) vừa ảnh.
Anthracnose,/content/drive/MyDrive/Papaya_Leaf_Disease_Classification/BDPapayaLeaf/Original Images/Anthracnose/Anthracnose(314).jpg,/content/drive/MyDrive/Papaya_Leaf_Disease_Classification/YOLO_Bounding_Box/Anthracnose/Anthracnose(314).txt,Box dòng 1 đã được tự động cắt xén (clip) vừa ảnh. | Box dòng 2 đã được tự động cắt xén (clip) vừa ảnh. | Box dòng 3 đã được tự động cắt xén (clip) vừa ảnh. | Box dòng 4 đã được tự động cắt xén (clip) vừa ảnh. | Box dòng 5 đã được tự động cắt xén (clip) vừa ảnh. | Box dòng 6 đã được tự động cắt xén (clip) vừa ảnh. | Box dòng 7 đã được tự động cắt xén (clip) vừa ảnh. | Box dòng 8 đã được tự động cắt xén (clip) vừa ảnh. | Box dòng 9 đã được tự động cắt xén (clip) vừa ảnh. | Box dòng 10 đã được tự động cắt xén (clip) vừa ảnh. | Box dòng 11 đã được tự động cắt xén (clip) vừa ảnh. | Box dòng 12 đã được tự động cắt xén (clip) vừa ảnh. | Box dòng 13 đã được tự động cắt xén (clip) vừa ảnh. | Box dòng 14 đã được tự động cắt xén (clip) vừa ảnh. | Box dòng 15 đã được tự động cắt xén (clip) vừa ảnh. | Box dòng 16 đã được tự động cắt xén (clip) vừa ảnh.
Anthracnose,/content/drive/MyDrive/Papaya_Leaf_Disease_Classification/BDPapayaLeaf/Original Images/Anthracnose/Anthracnose(315).jpg,/content/drive/MyDrive/Papaya_Leaf_Disease_Classification/YOLO_Bounding_Box/Anthracnose/Anthracnose(315).txt,Box dòng 1 đã được tự động cắt xén (clip) vừa ảnh. | Box dòng 2 đã được tự động cắt xén (clip) vừa ảnh. | Box dòng 3 đã được tự động cắt xén (clip) vừa ảnh. | Box dòng 4 đã được tự động cắt xén (clip) vừa ảnh. | Box dòng 5 đã được tự động cắt xén (clip) vừa ảnh. | Box dòng 6 đã được tự động cắt xén (clip) vừa ảnh. | Box dòng 7 đã được tự động cắt xén (clip) vừa ảnh. | Box dòng 8 đã được tự động cắt xén (clip) vừa ảnh. | Box dòng 9 đã được tự động cắt xén (clip) vừa ảnh. | Box dòng 10 đã được tự động cắt xén (clip) vừa ảnh.
Anthracnose,/content/drive/MyDrive/Papaya_Leaf_Disease_Classification/BDPapayaLeaf/Original Images/Anthracnose/Anthracnose(316).jpg,/content/drive/MyDrive/Papaya_Leaf_Disease_Classification/YOLO_Bounding_Box/Anthracnose/Anthracnose(316).txt,Box dòng 1 đã được tự động cắt xén (clip) vừa ảnh. | Box dòng 2 đã được tự động cắt xén (clip) vừa ảnh. | Box dòng 3 đã được tự động cắt xén (clip) vừa ảnh. | Box dòng 4 đã được tự động cắt xén (clip) vừa ảnh. | Box dòng 5 đã được tự động cắt xén (clip) vừa ảnh. | Box dòng 6 đã được tự động cắt xén (clip) vừa ảnh. | Box dòng 7 đã được tự động cắt xén (clip) vừa ảnh. | Box dòng 8 đã được tự động cắt xén (clip) vừa ảnh. | Box dòng 9 đã được tự động cắt xén (clip) vừa ảnh. | Box dòng 10 đã được tự động cắt xén (clip) vừa ảnh. | Box dòng 11 đã được tự động cắt xén (clip) vừa ảnh. | Box dòng 12 đã được tự động cắt xén (clip) vừa ảnh. | Box dòng 13 đã được tự động cắt xén (clip) vừa ảnh.
Anthracnose,/content/drive/MyDrive/Papaya_Leaf_Disease_Classification/BDPapayaLeaf/Original Images/Anthracnose/Anthracnose(317).jpg,/content/drive/MyDrive/Papaya_Leaf_Disease_Classification/YOLO_Bounding_Box/Anthracnose/Anthracnose(317).txt,Box dòng 1 đã được tự động cắt xén (clip) vừa ảnh. | Box dòng 2 đã được tự động cắt xén (clip) vừa ảnh.
Anthracnose,/content/drive/MyDrive/Papaya_Leaf_Disease_Classification/BDPapayaLeaf/Original Images/Anthracnose/Anthracnose(318).jpg,/content/drive/MyDrive/Papaya_Leaf_Disease_Classification/YOLO_Bounding_Box/Anthracnose/Anthracnose(318).txt,Box dòng 1 đã được tự động cắt xén (clip) vừa ảnh. | Box dòng 2 đã được tự động cắt xén (clip) vừa ảnh. | Box dòng 3 đã được tự động cắt xén (clip) vừa ảnh. | Box dòng 4 đã được tự động cắt xén (clip) vừa ảnh. | Box dòng 5 đã được tự động cắt xén (clip) vừa ảnh. | Box dòng 6 đã được tự động cắt xén (clip) vừa ảnh.
Anthracnose,/content/drive/MyDrive/Papaya_Leaf_Disease_Classification/BDPapayaLeaf/Original Images/Anthracnose/Anthracnose(319).jpg,/content/drive/MyDrive/Papaya_Leaf_Disease_Classification/YOLO_Bounding_Box/Anthracnose/Anthracnose(319).txt,Box dòng 1 đã được tự động cắt xén (clip) vừa ảnh. | Box dòng 2 đã được tự động cắt xén (clip) vừa ảnh. | Box dòng 3 đã được tự động cắt xén (clip) vừa ảnh. | Box dòng 4 đã được tự động cắt xén (clip) vừa ảnh. | Box dòng 5 đã được tự động cắt xén (clip) vừa ảnh.
Anthracnose,/content/drive/MyDrive/Papaya_Leaf_Disease_Classification/BDPapayaLeaf/Original Images/Anthracnose/Anthracnose(32).jpg,/content/drive/MyDrive/Papaya_Leaf_Disease_Classification/YOLO_Bounding_Box/Anthracnose/Anthracnose(32).txt,Box dòng 1 đã được tự động cắt xén (clip) vừa ảnh. | Box dòng 2 đã được tự động cắt xén (clip) vừa ảnh. | Box dòng 3 đã được tự động cắt xén (clip) vừa ảnh. | Box dòng 4 đã được tự động cắt xén (clip) vừa ảnh. | Box dòng 5 đã được tự động cắt xén (clip) vừa ảnh. | Box dòng 6 đã được tự động cắt xén (clip) vừa ảnh. | Box dòng 7 đã được tự động cắt xén (clip) vừa ảnh. | Box dòng 8 đã được tự động cắt xén (clip) vừa ảnh. | Box dòng 9 đã được tự động cắt xén (clip) vừa ảnh. | Box dòng 10 đã được tự động cắt xén (clip) vừa ảnh. | Box dòng 11 đã được tự động cắt xén (clip) vừa ảnh. | Box dòng 12 đã được tự động cắt xén (clip) vừa ảnh. | Box dòng 13 đã được tự động cắt xén (clip) vừa ảnh. | Box dòng 14 đã được tự động cắt xén (clip) vừa ảnh.
Anthracnose,/content/drive/MyDrive/Papaya_Leaf_Disease_Classification/BDPapayaLeaf/Original Images/Anthracnose/Anthracnose(320).jpg,/content/drive/MyDrive/Papaya_Leaf_Disease_Classification/YOLO_Bounding_Box/Anthracnose/Anthracnose(320).txt,Box dòng 1 đã được tự động cắt xén (clip) vừa ảnh. | Box dòng 2 đã được tự động cắt xén (clip) vừa ảnh. | Box dòng 3 đã được tự động cắt xén (clip) vừa ảnh. | Box dòng 4 đã được tự động cắt xén (clip) vừa ảnh. | Box dòng 5 đã được tự động cắt xén (clip) vừa ảnh. | Box dòng 6 đã được tự động cắt xén (clip) vừa ảnh.
Anthracnose,/content/drive/MyDrive/Papaya_Leaf_Disease_Classification/BDPapayaLeaf/Original Images/Anthracnose/Anthracnose(321).jpg,/content/drive/MyDrive/Papaya_Leaf_Disease_Classification/YOLO_Bounding_Box/Anthracnose/Anthracnose(321).txt,Box dòng 1 đã được tự động cắt xén (clip) vừa ảnh. | Box dòng 2 đã được tự động cắt xén (clip) vừa ảnh. | Box dòng 3 đã được tự động cắt xén (clip) vừa ảnh. | Box dòng 4 đã được tự động cắt xén (clip) vừa ảnh.
Anthracnose,/content/drive/MyDrive/Papaya_Leaf_Disease_Classification/BDPapayaLeaf/Original Images/Anthracnose/Anthracnose(322).jpg,/content/drive/MyDrive/Papaya_Leaf_Disease_Classification/YOLO_Bounding_Box/Anthracnose/Anthracnose(322).txt,Box dòng 1 đã được tự động cắt xén (clip) vừa ảnh. | Box dòng 2 đã được tự động cắt xén (clip) vừa ảnh. | Box dòng 3 đã được tự động cắt xén (clip) vừa ảnh. | Box dòng 4 đã được tự động cắt xén (clip) vừa ảnh. | Box dòng 5 đã được tự động cắt xén (clip) vừa ảnh. | Box dòng 6 đã được tự động cắt xén (clip) vừa ảnh. | Box dòng 7 đã được tự động cắt xén (clip) vừa ảnh. | Box dòng 8 đã được tự động cắt xén (clip) vừa ảnh. | Box dòng 9 đã được tự động cắt xén (clip) vừa ảnh. | Box dòng 10 đã được tự động cắt xén (clip) vừa ảnh. | Box dòng 11 đã được tự động cắt xén (clip) vừa ảnh. | Box dòng 12 đã được tự động cắt xén (clip) vừa ảnh. | Box dòng 13 đã được tự động cắt xén (clip) vừa ảnh.
Anthracnose,/content/drive/MyDrive/Papaya_Leaf_Disease_Classification/BDPapayaLeaf/Original Images/Anthracnose/Anthracnose(323).jpg,/content/drive/MyDrive/Papaya_Leaf_Disease_Classification/YOLO_Bounding_Box/Anthracnose/Anthracnose(323).txt,Box dòng 1 đã được tự động cắt xén (clip) vừa ảnh. | Box dòng 2 đã được tự động cắt xén (clip) vừa ảnh. | Box dòng 3 đã được tự động cắt xén (clip) vừa ảnh. | Box dòng 4 đã được tự động cắt xén (clip) vừa ảnh. | Box dòng 5 đã được tự động cắt xén (clip) vừa ảnh. | Box dòng 6 đã được tự động cắt xén (clip) vừa ảnh. | Box dòng 7 đã được tự động cắt xén (clip) vừa ảnh. | Box dòng 8 đã được tự động cắt xén (clip) vừa ảnh. | Box dòng 9 đã được tự động cắt xén (clip) vừa ảnh. | Box dòng 10 đã được tự động cắt xén (clip) vừa ảnh. | Box dòng 11 đã được tự động cắt xén (clip) vừa ảnh. | Box dòng 12 đã được tự động cắt xén (clip) vừa ảnh. | Box dòng 13 đã được tự động cắt xén (clip) vừa ảnh. | Box dòng 14 đã được tự động cắt xén (clip) vừa ảnh. | Box dòng 15 đã được tự động cắt xén (clip) vừa ảnh. | Box dòng 16 đã được tự động cắt xén (clip) vừa ảnh.
Anthracnose,/content/drive/MyDrive/Papaya_Leaf_Disease_Classification/BDPapayaLeaf/Original Images/Anthracnose/Anthracnose(324).jpg,/content/drive/MyDrive/Papaya_Leaf_Disease_Classification/YOLO_Bounding_Box/Anthracnose/Anthracnose(324).txt,Box dòng 1 đã được tự động cắt xén (clip) vừa ảnh. | Box dòng 2 đã được tự động cắt xén (clip) vừa ảnh. | Box dòng 3 đã được tự động cắt xén (clip) vừa ảnh. | Box dòng 4 đã được tự động cắt xén (clip) vừa ảnh. | Box dòng 5 đã được tự động cắt xén (clip) vừa ảnh. | Box dòng 6 đã được tự động cắt xén (clip) vừa ảnh. | Box dòng 7 đã được tự động cắt xén (clip) vừa ảnh. | Box dòng 8 đã được tự động cắt xén (clip) vừa ảnh. | Box dòng 9 đã được tự động cắt xén (clip) vừa ảnh. | Box dòng 10 đã được tự động cắt xén (clip) vừa ảnh. | Box dòng 11 đã được tự động cắt xén (clip) vừa ảnh. | Box dòng 12 đã được tự động cắt xén (clip) vừa ảnh.
Anthracnose,/content/drive/MyDrive/Papaya_Leaf_Disease_Classification/BDPapayaLeaf/Original Images/Anthracnose/Anthracnose(325).jpg,/content/drive/MyDrive/Papaya_Leaf_Disease_Classification/YOLO_Bounding_Box/Anthracnose/Anthracnose(325).txt,Box dòng 1 đã được tự động cắt xén (clip) vừa ảnh. | Box dòng 2 đã được tự động cắt xén (clip) vừa ảnh. | Box dòng 3 đã được tự động cắt xén (clip) vừa ảnh. | Box dòng 4 đã được tự động cắt xén (clip) vừa ảnh. | Box dòng 5 đã được tự động cắt xén (clip) vừa ảnh. | Box dòng 6 đã được tự động cắt xén (clip) vừa ảnh. | Box dòng 7 đã được tự động cắt xén (clip) vừa ảnh. | Box dòng 8 đã được tự động cắt xén (clip) vừa ảnh. | Box dòng 9 đã được tự động cắt xén (clip) vừa ảnh. | Box dòng 10 đã được tự động cắt xén (clip) vừa ảnh. | Box dòng 11 đã được tự động cắt xén (clip) vừa ảnh. | Box dòng 12 đã được tự động cắt xén (clip) vừa ảnh. | Box dòng 13 đã được tự động cắt xén (clip) vừa ảnh. | Box dòng 14 đã được tự động cắt xén (clip) vừa ảnh.
Anthracnose,/content/drive/MyDrive/Papaya_Leaf_Disease_Classification/BDPapayaLeaf/Original Images/Anthracnose/Anthracnose(326).jpg,/content/drive/MyDrive/Papaya_Leaf_Disease_Classification/YOLO_Bounding_Box/Anthracnose/Anthracnose(326).txt,Box dòng 1 đã được tự động cắt xén (clip) vừa ảnh. | Box dòng 2 đã được tự động cắt xén (clip) vừa ảnh. | Box dòng 3 đã được tự động cắt xén (clip) vừa ảnh. | Box dòng 4 đã được tự động cắt xén (clip) vừa ảnh. | Box dòng 5 đã được tự động cắt xén (clip) vừa ảnh. | Box dòng 6 đã được tự động cắt xén (clip) vừa ảnh. | Box dòng 7 đã được tự động cắt xén (clip) vừa ảnh. | Box dòng 8 đã được tự động cắt xén (clip) vừa ảnh. | Box dòng 9 đã được tự động cắt xén (clip) vừa ảnh. | Box dòng 10 đã được tự động cắt xén (clip) vừa ảnh. | Box dòng 11 đã được tự động cắt xén (clip) vừa ảnh. | Box dòng 12 đã được tự động cắt xén (clip) vừa ảnh. | Box dòng 13 đã được tự động cắt xén (clip) vừa ảnh.
Anthracnose,/content/drive/MyDrive/Papaya_Leaf_Disease_Classification/BDPapayaLeaf/Original Images/Anthracnose/Anthracnose(327).jpg,/content/drive/MyDrive/Papaya_Leaf_Disease_Classification/YOLO_Bounding_Box/Anthracnose/Anthracnose(327).txt,Box dòng 1 đã được tự động cắt xén (clip) vừa ảnh. | Box dòng 2 đã được tự động cắt xén (clip) vừa ảnh. | Box dòng 3 đã được tự động cắt xén (clip) vừa ảnh. | Box dòng 4 đã được tự động cắt xén (clip) vừa ảnh. | Box dòng 5 đã được tự động cắt xén (clip) vừa ảnh. | Box dòng 6 đã được tự động cắt xén (clip) vừa ảnh. | Box dòng 7 đã được tự động cắt xén (clip) vừa ảnh. | Box dòng 8 đã được tự động cắt xén (clip) vừa ảnh. | Box dòng 9 đã được tự động cắt xén (clip) vừa ảnh.
Anthracnose,/content/drive/MyDrive/Papaya_Leaf_Disease_Classification/BDPapayaLeaf/Original Images/Anthracnose/Anthracnose(328).jpg,/content/drive/MyDrive/Papaya_Leaf_Disease_Classification/YOLO_Bounding_Box/Anthracnose/Anthracnose(328).txt,Box dòng 1 đã được tự động cắt xén (clip) vừa ảnh. | Box dòng 2 đã được tự động cắt xén (clip) vừa ảnh. | Box dòng 3 đã được tự động cắt xén (clip) vừa ảnh. | Box dòng 4 đã được tự động cắt xén (clip) vừa ảnh. | Box dòng 5 đã được tự động cắt xén (clip) vừa ảnh. | Box dòng 6 đã được tự động cắt xén (clip) vừa ảnh. | Box dòng 7 đã được tự động cắt xén (clip) vừa ảnh. | Box dòng 8 đã được tự động cắt xén (clip) vừa ảnh. | Box dòng 9 đã được tự động cắt xén (clip) vừa ảnh. | Box dòng 10 đã được tự động cắt xén (clip) vừa ảnh.
Anthracnose,/content/drive/MyDrive/Papaya_Leaf_Disease_Classification/BDPapayaLeaf/Original Images/Anthracnose/Anthracnose(329).jpg,/content/drive/MyDrive/Papaya_Leaf_Disease_Classification/YOLO_Bounding_Box/Anthracnose/Anthracnose(329).txt,Box dòng 1 đã được tự động cắt xén (clip) vừa ảnh.
Anthracnose,/content/drive/MyDrive/Papaya_Leaf_Disease_Classification/BDPapayaLeaf/Original Images/Anthracnose/Anthracnose(33).jpg,/content/drive/MyDrive/Papaya_Leaf_Disease_Classification/YOLO_Bounding_Box/Anthracnose/Anthracnose(33).txt,Box dòng 1 đã được tự động cắt xén (clip) vừa ảnh.
Anthracnose,/content/drive/MyDrive/Papaya_Leaf_Disease_Classification/BDPapayaLeaf/Original Images/Anthracnose/Anthracnose(330).jpg,/content/drive/MyDrive/Papaya_Leaf_Disease_Classification/YOLO_Bounding_Box/Anthracnose/Anthracnose(330).txt,Box dòng 1 đã được tự động cắt xén (clip) vừa ảnh.
Anthracnose,/content/drive/MyDrive/Papaya_Leaf_Disease_Classification/BDPapayaLeaf/Original Images/Anthracnose/Anthracnose(331).jpg,/content/drive/MyDrive/Papaya_Leaf_Disease_Classification/YOLO_Bounding_Box/Anthracnose/Anthracnose(331).txt,Box dòng 1 đã được tự động cắt xén (clip) vừa ảnh. | Box dòng 3 đã được tự động cắt xén (clip) vừa ảnh. | Box dòng 4 đã được tự động cắt xén (clip) vừa ảnh. | Box dòng 5 đã được tự động cắt xén (clip) vừa ảnh. | Box dòng 6 đã được tự động cắt xén (clip) vừa ảnh. | Box dòng 7 đã được tự động cắt xén (clip) vừa ảnh.
Anthracnose,/content/drive/MyDrive/Papaya_Leaf_Disease_Classification/BDPapayaLeaf/Original Images/Anthracnose/Anthracnose(332).jpg,/content/drive/MyDrive/Papaya_Leaf_Disease_Classification/YOLO_Bounding_Box/Anthracnose/Anthracnose(332).txt,Box dòng 1 đã được tự động cắt xén (clip) vừa ảnh. | Box dòng 2 đã được tự động cắt xén (clip) vừa ảnh. | Box dòng 3 đã được tự động cắt xén (clip) vừa ảnh. | Box dòng 4 đã được tự động cắt xén (clip) vừa ảnh. | Box dòng 5 đã được tự động cắt xén (clip) vừa ảnh. | Box dòng 6 đã được tự động cắt xén (clip) vừa ảnh. | Box dòng 7 đã được tự động cắt xén (clip) vừa ảnh. | Box dòng 8 đã được tự động cắt xén (clip) vừa ảnh.
Anthracnose,/content/drive/MyDrive/Papaya_Leaf_Disease_Classification/BDPapayaLeaf/Original Images/Anthracnose/Anthracnose(333).jpg,/content/drive/MyDrive/Papaya_Leaf_Disease_Classification/YOLO_Bounding_Box/Anthracnose/Anthracnose(333).txt,Box dòng 1 đã được tự động cắt xén (clip) vừa ảnh. | Box dòng 2 đã được tự động cắt xén (clip) vừa ảnh. | Box dòng 3 đã được tự động cắt xén (clip) vừa ảnh. | Box dòng 4 đã được tự động cắt xén (clip) vừa ảnh. | Box dòng 5 đã được tự động cắt xén (clip) vừa ảnh. | Box dòng 6 đã được tự động cắt xén (clip) vừa ảnh.
Anthracnose,/content/drive/MyDrive/Papaya_Leaf_Disease_Classification/BDPapayaLeaf/Original Images/Anthracnose/Anthracnose(334).jpg,/content/drive/MyDrive/Papaya_Leaf_Disease_Classification/YOLO_Bounding_Box/Anthracnose/Anthracnose(334).txt,Box dòng 1 đã được tự động cắt xén (clip) vừa ảnh. | Box dòng 2 đã được tự động cắt xén (clip) vừa ảnh. | Box dòng 3 đã được tự động cắt xén (clip) vừa ảnh. | Box dòng 4 đã được tự động cắt xén (clip) vừa ảnh. | Box dòng 5 đã được tự động cắt xén (clip) vừa ảnh. | Box dòng 6 đã được tự động cắt xén (clip) vừa ảnh. | Box dòng 7 đã được tự động cắt xén (clip) vừa ảnh. | Box dòng 8 đã được tự động cắt xén (clip) vừa ảnh. | Box dòng 9 đã được tự động cắt xén (clip) vừa ảnh. | Box dòng 10 đã được tự động cắt xén (clip) vừa ảnh. | Box dòng 11 đã được tự động cắt xén (clip) vừa ảnh.
Anthracnose,/content/drive/MyDrive/Papaya_Leaf_Disease_Classification/BDPapayaLeaf/Original Images/Anthracnose/Anthracnose(335).jpg,/content/drive/MyDrive/Papaya_Leaf_Disease_Classification/YOLO_Bounding_Box/Anthracnose/Anthracnose(335).txt,Box dòng 1 đã được tự động cắt xén (clip) vừa ảnh. | Box dòng 2 đã được tự động cắt xén (clip) vừa ảnh. | Box dòng 3 đã được tự động cắt xén (clip) vừa ảnh.
Anthracnose,/content/drive/MyDrive/Papaya_Leaf_Disease_Classification/BDPapayaLeaf/Original Images/Anthracnose/Anthracnose(336).jpg,/content/drive/MyDrive/Papaya_Leaf_Disease_Classification/YOLO_Bounding_Box/Anthracnose/Anthracnose(336).txt,Box dòng 1 đã được tự động cắt xén (clip) vừa ảnh. | Box dòng 2 đã được tự động cắt xén (clip) vừa ảnh. | Box dòng 3 đã được tự động cắt xén (clip) vừa ảnh. | Box dòng 4 đã được tự động cắt xén (clip) vừa ảnh. | Box dòng 5 đã được tự động cắt xén (clip) vừa ảnh. | Box dòng 6 đã được tự động cắt xén (clip) vừa ảnh.
Anthracnose,/content/drive/MyDrive/Papaya_Leaf_Disease_Classification/BDPapayaLeaf/Original Images/Anthracnose/Anthracnose(337).jpg,/content/drive/MyDrive/Papaya_Leaf_Disease_Classification/YOLO_Bounding_Box/Anthracnose/Anthracnose(337).txt,Box dòng 1 đã được tự động cắt xén (clip) vừa ảnh.
Anthracnose,/content/drive/MyDrive/Papaya_Leaf_Disease_Classification/BDPapayaLeaf/Original Images/Anthracnose/Anthracnose(338).jpg,/content/drive/MyDrive/Papaya_Leaf_Disease_Classification/YOLO_Bounding_Box/Anthracnose/Anthracnose(338).txt,Box dòng 1 đã được tự động cắt xén (clip) vừa ảnh.
Anthracnose,/content/drive/MyDrive/Papaya_Leaf_Disease_Classification/BDPapayaLeaf/Original Images/Anthracnose/Anthracnose(339).jpg,/content/drive/MyDrive/Papaya_Leaf_Disease_Classification/YOLO_Bounding_Box/Anthracnose/Anthracnose(339).txt,Box dòng 1 đã được tự động cắt xén (clip) vừa ảnh. | Box dòng 2 đã được tự động cắt xén (clip) vừa ảnh. | Box dòng 3 đã được tự động cắt xén (clip) vừa ảnh.
Anthracnose,/content/drive/MyDrive/Papaya_Leaf_Disease_Classification/BDPapayaLeaf/Original Images/Anthracnose/Anthracnose(34).jpg,/content/drive/MyDrive/Papaya_Leaf_Disease_Classification/YOLO_Bounding_Box/Anthracnose/Anthracnose(34).txt,Box dòng 1 đã được tự động cắt xén (clip) vừa ảnh.
Anthracnose,/content/drive/MyDrive/Papaya_Leaf_Disease_Classification/BDPapayaLeaf/Original Images/Anthracnose/Anthracnose(340).jpg,/content/drive/MyDrive/Papaya_Leaf_Disease_Classification/YOLO_Bounding_Box/Anthracnose/Anthracnose(340).txt,Box dòng 1 đã được tự động cắt xén (clip) vừa ảnh. | Box dòng 2 đã được tự động cắt xén (clip) vừa ảnh. | Box dòng 3 đã được tự động cắt xén (clip) vừa ảnh. | Box dòng 4 đã được tự động cắt xén (clip) vừa ảnh. | Box dòng 5 đã được tự động cắt xén (clip) vừa ảnh. | Box dòng 6 đã được tự động cắt xén (clip) vừa ảnh. | Box dòng 7 đã được tự động cắt xén (clip) vừa ảnh. | Box dòng 8 đã được tự động cắt xén (clip) vừa ảnh. | Box dòng 9 đã được tự động cắt xén (clip) vừa ảnh. | Box dòng 10 đã được tự động cắt xén (clip) vừa ảnh. | Box dòng 11 đã được tự động cắt xén (clip) vừa ảnh. | Box dòng 12 đã được tự động cắt xén (clip) vừa ảnh. | Box dòng 13 đã được tự động cắt xén (clip) vừa ảnh. | Box dòng 14 đã được tự động cắt xén (clip) vừa ảnh. | Box dòng 15 đã được tự động cắt xén (clip) vừa ảnh. | Box dòng 16 đã được tự động cắt xén (clip) vừa ảnh. | Box dòng 17 đã được tự động cắt xén (clip) vừa ảnh. | Box dòng 18 đã được tự động cắt xén (clip) vừa ảnh. | Box dòng 19 đã được tự động cắt xén (clip) vừa ảnh. | Box dòng 20 đã được tự động cắt xén (clip) vừa ảnh. | Box dòng 21 đã được tự động cắt xén (clip) vừa ảnh. | Box dòng 22 đã được tự động cắt xén (clip) vừa ảnh. | Box dòng 23 đã được tự động cắt xén (clip) vừa ảnh. | Box dòng 24 đã được tự động cắt xén (clip) vừa ảnh. | Box dòng 25 đã được tự động cắt xén (clip) vừa ảnh. | Box dòng 26 đã được tự động cắt xén (clip) vừa ảnh. | Box dòng 27 đã được tự động cắt xén (clip) vừa ảnh. | Box dòng 28 đã được tự động cắt xén (clip) vừa ảnh.
Anthracnose,/content/drive/MyDrive/Papaya_Leaf_Disease_Classification/BDPapayaLeaf/Original Images/Anthracnose/Anthracnose(341).jpg,/content/drive/MyDrive/Papaya_Leaf_Disease_Classification/YOLO_Bounding_Box/Anthracnose/Anthracnose(341).txt,Box dòng 1 đã được tự động cắt xén (clip) vừa ảnh. | Box dòng 2 đã được tự động cắt xén (clip) vừa ảnh. | Box dòng 3 đã được tự động cắt xén (clip) vừa ảnh. | Box dòng 4 đã được tự động cắt xén (clip) vừa ảnh. | Box dòng 5 đã được tự động cắt xén (clip) vừa ảnh. | Box dòng 6 đã được tự động cắt xén (clip) vừa ảnh. | Box dòng 7 đã được tự động cắt xén (clip) vừa ảnh. | Box dòng 8 đã được tự động cắt xén (clip) vừa ảnh. | Box dòng 9 đã được tự động cắt xén (clip) vừa ảnh. | Box dòng 10 đã được tự động cắt xén (clip) vừa ảnh. | Box dòng 11 đã được tự động cắt xén (clip) vừa ảnh. | Box dòng 12 đã được tự động cắt xén (clip) vừa ảnh. | Box dòng 13 đã được tự động cắt xén (clip) vừa ảnh. | Box dòng 14 đã được tự động cắt xén (clip) vừa ảnh. | Box dòng 15 đã được tự động cắt xén (clip) vừa ảnh. | Box dòng 16 đã được tự động cắt xén (clip) vừa ảnh. | Box dòng 17 đã được tự động cắt xén (clip) vừa ảnh. | Box dòng 18 đã được tự động cắt xén (clip) vừa ảnh. | Box dòng 19 đã được tự động cắt xén (clip) vừa ảnh. | Box dòng 20 đã được tự động cắt xén (clip) vừa ảnh. | Box dòng 21 đã được tự động cắt xén (clip) vừa ảnh. | Box dòng 22 đã được tự động cắt xén (clip) vừa ảnh. | Box dòng 23 đã được tự động cắt xén (clip) vừa ảnh. | Box dòng 24 đã được tự động cắt xén (clip) vừa ảnh. | Box dòng 25 đã được tự động cắt xén (clip) vừa ảnh. | Box dòng 26 đã được tự động cắt xén (clip) vừa ảnh. | Box dòng 27 đã được tự động cắt xén (clip) vừa ảnh. | Box dòng 28 đã được tự động cắt xén (clip) vừa ảnh. | Box dòng 29 đã được tự động cắt xén (clip) vừa ảnh. | Box dòng 30 đã được tự động cắt xén (clip) vừa ảnh. | Box dòng 31 đã được tự động cắt xén (clip) vừa ảnh. | Box dòng 32 đã được tự động cắt xén (clip) vừa ảnh. | Box dòng 33 đã được tự động cắt xén (clip) vừa ảnh. | Box dòng 34 đã được tự động cắt xén (clip) vừa ảnh.
Anthracnose,/content/drive/MyDrive/Papaya_Leaf_Disease_Classification/BDPapayaLeaf/Original Images/Anthracnose/Anthracnose(342).jpg,/content/drive/MyDrive/Papaya_Leaf_Disease_Classification/YOLO_Bounding_Box/Anthracnose/Anthracnose(342).txt,Box dòng 1 đã được tự động cắt xén (clip) vừa ảnh. | Box dòng 2 đã được tự động cắt xén (clip) vừa ảnh. | Box dòng 3 đã được tự động cắt xén (clip) vừa ảnh. | Box dòng 4 đã được tự động cắt xén (clip) vừa ảnh. | Box dòng 5 đã được tự động cắt xén (clip) vừa ảnh. | Box dòng 6 đã được tự động cắt xén (clip) vừa ảnh. | Box dòng 7 đã được tự động cắt xén (clip) vừa ảnh.
Anthracnose,/content/drive/MyDrive/Papaya_Leaf_Disease_Classification/BDPapayaLeaf/Original Images/Anthracnose/Anthracnose(343).jpg,/content/drive/MyDrive/Papaya_Leaf_Disease_Classification/YOLO_Bounding_Box/Anthracnose/Anthracnose(343).txt,Box dòng 1 đã được tự động cắt xén (clip) vừa ảnh. | Box dòng 2 đã được tự động cắt xén (clip) vừa ảnh. | Box dòng 3 đã được tự động cắt xén (clip) vừa ảnh. | Box dòng 4 đã được tự động cắt xén (clip) vừa ảnh. | Box dòng 5 đã được tự động cắt xén (clip) vừa ảnh. | Box dòng 6 đã được tự động cắt xén (clip) vừa ảnh. | Box dòng 7 đã được tự động cắt xén (clip) vừa ảnh. | Box dòng 8 đã được tự động cắt xén (clip) vừa ảnh. | Box dòng 9 đã được tự động cắt xén (clip) vừa ảnh. | Box dòng 10 đã được tự động cắt xén (clip) vừa ảnh. | Box dòng 11 đã được tự động cắt xén (clip) vừa ảnh. | Box dòng 12 đã được tự động cắt xén (clip) vừa ảnh. | Box dòng 13 đã được tự động cắt xén (clip) vừa ảnh. | Box dòng 14 đã được tự động cắt xén (clip) vừa ảnh. | Box dòng 15 đã được tự động cắt xén (clip) vừa ảnh. | Box dòng 16 đã được tự động cắt xén (clip) vừa ảnh. | Box dòng 17 đã được tự động cắt xén (clip) vừa ảnh. | Box dòng 18 đã được tự động cắt xén (clip) vừa ảnh. | Box dòng 19 đã được tự động cắt xén (clip) vừa ảnh.
Anthracnose,/content/drive/MyDrive/Papaya_Leaf_Disease_Classification/BDPapayaLeaf/Original Images/Anthracnose/Anthracnose(344).jpg,/content/drive/MyDrive/Papaya_Leaf_Disease_Classification/YOLO_Bounding_Box/Anthracnose/Anthracnose(344).txt,Box dòng 1 đã được tự động cắt xén (clip) vừa ảnh. | Box dòng 2 đã được tự động cắt xén (clip) vừa ảnh. | Box dòng 3 đã được tự động cắt xén (clip) vừa ảnh. | Box dòng 4 đã được tự động cắt xén (clip) vừa ảnh. | Box dòng 5 đã được tự động cắt xén (clip) vừa ảnh. | Box dòng 6 đã được tự động cắt xén (clip) vừa ảnh. | Box dòng 7 đã được tự động cắt xén (clip) vừa ảnh. | Box dòng 8 đã được tự động cắt xén (clip) vừa ảnh. | Box dòng 9 đã được tự động cắt xén (clip) vừa ảnh. | Box dòng 10 đã được tự động cắt xén (clip) vừa ảnh. | Box dòng 11 đã được tự động cắt xén (clip) vừa ảnh. | Box dòng 12 đã được tự động cắt xén (clip) vừa ảnh. | Box dòng 13 đã được tự động cắt xén (clip) vừa ảnh. | Box dòng 14 đã được tự động cắt xén (clip) vừa ảnh. | Box dòng 15 đã được tự động cắt xén (clip) vừa ảnh.
Anthracnose,/content/drive/MyDrive/Papaya_Leaf_Disease_Classification/BDPapayaLeaf/Original Images/Anthracnose/Anthracnose(345).jpg,/content/drive/MyDrive/Papaya_Leaf_Disease_Classification/YOLO_Bounding_Box/Anthracnose/Anthracnose(345).txt,Box dòng 1 đã được tự động cắt xén (clip) vừa ảnh. | Box dòng 2 đã được tự động cắt xén (clip) vừa ảnh. | Box dòng 3 đã được tự động cắt xén (clip) vừa ảnh. | Box dòng 4 đã được tự động cắt xén (clip) vừa ảnh. | Box dòng 5 đã được tự động cắt xén (clip) vừa ảnh. | Box dòng 6 đã được tự động cắt xén (clip) vừa ảnh. | Box dòng 7 đã được tự động cắt xén (clip) vừa ảnh. | Box dòng 8 đã được tự động cắt xén (clip) vừa ảnh. | Box dòng 9 đã được tự động cắt xén (clip) vừa ảnh. | Box dòng 10 đã được tự động cắt xén (clip) vừa ảnh. | Box dòng 11 đã được tự động cắt xén (clip) vừa ảnh. | Box dòng 12 đã được tự động cắt xén (clip) vừa ảnh. | Box dòng 13 đã được tự động cắt xén (clip) vừa ảnh.
Anthracnose,/content/drive/MyDrive/Papaya_Leaf_Disease_Classification/BDPapayaLeaf/Original Images/Anthracnose/Anthracnose(346).jpg,/content/drive/MyDrive/Papaya_Leaf_Disease_Classification/YOLO_Bounding_Box/Anthracnose/Anthracnose(346).txt,Box dòng 1 đã được tự động cắt xén (clip) vừa ảnh. | Box dòng 2 đã được tự động cắt xén (clip) vừa ảnh. | Box dòng 3 đã được tự động cắt xén (clip) vừa ảnh. | Box dòng 4 đã được tự động cắt xén (clip) vừa ảnh. | Box dòng 5 đã được tự động cắt xén (clip) vừa ảnh. | Box dòng 6 đã được tự động cắt xén (clip) vừa ảnh. | Box dòng 7 đã được tự động cắt xén (clip) vừa ảnh. | Box dòng 8 đã được tự động cắt xén (clip) vừa ảnh. | Box dòng 9 đã được tự động cắt xén (clip) vừa ảnh. | Box dòng 10 đã được tự động cắt xén (clip) vừa ảnh. | Box dòng 11 đã được tự động cắt xén (clip) vừa ảnh.
Anthracnose,/content/drive/MyDrive/Papaya_Leaf_Disease_Classification/BDPapayaLeaf/Original Images/Anthracnose/Anthracnose(347).jpg,/content/drive/MyDrive/Papaya_Leaf_Disease_Classification/YOLO_Bounding_Box/Anthracnose/Anthracnose(347).txt,Box dòng 1 đã được tự động cắt xén (clip) vừa ảnh.
Anthracnose,/content/drive/MyDrive/Papaya_Leaf_Disease_Classification/BDPapayaLeaf/Original Images/Anthracnose/Anthracnose(348).jpg,/content/drive/MyDrive/Papaya_Leaf_Disease_Classification/YOLO_Bounding_Box/Anthracnose/Anthracnose(348).txt,Box dòng 1 đã được tự động cắt xén (clip) vừa ảnh. | Box dòng 2 đã được tự động cắt xén (clip) vừa ảnh.
Anthracnose,/content/drive/MyDrive/Papaya_Leaf_Disease_Classification/BDPapayaLeaf/Original Images/Anthracnose/Anthracnose(349).jpg,/content/drive/MyDrive/Papaya_Leaf_Disease_Classification/YOLO_Bounding_Box/Anthracnose/Anthracnose(349).txt,Box dòng 1 đã được tự động cắt xén (clip) vừa ảnh. | Box dòng 2 đã được tự động cắt xén (clip) vừa ảnh. | Box dòng 3 đã được tự động cắt xén (clip) vừa ảnh.
Anthracnose,/content/drive/MyDrive/Papaya_Leaf_Disease_Classification/BDPapayaLeaf/Original Images/Anthracnose/Anthracnose(35).jpg,/content/drive/MyDrive/Papaya_Leaf_Disease_Classification/YOLO_Bounding_Box/Anthracnose/Anthracnose(35).txt,Box dòng 1 đã được tự động cắt xén (clip) vừa ảnh. | Box dòng 2 đã được tự động cắt xén (clip) vừa ảnh. | Box dòng 3 đã được tự động cắt xén (clip) vừa ảnh. | Box dòng 4 đã được tự động cắt xén (clip) vừa ảnh. | Box dòng 5 đã được tự động cắt xén (clip) vừa ảnh. | Box dòng 6 đã được tự động cắt xén (clip) vừa ảnh. | Box dòng 7 đã được tự động cắt xén (clip) vừa ảnh.
Anthracnose,/content/drive/MyDrive/Papaya_Leaf_Disease_Classification/BDPapayaLeaf/Original Images/Anthracnose/Anthracnose(350).jpg,/content/drive/MyDrive/Papaya_Leaf_Disease_Classification/YOLO_Bounding_Box/Anthracnose/Anthracnose(350).txt,Box dòng 1 đã được tự động cắt xén (clip) vừa ảnh. | Box dòng 2 đã được tự động cắt xén (clip) vừa ảnh. | Box dòng 3 đã được tự động cắt xén (clip) vừa ảnh.
Anthracnose,/content/drive/MyDrive/Papaya_Leaf_Disease_Classification/BDPapayaLeaf/Original Images/Anthracnose/Anthracnose(351).jpg,/content/drive/MyDrive/Papaya_Leaf_Disease_Classification/YOLO_Bounding_Box/Anthracnose/Anthracnose(351).txt,Box dòng 1 đã được tự động cắt xén (clip) vừa ảnh. | Box dòng 2 đã được tự động cắt xén (clip) vừa ảnh. | Box dòng 3 đã được tự động cắt xén (clip) vừa ảnh. | Box dòng 4 đã được tự động cắt xén (clip) vừa ảnh. | Box dòng 5 đã được tự động cắt xén (clip) vừa ảnh. | Box dòng 6 đã được tự động cắt xén (clip) vừa ảnh. | Box dòng 7 đã được tự động cắt xén (clip) vừa ảnh. | Box dòng 8 đã được tự động cắt xén (clip) vừa ảnh. | Box dòng 9 đã được tự động cắt xén (clip) vừa ảnh. | Box dòng 10 đã được tự động cắt xén (clip) vừa ảnh. | Box dòng 11 đã được tự động cắt xén (clip) vừa ảnh. | Box dòng 12 đã được tự động cắt xén (clip) vừa ảnh. | Box dòng 13 đã được tự động cắt xén (clip) vừa ảnh. | Box dòng 14 đã được tự động cắt xén (clip) vừa ảnh. | Box dòng 15 đã được tự động cắt xén (clip) vừa ảnh. | Box dòng 16 đã được tự động cắt xén (clip) vừa ảnh. | Box dòng 17 đã được tự động cắt xén (clip) vừa ảnh. | Box dòng 18 đã được tự động cắt xén (clip) vừa ảnh. | Box dòng 19 đã được tự động cắt xén (clip) vừa ảnh.
Anthracnose,/content/drive/MyDrive/Papaya_Leaf_Disease_Classification/BDPapayaLeaf/Original Images/Anthracnose/Anthracnose(352).jpg,/content/drive/MyDrive/Papaya_Leaf_Disease_Classification/YOLO_Bounding_Box/Anthracnose/Anthracnose(352).txt,Box dòng 1 đã được tự động cắt xén (clip) vừa ảnh. | Box dòng 2 đã được tự động cắt xén (clip) vừa ảnh. | Box dòng 3 đã được tự động cắt xén (clip) vừa ảnh. | Box dòng 4 đã được tự động cắt xén (clip) vừa ảnh.
Anthracnose,/content/drive/MyDrive/Papaya_Leaf_Disease_Classification/BDPapayaLeaf/Original Images/Anthracnose/Anthracnose(353).jpg,/content/drive/MyDrive/Papaya_Leaf_Disease_Classification/YOLO_Bounding_Box/Anthracnose/Anthracnose(353).txt,Box dòng 1 đã được tự động cắt xén (clip) vừa ảnh. | Box dòng 2 đã được tự động cắt xén (clip) vừa ảnh. | Box dòng 3 đã được tự động cắt xén (clip) vừa ảnh.
Anthracnose,/content/drive/MyDrive/Papaya_Leaf_Disease_Classification/BDPapayaLeaf/Original Images/Anthracnose/Anthracnose(354).jpg,/content/drive/MyDrive/Papaya_Leaf_Disease_Classification/YOLO_Bounding_Box/Anthracnose/Anthracnose(354).txt,Box dòng 1 đã được tự động cắt xén (clip) vừa ảnh.
Anthracnose,/content/drive/MyDrive/Papaya_Leaf_Disease_Classification/BDPapayaLeaf/Original Images/Anthracnose/Anthracnose(355).jpg,/content/drive/MyDrive/Papaya_Leaf_Disease_Classification/YOLO_Bounding_Box/Anthracnose/Anthracnose(355).txt,Box dòng 1 đã được tự động cắt xén (clip) vừa ảnh. | Box dòng 2 đã được tự động cắt xén (clip) vừa ảnh. | Box dòng 3 đã được tự động cắt xén (clip) vừa ảnh.
Anthracnose,/content/drive/MyDrive/Papaya_Leaf_Disease_Classification/BDPapayaLeaf/Original Images/Anthracnose/Anthracnose(36).jpg,/content/drive/MyDrive/Papaya_Leaf_Disease_Classification/YOLO_Bounding_Box/Anthracnose/Anthracnose(36).txt,Box dòng 1 đã được tự động cắt xén (clip) vừa ảnh. | Box dòng 2 đã được tự động cắt xén (clip) vừa ảnh. | Box dòng 3 đã được tự động cắt xén (clip) vừa ảnh. | Box dòng 4 đã được tự động cắt xén (clip) vừa ảnh. | Box dòng 5 đã được tự động cắt xén (clip) vừa ảnh. | Box dòng 6 đã được tự động cắt xén (clip) vừa ảnh. | Box dòng 7 đã được tự động cắt xén (clip) vừa ảnh.
Anthracnose,/content/drive/MyDrive/Papaya_Leaf_Disease_Classification/BDPapayaLeaf/Original Images/Anthracnose/Anthracnose(37).jpg,/content/drive/MyDrive/Papaya_Leaf_Disease_Classification/YOLO_Bounding_Box/Anthracnose/Anthracnose(37).txt,Box dòng 1 đã được tự động cắt xén (clip) vừa ảnh. | Box dòng 2 đã được tự động cắt xén (clip) vừa ảnh. | Box dòng 3 đã được tự động cắt xén (clip) vừa ảnh. | Box dòng 4 đã được tự động cắt xén (clip) vừa ảnh. | Box dòng 5 đã được tự động cắt xén (clip) vừa ảnh. | Box dòng 6 đã được tự động cắt xén (clip) vừa ảnh. | Box dòng 7 đã được tự động cắt xén (clip) vừa ảnh. | Box dòng 8 đã được tự động cắt xén (clip) vừa ảnh. | Box dòng 9 đã được tự động cắt xén (clip) vừa ảnh. | Box dòng 10 đã được tự động cắt xén (clip) vừa ảnh. | Box dòng 11 đã được tự động cắt xén (clip) vừa ảnh. | Box dòng 12 đã được tự động cắt xén (clip) vừa ảnh. | Box dòng 13 đã được tự động cắt xén (clip) vừa ảnh. | Box dòng 14 đã được tự động cắt xén (clip) vừa ảnh. | Box dòng 15 đã được tự động cắt xén (clip) vừa ảnh. | Box dòng 16 đã được tự động cắt xén (clip) vừa ảnh. | Box dòng 17 đã được tự động cắt xén (clip) vừa ảnh. | Box dòng 18 đã được tự động cắt xén (clip) vừa ảnh. | Box dòng 19 đã được tự động cắt xén (clip) vừa ảnh. | Box dòng 20 đã được tự động cắt xén (clip) vừa ảnh. | Box dòng 21 đã được tự động cắt xén (clip) vừa ảnh. | Box dòng 22 đã được tự động cắt xén (clip) vừa ảnh. | Box dòng 23 đã được tự động cắt xén (clip) vừa ảnh. | Box dòng 24 đã được tự động cắt xén (clip) vừa ảnh. | Box dòng 25 đã được tự động cắt xén (clip) vừa ảnh. | Box dòng 26 đã được tự động cắt xén (clip) vừa ảnh.
Anthracnose,/content/drive/MyDrive/Papaya_Leaf_Disease_Classification/BDPapayaLeaf/Original Images/Anthracnose/Anthracnose(38).jpg,/content/drive/MyDrive/Papaya_Leaf_Disease_Classification/YOLO_Bounding_Box/Anthracnose/Anthracnose(38).txt,Box dòng 1 đã được tự động cắt xén (clip) vừa ảnh. | Box dòng 2 đã được tự động cắt xén (clip) vừa ảnh. | Box dòng 3 đã được tự động cắt xén (clip) vừa ảnh. | Box dòng 4 đã được tự động cắt xén (clip) vừa ảnh.
Anthracnose,/content/drive/MyDrive/Papaya_Leaf_Disease_Classification/BDPapayaLeaf/Original Images/Anthracnose/Anthracnose(39).jpg,/content/drive/MyDrive/Papaya_Leaf_Disease_Classification/YOLO_Bounding_Box/Anthracnose/Anthracnose(39).txt,Box dòng 1 đã được tự động cắt xén (clip) vừa ảnh.
Anthracnose,/content/drive/MyDrive/Papaya_Leaf_Disease_Classification/BDPapayaLeaf/Original Images/Anthracnose/Anthracnose(4).jpg,/content/drive/MyDrive/Papaya_Leaf_Disease_Classification/YOLO_Bounding_Box/Anthracnose/Anthracnose(4).txt,Box dòng 1 đã được tự động cắt xén (clip) vừa ảnh. | Box dòng 2 đã được tự động cắt xén (clip) vừa ảnh. | Box dòng 3 đã được tự động cắt xén (clip) vừa ảnh. | Box dòng 4 đã được tự động cắt xén (clip) vừa ảnh. | Box dòng 5 đã được tự động cắt xén (clip) vừa ảnh. | Box dòng 6 đã được tự động cắt xén (clip) vừa ảnh. | Box dòng 7 đã được tự động cắt xén (clip) vừa ảnh. | Box dòng 8 đã được tự động cắt xén (clip) vừa ảnh. | Box dòng 9 đã được tự động cắt xén (clip) vừa ảnh.
Anthracnose,/content/drive/MyDrive/Papaya_Leaf_Disease_Classification/BDPapayaLeaf/Original Images/Anthracnose/Anthracnose(40).jpg,/content/drive/MyDrive/Papaya_Leaf_Disease_Classification/YOLO_Bounding_Box/Anthracnose/Anthracnose(40).txt,Box dòng 1 đã được tự động cắt xén (clip) vừa ảnh. | Box dòng 2 đã được tự động cắt xén (clip) vừa ảnh. | Box dòng 3 đã được tự động cắt xén (clip) vừa ảnh. | Box dòng 4 đã được tự động cắt xén (clip) vừa ảnh.
Anthracnose,/content/drive/MyDrive/Papaya_Leaf_Disease_Classification/BDPapayaLeaf/Original Images/Anthracnose/Anthracnose(41).jpg,/content/drive/MyDrive/Papaya_Leaf_Disease_Classification/YOLO_Bounding_Box/Anthracnose/Anthracnose(41).txt,Box dòng 1 đã được tự động cắt xén (clip) vừa ảnh.
Anthracnose,/content/drive/MyDrive/Papaya_Leaf_Disease_Classification/BDPapayaLeaf/Original Images/Anthracnose/Anthracnose(42).jpg,/content/drive/MyDrive/Papaya_Leaf_Disease_Classification/YOLO_Bounding_Box/Anthracnose/Anthracnose(42).txt,Box dòng 1 đã được tự động cắt xén (clip) vừa ảnh. | Box dòng 2 đã được tự động cắt xén (clip) vừa ảnh. | Box dòng 3 đã được tự động cắt xén (clip) vừa ảnh. | Box dòng 4 đã được tự động cắt xén (clip) vừa ảnh.
Anthracnose,/content/drive/MyDrive/Papaya_Leaf_Disease_Classification/BDPapayaLeaf/Original Images/Anthracnose/Anthracnose(43).jpg,/content/drive/MyDrive/Papaya_Leaf_Disease_Classification/YOLO_Bounding_Box/Anthracnose/Anthracnose(43).txt,Box dòng 1 đã được tự động cắt xén (clip) vừa ảnh. | Box dòng 2 đã được tự động cắt xén (clip) vừa ảnh.
Anthracnose,/content/drive/MyDrive/Papaya_Leaf_Disease_Classification/BDPapayaLeaf/Original Images/Anthracnose/Anthracnose(44).jpg,/content/drive/MyDrive/Papaya_Leaf_Disease_Classification/YOLO_Bounding_Box/Anthracnose/Anthracnose(44).txt,Box dòng 1 đã được tự động cắt xén (clip) vừa ảnh. | Box dòng 2 đã được tự động cắt xén (clip) vừa ảnh. | Box dòng 3 đã được tự động cắt xén (clip) vừa ảnh. | Box dòng 4 đã được tự động cắt xén (clip) vừa ảnh. | Box dòng 5 đã được tự động cắt xén (clip) vừa ảnh. | Box dòng 6 đã được tự động cắt xén (clip) vừa ảnh. | Box dòng 7 đã được tự động cắt xén (clip) vừa ảnh. | Box dòng 8 đã được tự động cắt xén (clip) vừa ảnh. | Box dòng 9 đã được tự động cắt xén (clip) vừa ảnh. | Box dòng 10 đã được tự động cắt xén (clip) vừa ảnh. | Box dòng 11 đã được tự động cắt xén (clip) vừa ảnh. | Box dòng 12 đã được tự động cắt xén (clip) vừa ảnh.
Anthracnose,/content/drive/MyDrive/Papaya_Leaf_Disease_Classification/BDPapayaLeaf/Original Images/Anthracnose/Anthracnose(45).jpg,/content/drive/MyDrive/Papaya_Leaf_Disease_Classification/YOLO_Bounding_Box/Anthracnose/Anthracnose(45).txt,Box dòng 1 đã được tự động cắt xén (clip) vừa ảnh. | Box dòng 2 đã được tự động cắt xén (clip) vừa ảnh. | Box dòng 3 đã được tự động cắt xén (clip) vừa ảnh.
Anthracnose,/content/drive/MyDrive/Papaya_Leaf_Disease_Classification/BDPapayaLeaf/Original Images/Anthracnose/Anthracnose(46).jpg,/content/drive/MyDrive/Papaya_Leaf_Disease_Classification/YOLO_Bounding_Box/Anthracnose/Anthracnose(46).txt,Box dòng 1 đã được tự động cắt xén (clip) vừa ảnh.
Anthracnose,/content/drive/MyDrive/Papaya_Leaf_Disease_Classification/BDPapayaLeaf/Original Images/Anthracnose/Anthracnose(47).jpg,/content/drive/MyDrive/Papaya_Leaf_Disease_Classification/YOLO_Bounding_Box/Anthracnose/Anthracnose(47).txt,Box dòng 1 đã được tự động cắt xén (clip) vừa ảnh. | Box dòng 2 đã được tự động cắt xén (clip) vừa ảnh. | Box dòng 3 đã được tự động cắt xén (clip) vừa ảnh. | Box dòng 4 đã được tự động cắt xén (clip) vừa ảnh. | Box dòng 5 đã được tự động cắt xén (clip) vừa ảnh. | Box dòng 6 đã được tự động cắt xén (clip) vừa ảnh. | Box dòng 7 đã được tự động cắt xén (clip) vừa ảnh.
Anthracnose,/content/drive/MyDrive/Papaya_Leaf_Disease_Classification/BDPapayaLeaf/Original Images/Anthracnose/Anthracnose(48).jpg,/content/drive/MyDrive/Papaya_Leaf_Disease_Classification/YOLO_Bounding_Box/Anthracnose/Anthracnose(48).txt,Box dòng 1 đã được tự động cắt xén (clip) vừa ảnh. | Box dòng 2 đã được tự động cắt xén (clip) vừa ảnh. | Box dòng 3 đã được tự động cắt xén (clip) vừa ảnh. | Box dòng 4 đã được tự động cắt xén (clip) vừa ảnh.
Anthracnose,/content/drive/MyDrive/Papaya_Leaf_Disease_Classification/BDPapayaLeaf/Original Images/Anthracnose/Anthracnose(49).jpg,/content/drive/MyDrive/Papaya_Leaf_Disease_Classification/YOLO_Bounding_Box/Anthracnose/Anthracnose(49).txt,Box dòng 1 đã được tự động cắt xén (clip) vừa ảnh.
Anthracnose,/content/drive/MyDrive/Papaya_Leaf_Disease_Classification/BDPapayaLeaf/Original Images/Anthracnose/Anthracnose(5).jpg,/content/drive/MyDrive/Papaya_Leaf_Disease_Classification/YOLO_Bounding_Box/Anthracnose/Anthracnose(5).txt,Box dòng 1 đã được tự động cắt xén (clip) vừa ảnh. | Box dòng 2 đã được tự động cắt xén (clip) vừa ảnh. | Box dòng 3 đã được tự động cắt xén (clip) vừa ảnh. | Box dòng 4 đã được tự động cắt xén (clip) vừa ảnh. | Box dòng 5 đã được tự động cắt xén (clip) vừa ảnh. | Box dòng 6 đã được tự động cắt xén (clip) vừa ảnh. | Box dòng 7 đã được tự động cắt xén (clip) vừa ảnh. | Box dòng 8 đã được tự động cắt xén (clip) vừa ảnh. | Box dòng 9 đã được tự động cắt xén (clip) vừa ảnh. | Box dòng 10 đã được tự động cắt xén (clip) vừa ảnh. | Box dòng 11 đã được tự động cắt xén (clip) vừa ảnh. | Box dòng 12 đã được tự động cắt xén (clip) vừa ảnh. | Box dòng 13 đã được tự động cắt xén (clip) vừa ảnh.
Anthracnose,/content/drive/MyDrive/Papaya_Leaf_Disease_Classification/BDPapayaLeaf/Original Images/Anthracnose/Anthracnose(50).jpg,/content/drive/MyDrive/Papaya_Leaf_Disease_Classification/YOLO_Bounding_Box/Anthracnose/Anthracnose(50).txt,Box dòng 1 đã được tự động cắt xén (clip) vừa ảnh. | Box dòng 2 đã được tự động cắt xén (clip) vừa ảnh. | Box dòng 3 đã được tự động cắt xén (clip) vừa ảnh. | Box dòng 4 đã được tự động cắt xén (clip) vừa ảnh. | Box dòng 5 đã được tự động cắt xén (clip) vừa ảnh. | Box dòng 6 đã được tự động cắt xén (clip) vừa ảnh. | Box dòng 7 đã được tự động cắt xén (clip) vừa ảnh. | Box dòng 8 đã được tự động cắt xén (clip) vừa ảnh. | Box dòng 9 đã được tự động cắt xén (clip) vừa ảnh. | Box dòng 10 đã được tự động cắt xén (clip) vừa ảnh. | Box dòng 11 đã được tự động cắt xén (clip) vừa ảnh. | Box dòng 12 đã được tự động cắt xén (clip) vừa ảnh. | Box dòng 13 đã được tự động cắt xén (clip) vừa ảnh. | Box dòng 14 đã được tự động cắt xén (clip) vừa ảnh. | Box dòng 15 đã được tự động cắt xén (clip) vừa ảnh.
Anthracnose,/content/drive/MyDrive/Papaya_Leaf_Disease_Classification/BDPapayaLeaf/Original Images/Anthracnose/Anthracnose(51).jpg,/content/drive/MyDrive/Papaya_Leaf_Disease_Classification/YOLO_Bounding_Box/Anthracnose/Anthracnose(51).txt,Box dòng 1 đã được tự động cắt xén (clip) vừa ảnh. | Box dòng 2 đã được tự động cắt xén (clip) vừa ảnh. | Box dòng 3 đã được tự động cắt xén (clip) vừa ảnh. | Box dòng 4 đã được tự động cắt xén (clip) vừa ảnh. | Box dòng 5 đã được tự động cắt xén (clip) vừa ảnh. | Box dòng 6 đã được tự động cắt xén (clip) vừa ảnh. | Box dòng 7 đã được tự động cắt xén (clip) vừa ảnh.
Anthracnose,/content/drive/MyDrive/Papaya_Leaf_Disease_Classification/BDPapayaLeaf/Original Images/Anthracnose/Anthracnose(52).jpg,/content/drive/MyDrive/Papaya_Leaf_Disease_Classification/YOLO_Bounding_Box/Anthracnose/Anthracnose(52).txt,Box dòng 1 đã được tự động cắt xén (clip) vừa ảnh. | Box dòng 2 đã được tự động cắt xén (clip) vừa ảnh. | Box dòng 3 đã được tự động cắt xén (clip) vừa ảnh. | Box dòng 4 đã được tự động cắt xén (clip) vừa ảnh. | Box dòng 5 đã được tự động cắt xén (clip) vừa ảnh. | Box dòng 6 đã được tự động cắt xén (clip) vừa ảnh. | Box dòng 7 đã được tự động cắt xén (clip) vừa ảnh. | Box dòng 8 đã được tự động cắt xén (clip) vừa ảnh. | Box dòng 9 đã được tự động cắt xén (clip) vừa ảnh.
Anthracnose,/content/drive/MyDrive/Papaya_Leaf_Disease_Classification/BDPapayaLeaf/Original Images/Anthracnose/Anthracnose(53).jpg,/content/drive/MyDrive/Papaya_Leaf_Disease_Classification/YOLO_Bounding_Box/Anthracnose/Anthracnose(53).txt,Box dòng 1 đã được tự động cắt xén (clip) vừa ảnh. | Box dòng 2 đã được tự động cắt xén (clip) vừa ảnh. | Box dòng 3 đã được tự động cắt xén (clip) vừa ảnh. | Box dòng 4 đã được tự động cắt xén (clip) vừa ảnh. | Box dòng 5 đã được tự động cắt xén (clip) vừa ảnh.
Anthracnose,/content/drive/MyDrive/Papaya_Leaf_Disease_Classification/BDPapayaLeaf/Original Images/Anthracnose/Anthracnose(54).jpg,/content/drive/MyDrive/Papaya_Leaf_Disease_Classification/YOLO_Bounding_Box/Anthracnose/Anthracnose(54).txt,Box dòng 1 đã được tự động cắt xén (clip) vừa ảnh. | Box dòng 2 đã được tự động cắt xén (clip) vừa ảnh. | Box dòng 3 đã được tự động cắt xén (clip) vừa ảnh. | Box dòng 4 đã được tự động cắt xén (clip) vừa ảnh. | Box dòng 5 đã được tự động cắt xén (clip) vừa ảnh. | Box dòng 6 đã được tự động cắt xén (clip) vừa ảnh. | Box dòng 7 đã được tự động cắt xén (clip) vừa ảnh.
Anthracnose,/content/drive/MyDrive/Papaya_Leaf_Disease_Classification/BDPapayaLeaf/Original Images/Anthracnose/Anthracnose(55).jpg,/content/drive/MyDrive/Papaya_Leaf_Disease_Classification/YOLO_Bounding_Box/Anthracnose/Anthracnose(55).txt,Box dòng 1 đã được tự động cắt xén (clip) vừa ảnh. | Box dòng 2 đã được tự động cắt xén (clip) vừa ảnh.
Anthracnose,/content/drive/MyDrive/Papaya_Leaf_Disease_Classification/BDPapayaLeaf/Original Images/Anthracnose/Anthracnose(56).jpg,/content/drive/MyDrive/Papaya_Leaf_Disease_Classification/YOLO_Bounding_Box/Anthracnose/Anthracnose(56).txt,Box dòng 1 đã được tự động cắt xén (clip) vừa ảnh. | Box dòng 2 đã được tự động cắt xén (clip) vừa ảnh. | Box dòng 3 đã được tự động cắt xén (clip) vừa ảnh. | Box dòng 4 đã được tự động cắt xén (clip) vừa ảnh. | Box dòng 5 đã được tự động cắt xén (clip) vừa ảnh. | Box dòng 6 đã được tự động cắt xén (clip) vừa ảnh. | Box dòng 7 đã được tự động cắt xén (clip) vừa ảnh. | Box dòng 8 đã được tự động cắt xén (clip) vừa ảnh. | Box dòng 9 đã được tự động cắt xén (clip) vừa ảnh. | Box dòng 10 đã được tự động cắt xén (clip) vừa ảnh. | Box dòng 11 đã được tự động cắt xén (clip) vừa ảnh. | Box dòng 12 đã được tự động cắt xén (clip) vừa ảnh. | Box dòng 13 đã được tự động cắt xén (clip) vừa ảnh. | Box dòng 14 đã được tự động cắt xén (clip) vừa ảnh. | Box dòng 15 đã được tự động cắt xén (clip) vừa ảnh. | Box dòng 16 đã được tự động cắt xén (clip) vừa ảnh. | Box dòng 17 đã được tự động cắt xén (clip) vừa ảnh. | Box dòng 18 đã được tự động cắt xén (clip) vừa ảnh. | Box dòng 19 đã được tự động cắt xén (clip) vừa ảnh. | Box dòng 20 đã được tự động cắt xén (clip) vừa ảnh. | Box dòng 21 đã được tự động cắt xén (clip) vừa ảnh.
Anthracnose,/content/drive/MyDrive/Papaya_Leaf_Disease_Classification/BDPapayaLeaf/Original Images/Anthracnose/Anthracnose(57).jpg,/content/drive/MyDrive/Papaya_Leaf_Disease_Classification/YOLO_Bounding_Box/Anthracnose/Anthracnose(57).txt,Box dòng 1 đã được tự động cắt xén (clip) vừa ảnh.
Anthracnose,/content/drive/MyDrive/Papaya_Leaf_Disease_Classification/BDPapayaLeaf/Original Images/Anthracnose/Anthracnose(58).jpg,/content/drive/MyDrive/Papaya_Leaf_Disease_Classification/YOLO_Bounding_Box/Anthracnose/Anthracnose(58).txt,Box dòng 1 đã được tự động cắt xén (clip) vừa ảnh. | Box dòng 2 đã được tự động cắt xén (clip) vừa ảnh. | Box dòng 3 đã được tự động cắt xén (clip) vừa ảnh. | Box dòng 4 đã được tự động cắt xén (clip) vừa ảnh. | Box dòng 5 đã được tự động cắt xén (clip) vừa ảnh. | Box dòng 6 đã được tự động cắt xén (clip) vừa ảnh. | Box dòng 7 đã được tự động cắt xén (clip) vừa ảnh. | Box dòng 8 đã được tự động cắt xén (clip) vừa ảnh. | Box dòng 9 đã được tự động cắt xén (clip) vừa ảnh. | Box dòng 10 đã được tự động cắt xén (clip) vừa ảnh. | Box dòng 11 đã được tự động cắt xén (clip) vừa ảnh. | Box dòng 12 đã được tự động cắt xén (clip) vừa ảnh. | Box dòng 13 đã được tự động cắt xén (clip) vừa ảnh. | Box dòng 15 đã được tự động cắt xén (clip) vừa ảnh. | Box dòng 16 đã được tự động cắt xén (clip) vừa ảnh. | Box dòng 17 đã được tự động cắt xén (clip) vừa ảnh. | Box dòng 18 đã được tự động cắt xén (clip) vừa ảnh. | Box dòng 19 đã được tự động cắt xén (clip) vừa ảnh. | Box dòng 20 đã được tự động cắt xén (clip) vừa ảnh. | Box dòng 21 đã được tự động cắt xén (clip) vừa ảnh. | Box dòng 22 đã được tự động cắt xén (clip) vừa ảnh. | Box dòng 23 đã được tự động cắt xén (clip) vừa ảnh. | Box dòng 24 đã được tự động cắt xén (clip) vừa ảnh. | Box dòng 25 đã được tự động cắt xén (clip) vừa ảnh. | Box dòng 26 đã được tự động cắt xén (clip) vừa ảnh. | Box dòng 27 đã được tự động cắt xén (clip) vừa ảnh. | Box dòng 28 đã được tự động cắt xén (clip) vừa ảnh. | Box dòng 29 đã được tự động cắt xén (clip) vừa ảnh. | Box dòng 30 đã được tự động cắt xén (clip) vừa ảnh. | Box dòng 31 đã được tự động cắt xén (clip) vừa ảnh. | Box dòng 32 đã được tự động cắt xén (clip) vừa ảnh. | Box dòng 33 đã được tự động cắt xén (clip) vừa ảnh. | Box dòng 34 đã được tự động cắt xén (clip) vừa ảnh. | Box dòng 35 đã được tự động cắt xén (clip) vừa ảnh. | Box dòng 36 đã được tự động cắt xén (clip) vừa ảnh. | Box dòng 37 đã được tự động cắt xén (clip) vừa ảnh. | Box dòng 38 đã được tự động cắt xén (clip) vừa ảnh. | Box dòng 39 đã được tự động cắt xén (clip) vừa ảnh. | Box dòng 40 đã được tự động cắt xén (clip) vừa ảnh. | Box dòng 41 đã được tự động cắt xén (clip) vừa ảnh. | Box dòng 42 đã được tự động cắt xén (clip) vừa ảnh. | Box dòng 43 đã được tự động cắt xén (clip) vừa ảnh. | Box dòng 44 đã được tự động cắt xén (clip) vừa ảnh.
Anthracnose,/content/drive/MyDrive/Papaya_Leaf_Disease_Classification/BDPapayaLeaf/Original Images/Anthracnose/Anthracnose(59).jpg,/content/drive/MyDrive/Papaya_Leaf_Disease_Classification/YOLO_Bounding_Box/Anthracnose/Anthracnose(59).txt,Box dòng 1 đã được tự động cắt xén (clip) vừa ảnh. | Box dòng 2 đã được tự động cắt xén (clip) vừa ảnh. | Box dòng 3 đã được tự động cắt xén (clip) vừa ảnh. | Box dòng 4 đã được tự động cắt xén (clip) vừa ảnh. | Box dòng 5 đã được tự động cắt xén (clip) vừa ảnh. | Box dòng 6 đã được tự động cắt xén (clip) vừa ảnh. | Box dòng 7 đã được tự động cắt xén (clip) vừa ảnh. | Box dòng 8 đã được tự động cắt xén (clip) vừa ảnh. | Box dòng 9 đã được tự động cắt xén (clip) vừa ảnh. | Box dòng 10 đã được tự động cắt xén (clip) vừa ảnh. | Box dòng 11 đã được tự động cắt xén (clip) vừa ảnh. | Box dòng 12 đã được tự động cắt xén (clip) vừa ảnh. | Box dòng 13 đã được tự động cắt xén (clip) vừa ảnh. | Box dòng 14 đã được tự động cắt xén (clip) vừa ảnh. | Box dòng 15 đã được tự động cắt xén (clip) vừa ảnh. | Box dòng 16 đã được tự động cắt xén (clip) vừa ảnh. | Box dòng 17 đã được tự động cắt xén (clip) vừa ảnh. | Box dòng 18 đã được tự động cắt xén (clip) vừa ảnh. | Box dòng 19 đã được tự động cắt xén (clip) vừa ảnh. | Box dòng 20 đã được tự động cắt xén (clip) vừa ảnh. | Box dòng 21 đã được tự động cắt xén (clip) vừa ảnh. | Box dòng 22 đã được tự động cắt xén (clip) vừa ảnh. | Box dòng 23 đã được tự động cắt xén (clip) vừa ảnh. | Box dòng 24 đã được tự động cắt xén (clip) vừa ảnh.
Anthracnose,/content/drive/MyDrive/Papaya_Leaf_Disease_Classification/BDPapayaLeaf/Original Images/Anthracnose/Anthracnose(6).jpg,/content/drive/MyDrive/Papaya_Leaf_Disease_Classification/YOLO_Bounding_Box/Anthracnose/Anthracnose(6).txt,Box dòng 1 đã được tự động cắt xén (clip) vừa ảnh. | Box dòng 2 đã được tự động cắt xén (clip) vừa ảnh. | Box dòng 3 đã được tự động cắt xén (clip) vừa ảnh. | Box dòng 4 đã được tự động cắt xén (clip) vừa ảnh. | Box dòng 5 đã được tự động cắt xén (clip) vừa ảnh. | Box dòng 6 đã được tự động cắt xén (clip) vừa ảnh. | Box dòng 7 đã được tự động cắt xén (clip) vừa ảnh. | Box dòng 8 đã được tự động cắt xén (clip) vừa ảnh. | Box dòng 9 đã được tự động cắt xén (clip) vừa ảnh. | Box dòng 10 đã được tự động cắt xén (clip) vừa ảnh. | Box dòng 11 đã được tự động cắt xén (clip) vừa ảnh.
Anthracnose,/content/drive/MyDrive/Papaya_Leaf_Disease_Classification/BDPapayaLeaf/Original Images/Anthracnose/Anthracnose(60).jpg,/content/drive/MyDrive/Papaya_Leaf_Disease_Classification/YOLO_Bounding_Box/Anthracnose/Anthracnose(60).txt,Box dòng 1 đã được tự động cắt xén (clip) vừa ảnh. | Box dòng 2 đã được tự động cắt xén (clip) vừa ảnh. | Box dòng 3 đã được tự động cắt xén (clip) vừa ảnh. | Box dòng 4 đã được tự động cắt xén (clip) vừa ảnh.
Anthracnose,/content/drive/MyDrive/Papaya_Leaf_Disease_Classification/BDPapayaLeaf/Original Images/Anthracnose/Anthracnose(61).jpg,/content/drive/MyDrive/Papaya_Leaf_Disease_Classification/YOLO_Bounding_Box/Anthracnose/Anthracnose(61).txt,Box dòng 1 đã được tự động cắt xén (clip) vừa ảnh. | Box dòng 2 đã được tự động cắt xén (clip) vừa ảnh. | Box dòng 3 đã được tự động cắt xén (clip) vừa ảnh. | Box dòng 4 đã được tự động cắt xén (clip) vừa ảnh. | Box dòng 5 đã được tự động cắt xén (clip) vừa ảnh.
Anthracnose,/content/drive/MyDrive/Papaya_Leaf_Disease_Classification/BDPapayaLeaf/Original Images/Anthracnose/Anthracnose(62).jpg,/content/drive/MyDrive/Papaya_Leaf_Disease_Classification/YOLO_Bounding_Box/Anthracnose/Anthracnose(62).txt,Box dòng 1 đã được tự động cắt xén (clip) vừa ảnh. | Box dòng 2 đã được tự động cắt xén (clip) vừa ảnh. | Box dòng 3 đã được tự động cắt xén (clip) vừa ảnh. | Box dòng 4 đã được tự động cắt xén (clip) vừa ảnh. | Box dòng 5 đã được tự động cắt xén (clip) vừa ảnh. | Box dòng 6 đã được tự động cắt xén (clip) vừa ảnh.
Anthracnose,/content/drive/MyDrive/Papaya_Leaf_Disease_Classification/BDPapayaLeaf/Original Images/Anthracnose/Anthracnose(63).jpg,/content/drive/MyDrive/Papaya_Leaf_Disease_Classification/YOLO_Bounding_Box/Anthracnose/Anthracnose(63).txt,Box dòng 1 đã được tự động cắt xén (clip) vừa ảnh. | Box dòng 2 đã được tự động cắt xén (clip) vừa ảnh. | Box dòng 3 đã được tự động cắt xén (clip) vừa ảnh. | Box dòng 4 đã được tự động cắt xén (clip) vừa ảnh. | Box dòng 5 đã được tự động cắt xén (clip) vừa ảnh. | Box dòng 6 đã được tự động cắt xén (clip) vừa ảnh. | Box dòng 7 đã được tự động cắt xén (clip) vừa ảnh.
Anthracnose,/content/drive/MyDrive/Papaya_Leaf_Disease_Classification/BDPapayaLeaf/Original Images/Anthracnose/Anthracnose(64).jpg,/content/drive/MyDrive/Papaya_Leaf_Disease_Classification/YOLO_Bounding_Box/Anthracnose/Anthracnose(64).txt,Box dòng 1 đã được tự động cắt xén (clip) vừa ảnh. | Box dòng 2 đã được tự động cắt xén (clip) vừa ảnh. | Box dòng 3 đã được tự động cắt xén (clip) vừa ảnh.
Anthracnose,/content/drive/MyDrive/Papaya_Leaf_Disease_Classification/BDPapayaLeaf/Original Images/Anthracnose/Anthracnose(65).jpg,/content/drive/MyDrive/Papaya_Leaf_Disease_Classification/YOLO_Bounding_Box/Anthracnose/Anthracnose(65).txt,Box dòng 1 đã được tự động cắt xén (clip) vừa ảnh. | Box dòng 2 đã được tự động cắt xén (clip) vừa ảnh. | Box dòng 3 đã được tự động cắt xén (clip) vừa ảnh. | Box dòng 4 đã được tự động cắt xén (clip) vừa ảnh. | Box dòng 5 đã được tự động cắt xén (clip) vừa ảnh. | Box dòng 6 đã được tự động cắt xén (clip) vừa ảnh. | Box dòng 7 đã được tự động cắt xén (clip) vừa ảnh. | Box dòng 8 đã được tự động cắt xén (clip) vừa ảnh. | Box dòng 9 đã được tự động cắt xén (clip) vừa ảnh. | Box dòng 10 đã được tự động cắt xén (clip) vừa ảnh. | Box dòng 11 đã được tự động cắt xén (clip) vừa ảnh. | Box dòng 12 đã được tự động cắt xén (clip) vừa ảnh. | Box dòng 13 đã được tự động cắt xén (clip) vừa ảnh.
Anthracnose,/content/drive/MyDrive/Papaya_Leaf_Disease_Classification/BDPapayaLeaf/Original Images/Anthracnose/Anthracnose(66).jpg,/content/drive/MyDrive/Papaya_Leaf_Disease_Classification/YOLO_Bounding_Box/Anthracnose/Anthracnose(66).txt,Box dòng 1 đã được tự động cắt xén (clip) vừa ảnh. | Box dòng 2 đã được tự động cắt xén (clip) vừa ảnh. | Box dòng 3 đã được tự động cắt xén (clip) vừa ảnh. | Box dòng 4 đã được tự động cắt xén (clip) vừa ảnh.
Anthracnose,/content/drive/MyDrive/Papaya_Leaf_Disease_Classification/BDPapayaLeaf/Original Images/Anthracnose/Anthracnose(67).jpg,/content/drive/MyDrive/Papaya_Leaf_Disease_Classification/YOLO_Bounding_Box/Anthracnose/Anthracnose(67).txt,Box dòng 1 đã được tự động cắt xén (clip) vừa ảnh. | Box dòng 2 đã được tự động cắt xén (clip) vừa ảnh. | Box dòng 4 đã được tự động cắt xén (clip) vừa ảnh. | Box dòng 5 đã được tự động cắt xén (clip) vừa ảnh. | Box dòng 6 đã được tự động cắt xén (clip) vừa ảnh. | Box dòng 7 đã được tự động cắt xén (clip) vừa ảnh. | Box dòng 8 đã được tự động cắt xén (clip) vừa ảnh. | Box dòng 9 đã được tự động cắt xén (clip) vừa ảnh. | Box dòng 10 đã được tự động cắt xén (clip) vừa ảnh. | Box dòng 11 đã được tự động cắt xén (clip) vừa ảnh. | Box dòng 12 đã được tự động cắt xén (clip) vừa ảnh. | Box dòng 13 đã được tự động cắt xén (clip) vừa ảnh.
Anthracnose,/content/drive/MyDrive/Papaya_Leaf_Disease_Classification/BDPapayaLeaf/Original Images/Anthracnose/Anthracnose(68).jpg,/content/drive/MyDrive/Papaya_Leaf_Disease_Classification/YOLO_Bounding_Box/Anthracnose/Anthracnose(68).txt,Box dòng 1 đã được tự động cắt xén (clip) vừa ảnh. | Box dòng 2 đã được tự động cắt xén (clip) vừa ảnh.
Anthracnose,/content/drive/MyDrive/Papaya_Leaf_Disease_Classification/BDPapayaLeaf/Original Images/Anthracnose/Anthracnose(69).jpg,/content/drive/MyDrive/Papaya_Leaf_Disease_Classification/YOLO_Bounding_Box/Anthracnose/Anthracnose(69).txt,Box dòng 1 đã được tự động cắt xén (clip) vừa ảnh.
Anthracnose,/content/drive/MyDrive/Papaya_Leaf_Disease_Classification/BDPapayaLeaf/Original Images/Anthracnose/Anthracnose(7).jpg,/content/drive/MyDrive/Papaya_Leaf_Disease_Classification/YOLO_Bounding_Box/Anthracnose/Anthracnose(7).txt,Box dòng 1 đã được tự động cắt xén (clip) vừa ảnh. | Box dòng 2 đã được tự động cắt xén (clip) vừa ảnh. | Box dòng 3 đã được tự động cắt xén (clip) vừa ảnh. | Box dòng 4 đã được tự động cắt xén (clip) vừa ảnh. | Box dòng 5 đã được tự động cắt xén (clip) vừa ảnh. | Box dòng 6 đã được tự động cắt xén (clip) vừa ảnh. | Box dòng 7 đã được tự động cắt xén (clip) vừa ảnh. | Box dòng 8 đã được tự động cắt xén (clip) vừa ảnh. | Box dòng 9 đã được tự động cắt xén (clip) vừa ảnh. | Box dòng 10 đã được tự động cắt xén (clip) vừa ảnh. | Box dòng 11 đã được tự động cắt xén (clip) vừa ảnh. | Box dòng 12 đã được tự động cắt xén (clip) vừa ảnh. | Box dòng 13 đã được tự động cắt xén (clip) vừa ảnh. | Box dòng 14 đã được tự động cắt xén (clip) vừa ảnh. | Box dòng 15 đã được tự động cắt xén (clip) vừa ảnh. | Box dòng 16 đã được tự động cắt xén (clip) vừa ảnh. | Box dòng 17 đã được tự động cắt xén (clip) vừa ảnh. | Box dòng 18 đã được tự động cắt xén (clip) vừa ảnh. | Box dòng 19 đã được tự động cắt xén (clip) vừa ảnh. | Box dòng 20 đã được tự động cắt xén (clip) vừa ảnh.
Anthracnose,/content/drive/MyDrive/Papaya_Leaf_Disease_Classification/BDPapayaLeaf/Original Images/Anthracnose/Anthracnose(70).jpg,/content/drive/MyDrive/Papaya_Leaf_Disease_Classification/YOLO_Bounding_Box/Anthracnose/Anthracnose(70).txt,Box dòng 1 đã được tự động cắt xén (clip) vừa ảnh. | Box dòng 3 đã được tự động cắt xén (clip) vừa ảnh. | Box dòng 4 đã được tự động cắt xén (clip) vừa ảnh. | Box dòng 5 đã được tự động cắt xén (clip) vừa ảnh. | Box dòng 6 đã được tự động cắt xén (clip) vừa ảnh. | Box dòng 7 đã được tự động cắt xén (clip) vừa ảnh. | Box dòng 8 đã được tự động cắt xén (clip) vừa ảnh. | Box dòng 9 đã được tự động cắt xén (clip) vừa ảnh. | Box dòng 10 đã được tự động cắt xén (clip) vừa ảnh. | Box dòng 11 đã được tự động cắt xén (clip) vừa ảnh. | Box dòng 12 đã được tự động cắt xén (clip) vừa ảnh. | Box dòng 13 đã được tự động cắt xén (clip) vừa ảnh. | Box dòng 14 đã được tự động cắt xén (clip) vừa ảnh. | Box dòng 15 đã được tự động cắt xén (clip) vừa ảnh. | Box dòng 16 đã được tự động cắt xén (clip) vừa ảnh. | Box dòng 17 đã được tự động cắt xén (clip) vừa ảnh. | Box dòng 18 đã được tự động cắt xén (clip) vừa ảnh. | Box dòng 19 đã được tự động cắt xén (clip) vừa ảnh. | Box dòng 20 đã được tự động cắt xén (clip) vừa ảnh. | Box dòng 21 đã được tự động cắt xén (clip) vừa ảnh. | Box dòng 22 đã được tự động cắt xén (clip) vừa ảnh. | Box dòng 23 đã được tự động cắt xén (clip) vừa ảnh. | Box dòng 24 đã được tự động cắt xén (clip) vừa ảnh. | Box dòng 25 đã được tự động cắt xén (clip) vừa ảnh. | Box dòng 26 đã được tự động cắt xén (clip) vừa ảnh. | Box dòng 27 đã được tự động cắt xén (clip) vừa ảnh. | Box dòng 28 đã được tự động cắt xén (clip) vừa ảnh. | Box dòng 29 đã được tự động cắt xén (clip) vừa ảnh.
Anthracnose,/content/drive/MyDrive/Papaya_Leaf_Disease_Classification/BDPapayaLeaf/Original Images/Anthracnose/Anthracnose(71).jpg,/content/drive/MyDrive/Papaya_Leaf_Disease_Classification/YOLO_Bounding_Box/Anthracnose/Anthracnose(71).txt,Box dòng 1 đã được tự động cắt xén (clip) vừa ảnh. | Box dòng 2 đã được tự động cắt xén (clip) vừa ảnh. | Box dòng 3 đã được tự động cắt xén (clip) vừa ảnh. | Box dòng 4 đã được tự động cắt xén (clip) vừa ảnh. | Box dòng 5 đã được tự động cắt xén (clip) vừa ảnh. | Box dòng 6 đã được tự động cắt xén (clip) vừa ảnh. | Box dòng 7 đã được tự động cắt xén (clip) vừa ảnh. | Box dòng 8 đã được tự động cắt xén (clip) vừa ảnh. | Box dòng 9 đã được tự động cắt xén (clip) vừa ảnh. | Box dòng 10 đã được tự động cắt xén (clip) vừa ảnh. | Box dòng 11 đã được tự động cắt xén (clip) vừa ảnh. | Box dòng 12 đã được tự động cắt xén (clip) vừa ảnh. | Box dòng 13 đã được tự động cắt xén (clip) vừa ảnh.
Anthracnose,/content/drive/MyDrive/Papaya_Leaf_Disease_Classification/BDPapayaLeaf/Original Images/Anthracnose/Anthracnose(72).jpg,/content/drive/MyDrive/Papaya_Leaf_Disease_Classification/YOLO_Bounding_Box/Anthracnose/Anthracnose(72).txt,Box dòng 1 đã được tự động cắt xén (clip) vừa ảnh. | Box dòng 2 đã được tự động cắt xén (clip) vừa ảnh. | Box dòng 3 đã được tự động cắt xén (clip) vừa ảnh. | Box dòng 4 đã được tự động cắt xén (clip) vừa ảnh. | Box dòng 5 đã được tự động cắt xén (clip) vừa ảnh. | Box dòng 6 đã được tự động cắt xén (clip) vừa ảnh. | Box dòng 7 đã được tự động cắt xén (clip) vừa ảnh. | Box dòng 8 đã được tự động cắt xén (clip) vừa ảnh. | Box dòng 9 đã được tự động cắt xén (clip) vừa ảnh. | Box dòng 10 đã được tự động cắt xén (clip) vừa ảnh. | Box dòng 11 đã được tự động cắt xén (clip) vừa ảnh. | Box dòng 12 đã được tự động cắt xén (clip) vừa ảnh. | Box dòng 13 đã được tự động cắt xén (clip) vừa ảnh. | Box dòng 14 đã được tự động cắt xén (clip) vừa ảnh. | Box dòng 15 đã được tự động cắt xén (clip) vừa ảnh. | Box dòng 16 đã được tự động cắt xén (clip) vừa ảnh. | Box dòng 17 đã được tự động cắt xén (clip) vừa ảnh. | Box dòng 18 đã được tự động cắt xén (clip) vừa ảnh. | Box dòng 19 đã được tự động cắt xén (clip) vừa ảnh. | Box dòng 20 đã được tự động cắt xén (clip) vừa ảnh. | Box dòng 21 đã được tự động cắt xén (clip) vừa ảnh. | Box dòng 22 đã được tự động cắt xén (clip) vừa ảnh. | Box dòng 23 đã được tự động cắt xén (clip) vừa ảnh. | Box dòng 24 đã được tự động cắt xén (clip) vừa ảnh. | Box dòng 25 đã được tự động cắt xén (clip) vừa ảnh. | Box dòng 26 đã được tự động cắt xén (clip) vừa ảnh. | Box dòng 27 đã được tự động cắt xén (clip) vừa ảnh. | Box dòng 28 đã được tự động cắt xén (clip) vừa ảnh. | Box dòng 29 đã được tự động cắt xén (clip) vừa ảnh. | Box dòng 30 đã được tự động cắt xén (clip) vừa ảnh. | Box dòng 31 đã được tự động cắt xén (clip) vừa ảnh. | Box dòng 32 đã được tự động cắt xén (clip) vừa ảnh. | Box dòng 33 đã được tự động cắt xén (clip) vừa ảnh. | Box dòng 34 đã được tự động cắt xén (clip) vừa ảnh. | Box dòng 35 đã được tự động cắt xén (clip) vừa ảnh. | Box dòng 36 đã được tự động cắt xén (clip) vừa ảnh. | Box dòng 37 đã được tự động cắt xén (clip) vừa ảnh. | Box dòng 38 đã được tự động cắt xén (clip) vừa ảnh. | Box dòng 39 đã được tự động cắt xén (clip) vừa ảnh. | Box dòng 40 đã được tự động cắt xén (clip) vừa ảnh. | Box dòng 41 đã được tự động cắt xén (clip) vừa ảnh. | Box dòng 42 đã được tự động cắt xén (clip) vừa ảnh. | Box dòng 43 đã được tự động cắt xén (clip) vừa ảnh. | Box dòng 44 đã được tự động cắt xén (clip) vừa ảnh. | Box dòng 45 đã được tự động cắt xén (clip) vừa ảnh. | Box dòng 46 đã được tự động cắt xén (clip) vừa ảnh. | Box dòng 47 đã được tự động cắt xén (clip) vừa ảnh. | Box dòng 48 đã được tự động cắt xén (clip) vừa ảnh. | Box dòng 49 đã được tự động cắt xén (clip) vừa ảnh. | Box dòng 50 đã được tự động cắt xén (clip) vừa ảnh. | Box dòng 51 đã được tự động cắt xén (clip) vừa ảnh. | Box dòng 52 đã được tự động cắt xén (clip) vừa ảnh. | Box dòng 53 đã được tự động cắt xén (clip) vừa ảnh. | Box dòng 54 đã được tự động cắt xén (clip) vừa ảnh. | Box dòng 55 đã được tự động cắt xén (clip) vừa ảnh. | Box dòng 56 đã được tự động cắt xén (clip) vừa ảnh. | Box dòng 57 đã được tự động cắt xén (clip) vừa ảnh. | Box dòng 58 đã được tự động cắt xén (clip) vừa ảnh. | Box dòng 59 đã được tự động cắt xén (clip) vừa ảnh. | Box dòng 60 đã được tự động cắt xén (clip) vừa ảnh. | Box dòng 61 đã được tự động cắt xén (clip) vừa ảnh.
Anthracnose,/content/drive/MyDrive/Papaya_Leaf_Disease_Classification/BDPapayaLeaf/Original Images/Anthracnose/Anthracnose(73).jpg,/content/drive/MyDrive/Papaya_Leaf_Disease_Classification/YOLO_Bounding_Box/Anthracnose/Anthracnose(73).txt,Box dòng 1 đã được tự động cắt xén (clip) vừa ảnh. | Box dòng 2 đã được tự động cắt xén (clip) vừa ảnh. | Box dòng 3 đã được tự động cắt xén (clip) vừa ảnh. | Box dòng 4 đã được tự động cắt xén (clip) vừa ảnh. | Box dòng 5 đã được tự động cắt xén (clip) vừa ảnh. | Box dòng 6 đã được tự động cắt xén (clip) vừa ảnh. | Box dòng 7 đã được tự động cắt xén (clip) vừa ảnh. | Box dòng 8 đã được tự động cắt xén (clip) vừa ảnh. | Box dòng 9 đã được tự động cắt xén (clip) vừa ảnh. | Box dòng 10 đã được tự động cắt xén (clip) vừa ảnh. | Box dòng 11 đã được tự động cắt xén (clip) vừa ảnh. | Box dòng 12 đã được tự động cắt xén (clip) vừa ảnh. | Box dòng 13 đã được tự động cắt xén (clip) vừa ảnh. | Box dòng 14 đã được tự động cắt xén (clip) vừa ảnh. | Box dòng 15 đã được tự động cắt xén (clip) vừa ảnh. | Box dòng 16 đã được tự động cắt xén (clip) vừa ảnh. | Box dòng 17 đã được tự động cắt xén (clip) vừa ảnh. | Box dòng 18 đã được tự động cắt xén (clip) vừa ảnh. | Box dòng 19 đã được tự động cắt xén (clip) vừa ảnh. | Box dòng 20 đã được tự động cắt xén (clip) vừa ảnh. | Box dòng 21 đã được tự động cắt xén (clip) vừa ảnh. | Box dòng 22 đã được tự động cắt xén (clip) vừa ảnh. | Box dòng 23 đã được tự động cắt xén (clip) vừa ảnh. | Box dòng 24 đã được tự động cắt xén (clip) vừa ảnh. | Box dòng 25 đã được tự động cắt xén (clip) vừa ảnh. | Box dòng 26 đã được tự động cắt xén (clip) vừa ảnh.
Anthracnose,/content/drive/MyDrive/Papaya_Leaf_Disease_Classification/BDPapayaLeaf/Original Images/Anthracnose/Anthracnose(74).jpg,/content/drive/MyDrive/Papaya_Leaf_Disease_Classification/YOLO_Bounding_Box/Anthracnose/Anthracnose(74).txt,Box dòng 1 đã được tự động cắt xén (clip) vừa ảnh. | Box dòng 2 đã được tự động cắt xén (clip) vừa ảnh. | Box dòng 3 đã được tự động cắt xén (clip) vừa ảnh. | Box dòng 4 đã được tự động cắt xén (clip) vừa ảnh.
Anthracnose,/content/drive/MyDrive/Papaya_Leaf_Disease_Classification/BDPapayaLeaf/Original Images/Anthracnose/Anthracnose(75).jpg,/content/drive/MyDrive/Papaya_Leaf_Disease_Classification/YOLO_Bounding_Box/Anthracnose/Anthracnose(75).txt,Box dòng 1 đã được tự động cắt xén (clip) vừa ảnh. | Box dòng 2 đã được tự động cắt xén (clip) vừa ảnh. | Box dòng 3 đã được tự động cắt xén (clip) vừa ảnh. | Box dòng 4 đã được tự động cắt xén (clip) vừa ảnh. | Box dòng 5 đã được tự động cắt xén (clip) vừa ảnh. | Box dòng 6 đã được tự động cắt xén (clip) vừa ảnh. | Box dòng 7 đã được tự động cắt xén (clip) vừa ảnh. | Box dòng 8 đã được tự động cắt xén (clip) vừa ảnh. | Box dòng 9 đã được tự động cắt xén (clip) vừa ảnh. | Box dòng 11 đã được tự động cắt xén (clip) vừa ảnh. | Box dòng 12 đã được tự động cắt xén (clip) vừa ảnh. | Box dòng 13 đã được tự động cắt xén (clip) vừa ảnh. | Box dòng 14 đã được tự động cắt xén (clip) vừa ảnh. | Box dòng 15 đã được tự động cắt xén (clip) vừa ảnh. | Box dòng 16 đã được tự động cắt xén (clip) vừa ảnh.
Anthracnose,/content/drive/MyDrive/Papaya_Leaf_Disease_Classification/BDPapayaLeaf/Original Images/Anthracnose/Anthracnose(76).jpg,/content/drive/MyDrive/Papaya_Leaf_Disease_Classification/YOLO_Bounding_Box/Anthracnose/Anthracnose(76).txt,Box dòng 1 đã được tự động cắt xén (clip) vừa ảnh. | Box dòng 2 đã được tự động cắt xén (clip) vừa ảnh. | Box dòng 3 đã được tự động cắt xén (clip) vừa ảnh. | Box dòng 5 đã được tự động cắt xén (clip) vừa ảnh. | Box dòng 6 đã được tự động cắt xén (clip) vừa ảnh. | Box dòng 7 đã được tự động cắt xén (clip) vừa ảnh. | Box dòng 8 đã được tự động cắt xén (clip) vừa ảnh. | Box dòng 9 đã được tự động cắt xén (clip) vừa ảnh. | Box dòng 10 đã được tự động cắt xén (clip) vừa ảnh. | Box dòng 11 đã được tự động cắt xén (clip) vừa ảnh. | Box dòng 12 đã được tự động cắt xén (clip) vừa ảnh. | Box dòng 13 đã được tự động cắt xén (clip) vừa ảnh. | Box dòng 14 đã được tự động cắt xén (clip) vừa ảnh. | Box dòng 15 đã được tự động cắt xén (clip) vừa ảnh. | Box dòng 16 đã được tự động cắt xén (clip) vừa ảnh. | Box dòng 17 đã được tự động cắt xén (clip) vừa ảnh. | Box dòng 18 đã được tự động cắt xén (clip) vừa ảnh. | Box dòng 19 đã được tự động cắt xén (clip) vừa ảnh. | Box dòng 20 đã được tự động cắt xén (clip) vừa ảnh. | Box dòng 21 đã được tự động cắt xén (clip) vừa ảnh. | Box dòng 22 đã được tự động cắt xén (clip) vừa ảnh. | Box dòng 23 đã được tự động cắt xén (clip) vừa ảnh. | Box dòng 24 đã được tự động cắt xén (clip) vừa ảnh. | Box dòng 25 đã được tự động cắt xén (clip) vừa ảnh. | Box dòng 26 đã được tự động cắt xén (clip) vừa ảnh.
Anthracnose,/content/drive/MyDrive/Papaya_Leaf_Disease_Classification/BDPapayaLeaf/Original Images/Anthracnose/Anthracnose(77).jpg,/content/drive/MyDrive/Papaya_Leaf_Disease_Classification/YOLO_Bounding_Box/Anthracnose/Anthracnose(77).txt,Box dòng 1 đã được tự động cắt xén (clip) vừa ảnh. | Box dòng 2 đã được tự động cắt xén (clip) vừa ảnh. | Box dòng 3 đã được tự động cắt xén (clip) vừa ảnh. | Box dòng 4 đã được tự động cắt xén (clip) vừa ảnh. | Box dòng 5 đã được tự động cắt xén (clip) vừa ảnh. | Box dòng 6 đã được tự động cắt xén (clip) vừa ảnh. | Box dòng 7 đã được tự động cắt xén (clip) vừa ảnh. | Box dòng 8 đã được tự động cắt xén (clip) vừa ảnh. | Box dòng 9 đã được tự động cắt xén (clip) vừa ảnh. | Box dòng 10 đã được tự động cắt xén (clip) vừa ảnh. | Box dòng 11 đã được tự động cắt xén (clip) vừa ảnh. | Box dòng 12 đã được tự động cắt xén (clip) vừa ảnh. | Box dòng 13 đã được tự động cắt xén (clip) vừa ảnh. | Box dòng 14 đã được tự động cắt xén (clip) vừa ảnh. | Box dòng 15 đã được tự động cắt xén (clip) vừa ảnh. | Box dòng 16 đã được tự động cắt xén (clip) vừa ảnh. | Box dòng 17 đã được tự động cắt xén (clip) vừa ảnh. | Box dòng 18 đã được tự động cắt xén (clip) vừa ảnh. | Box dòng 19 đã được tự động cắt xén (clip) vừa ảnh. | Box dòng 20 đã được tự động cắt xén (clip) vừa ảnh. | Box dòng 21 đã được tự động cắt xén (clip) vừa ảnh. | Box dòng 22 đã được tự động cắt xén (clip) vừa ảnh. | Box dòng 23 đã được tự động cắt xén (clip) vừa ảnh. | Box dòng 24 đã được tự động cắt xén (clip) vừa ảnh. | Box dòng 25 đã được tự động cắt xén (clip) vừa ảnh. | Box dòng 26 đã được tự động cắt xén (clip) vừa ảnh. | Box dòng 27 đã được tự động cắt xén (clip) vừa ảnh. | Box dòng 28 đã được tự động cắt xén (clip) vừa ảnh. | Box dòng 29 đã được tự động cắt xén (clip) vừa ảnh. | Box dòng 30 đã được tự động cắt xén (clip) vừa ảnh. | Box dòng 31 đã được tự động cắt xén (clip) vừa ảnh. | Box dòng 32 đã được tự động cắt xén (clip) vừa ảnh. | Box dòng 33 đã được tự động cắt xén (clip) vừa ảnh.
Anthracnose,/content/drive/MyDrive/Papaya_Leaf_Disease_Classification/BDPapayaLeaf/Original Images/Anthracnose/Anthracnose(78).jpg,/content/drive/MyDrive/Papaya_Leaf_Disease_Classification/YOLO_Bounding_Box/Anthracnose/Anthracnose(78).txt,Box dòng 1 đã được tự động cắt xén (clip) vừa ảnh. | Box dòng 2 đã được tự động cắt xén (clip) vừa ảnh. | Box dòng 3 đã được tự động cắt xén (clip) vừa ảnh. | Box dòng 4 đã được tự động cắt xén (clip) vừa ảnh. | Box dòng 5 đã được tự động cắt xén (clip) vừa ảnh. | Box dòng 6 đã được tự động cắt xén (clip) vừa ảnh. | Box dòng 7 đã được tự động cắt xén (clip) vừa ảnh. | Box dòng 8 đã được tự động cắt xén (clip) vừa ảnh. | Box dòng 9 đã được tự động cắt xén (clip) vừa ảnh. | Box dòng 10 đã được tự động cắt xén (clip) vừa ảnh. | Box dòng 11 đã được tự động cắt xén (clip) vừa ảnh. | Box dòng 12 đã được tự động cắt xén (clip) vừa ảnh. | Box dòng 13 đã được tự động cắt xén (clip) vừa ảnh. | Box dòng 14 đã được tự động cắt xén (clip) vừa ảnh. | Box dòng 15 đã được tự động cắt xén (clip) vừa ảnh. | Box dòng 16 đã được tự động cắt xén (clip) vừa ảnh. | Box dòng 17 đã được tự động cắt xén (clip) vừa ảnh. | Box dòng 18 đã được tự động cắt xén (clip) vừa ảnh. | Box dòng 19 đã được tự động cắt xén (clip) vừa ảnh. | Box dòng 20 đã được tự động cắt xén (clip) vừa ảnh. | Box dòng 21 đã được tự động cắt xén (clip) vừa ảnh. | Box dòng 22 đã được tự động cắt xén (clip) vừa ảnh. | Box dòng 23 đã được tự động cắt xén (clip) vừa ảnh. | Box dòng 24 đã được tự động cắt xén (clip) vừa ảnh. | Box dòng 25 đã được tự động cắt xén (clip) vừa ảnh. | Box dòng 26 đã được tự động cắt xén (clip) vừa ảnh.
Anthracnose,/content/drive/MyDrive/Papaya_Leaf_Disease_Classification/BDPapayaLeaf/Original Images/Anthracnose/Anthracnose(79).jpg,/content/drive/MyDrive/Papaya_Leaf_Disease_Classification/YOLO_Bounding_Box/Anthracnose/Anthracnose(79).txt,Box dòng 1 đã được tự động cắt xén (clip) vừa ảnh. | Box dòng 2 đã được tự động cắt xén (clip) vừa ảnh. | Box dòng 3 đã được tự động cắt xén (clip) vừa ảnh. | Box dòng 4 đã được tự động cắt xén (clip) vừa ảnh. | Box dòng 5 đã được tự động cắt xén (clip) vừa ảnh. | Box dòng 6 đã được tự động cắt xén (clip) vừa ảnh. | Box dòng 7 đã được tự động cắt xén (clip) vừa ảnh. | Box dòng 8 đã được tự động cắt xén (clip) vừa ảnh. | Box dòng 9 đã được tự động cắt xén (clip) vừa ảnh. | Box dòng 10 đã được tự động cắt xén (clip) vừa ảnh. | Box dòng 11 đã được tự động cắt xén (clip) vừa ảnh. | Box dòng 12 đã được tự động cắt xén (clip) vừa ảnh. | Box dòng 13 đã được tự động cắt xén (clip) vừa ảnh. | Box dòng 14 đã được tự động cắt xén (clip) vừa ảnh.
Anthracnose,/content/drive/MyDrive/Papaya_Leaf_Disease_Classification/BDPapayaLeaf/Original Images/Anthracnose/Anthracnose(8).jpg,/content/drive/MyDrive/Papaya_Leaf_Disease_Classification/YOLO_Bounding_Box/Anthracnose/Anthracnose(8).txt,Box dòng 1 đã được tự động cắt xén (clip) vừa ảnh. | Box dòng 2 đã được tự động cắt xén (clip) vừa ảnh.
Anthracnose,/content/drive/MyDrive/Papaya_Leaf_Disease_Classification/BDPapayaLeaf/Original Images/Anthracnose/Anthracnose(80).jpg,/content/drive/MyDrive/Papaya_Leaf_Disease_Classification/YOLO_Bounding_Box/Anthracnose/Anthracnose(80).txt,Box dòng 1 đã được tự động cắt xén (clip) vừa ảnh. | Box dòng 2 đã được tự động cắt xén (clip) vừa ảnh. | Box dòng 3 đã được tự động cắt xén (clip) vừa ảnh. | Box dòng 4 đã được tự động cắt xén (clip) vừa ảnh. | Box dòng 5 đã được tự động cắt xén (clip) vừa ảnh. | Box dòng 6 đã được tự động cắt xén (clip) vừa ảnh. | Box dòng 7 đã được tự động cắt xén (clip) vừa ảnh. | Box dòng 8 đã được tự động cắt xén (clip) vừa ảnh. | Box dòng 9 đã được tự động cắt xén (clip) vừa ảnh. | Box dòng 10 đã được tự động cắt xén (clip) vừa ảnh. | Box dòng 11 đã được tự động cắt xén (clip) vừa ảnh. | Box dòng 12 đã được tự động cắt xén (clip) vừa ảnh. | Box dòng 13 đã được tự động cắt xén (clip) vừa ảnh. | Box dòng 14 đã được tự động cắt xén (clip) vừa ảnh. | Box dòng 15 đã được tự động cắt xén (clip) vừa ảnh. | Box dòng 16 đã được tự động cắt xén (clip) vừa ảnh. | Box dòng 17 đã được tự động cắt xén (clip) vừa ảnh. | Box dòng 18 đã được tự động cắt xén (clip) vừa ảnh. | Box dòng 19 đã được tự động cắt xén (clip) vừa ảnh. | Box dòng 20 đã được tự động cắt xén (clip) vừa ảnh. | Box dòng 21 đã được tự động cắt xén (clip) vừa ảnh. | Box dòng 22 đã được tự động cắt xén (clip) vừa ảnh. | Box dòng 23 đã được tự động cắt xén (clip) vừa ảnh. | Box dòng 24 đã được tự động cắt xén (clip) vừa ảnh. | Box dòng 25 đã được tự động cắt xén (clip) vừa ảnh. | Box dòng 26 đã được tự động cắt xén (clip) vừa ảnh. | Box dòng 27 đã được tự động cắt xén (clip) vừa ảnh. | Box dòng 28 đã được tự động cắt xén (clip) vừa ảnh. | Box dòng 29 đã được tự động cắt xén (clip) vừa ảnh. | Box dòng 30 đã được tự động cắt xén (clip) vừa ảnh. | Box dòng 31 đã được tự động cắt xén (clip) vừa ảnh. | Box dòng 32 đã được tự động cắt xén (clip) vừa ảnh. | Box dòng 33 đã được tự động cắt xén (clip) vừa ảnh. | Box dòng 34 đã được tự động cắt xén (clip) vừa ảnh. | Box dòng 35 đã được tự động cắt xén (clip) vừa ảnh. | Box dòng 36 đã được tự động cắt xén (clip) vừa ảnh. | Box dòng 37 đã được tự động cắt xén (clip) vừa ảnh. | Box dòng 38 đã được tự động cắt xén (clip) vừa ảnh. | Box dòng 39 đã được tự động cắt xén (clip) vừa ảnh. | Box dòng 40 đã được tự động cắt xén (clip) vừa ảnh. | Box dòng 41 đã được tự động cắt xén (clip) vừa ảnh. | Box dòng 42 đã được tự động cắt xén (clip) vừa ảnh. | Box dòng 43 đã được tự động cắt xén (clip) vừa ảnh. | Box dòng 44 đã được tự động cắt xén (clip) vừa ảnh. | Box dòng 45 đã được tự động cắt xén (clip) vừa ảnh. | Box dòng 46 đã được tự động cắt xén (clip) vừa ảnh. | Box dòng 47 đã được tự động cắt xén (clip) vừa ảnh. | Box dòng 48 đã được tự động cắt xén (clip) vừa ảnh. | Box dòng 49 đã được tự động cắt xén (clip) vừa ảnh. | Box dòng 50 đã được tự động cắt xén (clip) vừa ảnh. | Box dòng 51 đã được tự động cắt xén (clip) vừa ảnh.
Anthracnose,/content/drive/MyDrive/Papaya_Leaf_Disease_Classification/BDPapayaLeaf/Original Images/Anthracnose/Anthracnose(81).jpg,/content/drive/MyDrive/Papaya_Leaf_Disease_Classification/YOLO_Bounding_Box/Anthracnose/Anthracnose(81).txt,Box dòng 1 đã được tự động cắt xén (clip) vừa ảnh. | Box dòng 2 đã được tự động cắt xén (clip) vừa ảnh. | Box dòng 3 đã được tự động cắt xén (clip) vừa ảnh. | Box dòng 4 đã được tự động cắt xén (clip) vừa ảnh. | Box dòng 5 đã được tự động cắt xén (clip) vừa ảnh. | Box dòng 6 đã được tự động cắt xén (clip) vừa ảnh. | Box dòng 7 đã được tự động cắt xén (clip) vừa ảnh. | Box dòng 8 đã được tự động cắt xén (clip) vừa ảnh. | Box dòng 9 đã được tự động cắt xén (clip) vừa ảnh. | Box dòng 10 đã được tự động cắt xén (clip) vừa ảnh. | Box dòng 11 đã được tự động cắt xén (clip) vừa ảnh.
Anthracnose,/content/drive/MyDrive/Papaya_Leaf_Disease_Classification/BDPapayaLeaf/Original Images/Anthracnose/Anthracnose(82).jpg,/content/drive/MyDrive/Papaya_Leaf_Disease_Classification/YOLO_Bounding_Box/Anthracnose/Anthracnose(82).txt,Box dòng 1 đã được tự động cắt xén (clip) vừa ảnh. | Box dòng 2 đã được tự động cắt xén (clip) vừa ảnh. | Box dòng 3 đã được tự động cắt xén (clip) vừa ảnh. | Box dòng 4 đã được tự động cắt xén (clip) vừa ảnh. | Box dòng 5 đã được tự động cắt xén (clip) vừa ảnh. | Box dòng 6 đã được tự động cắt xén (clip) vừa ảnh. | Box dòng 7 đã được tự động cắt xén (clip) vừa ảnh. | Box dòng 8 đã được tự động cắt xén (clip) vừa ảnh. | Box dòng 9 đã được tự động cắt xén (clip) vừa ảnh. | Box dòng 10 đã được tự động cắt xén (clip) vừa ảnh. | Box dòng 11 đã được tự động cắt xén (clip) vừa ảnh. | Box dòng 12 đã được tự động cắt xén (clip) vừa ảnh. | Box dòng 13 đã được tự động cắt xén (clip) vừa ảnh. | Box dòng 14 đã được tự động cắt xén (clip) vừa ảnh. | Box dòng 15 đã được tự động cắt xén (clip) vừa ảnh. | Box dòng 16 đã được tự động cắt xén (clip) vừa ảnh. | Box dòng 17 đã được tự động cắt xén (clip) vừa ảnh. | Box dòng 18 đã được tự động cắt xén (clip) vừa ảnh. | Box dòng 19 đã được tự động cắt xén (clip) vừa ảnh. | Box dòng 20 đã được tự động cắt xén (clip) vừa ảnh. | Box dòng 21 đã được tự động cắt xén (clip) vừa ảnh. | Box dòng 22 đã được tự động cắt xén (clip) vừa ảnh. | Box dòng 23 đã được tự động cắt xén (clip) vừa ảnh. | Box dòng 24 đã được tự động cắt xén (clip) vừa ảnh. | Box dòng 25 đã được tự động cắt xén (clip) vừa ảnh. | Box dòng 26 đã được tự động cắt xén (clip) vừa ảnh. | Box dòng 27 đã được tự động cắt xén (clip) vừa ảnh. | Box dòng 28 đã được tự động cắt xén (clip) vừa ảnh.
Anthracnose,/content/drive/MyDrive/Papaya_Leaf_Disease_Classification/BDPapayaLeaf/Original Images/Anthracnose/Anthracnose(83).jpg,/content/drive/MyDrive/Papaya_Leaf_Disease_Classification/YOLO_Bounding_Box/Anthracnose/Anthracnose(83).txt,Box dòng 1 đã được tự động cắt xén (clip) vừa ảnh. | Box dòng 2 đã được tự động cắt xén (clip) vừa ảnh. | Box dòng 3 đã được tự động cắt xén (clip) vừa ảnh. | Box dòng 4 đã được tự động cắt xén (clip) vừa ảnh. | Box dòng 5 đã được tự động cắt xén (clip) vừa ảnh. | Box dòng 6 đã được tự động cắt xén (clip) vừa ảnh. | Box dòng 7 đã được tự động cắt xén (clip) vừa ảnh. | Box dòng 8 đã được tự động cắt xén (clip) vừa ảnh. | Box dòng 9 đã được tự động cắt xén (clip) vừa ảnh. | Box dòng 10 đã được tự động cắt xén (clip) vừa ảnh. | Box dòng 11 đã được tự động cắt xén (clip) vừa ảnh. | Box dòng 12 đã được tự động cắt xén (clip) vừa ảnh. | Box dòng 13 đã được tự động cắt xén (clip) vừa ảnh. | Box dòng 14 đã được tự động cắt xén (clip) vừa ảnh. | Box dòng 15 đã được tự động cắt xén (clip) vừa ảnh. | Box dòng 16 đã được tự động cắt xén (clip) vừa ảnh. | Box dòng 17 đã được tự động cắt xén (clip) vừa ảnh. | Box dòng 18 đã được tự động cắt xén (clip) vừa ảnh.
Anthracnose,/content/drive/MyDrive/Papaya_Leaf_Disease_Classification/BDPapayaLeaf/Original Images/Anthracnose/Anthracnose(84).jpg,/content/drive/MyDrive/Papaya_Leaf_Disease_Classification/YOLO_Bounding_Box/Anthracnose/Anthracnose(84).txt,Box dòng 1 đã được tự động cắt xén (clip) vừa ảnh. | Box dòng 2 đã được tự động cắt xén (clip) vừa ảnh. | Box dòng 3 đã được tự động cắt xén (clip) vừa ảnh. | Box dòng 4 đã được tự động cắt xén (clip) vừa ảnh. | Box dòng 5 đã được tự động cắt xén (clip) vừa ảnh. | Box dòng 6 đã được tự động cắt xén (clip) vừa ảnh. | Box dòng 7 đã được tự động cắt xén (clip) vừa ảnh. | Box dòng 8 đã được tự động cắt xén (clip) vừa ảnh. | Box dòng 9 đã được tự động cắt xén (clip) vừa ảnh. | Box dòng 10 đã được tự động cắt xén (clip) vừa ảnh. | Box dòng 11 đã được tự động cắt xén (clip) vừa ảnh. | Box dòng 12 đã được tự động cắt xén (clip) vừa ảnh. | Box dòng 13 đã được tự động cắt xén (clip) vừa ảnh. | Box dòng 14 đã được tự động cắt xén (clip) vừa ảnh. | Box dòng 15 đã được tự động cắt xén (clip) vừa ảnh. | Box dòng 16 đã được tự động cắt xén (clip) vừa ảnh. | Box dòng 17 đã được tự động cắt xén (clip) vừa ảnh. | Box dòng 18 đã được tự động cắt xén (clip) vừa ảnh. | Box dòng 19 đã được tự động cắt xén (clip) vừa ảnh. | Box dòng 20 đã được tự động cắt xén (clip) vừa ảnh. | Box dòng 21 đã được tự động cắt xén (clip) vừa ảnh. | Box dòng 22 đã được tự động cắt xén (clip) vừa ảnh. | Box dòng 23 đã được tự động cắt xén (clip) vừa ảnh. | Box dòng 24 đã được tự động cắt xén (clip) vừa ảnh. | Box dòng 25 đã được tự động cắt xén (clip) vừa ảnh. | Box dòng 26 đã được tự động cắt xén (clip) vừa ảnh. | Box dòng 27 đã được tự động cắt xén (clip) vừa ảnh. | Box dòng 28 đã được tự động cắt xén (clip) vừa ảnh. | Box dòng 29 đã được tự động cắt xén (clip) vừa ảnh.
Anthracnose,/content/drive/MyDrive/Papaya_Leaf_Disease_Classification/BDPapayaLeaf/Original Images/Anthracnose/Anthracnose(85).jpg,/content/drive/MyDrive/Papaya_Leaf_Disease_Classification/YOLO_Bounding_Box/Anthracnose/Anthracnose(85).txt,Box dòng 1 đã được tự động cắt xén (clip) vừa ảnh. | Box dòng 2 đã được tự động cắt xén (clip) vừa ảnh. | Box dòng 3 đã được tự động cắt xén (clip) vừa ảnh. | Box dòng 4 đã được tự động cắt xén (clip) vừa ảnh.
Anthracnose,/content/drive/MyDrive/Papaya_Leaf_Disease_Classification/BDPapayaLeaf/Original Images/Anthracnose/Anthracnose(86).jpg,/content/drive/MyDrive/Papaya_Leaf_Disease_Classification/YOLO_Bounding_Box/Anthracnose/Anthracnose(86).txt,Box dòng 1 đã được tự động cắt xén (clip) vừa ảnh. | Box dòng 2 đã được tự động cắt xén (clip) vừa ảnh. | Box dòng 3 đã được tự động cắt xén (clip) vừa ảnh. | Box dòng 4 đã được tự động cắt xén (clip) vừa ảnh. | Box dòng 5 đã được tự động cắt xén (clip) vừa ảnh. | Box dòng 6 đã được tự động cắt xén (clip) vừa ảnh. | Box dòng 7 đã được tự động cắt xén (clip) vừa ảnh. | Box dòng 8 đã được tự động cắt xén (clip) vừa ảnh. | Box dòng 9 đã được tự động cắt xén (clip) vừa ảnh. | Box dòng 10 đã được tự động cắt xén (clip) vừa ảnh. | Box dòng 11 đã được tự động cắt xén (clip) vừa ảnh. | Box dòng 12 đã được tự động cắt xén (clip) vừa ảnh. | Box dòng 13 đã được tự động cắt xén (clip) vừa ảnh. | Box dòng 14 đã được tự động cắt xén (clip) vừa ảnh. | Box dòng 15 đã được tự động cắt xén (clip) vừa ảnh. | Box dòng 16 đã được tự động cắt xén (clip) vừa ảnh. | Box dòng 17 đã được tự động cắt xén (clip) vừa ảnh. | Box dòng 18 đã được tự động cắt xén (clip) vừa ảnh. | Box dòng 19 đã được tự động cắt xén (clip) vừa ảnh.
Anthracnose,/content/drive/MyDrive/Papaya_Leaf_Disease_Classification/BDPapayaLeaf/Original Images/Anthracnose/Anthracnose(87).jpg,/content/drive/MyDrive/Papaya_Leaf_Disease_Classification/YOLO_Bounding_Box/Anthracnose/Anthracnose(87).txt,Box dòng 1 đã được tự động cắt xén (clip) vừa ảnh. | Box dòng 2 đã được tự động cắt xén (clip) vừa ảnh. | Box dòng 3 đã được tự động cắt xén (clip) vừa ảnh. | Box dòng 4 đã được tự động cắt xén (clip) vừa ảnh. | Box dòng 5 đã được tự động cắt xén (clip) vừa ảnh. | Box dòng 6 đã được tự động cắt xén (clip) vừa ảnh. | Box dòng 7 đã được tự động cắt xén (clip) vừa ảnh. | Box dòng 8 đã được tự động cắt xén (clip) vừa ảnh. | Box dòng 9 đã được tự động cắt xén (clip) vừa ảnh. | Box dòng 10 đã được tự động cắt xén (clip) vừa ảnh. | Box dòng 11 đã được tự động cắt xén (clip) vừa ảnh. | Box dòng 12 đã được tự động cắt xén (clip) vừa ảnh.
Anthracnose,/content/drive/MyDrive/Papaya_Leaf_Disease_Classification/BDPapayaLeaf/Original Images/Anthracnose/Anthracnose(88).jpg,/content/drive/MyDrive/Papaya_Leaf_Disease_Classification/YOLO_Bounding_Box/Anthracnose/Anthracnose(88).txt,Box dòng 1 đã được tự động cắt xén (clip) vừa ảnh. | Box dòng 2 đã được tự động cắt xén (clip) vừa ảnh. | Box dòng 3 đã được tự động cắt xén (clip) vừa ảnh. | Box dòng 4 đã được tự động cắt xén (clip) vừa ảnh. | Box dòng 5 đã được tự động cắt xén (clip) vừa ảnh. | Box dòng 6 đã được tự động cắt xén (clip) vừa ảnh. | Box dòng 7 đã được tự động cắt xén (clip) vừa ảnh. | Box dòng 8 đã được tự động cắt xén (clip) vừa ảnh. | Box dòng 9 đã được tự động cắt xén (clip) vừa ảnh. | Box dòng 10 đã được tự động cắt xén (clip) vừa ảnh. | Box dòng 11 đã được tự động cắt xén (clip) vừa ảnh.
Anthracnose,/content/drive/MyDrive/Papaya_Leaf_Disease_Classification/BDPapayaLeaf/Original Images/Anthracnose/Anthracnose(89).jpg,/content/drive/MyDrive/Papaya_Leaf_Disease_Classification/YOLO_Bounding_Box/Anthracnose/Anthracnose(89).txt,Box dòng 1 đã được tự động cắt xén (clip) vừa ảnh. | Box dòng 2 đã được tự động cắt xén (clip) vừa ảnh. | Box dòng 3 đã được tự động cắt xén (clip) vừa ảnh. | Box dòng 4 đã được tự động cắt xén (clip) vừa ảnh. | Box dòng 5 đã được tự động cắt xén (clip) vừa ảnh. | Box dòng 6 đã được tự động cắt xén (clip) vừa ảnh. | Box dòng 7 đã được tự động cắt xén (clip) vừa ảnh. | Box dòng 8 đã được tự động cắt xén (clip) vừa ảnh. | Box dòng 9 đã được tự động cắt xén (clip) vừa ảnh. | Box dòng 10 đã được tự động cắt xén (clip) vừa ảnh. | Box dòng 11 đã được tự động cắt xén (clip) vừa ảnh. | Box dòng 12 đã được tự động cắt xén (clip) vừa ảnh. | Box dòng 13 đã được tự động cắt xén (clip) vừa ảnh. | Box dòng 14 đã được tự động cắt xén (clip) vừa ảnh. | Box dòng 15 đã được tự động cắt xén (clip) vừa ảnh. | Box dòng 16 đã được tự động cắt xén (clip) vừa ảnh. | Box dòng 17 đã được tự động cắt xén (clip) vừa ảnh. | Box dòng 18 đã được tự động cắt xén (clip) vừa ảnh. | Box dòng 19 đã được tự động cắt xén (clip) vừa ảnh. | Box dòng 20 đã được tự động cắt xén (clip) vừa ảnh. | Box dòng 21 đã được tự động cắt xén (clip) vừa ảnh. | Box dòng 22 đã được tự động cắt xén (clip) vừa ảnh. | Box dòng 23 đã được tự động cắt xén (clip) vừa ảnh. | Box dòng 24 đã được tự động cắt xén (clip) vừa ảnh. | Box dòng 25 đã được tự động cắt xén (clip) vừa ảnh. | Box dòng 26 đã được tự động cắt xén (clip) vừa ảnh. | Box dòng 27 đã được tự động cắt xén (clip) vừa ảnh. | Box dòng 28 đã được tự động cắt xén (clip) vừa ảnh. | Box dòng 29 đã được tự động cắt xén (clip) vừa ảnh. | Box dòng 30 đã được tự động cắt xén (clip) vừa ảnh. | Box dòng 31 đã được tự động cắt xén (clip) vừa ảnh. | Box dòng 32 đã được tự động cắt xén (clip) vừa ảnh. | Box dòng 33 đã được tự động cắt xén (clip) vừa ảnh. | Box dòng 34 đã được tự động cắt xén (clip) vừa ảnh. | Box dòng 35 đã được tự động cắt xén (clip) vừa ảnh.
Anthracnose,/content/drive/MyDrive/Papaya_Leaf_Disease_Classification/BDPapayaLeaf/Original Images/Anthracnose/Anthracnose(9).jpg,/content/drive/MyDrive/Papaya_Leaf_Disease_Classification/YOLO_Bounding_Box/Anthracnose/Anthracnose(9).txt,Box dòng 1 đã được tự động cắt xén (clip) vừa ảnh. | Box dòng 2 đã được tự động cắt xén (clip) vừa ảnh. | Box dòng 3 đã được tự động cắt xén (clip) vừa ảnh. | Box dòng 4 đã được tự động cắt xén (clip) vừa ảnh. | Box dòng 5 đã được tự động cắt xén (clip) vừa ảnh. | Box dòng 6 đã được tự động cắt xén (clip) vừa ảnh. | Box dòng 7 đã được tự động cắt xén (clip) vừa ảnh. | Box dòng 8 đã được tự động cắt xén (clip) vừa ảnh. | Box dòng 9 đã được tự động cắt xén (clip) vừa ảnh. | Box dòng 10 đã được tự động cắt xén (clip) vừa ảnh. | Box dòng 11 đã được tự động cắt xén (clip) vừa ảnh.
Anthracnose,/content/drive/MyDrive/Papaya_Leaf_Disease_Classification/BDPapayaLeaf/Original Images/Anthracnose/Anthracnose(90).jpg,/content/drive/MyDrive/Papaya_Leaf_Disease_Classification/YOLO_Bounding_Box/Anthracnose/Anthracnose(90).txt,Box dòng 1 đã được tự động cắt xén (clip) vừa ảnh. | Box dòng 2 đã được tự động cắt xén (clip) vừa ảnh. | Box dòng 3 đã được tự động cắt xén (clip) vừa ảnh. | Box dòng 4 đã được tự động cắt xén (clip) vừa ảnh. | Box dòng 5 đã được tự động cắt xén (clip) vừa ảnh. | Box dòng 6 đã được tự động cắt xén (clip) vừa ảnh. | Box dòng 7 đã được tự động cắt xén (clip) vừa ảnh. | Box dòng 8 đã được tự động cắt xén (clip) vừa ảnh. | Box dòng 9 đã được tự động cắt xén (clip) vừa ảnh. | Box dòng 10 đã được tự động cắt xén (clip) vừa ảnh. | Box dòng 11 đã được tự động cắt xén (clip) vừa ảnh. | Box dòng 12 đã được tự động cắt xén (clip) vừa ảnh. | Box dòng 13 đã được tự động cắt xén (clip) vừa ảnh. | Box dòng 14 đã được tự động cắt xén (clip) vừa ảnh. | Box dòng 15 đã được tự động cắt xén (clip) vừa ảnh. | Box dòng 16 đã được tự động cắt xén (clip) vừa ảnh. | Box dòng 17 đã được tự động cắt xén (clip) vừa ảnh. | Box dòng 18 đã được tự động cắt xén (clip) vừa ảnh. | Box dòng 19 đã được tự động cắt xén (clip) vừa ảnh. | Box dòng 20 đã được tự động cắt xén (clip) vừa ảnh. | Box dòng 21 đã được tự động cắt xén (clip) vừa ảnh. | Box dòng 22 đã được tự động cắt xén (clip) vừa ảnh. | Box dòng 23 đã được tự động cắt xén (clip) vừa ảnh. | Box dòng 24 đã được tự động cắt xén (clip) vừa ảnh. | Box dòng 25 đã được tự động cắt xén (clip) vừa ảnh. | Box dòng 26 đã được tự động cắt xén (clip) vừa ảnh. | Box dòng 27 đã được tự động cắt xén (clip) vừa ảnh. | Box dòng 28 đã được tự động cắt xén (clip) vừa ảnh. | Box dòng 29 đã được tự động cắt xén (clip) vừa ảnh. | Box dòng 30 đã được tự động cắt xén (clip) vừa ảnh. | Box dòng 31 đã được tự động cắt xén (clip) vừa ảnh. | Box dòng 32 đã được tự động cắt xén (clip) vừa ảnh. | Box dòng 33 đã được tự động cắt xén (clip) vừa ảnh. | Box dòng 34 đã được tự động cắt xén (clip) vừa ảnh. | Box dòng 35 đã được tự động cắt xén (clip) vừa ảnh. | Box dòng 36 đã được tự động cắt xén (clip) vừa ảnh. | Box dòng 37 đã được tự động cắt xén (clip) vừa ảnh. | Box dòng 38 đã được tự động cắt xén (clip) vừa ảnh. | Box dòng 39 đã được tự động cắt xén (clip) vừa ảnh. | Box dòng 40 đã được tự động cắt xén (clip) vừa ảnh. | Box dòng 41 đã được tự động cắt xén (clip) vừa ảnh. | Box dòng 42 đã được tự động cắt xén (clip) vừa ảnh. | Box dòng 43 đã được tự động cắt xén (clip) vừa ảnh. | Box dòng 44 đã được tự động cắt xén (clip) vừa ảnh. | Box dòng 45 đã được tự động cắt xén (clip) vừa ảnh. | Box dòng 46 đã được tự động cắt xén (clip) vừa ảnh.
Anthracnose,/content/drive/MyDrive/Papaya_Leaf_Disease_Classification/BDPapayaLeaf/Original Images/Anthracnose/Anthracnose(91).jpg,/content/drive/MyDrive/Papaya_Leaf_Disease_Classification/YOLO_Bounding_Box/Anthracnose/Anthracnose(91).txt,Box dòng 1 đã được tự động cắt xén (clip) vừa ảnh. | Box dòng 2 đã được tự động cắt xén (clip) vừa ảnh. | Box dòng 3 đã được tự động cắt xén (clip) vừa ảnh. | Box dòng 4 đã được tự động cắt xén (clip) vừa ảnh. | Box dòng 5 đã được tự động cắt xén (clip) vừa ảnh. | Box dòng 6 đã được tự động cắt xén (clip) vừa ảnh. | Box dòng 7 đã được tự động cắt xén (clip) vừa ảnh. | Box dòng 8 đã được tự động cắt xén (clip) vừa ảnh. | Box dòng 9 đã được tự động cắt xén (clip) vừa ảnh. | Box dòng 10 đã được tự động cắt xén (clip) vừa ảnh. | Box dòng 11 đã được tự động cắt xén (clip) vừa ảnh. | Box dòng 12 đã được tự động cắt xén (clip) vừa ảnh. | Box dòng 13 đã được tự động cắt xén (clip) vừa ảnh. | Box dòng 14 đã được tự động cắt xén (clip) vừa ảnh. | Box dòng 15 đã được tự động cắt xén (clip) vừa ảnh. | Box dòng 16 đã được tự động cắt xén (clip) vừa ảnh. | Box dòng 17 đã được tự động cắt xén (clip) vừa ảnh. | Box dòng 18 đã được tự động cắt xén (clip) vừa ảnh. | Box dòng 19 đã được tự động cắt xén (clip) vừa ảnh. | Box dòng 20 đã được tự động cắt xén (clip) vừa ảnh. | Box dòng 21 đã được tự động cắt xén (clip) vừa ảnh. | Box dòng 22 đã được tự động cắt xén (clip) vừa ảnh. | Box dòng 23 đã được tự động cắt xén (clip) vừa ảnh. | Box dòng 24 đã được tự động cắt xén (clip) vừa ảnh. | Box dòng 25 đã được tự động cắt xén (clip) vừa ảnh. | Box dòng 26 đã được tự động cắt xén (clip) vừa ảnh. | Box dòng 27 đã được tự động cắt xén (clip) vừa ảnh. | Box dòng 28 đã được tự động cắt xén (clip) vừa ảnh. | Box dòng 29 đã được tự động cắt xén (clip) vừa ảnh.
Anthracnose,/content/drive/MyDrive/Papaya_Leaf_Disease_Classification/BDPapayaLeaf/Original Images/Anthracnose/Anthracnose(92).jpg,/content/drive/MyDrive/Papaya_Leaf_Disease_Classification/YOLO_Bounding_Box/Anthracnose/Anthracnose(92).txt,Box dòng 1 đã được tự động cắt xén (clip) vừa ảnh. | Box dòng 2 đã được tự động cắt xén (clip) vừa ảnh. | Box dòng 3 đã được tự động cắt xén (clip) vừa ảnh. | Box dòng 4 đã được tự động cắt xén (clip) vừa ảnh. | Box dòng 5 đã được tự động cắt xén (clip) vừa ảnh. | Box dòng 6 đã được tự động cắt xén (clip) vừa ảnh. | Box dòng 7 đã được tự động cắt xén (clip) vừa ảnh. | Box dòng 8 đã được tự động cắt xén (clip) vừa ảnh. | Box dòng 9 đã được tự động cắt xén (clip) vừa ảnh. | Box dòng 10 đã được tự động cắt xén (clip) vừa ảnh. | Box dòng 11 đã được tự động cắt xén (clip) vừa ảnh. | Box dòng 12 đã được tự động cắt xén (clip) vừa ảnh. | Box dòng 13 đã được tự động cắt xén (clip) vừa ảnh. | Box dòng 14 đã được tự động cắt xén (clip) vừa ảnh. | Box dòng 15 đã được tự động cắt xén (clip) vừa ảnh. | Box dòng 16 đã được tự động cắt xén (clip) vừa ảnh. | Box dòng 17 đã được tự động cắt xén (clip) vừa ảnh. | Box dòng 18 đã được tự động cắt xén (clip) vừa ảnh. | Box dòng 19 đã được tự động cắt xén (clip) vừa ảnh. | Box dòng 20 đã được tự động cắt xén (clip) vừa ảnh. | Box dòng 21 đã được tự động cắt xén (clip) vừa ảnh. | Box dòng 22 đã được tự động cắt xén (clip) vừa ảnh. | Box dòng 23 đã được tự động cắt xén (clip) vừa ảnh. | Box dòng 24 đã được tự động cắt xén (clip) vừa ảnh. | Box dòng 25 đã được tự động cắt xén (clip) vừa ảnh. | Box dòng 26 đã được tự động cắt xén (clip) vừa ảnh. | Box dòng 27 đã được tự động cắt xén (clip) vừa ảnh.
Anthracnose,/content/drive/MyDrive/Papaya_Leaf_Disease_Classification/BDPapayaLeaf/Original Images/Anthracnose/Anthracnose(93).jpg,/content/drive/MyDrive/Papaya_Leaf_Disease_Classification/YOLO_Bounding_Box/Anthracnose/Anthracnose(93).txt,Box dòng 1 đã được tự động cắt xén (clip) vừa ảnh. | Box dòng 2 đã được tự động cắt xén (clip) vừa ảnh. | Box dòng 3 đã được tự động cắt xén (clip) vừa ảnh. | Box dòng 4 đã được tự động cắt xén (clip) vừa ảnh. | Box dòng 5 đã được tự động cắt xén (clip) vừa ảnh. | Box dòng 6 đã được tự động cắt xén (clip) vừa ảnh. | Box dòng 7 đã được tự động cắt xén (clip) vừa ảnh. | Box dòng 8 đã được tự động cắt xén (clip) vừa ảnh. | Box dòng 9 đã được tự động cắt xén (clip) vừa ảnh. | Box dòng 10 đã được tự động cắt xén (clip) vừa ảnh. | Box dòng 11 đã được tự động cắt xén (clip) vừa ảnh. | Box dòng 12 đã được tự động cắt xén (clip) vừa ảnh. | Box dòng 13 đã được tự động cắt xén (clip) vừa ảnh. | Box dòng 14 đã được tự động cắt xén (clip) vừa ảnh. | Box dòng 15 đã được tự động cắt xén (clip) vừa ảnh. | Box dòng 16 đã được tự động cắt xén (clip) vừa ảnh. | Box dòng 17 đã được tự động cắt xén (clip) vừa ảnh. | Box dòng 19 đã được tự động cắt xén (clip) vừa ảnh.
Anthracnose,/content/drive/MyDrive/Papaya_Leaf_Disease_Classification/BDPapayaLeaf/Original Images/Anthracnose/Anthracnose(94).jpg,/content/drive/MyDrive/Papaya_Leaf_Disease_Classification/YOLO_Bounding_Box/Anthracnose/Anthracnose(94).txt,Box dòng 1 đã được tự động cắt xén (clip) vừa ảnh. | Box dòng 2 đã được tự động cắt xén (clip) vừa ảnh. | Box dòng 3 đã được tự động cắt xén (clip) vừa ảnh. | Box dòng 4 đã được tự động cắt xén (clip) vừa ảnh. | Box dòng 5 đã được tự động cắt xén (clip) vừa ảnh. | Box dòng 7 đã được tự động cắt xén (clip) vừa ảnh. | Box dòng 8 đã được tự động cắt xén (clip) vừa ảnh. | Box dòng 9 đã được tự động cắt xén (clip) vừa ảnh. | Box dòng 10 đã được tự động cắt xén (clip) vừa ảnh. | Box dòng 11 đã được tự động cắt xén (clip) vừa ảnh. | Box dòng 12 đã được tự động cắt xén (clip) vừa ảnh. | Box dòng 13 đã được tự động cắt xén (clip) vừa ảnh. | Box dòng 14 đã được tự động cắt xén (clip) vừa ảnh. | Box dòng 15 đã được tự động cắt xén (clip) vừa ảnh. | Box dòng 16 đã được tự động cắt xén (clip) vừa ảnh. | Box dòng 17 đã được tự động cắt xén (clip) vừa ảnh. | Box dòng 18 đã được tự động cắt xén (clip) vừa ảnh. | Box dòng 19 đã được tự động cắt xén (clip) vừa ảnh. | Box dòng 20 đã được tự động cắt xén (clip) vừa ảnh. | Box dòng 21 đã được tự động cắt xén (clip) vừa ảnh.
Anthracnose,/content/drive/MyDrive/Papaya_Leaf_Disease_Classification/BDPapayaLeaf/Original Images/Anthracnose/Anthracnose(95).jpg,/content/drive/MyDrive/Papaya_Leaf_Disease_Classification/YOLO_Bounding_Box/Anthracnose/Anthracnose(95).txt,Box dòng 1 đã được tự động cắt xén (clip) vừa ảnh. | Box dòng 2 đã được tự động cắt xén (clip) vừa ảnh. | Box dòng 3 đã được tự động cắt xén (clip) vừa ảnh. | Box dòng 4 đã được tự động cắt xén (clip) vừa ảnh. | Box dòng 5 đã được tự động cắt xén (clip) vừa ảnh. | Box dòng 6 đã được tự động cắt xén (clip) vừa ảnh. | Box dòng 7 đã được tự động cắt xén (clip) vừa ảnh. | Box dòng 8 đã được tự động cắt xén (clip) vừa ảnh. | Box dòng 9 đã được tự động cắt xén (clip) vừa ảnh. | Box dòng 10 đã được tự động cắt xén (clip) vừa ảnh. | Box dòng 11 đã được tự động cắt xén (clip) vừa ảnh. | Box dòng 12 đã được tự động cắt xén (clip) vừa ảnh. | Box dòng 13 đã được tự động cắt xén (clip) vừa ảnh. | Box dòng 14 đã được tự động cắt xén (clip) vừa ảnh. | Box dòng 15 đã được tự động cắt xén (clip) vừa ảnh. | Box dòng 16 đã được tự động cắt xén (clip) vừa ảnh. | Box dòng 17 đã được tự động cắt xén (clip) vừa ảnh.
Anthracnose,/content/drive/MyDrive/Papaya_Leaf_Disease_Classification/BDPapayaLeaf/Original Images/Anthracnose/Anthracnose(96).jpg,/content/drive/MyDrive/Papaya_Leaf_Disease_Classification/YOLO_Bounding_Box/Anthracnose/Anthracnose(96).txt,Box dòng 1 đã được tự động cắt xén (clip) vừa ảnh. | Box dòng 2 đã được tự động cắt xén (clip) vừa ảnh. | Box dòng 3 đã được tự động cắt xén (clip) vừa ảnh. | Box dòng 4 đã được tự động cắt xén (clip) vừa ảnh. | Box dòng 5 đã được tự động cắt xén (clip) vừa ảnh. | Box dòng 6 đã được tự động cắt xén (clip) vừa ảnh. | Box dòng 7 đã được tự động cắt xén (clip) vừa ảnh. | Box dòng 8 đã được tự động cắt xén (clip) vừa ảnh. | Box dòng 9 đã được tự động cắt xén (clip) vừa ảnh. | Box dòng 10 đã được tự động cắt xén (clip) vừa ảnh. | Box dòng 11 đã được tự động cắt xén (clip) vừa ảnh. | Box dòng 12 đã được tự động cắt xén (clip) vừa ảnh. | Box dòng 13 đã được tự động cắt xén (clip) vừa ảnh. | Box dòng 14 đã được tự động cắt xén (clip) vừa ảnh. | Box dòng 15 đã được tự động cắt xén (clip) vừa ảnh. | Box dòng 16 đã được tự động cắt xén (clip) vừa ảnh. | Box dòng 17 đã được tự động cắt xén (clip) vừa ảnh. | Box dòng 18 đã được tự động cắt xén (clip) vừa ảnh. | Box dòng 19 đã được tự động cắt xén (clip) vừa ảnh. | Box dòng 20 đã được tự động cắt xén (clip) vừa ảnh. | Box dòng 21 đã được tự động cắt xén (clip) vừa ảnh. | Box dòng 22 đã được tự động cắt xén (clip) vừa ảnh. | Box dòng 23 đã được tự động cắt xén (clip) vừa ảnh. | Box dòng 24 đã được tự động cắt xén (clip) vừa ảnh. | Box dòng 25 đã được tự động cắt xén (clip) vừa ảnh. | Box dòng 26 đã được tự động cắt xén (clip) vừa ảnh. | Box dòng 27 đã được tự động cắt xén (clip) vừa ảnh. | Box dòng 28 đã được tự động cắt xén (clip) vừa ảnh. | Box dòng 29 đã được tự động cắt xén (clip) vừa ảnh. | Box dòng 30 đã được tự động cắt xén (clip) vừa ảnh. | Box dòng 31 đã được tự động cắt xén (clip) vừa ảnh. | Box dòng 32 đã được tự động cắt xén (clip) vừa ảnh. | Box dòng 33 đã được tự động cắt xén (clip) vừa ảnh.
Anthracnose,/content/drive/MyDrive/Papaya_Leaf_Disease_Classification/BDPapayaLeaf/Original Images/Anthracnose/Anthracnose(97).jpg,/content/drive/MyDrive/Papaya_Leaf_Disease_Classification/YOLO_Bounding_Box/Anthracnose/Anthracnose(97).txt,Box dòng 1 đã được tự động cắt xén (clip) vừa ảnh. | Box dòng 2 đã được tự động cắt xén (clip) vừa ảnh. | Box dòng 3 đã được tự động cắt xén (clip) vừa ảnh. | Box dòng 4 đã được tự động cắt xén (clip) vừa ảnh. | Box dòng 5 đã được tự động cắt xén (clip) vừa ảnh. | Box dòng 6 đã được tự động cắt xén (clip) vừa ảnh. | Box dòng 7 đã được tự động cắt xén (clip) vừa ảnh. | Box dòng 8 đã được tự động cắt xén (clip) vừa ảnh. | Box dòng 9 đã được tự động cắt xén (clip) vừa ảnh. | Box dòng 10 đã được tự động cắt xén (clip) vừa ảnh. | Box dòng 11 đã được tự động cắt xén (clip) vừa ảnh. | Box dòng 12 đã được tự động cắt xén (clip) vừa ảnh. | Box dòng 13 đã được tự động cắt xén (clip) vừa ảnh. | Box dòng 14 đã được tự động cắt xén (clip) vừa ảnh. | Box dòng 15 đã được tự động cắt xén (clip) vừa ảnh. | Box dòng 16 đã được tự động cắt xén (clip) vừa ảnh. | Box dòng 17 đã được tự động cắt xén (clip) vừa ảnh. | Box dòng 18 đã được tự động cắt xén (clip) vừa ảnh. | Box dòng 19 đã được tự động cắt xén (clip) vừa ảnh. | Box dòng 20 đã được tự động cắt xén (clip) vừa ảnh. | Box dòng 21 đã được tự động cắt xén (clip) vừa ảnh. | Box dòng 22 đã được tự động cắt xén (clip) vừa ảnh. | Box dòng 23 đã được tự động cắt xén (clip) vừa ảnh. | Box dòng 24 đã được tự động cắt xén (clip) vừa ảnh. | Box dòng 25 đã được tự động cắt xén (clip) vừa ảnh. | Box dòng 26 đã được tự động cắt xén (clip) vừa ảnh. | Box dòng 27 đã được tự động cắt xén (clip) vừa ảnh. | Box dòng 28 đã được tự động cắt xén (clip) vừa ảnh. | Box dòng 29 đã được tự động cắt xén (clip) vừa ảnh. | Box dòng 30 đã được tự động cắt xén (clip) vừa ảnh. | Box dòng 31 đã được tự động cắt xén (clip) vừa ảnh. | Box dòng 32 đã được tự động cắt xén (clip) vừa ảnh. | Box dòng 33 đã được tự động cắt xén (clip) vừa ảnh. | Box dòng 34 đã được tự động cắt xén (clip) vừa ảnh. | Box dòng 35 đã được tự động cắt xén (clip) vừa ảnh. | Box dòng 36 đã được tự động cắt xén (clip) vừa ảnh. | Box dòng 37 đã được tự động cắt xén (clip) vừa ảnh. | Box dòng 38 đã được tự động cắt xén (clip) vừa ảnh. | Box dòng 39 đã được tự động cắt xén (clip) vừa ảnh. | Box dòng 40 đã được tự động cắt xén (clip) vừa ảnh. | Box dòng 41 đã được tự động cắt xén (clip) vừa ảnh. | Box dòng 42 đã được tự động cắt xén (clip) vừa ảnh. | Box dòng 43 đã được tự động cắt xén (clip) vừa ảnh. | Box dòng 44 đã được tự động cắt xén (clip) vừa ảnh. | Box dòng 45 đã được tự động cắt xén (clip) vừa ảnh. | Box dòng 46 đã được tự động cắt xén (clip) vừa ảnh. | Box dòng 47 đã được tự động cắt xén (clip) vừa ảnh.
Anthracnose,/content/drive/MyDrive/Papaya_Leaf_Disease_Classification/BDPapayaLeaf/Original Images/Anthracnose/Anthracnose(98).jpg,/content/drive/MyDrive/Papaya_Leaf_Disease_Classification/YOLO_Bounding_Box/Anthracnose/Anthracnose(98).txt,Box dòng 1 đã được tự động cắt xén (clip) vừa ảnh. | Box dòng 2 đã được tự động cắt xén (clip) vừa ảnh. | Box dòng 3 đã được tự động cắt xén (clip) vừa ảnh. | Box dòng 4 đã được tự động cắt xén (clip) vừa ảnh. | Box dòng 5 đã được tự động cắt xén (clip) vừa ảnh. | Box dòng 6 đã được tự động cắt xén (clip) vừa ảnh. | Box dòng 7 đã được tự động cắt xén (clip) vừa ảnh. | Box dòng 8 đã được tự động cắt xén (clip) vừa ảnh. | Box dòng 9 đã được tự động cắt xén (clip) vừa ảnh. | Box dòng 10 đã được tự động cắt xén (clip) vừa ảnh. | Box dòng 11 đã được tự động cắt xén (clip) vừa ảnh. | Box dòng 12 đã được tự động cắt xén (clip) vừa ảnh. | Box dòng 13 đã được tự động cắt xén (clip) vừa ảnh. | Box dòng 14 đã được tự động cắt xén (clip) vừa ảnh. | Box dòng 15 đã được tự động cắt xén (clip) vừa ảnh. | Box dòng 16 đã được tự động cắt xén (clip) vừa ảnh. | Box dòng 17 đã được tự động cắt xén (clip) vừa ảnh. | Box dòng 18 đã được tự động cắt xén (clip) vừa ảnh. | Box dòng 19 đã được tự động cắt xén (clip) vừa ảnh. | Box dòng 20 đã được tự động cắt xén (clip) vừa ảnh. | Box dòng 21 đã được tự động cắt xén (clip) vừa ảnh. | Box dòng 22 đã được tự động cắt xén (clip) vừa ảnh. | Box dòng 23 đã được tự động cắt xén (clip) vừa ảnh. | Box dòng 24 đã được tự động cắt xén (clip) vừa ảnh. | Box dòng 25 đã được tự động cắt xén (clip) vừa ảnh. | Box dòng 26 đã được tự động cắt xén (clip) vừa ảnh. | Box dòng 27 đã được tự động cắt xén (clip) vừa ảnh. | Box dòng 28 đã được tự động cắt xén (clip) vừa ảnh. | Box dòng 29 đã được tự động cắt xén (clip) vừa ảnh. | Box dòng 30 đã được tự động cắt xén (clip) vừa ảnh. | Box dòng 31 đã được tự động cắt xén (clip) vừa ảnh. | Box dòng 32 đã được tự động cắt xén (clip) vừa ảnh. | Box dòng 33 đã được tự động cắt xén (clip) vừa ảnh. | Box dòng 34 đã được tự động cắt xén (clip) vừa ảnh. | Box dòng 35 đã được tự động cắt xén (clip) vừa ảnh. | Box dòng 36 đã được tự động cắt xén (clip) vừa ảnh. | Box dòng 37 đã được tự động cắt xén (clip) vừa ảnh. | Box dòng 38 đã được tự động cắt xén (clip) vừa ảnh. | Box dòng 39 đã được tự động cắt xén (clip) vừa ảnh. | Box dòng 40 đã được tự động cắt xén (clip) vừa ảnh. | Box dòng 41 đã được tự động cắt xén (clip) vừa ảnh. | Box dòng 42 đã được tự động cắt xén (clip) vừa ảnh. | Box dòng 43 đã được tự động cắt xén (clip) vừa ảnh. | Box dòng 44 đã được tự động cắt xén (clip) vừa ảnh. | Box dòng 45 đã được tự động cắt xén (clip) vừa ảnh. | Box dòng 46 đã được tự động cắt xén (clip) vừa ảnh. | Box dòng 47 đã được tự động cắt xén (clip) vừa ảnh. | Box dòng 48 đã được tự động cắt xén (clip) vừa ảnh. | Box dòng 49 đã được tự động cắt xén (clip) vừa ảnh. | Box dòng 50 đã được tự động cắt xén (clip) vừa ảnh. | Box dòng 51 đã được tự động cắt xén (clip) vừa ảnh. | Box dòng 52 đã được tự động cắt xén (clip) vừa ảnh. | Box dòng 53 đã được tự động cắt xén (clip) vừa ảnh. | Box dòng 54 đã được tự động cắt xén (clip) vừa ảnh. | Box dòng 55 đã được tự động cắt xén (clip) vừa ảnh. | Box dòng 56 đã được tự động cắt xén (clip) vừa ảnh. | Box dòng 57 đã được tự động cắt xén (clip) vừa ảnh. | Box dòng 58 đã được tự động cắt xén (clip) vừa ảnh. | Box dòng 59 đã được tự động cắt xén (clip) vừa ảnh. | Box dòng 60 đã được tự động cắt xén (clip) vừa ảnh. | Box dòng 61 đã được tự động cắt xén (clip) vừa ảnh. | Box dòng 62 đã được tự động cắt xén (clip) vừa ảnh. | Box dòng 63 đã được tự động cắt xén (clip) vừa ảnh. | Box dòng 64 đã được tự động cắt xén (clip) vừa ảnh. | Box dòng 65 đã được tự động cắt xén (clip) vừa ảnh. | Box dòng 66 đã được tự động cắt xén (clip) vừa ảnh. | Box dòng 67 đã được tự động cắt xén (clip) vừa ảnh. | Box dòng 68 đã được tự động cắt xén (clip) vừa ảnh. | Box dòng 69 đã được tự động cắt xén (clip) vừa ảnh. | Box dòng 70 đã được tự động cắt xén (clip) vừa ảnh. | Box dòng 71 đã được tự động cắt xén (clip) vừa ảnh. | Box dòng 72 đã được tự động cắt xén (clip) vừa ảnh. | Box dòng 73 đã được tự động cắt xén (clip) vừa ảnh. | Box dòng 74 đã được tự động cắt xén (clip) vừa ảnh. | Box dòng 75 đã được tự động cắt xén (clip) vừa ảnh. | Box dòng 76 đã được tự động cắt xén (clip) vừa ảnh.
Anthracnose,/content/drive/MyDrive/Papaya_Leaf_Disease_Classification/BDPapayaLeaf/Original Images/Anthracnose/Anthracnose(99).jpg,/content/drive/MyDrive/Papaya_Leaf_Disease_Classification/YOLO_Bounding_Box/Anthracnose/Anthracnose(99).txt,Box dòng 1 đã được tự động cắt xén (clip) vừa ảnh. | Box dòng 2 đã được tự động cắt xén (clip) vừa ảnh. | Box dòng 3 đã được tự động cắt xén (clip) vừa ảnh. | Box dòng 4 đã được tự động cắt xén (clip) vừa ảnh. | Box dòng 5 đã được tự động cắt xén (clip) vừa ảnh. | Box dòng 6 đã được tự động cắt xén (clip) vừa ảnh. | Box dòng 7 đã được tự động cắt xén (clip) vừa ảnh. | Box dòng 8 đã được tự động cắt xén (clip) vừa ảnh. | Box dòng 9 đã được tự động cắt xén (clip) vừa ảnh. | Box dòng 10 đã được tự động cắt xén (clip) vừa ảnh. | Box dòng 11 đã được tự động cắt xén (clip) vừa ảnh. | Box dòng 12 đã được tự động cắt xén (clip) vừa ảnh. | Box dòng 13 đã được tự động cắt xén (clip) vừa ảnh. | Box dòng 14 đã được tự động cắt xén (clip) vừa ảnh. | Box dòng 15 đã được tự động cắt xén (clip) vừa ảnh. | Box dòng 16 đã được tự động cắt xén (clip) vừa ảnh. | Box dòng 17 đã được tự động cắt xén (clip) vừa ảnh. | Box dòng 18 đã được tự động cắt xén (clip) vừa ảnh. | Box dòng 19 đã được tự động cắt xén (clip) vừa ảnh. | Box dòng 20 đã được tự động cắt xén (clip) vừa ảnh. | Box dòng 21 đã được tự động cắt xén (clip) vừa ảnh. | Box dòng 22 đã được tự động cắt xén (clip) vừa ảnh. | Box dòng 23 đã được tự động cắt xén (clip) vừa ảnh. | Box dòng 24 đã được tự động cắt xén (clip) vừa ảnh. | Box dòng 25 đã được tự động cắt xén (clip) vừa ảnh. | Box dòng 26 đã được tự động cắt xén (clip) vừa ảnh. | Box dòng 27 đã được tự động cắt xén (clip) vừa ảnh.
BacterialSpot,/content/drive/MyDrive/Papaya_Leaf_Disease_Classification/BDPapayaLeaf/Original Images/BacterialSpot/BacterialSpot(102).jpg,/content/drive/MyDrive/Papaya_Leaf_Disease_Classification/YOLO_Bounding_Box/BacterialSpot/BacterialSpot(102).txt,Box dòng 1 đã được tự động cắt xén (clip) vừa ảnh.
BacterialSpot,/content/drive/MyDrive/Papaya_Leaf_Disease_Classification/BDPapayaLeaf/Original Images/BacterialSpot/BacterialSpot(111).jpg,/content/drive/MyDrive/Papaya_Leaf_Disease_Classification/YOLO_Bounding_Box/BacterialSpot/BacterialSpot(111).txt,Box dòng 1 đã được tự động cắt xén (clip) vừa ảnh.
BacterialSpot,/content/drive/MyDrive/Papaya_Leaf_Disease_Classification/BDPapayaLeaf/Original Images/BacterialSpot/BacterialSpot(112).jpg,/content/drive/MyDrive/Papaya_Leaf_Disease_Classification/YOLO_Bounding_Box/BacterialSpot/BacterialSpot(112).txt,Box dòng 1 đã được tự động cắt xén (clip) vừa ảnh.
BacterialSpot,/content/drive/MyDrive/Papaya_Leaf_Disease_Classification/BDPapayaLeaf/Original Images/BacterialSpot/BacterialSpot(113).jpg,/content/drive/MyDrive/Papaya_Leaf_Disease_Classification/YOLO_Bounding_Box/BacterialSpot/BacterialSpot(113).txt,Box dòng 1 đã được tự động cắt xén (clip) vừa ảnh.
BacterialSpot,/content/drive/MyDrive/Papaya_Leaf_Disease_Classification/BDPapayaLeaf/Original Images/BacterialSpot/BacterialSpot(117).jpg,/content/drive/MyDrive/Papaya_Leaf_Disease_Classification/YOLO_Bounding_Box/BacterialSpot/BacterialSpot(117).txt,Box dòng 1 đã được tự động cắt xén (clip) vừa ảnh.
BacterialSpot,/content/drive/MyDrive/Papaya_Leaf_Disease_Classification/BDPapayaLeaf/Original Images/BacterialSpot/BacterialSpot(12).jpg,/content/drive/MyDrive/Papaya_Leaf_Disease_Classification/YOLO_Bounding_Box/BacterialSpot/BacterialSpot(12).txt,Box dòng 1 đã được tự động cắt xén (clip) vừa ảnh.
BacterialSpot,/content/drive/MyDrive/Papaya_Leaf_Disease_Classification/BDPapayaLeaf/Original Images/BacterialSpot/BacterialSpot(122).jpg,/content/drive/MyDrive/Papaya_Leaf_Disease_Classification/YOLO_Bounding_Box/BacterialSpot/BacterialSpot(122).txt,Box dòng 1 đã được tự động cắt xén (clip) vừa ảnh.
BacterialSpot,/content/drive/MyDrive/Papaya_Leaf_Disease_Classification/BDPapayaLeaf/Original Images/BacterialSpot/BacterialSpot(129).jpg,/content/drive/MyDrive/Papaya_Leaf_Disease_Classification/YOLO_Bounding_Box/BacterialSpot/BacterialSpot(129).txt,Box dòng 1 đã được tự động cắt xén (clip) vừa ảnh.
BacterialSpot,/content/drive/MyDrive/Papaya_Leaf_Disease_Classification/BDPapayaLeaf/Original Images/BacterialSpot/BacterialSpot(13).jpg,/content/drive/MyDrive/Papaya_Leaf_Disease_Classification/YOLO_Bounding_Box/BacterialSpot/BacterialSpot(13).txt,Box dòng 1 đã được tự động cắt xén (clip) vừa ảnh.
BacterialSpot,/content/drive/MyDrive/Papaya_Leaf_Disease_Classification/BDPapayaLeaf/Original Images/BacterialSpot/BacterialSpot(130).jpg,/content/drive/MyDrive/Papaya_Leaf_Disease_Classification/YOLO_Bounding_Box/BacterialSpot/BacterialSpot(130).txt,Box dòng 1 đã được tự động cắt xén (clip) vừa ảnh.
BacterialSpot,/content/drive/MyDrive/Papaya_Leaf_Disease_Classification/BDPapayaLeaf/Original Images/BacterialSpot/BacterialSpot(132).jpg,/content/drive/MyDrive/Papaya_Leaf_Disease_Classification/YOLO_Bounding_Box/BacterialSpot/BacterialSpot(132).txt,Box dòng 1 đã được tự động cắt xén (clip) vừa ảnh.
BacterialSpot,/content/drive/MyDrive/Papaya_Leaf_Disease_Classification/BDPapayaLeaf/Original Images/BacterialSpot/BacterialSpot(133).jpg,/content/drive/MyDrive/Papaya_Leaf_Disease_Classification/YOLO_Bounding_Box/BacterialSpot/BacterialSpot(133).txt,Box dòng 1 đã được tự động cắt xén (clip) vừa ảnh.
BacterialSpot,/content/drive/MyDrive/Papaya_Leaf_Disease_Classification/BDPapayaLeaf/Original Images/BacterialSpot/BacterialSpot(134).jpg,/content/drive/MyDrive/Papaya_Leaf_Disease_Classification/YOLO_Bounding_Box/BacterialSpot/BacterialSpot(134).txt,Box dòng 1 đã được tự động cắt xén (clip) vừa ảnh.
BacterialSpot,/content/drive/MyDrive/Papaya_Leaf_Disease_Classification/BDPapayaLeaf/Original Images/BacterialSpot/BacterialSpot(135).jpg,/content/drive/MyDrive/Papaya_Leaf_Disease_Classification/YOLO_Bounding_Box/BacterialSpot/BacterialSpot(135).txt,Box dòng 1 đã được tự động cắt xén (clip) vừa ảnh.
BacterialSpot,/content/drive/MyDrive/Papaya_Leaf_Disease_Classification/BDPapayaLeaf/Original Images/BacterialSpot/BacterialSpot(136).jpg,/content/drive/MyDrive/Papaya_Leaf_Disease_Classification/YOLO_Bounding_Box/BacterialSpot/BacterialSpot(136).txt,Box dòng 1 đã được tự động cắt xén (clip) vừa ảnh.
BacterialSpot,/content/drive/MyDrive/Papaya_Leaf_Disease_Classification/BDPapayaLeaf/Original Images/BacterialSpot/BacterialSpot(137).jpg,/content/drive/MyDrive/Papaya_Leaf_Disease_Classification/YOLO_Bounding_Box/BacterialSpot/BacterialSpot(137).txt,Box dòng 1 đã được tự động cắt xén (clip) vừa ảnh.
BacterialSpot,/content/drive/MyDrive/Papaya_Leaf_Disease_Classification/BDPapayaLeaf/Original Images/BacterialSpot/BacterialSpot(138).jpg,/content/drive/MyDrive/Papaya_Leaf_Disease_Classification/YOLO_Bounding_Box/BacterialSpot/BacterialSpot(138).txt,Box dòng 1 đã được tự động cắt xén (clip) vừa ảnh.
BacterialSpot,/content/drive/MyDrive/Papaya_Leaf_Disease_Classification/BDPapayaLeaf/Original Images/BacterialSpot/BacterialSpot(141).jpg,/content/drive/MyDrive/Papaya_Leaf_Disease_Classification/YOLO_Bounding_Box/BacterialSpot/BacterialSpot(141).txt,Box dòng 1 đã được tự động cắt xén (clip) vừa ảnh.
BacterialSpot,/content/drive/MyDrive/Papaya_Leaf_Disease_Classification/BDPapayaLeaf/Original Images/BacterialSpot/BacterialSpot(142).jpg,/content/drive/MyDrive/Papaya_Leaf_Disease_Classification/YOLO_Bounding_Box/BacterialSpot/BacterialSpot(142).txt,Box dòng 1 đã được tự động cắt xén (clip) vừa ảnh.
BacterialSpot,/content/drive/MyDrive/Papaya_Leaf_Disease_Classification/BDPapayaLeaf/Original Images/BacterialSpot/BacterialSpot(143).jpg,/content/drive/MyDrive/Papaya_Leaf_Disease_Classification/YOLO_Bounding_Box/BacterialSpot/BacterialSpot(143).txt,Box dòng 1 đã được tự động cắt xén (clip) vừa ảnh.
BacterialSpot,/content/drive/MyDrive/Papaya_Leaf_Disease_Classification/BDPapayaLeaf/Original Images/BacterialSpot/BacterialSpot(144).jpg,/content/drive/MyDrive/Papaya_Leaf_Disease_Classification/YOLO_Bounding_Box/BacterialSpot/BacterialSpot(144).txt,Box dòng 1 đã được tự động cắt xén (clip) vừa ảnh.
BacterialSpot,/content/drive/MyDrive/Papaya_Leaf_Disease_Classification/BDPapayaLeaf/Original Images/BacterialSpot/BacterialSpot(147).jpg,/content/drive/MyDrive/Papaya_Leaf_Disease_Classification/YOLO_Bounding_Box/BacterialSpot/BacterialSpot(147).txt,Box dòng 1 đã được tự động cắt xén (clip) vừa ảnh.
BacterialSpot,/content/drive/MyDrive/Papaya_Leaf_Disease_Classification/BDPapayaLeaf/Original Images/BacterialSpot/BacterialSpot(148).jpg,/content/drive/MyDrive/Papaya_Leaf_Disease_Classification/YOLO_Bounding_Box/BacterialSpot/BacterialSpot(148).txt,Box dòng 1 đã được tự động cắt xén (clip) vừa ảnh.
BacterialSpot,/content/drive/MyDrive/Papaya_Leaf_Disease_Classification/BDPapayaLeaf/Original Images/BacterialSpot/BacterialSpot(15).jpg,/content/drive/MyDrive/Papaya_Leaf_Disease_Classification/YOLO_Bounding_Box/BacterialSpot/BacterialSpot(15).txt,Box dòng 1 đã được tự động cắt xén (clip) vừa ảnh.
BacterialSpot,/content/drive/MyDrive/Papaya_Leaf_Disease_Classification/BDPapayaLeaf/Original Images/BacterialSpot/BacterialSpot(150).jpg,/content/drive/MyDrive/Papaya_Leaf_Disease_Classification/YOLO_Bounding_Box/BacterialSpot/BacterialSpot(150).txt,Box dòng 1 đã được tự động cắt xén (clip) vừa ảnh.
BacterialSpot,/content/drive/MyDrive/Papaya_Leaf_Disease_Classification/BDPapayaLeaf/Original Images/BacterialSpot/BacterialSpot(151).jpg,/content/drive/MyDrive/Papaya_Leaf_Disease_Classification/YOLO_Bounding_Box/BacterialSpot/BacterialSpot(151).txt,Box dòng 1 đã được tự động cắt xén (clip) vừa ảnh.
BacterialSpot,/content/drive/MyDrive/Papaya_Leaf_Disease_Classification/BDPapayaLeaf/Original Images/BacterialSpot/BacterialSpot(153).jpg,/content/drive/MyDrive/Papaya_Leaf_Disease_Classification/YOLO_Bounding_Box/BacterialSpot/BacterialSpot(153).txt,Box dòng 1 đã được tự động cắt xén (clip) vừa ảnh.
BacterialSpot,/content/drive/MyDrive/Papaya_Leaf_Disease_Classification/BDPapayaLeaf/Original Images/BacterialSpot/BacterialSpot(155).jpg,/content/drive/MyDrive/Papaya_Leaf_Disease_Classification/YOLO_Bounding_Box/BacterialSpot/BacterialSpot(155).txt,Box dòng 1 đã được tự động cắt xén (clip) vừa ảnh.
BacterialSpot,/content/drive/MyDrive/Papaya_Leaf_Disease_Classification/BDPapayaLeaf/Original Images/BacterialSpot/BacterialSpot(157).jpg,/content/drive/MyDrive/Papaya_Leaf_Disease_Classification/YOLO_Bounding_Box/BacterialSpot/BacterialSpot(157).txt,Box dòng 1 đã được tự động cắt xén (clip) vừa ảnh.
BacterialSpot,/content/drive/MyDrive/Papaya_Leaf_Disease_Classification/BDPapayaLeaf/Original Images/BacterialSpot/BacterialSpot(163).jpg,/content/drive/MyDrive/Papaya_Leaf_Disease_Classification/YOLO_Bounding_Box/BacterialSpot/BacterialSpot(163).txt,Box dòng 1 đã được tự động cắt xén (clip) vừa ảnh.
BacterialSpot,/content/drive/MyDrive/Papaya_Leaf_Disease_Classification/BDPapayaLeaf/Original Images/BacterialSpot/BacterialSpot(164).jpg,/content/drive/MyDrive/Papaya_Leaf_Disease_Classification/YOLO_Bounding_Box/BacterialSpot/BacterialSpot(164).txt,Box dòng 1 đã được tự động cắt xén (clip) vừa ảnh.
BacterialSpot,/content/drive/MyDrive/Papaya_Leaf_Disease_Classification/BDPapayaLeaf/Original Images/BacterialSpot/BacterialSpot(165).jpg,/content/drive/MyDrive/Papaya_Leaf_Disease_Classification/YOLO_Bounding_Box/BacterialSpot/BacterialSpot(165).txt,Box dòng 1 đã được tự động cắt xén (clip) vừa ảnh.
BacterialSpot,/content/drive/MyDrive/Papaya_Leaf_Disease_Classification/BDPapayaLeaf/Original Images/BacterialSpot/BacterialSpot(166).jpg,/content/drive/MyDrive/Papaya_Leaf_Disease_Classification/YOLO_Bounding_Box/BacterialSpot/BacterialSpot(166).txt,Box dòng 1 đã được tự động cắt xén (clip) vừa ảnh.
BacterialSpot,/content/drive/MyDrive/Papaya_Leaf_Disease_Classification/BDPapayaLeaf/Original Images/BacterialSpot/BacterialSpot(168).jpg,/content/drive/MyDrive/Papaya_Leaf_Disease_Classification/YOLO_Bounding_Box/BacterialSpot/BacterialSpot(168).txt,Box dòng 1 đã được tự động cắt xén (clip) vừa ảnh.
BacterialSpot,/content/drive/MyDrive/Papaya_Leaf_Disease_Classification/BDPapayaLeaf/Original Images/BacterialSpot/BacterialSpot(169).jpg,/content/drive/MyDrive/Papaya_Leaf_Disease_Classification/YOLO_Bounding_Box/BacterialSpot/BacterialSpot(169).txt,Box dòng 1 đã được tự động cắt xén (clip) vừa ảnh.
BacterialSpot,/content/drive/MyDrive/Papaya_Leaf_Disease_Classification/BDPapayaLeaf/Original Images/BacterialSpot/BacterialSpot(171).jpg,/content/drive/MyDrive/Papaya_Leaf_Disease_Classification/YOLO_Bounding_Box/BacterialSpot/BacterialSpot(171).txt,Box dòng 1 đã được tự động cắt xén (clip) vừa ảnh.
BacterialSpot,/content/drive/MyDrive/Papaya_Leaf_Disease_Classification/BDPapayaLeaf/Original Images/BacterialSpot/BacterialSpot(174).jpg,/content/drive/MyDrive/Papaya_Leaf_Disease_Classification/YOLO_Bounding_Box/BacterialSpot/BacterialSpot(174).txt,Box dòng 1 đã được tự động cắt xén (clip) vừa ảnh.
BacterialSpot,/content/drive/MyDrive/Papaya_Leaf_Disease_Classification/BDPapayaLeaf/Original Images/BacterialSpot/BacterialSpot(175).jpg,/content/drive/MyDrive/Papaya_Leaf_Disease_Classification/YOLO_Bounding_Box/BacterialSpot/BacterialSpot(175).txt,Box dòng 1 đã được tự động cắt xén (clip) vừa ảnh.
BacterialSpot,/content/drive/MyDrive/Papaya_Leaf_Disease_Classification/BDPapayaLeaf/Original Images/BacterialSpot/BacterialSpot(178).jpg,/content/drive/MyDrive/Papaya_Leaf_Disease_Classification/YOLO_Bounding_Box/BacterialSpot/BacterialSpot(178).txt,Box dòng 1 đã được tự động cắt xén (clip) vừa ảnh.
BacterialSpot,/content/drive/MyDrive/Papaya_Leaf_Disease_Classification/BDPapayaLeaf/Original Images/BacterialSpot/BacterialSpot(179).jpg,/content/drive/MyDrive/Papaya_Leaf_Disease_Classification/YOLO_Bounding_Box/BacterialSpot/BacterialSpot(179).txt,Box dòng 1 đã được tự động cắt xén (clip) vừa ảnh.
BacterialSpot,/content/drive/MyDrive/Papaya_Leaf_Disease_Classification/BDPapayaLeaf/Original Images/BacterialSpot/BacterialSpot(180).jpg,/content/drive/MyDrive/Papaya_Leaf_Disease_Classification/YOLO_Bounding_Box/BacterialSpot/BacterialSpot(180).txt,Box dòng 1 đã được tự động cắt xén (clip) vừa ảnh.
BacterialSpot,/content/drive/MyDrive/Papaya_Leaf_Disease_Classification/BDPapayaLeaf/Original Images/BacterialSpot/BacterialSpot(182).jpg,/content/drive/MyDrive/Papaya_Leaf_Disease_Classification/YOLO_Bounding_Box/BacterialSpot/BacterialSpot(182).txt,Box dòng 1 đã được tự động cắt xén (clip) vừa ảnh.
BacterialSpot,/content/drive/MyDrive/Papaya_Leaf_Disease_Classification/BDPapayaLeaf/Original Images/BacterialSpot/BacterialSpot(183).jpg,/content/drive/MyDrive/Papaya_Leaf_Disease_Classification/YOLO_Bounding_Box/BacterialSpot/BacterialSpot(183).txt,Box dòng 1 đã được tự động cắt xén (clip) vừa ảnh.
BacterialSpot,/content/drive/MyDrive/Papaya_Leaf_Disease_Classification/BDPapayaLeaf/Original Images/BacterialSpot/BacterialSpot(184).jpg,/content/drive/MyDrive/Papaya_Leaf_Disease_Classification/YOLO_Bounding_Box/BacterialSpot/BacterialSpot(184).txt,Box dòng 1 đã được tự động cắt xén (clip) vừa ảnh.
BacterialSpot,/content/drive/MyDrive/Papaya_Leaf_Disease_Classification/BDPapayaLeaf/Original Images/BacterialSpot/BacterialSpot(185).jpg,/content/drive/MyDrive/Papaya_Leaf_Disease_Classification/YOLO_Bounding_Box/BacterialSpot/BacterialSpot(185).txt,Box dòng 1 đã được tự động cắt xén (clip) vừa ảnh.
BacterialSpot,/content/drive/MyDrive/Papaya_Leaf_Disease_Classification/BDPapayaLeaf/Original Images/BacterialSpot/BacterialSpot(190).jpg,/content/drive/MyDrive/Papaya_Leaf_Disease_Classification/YOLO_Bounding_Box/BacterialSpot/BacterialSpot(190).txt,Box dòng 1 đã được tự động cắt xén (clip) vừa ảnh.
BacterialSpot,/content/drive/MyDrive/Papaya_Leaf_Disease_Classification/BDPapayaLeaf/Original Images/BacterialSpot/BacterialSpot(191).jpg,/content/drive/MyDrive/Papaya_Leaf_Disease_Classification/YOLO_Bounding_Box/BacterialSpot/BacterialSpot(191).txt,Box dòng 1 đã được tự động cắt xén (clip) vừa ảnh.
BacterialSpot,/content/drive/MyDrive/Papaya_Leaf_Disease_Classification/BDPapayaLeaf/Original Images/BacterialSpot/BacterialSpot(192).jpg,/content/drive/MyDrive/Papaya_Leaf_Disease_Classification/YOLO_Bounding_Box/BacterialSpot/BacterialSpot(192).txt,Box dòng 1 đã được tự động cắt xén (clip) vừa ảnh.
BacterialSpot,/content/drive/MyDrive/Papaya_Leaf_Disease_Classification/BDPapayaLeaf/Original Images/BacterialSpot/BacterialSpot(193).jpg,/content/drive/MyDrive/Papaya_Leaf_Disease_Classification/YOLO_Bounding_Box/BacterialSpot/BacterialSpot(193).txt,Box dòng 1 đã được tự động cắt xén (clip) vừa ảnh.
BacterialSpot,/content/drive/MyDrive/Papaya_Leaf_Disease_Classification/BDPapayaLeaf/Original Images/BacterialSpot/BacterialSpot(194).jpg,/content/drive/MyDrive/Papaya_Leaf_Disease_Classification/YOLO_Bounding_Box/BacterialSpot/BacterialSpot(194).txt,Box dòng 1 đã được tự động cắt xén (clip) vừa ảnh.
BacterialSpot,/content/drive/MyDrive/Papaya_Leaf_Disease_Classification/BDPapayaLeaf/Original Images/BacterialSpot/BacterialSpot(197).jpg,/content/drive/MyDrive/Papaya_Leaf_Disease_Classification/YOLO_Bounding_Box/BacterialSpot/BacterialSpot(197).txt,Box dòng 1 đã được tự động cắt xén (clip) vừa ảnh.
BacterialSpot,/content/drive/MyDrive/Papaya_Leaf_Disease_Classification/BDPapayaLeaf/Original Images/BacterialSpot/BacterialSpot(200).jpg,/content/drive/MyDrive/Papaya_Leaf_Disease_Classification/YOLO_Bounding_Box/BacterialSpot/BacterialSpot(200).txt,Box dòng 1 đã được tự động cắt xén (clip) vừa ảnh.
BacterialSpot,/content/drive/MyDrive/Papaya_Leaf_Disease_Classification/BDPapayaLeaf/Original Images/BacterialSpot/BacterialSpot(201).jpg,/content/drive/MyDrive/Papaya_Leaf_Disease_Classification/YOLO_Bounding_Box/BacterialSpot/BacterialSpot(201).txt,Box dòng 1 đã được tự động cắt xén (clip) vừa ảnh.
BacterialSpot,/content/drive/MyDrive/Papaya_Leaf_Disease_Classification/BDPapayaLeaf/Original Images/BacterialSpot/BacterialSpot(203).jpg,/content/drive/MyDrive/Papaya_Leaf_Disease_Classification/YOLO_Bounding_Box/BacterialSpot/BacterialSpot(203).txt,Box dòng 1 đã được tự động cắt xén (clip) vừa ảnh.
BacterialSpot,/content/drive/MyDrive/Papaya_Leaf_Disease_Classification/BDPapayaLeaf/Original Images/BacterialSpot/BacterialSpot(206).jpg,/content/drive/MyDrive/Papaya_Leaf_Disease_Classification/YOLO_Bounding_Box/BacterialSpot/BacterialSpot(206).txt,Box dòng 1 đã được tự động cắt xén (clip) vừa ảnh.
BacterialSpot,/content/drive/MyDrive/Papaya_Leaf_Disease_Classification/BDPapayaLeaf/Original Images/BacterialSpot/BacterialSpot(208).jpg,/content/drive/MyDrive/Papaya_Leaf_Disease_Classification/YOLO_Bounding_Box/BacterialSpot/BacterialSpot(208).txt,Box dòng 1 đã được tự động cắt xén (clip) vừa ảnh.
BacterialSpot,/content/drive/MyDrive/Papaya_Leaf_Disease_Classification/BDPapayaLeaf/Original Images/BacterialSpot/BacterialSpot(209).jpg,/content/drive/MyDrive/Papaya_Leaf_Disease_Classification/YOLO_Bounding_Box/BacterialSpot/BacterialSpot(209).txt,Box dòng 1 đã được tự động cắt xén (clip) vừa ảnh.
BacterialSpot,/content/drive/MyDrive/Papaya_Leaf_Disease_Classification/BDPapayaLeaf/Original Images/BacterialSpot/BacterialSpot(210).jpg,/content/drive/MyDrive/Papaya_Leaf_Disease_Classification/YOLO_Bounding_Box/BacterialSpot/BacterialSpot(210).txt,Box dòng 1 đã được tự động cắt xén (clip) vừa ảnh.
BacterialSpot,/content/drive/MyDrive/Papaya_Leaf_Disease_Classification/BDPapayaLeaf/Original Images/BacterialSpot/BacterialSpot(211).jpg,/content/drive/MyDrive/Papaya_Leaf_Disease_Classification/YOLO_Bounding_Box/BacterialSpot/BacterialSpot(211).txt,Box dòng 1 đã được tự động cắt xén (clip) vừa ảnh.
BacterialSpot,/content/drive/MyDrive/Papaya_Leaf_Disease_Classification/BDPapayaLeaf/Original Images/BacterialSpot/BacterialSpot(214).jpg,/content/drive/MyDrive/Papaya_Leaf_Disease_Classification/YOLO_Bounding_Box/BacterialSpot/BacterialSpot(214).txt,Box dòng 1 đã được tự động cắt xén (clip) vừa ảnh.
BacterialSpot,/content/drive/MyDrive/Papaya_Leaf_Disease_Classification/BDPapayaLeaf/Original Images/BacterialSpot/BacterialSpot(216).jpg,/content/drive/MyDrive/Papaya_Leaf_Disease_Classification/YOLO_Bounding_Box/BacterialSpot/BacterialSpot(216).txt,Box dòng 1 đã được tự động cắt xén (clip) vừa ảnh.
BacterialSpot,/content/drive/MyDrive/Papaya_Leaf_Disease_Classification/BDPapayaLeaf/Original Images/BacterialSpot/BacterialSpot(219).jpg,/content/drive/MyDrive/Papaya_Leaf_Disease_Classification/YOLO_Bounding_Box/BacterialSpot/BacterialSpot(219).txt,Box dòng 1 đã được tự động cắt xén (clip) vừa ảnh.
BacterialSpot,/content/drive/MyDrive/Papaya_Leaf_Disease_Classification/BDPapayaLeaf/Original Images/BacterialSpot/BacterialSpot(220).jpg,/content/drive/MyDrive/Papaya_Leaf_Disease_Classification/YOLO_Bounding_Box/BacterialSpot/BacterialSpot(220).txt,Box dòng 1 đã được tự động cắt xén (clip) vừa ảnh.
BacterialSpot,/content/drive/MyDrive/Papaya_Leaf_Disease_Classification/BDPapayaLeaf/Original Images/BacterialSpot/BacterialSpot(223).jpg,/content/drive/MyDrive/Papaya_Leaf_Disease_Classification/YOLO_Bounding_Box/BacterialSpot/BacterialSpot(223).txt,Box dòng 1 đã được tự động cắt xén (clip) vừa ảnh.
BacterialSpot,/content/drive/MyDrive/Papaya_Leaf_Disease_Classification/BDPapayaLeaf/Original Images/BacterialSpot/BacterialSpot(225).jpg,/content/drive/MyDrive/Papaya_Leaf_Disease_Classification/YOLO_Bounding_Box/BacterialSpot/BacterialSpot(225).txt,Box dòng 1 đã được tự động cắt xén (clip) vừa ảnh.
BacterialSpot,/content/drive/MyDrive/Papaya_Leaf_Disease_Classification/BDPapayaLeaf/Original Images/BacterialSpot/BacterialSpot(226).jpg,/content/drive/MyDrive/Papaya_Leaf_Disease_Classification/YOLO_Bounding_Box/BacterialSpot/BacterialSpot(226).txt,Box dòng 1 đã được tự động cắt xén (clip) vừa ảnh.
BacterialSpot,/content/drive/MyDrive/Papaya_Leaf_Disease_Classification/BDPapayaLeaf/Original Images/BacterialSpot/BacterialSpot(230).jpg,/content/drive/MyDrive/Papaya_Leaf_Disease_Classification/YOLO_Bounding_Box/BacterialSpot/BacterialSpot(230).txt,Box dòng 1 đã được tự động cắt xén (clip) vừa ảnh.
BacterialSpot,/content/drive/MyDrive/Papaya_Leaf_Disease_Classification/BDPapayaLeaf/Original Images/BacterialSpot/BacterialSpot(231).jpg,/content/drive/MyDrive/Papaya_Leaf_Disease_Classification/YOLO_Bounding_Box/BacterialSpot/BacterialSpot(231).txt,Box dòng 1 đã được tự động cắt xén (clip) vừa ảnh.
BacterialSpot,/content/drive/MyDrive/Papaya_Leaf_Disease_Classification/BDPapayaLeaf/Original Images/BacterialSpot/BacterialSpot(232).jpg,/content/drive/MyDrive/Papaya_Leaf_Disease_Classification/YOLO_Bounding_Box/BacterialSpot/BacterialSpot(232).txt,Box dòng 1 đã được tự động cắt xén (clip) vừa ảnh.
BacterialSpot,/content/drive/MyDrive/Papaya_Leaf_Disease_Classification/BDPapayaLeaf/Original Images/BacterialSpot/BacterialSpot(235).jpg,/content/drive/MyDrive/Papaya_Leaf_Disease_Classification/YOLO_Bounding_Box/BacterialSpot/BacterialSpot(235).txt,Box dòng 1 đã được tự động cắt xén (clip) vừa ảnh.
BacterialSpot,/content/drive/MyDrive/Papaya_Leaf_Disease_Classification/BDPapayaLeaf/Original Images/BacterialSpot/BacterialSpot(24).jpg,/content/drive/MyDrive/Papaya_Leaf_Disease_Classification/YOLO_Bounding_Box/BacterialSpot/BacterialSpot(24).txt,Box dòng 1 đã được tự động cắt xén (clip) vừa ảnh.
BacterialSpot,/content/drive/MyDrive/Papaya_Leaf_Disease_Classification/BDPapayaLeaf/Original Images/BacterialSpot/BacterialSpot(240).jpg,/content/drive/MyDrive/Papaya_Leaf_Disease_Classification/YOLO_Bounding_Box/BacterialSpot/BacterialSpot(240).txt,Box dòng 1 đã được tự động cắt xén (clip) vừa ảnh.
BacterialSpot,/content/drive/MyDrive/Papaya_Leaf_Disease_Classification/BDPapayaLeaf/Original Images/BacterialSpot/BacterialSpot(241).jpg,/content/drive/MyDrive/Papaya_Leaf_Disease_Classification/YOLO_Bounding_Box/BacterialSpot/BacterialSpot(241).txt,Box dòng 1 đã được tự động cắt xén (clip) vừa ảnh.
BacterialSpot,/content/drive/MyDrive/Papaya_Leaf_Disease_Classification/BDPapayaLeaf/Original Images/BacterialSpot/BacterialSpot(242).jpg,/content/drive/MyDrive/Papaya_Leaf_Disease_Classification/YOLO_Bounding_Box/BacterialSpot/BacterialSpot(242).txt,Box dòng 1 đã được tự động cắt xén (clip) vừa ảnh.
BacterialSpot,/content/drive/MyDrive/Papaya_Leaf_Disease_Classification/BDPapayaLeaf/Original Images/BacterialSpot/BacterialSpot(243).jpg,/content/drive/MyDrive/Papaya_Leaf_Disease_Classification/YOLO_Bounding_Box/BacterialSpot/BacterialSpot(243).txt,Box dòng 1 đã được tự động cắt xén (clip) vừa ảnh.
BacterialSpot,/content/drive/MyDrive/Papaya_Leaf_Disease_Classification/BDPapayaLeaf/Original Images/BacterialSpot/BacterialSpot(244).jpg,/content/drive/MyDrive/Papaya_Leaf_Disease_Classification/YOLO_Bounding_Box/BacterialSpot/BacterialSpot(244).txt,Box dòng 1 đã được tự động cắt xén (clip) vừa ảnh.
BacterialSpot,/content/drive/MyDrive/Papaya_Leaf_Disease_Classification/BDPapayaLeaf/Original Images/BacterialSpot/BacterialSpot(246).jpg,/content/drive/MyDrive/Papaya_Leaf_Disease_Classification/YOLO_Bounding_Box/BacterialSpot/BacterialSpot(246).txt,Box dòng 1 đã được tự động cắt xén (clip) vừa ảnh.
BacterialSpot,/content/drive/MyDrive/Papaya_Leaf_Disease_Classification/BDPapayaLeaf/Original Images/BacterialSpot/BacterialSpot(249).jpg,/content/drive/MyDrive/Papaya_Leaf_Disease_Classification/YOLO_Bounding_Box/BacterialSpot/BacterialSpot(249).txt,Box dòng 1 đã được tự động cắt xén (clip) vừa ảnh.
BacterialSpot,/content/drive/MyDrive/Papaya_Leaf_Disease_Classification/BDPapayaLeaf/Original Images/BacterialSpot/BacterialSpot(250).jpg,/content/drive/MyDrive/Papaya_Leaf_Disease_Classification/YOLO_Bounding_Box/BacterialSpot/BacterialSpot(250).txt,Box dòng 1 đã được tự động cắt xén (clip) vừa ảnh.
BacterialSpot,/content/drive/MyDrive/Papaya_Leaf_Disease_Classification/BDPapayaLeaf/Original Images/BacterialSpot/BacterialSpot(251).jpg,/content/drive/MyDrive/Papaya_Leaf_Disease_Classification/YOLO_Bounding_Box/BacterialSpot/BacterialSpot(251).txt,Box dòng 1 đã được tự động cắt xén (clip) vừa ảnh.
BacterialSpot,/content/drive/MyDrive/Papaya_Leaf_Disease_Classification/BDPapayaLeaf/Original Images/BacterialSpot/BacterialSpot(252).jpg,/content/drive/MyDrive/Papaya_Leaf_Disease_Classification/YOLO_Bounding_Box/BacterialSpot/BacterialSpot(252).txt,Box dòng 1 đã được tự động cắt xén (clip) vừa ảnh.
BacterialSpot,/content/drive/MyDrive/Papaya_Leaf_Disease_Classification/BDPapayaLeaf/Original Images/BacterialSpot/BacterialSpot(256).jpg,/content/drive/MyDrive/Papaya_Leaf_Disease_Classification/YOLO_Bounding_Box/BacterialSpot/BacterialSpot(256).txt,Box dòng 1 đã được tự động cắt xén (clip) vừa ảnh.
BacterialSpot,/content/drive/MyDrive/Papaya_Leaf_Disease_Classification/BDPapayaLeaf/Original Images/BacterialSpot/BacterialSpot(257).jpg,/content/drive/MyDrive/Papaya_Leaf_Disease_Classification/YOLO_Bounding_Box/BacterialSpot/BacterialSpot(257).txt,Box dòng 1 đã được tự động cắt xén (clip) vừa ảnh.
BacterialSpot,/content/drive/MyDrive/Papaya_Leaf_Disease_Classification/BDPapayaLeaf/Original Images/BacterialSpot/BacterialSpot(258).jpg,/content/drive/MyDrive/Papaya_Leaf_Disease_Classification/YOLO_Bounding_Box/BacterialSpot/BacterialSpot(258).txt,Box dòng 1 đã được tự động cắt xén (clip) vừa ảnh.
BacterialSpot,/content/drive/MyDrive/Papaya_Leaf_Disease_Classification/BDPapayaLeaf/Original Images/BacterialSpot/BacterialSpot(259).jpg,/content/drive/MyDrive/Papaya_Leaf_Disease_Classification/YOLO_Bounding_Box/BacterialSpot/BacterialSpot(259).txt,Box dòng 1 đã được tự động cắt xén (clip) vừa ảnh.
BacterialSpot,/content/drive/MyDrive/Papaya_Leaf_Disease_Classification/BDPapayaLeaf/Original Images/BacterialSpot/BacterialSpot(26).jpg,/content/drive/MyDrive/Papaya_Leaf_Disease_Classification/YOLO_Bounding_Box/BacterialSpot/BacterialSpot(26).txt,Box dòng 1 đã được tự động cắt xén (clip) vừa ảnh.
BacterialSpot,/content/drive/MyDrive/Papaya_Leaf_Disease_Classification/BDPapayaLeaf/Original Images/BacterialSpot/BacterialSpot(260).jpg,/content/drive/MyDrive/Papaya_Leaf_Disease_Classification/YOLO_Bounding_Box/BacterialSpot/BacterialSpot(260).txt,Box dòng 1 đã được tự động cắt xén (clip) vừa ảnh.
BacterialSpot,/content/drive/MyDrive/Papaya_Leaf_Disease_Classification/BDPapayaLeaf/Original Images/BacterialSpot/BacterialSpot(261).jpg,/content/drive/MyDrive/Papaya_Leaf_Disease_Classification/YOLO_Bounding_Box/BacterialSpot/BacterialSpot(261).txt,Box dòng 1 đã được tự động cắt xén (clip) vừa ảnh.
BacterialSpot,/content/drive/MyDrive/Papaya_Leaf_Disease_Classification/BDPapayaLeaf/Original Images/BacterialSpot/BacterialSpot(262).jpg,/content/drive/MyDrive/Papaya_Leaf_Disease_Classification/YOLO_Bounding_Box/BacterialSpot/BacterialSpot(262).txt,Box dòng 1 đã được tự động cắt xén (clip) vừa ảnh.
BacterialSpot,/content/drive/MyDrive/Papaya_Leaf_Disease_Classification/BDPapayaLeaf/Original Images/BacterialSpot/BacterialSpot(264).jpg,/content/drive/MyDrive/Papaya_Leaf_Disease_Classification/YOLO_Bounding_Box/BacterialSpot/BacterialSpot(264).txt,Box dòng 1 đã được tự động cắt xén (clip) vừa ảnh.
BacterialSpot,/content/drive/MyDrive/Papaya_Leaf_Disease_Classification/BDPapayaLeaf/Original Images/BacterialSpot/BacterialSpot(266).jpg,/content/drive/MyDrive/Papaya_Leaf_Disease_Classification/YOLO_Bounding_Box/BacterialSpot/BacterialSpot(266).txt,Box dòng 1 đã được tự động cắt xén (clip) vừa ảnh.
BacterialSpot,/content/drive/MyDrive/Papaya_Leaf_Disease_Classification/BDPapayaLeaf/Original Images/BacterialSpot/BacterialSpot(267).jpg,/content/drive/MyDrive/Papaya_Leaf_Disease_Classification/YOLO_Bounding_Box/BacterialSpot/BacterialSpot(267).txt,Box dòng 1 đã được tự động cắt xén (clip) vừa ảnh.
BacterialSpot,/content/drive/MyDrive/Papaya_Leaf_Disease_Classification/BDPapayaLeaf/Original Images/BacterialSpot/BacterialSpot(27).jpg,/content/drive/MyDrive/Papaya_Leaf_Disease_Classification/YOLO_Bounding_Box/BacterialSpot/BacterialSpot(27).txt,Box dòng 1 đã được tự động cắt xén (clip) vừa ảnh.
BacterialSpot,/content/drive/MyDrive/Papaya_Leaf_Disease_Classification/BDPapayaLeaf/Original Images/BacterialSpot/BacterialSpot(270).jpg,/content/drive/MyDrive/Papaya_Leaf_Disease_Classification/YOLO_Bounding_Box/BacterialSpot/BacterialSpot(270).txt,Box dòng 1 đã được tự động cắt xén (clip) vừa ảnh.
BacterialSpot,/content/drive/MyDrive/Papaya_Leaf_Disease_Classification/BDPapayaLeaf/Original Images/BacterialSpot/BacterialSpot(272).jpg,/content/drive/MyDrive/Papaya_Leaf_Disease_Classification/YOLO_Bounding_Box/BacterialSpot/BacterialSpot(272).txt,Box dòng 1 đã được tự động cắt xén (clip) vừa ảnh.
BacterialSpot,/content/drive/MyDrive/Papaya_Leaf_Disease_Classification/BDPapayaLeaf/Original Images/BacterialSpot/BacterialSpot(273).jpg,/content/drive/MyDrive/Papaya_Leaf_Disease_Classification/YOLO_Bounding_Box/BacterialSpot/BacterialSpot(273).txt,Box dòng 1 đã được tự động cắt xén (clip) vừa ảnh.
BacterialSpot,/content/drive/MyDrive/Papaya_Leaf_Disease_Classification/BDPapayaLeaf/Original Images/BacterialSpot/BacterialSpot(274).jpg,/content/drive/MyDrive/Papaya_Leaf_Disease_Classification/YOLO_Bounding_Box/BacterialSpot/BacterialSpot(274).txt,Box dòng 1 đã được tự động cắt xén (clip) vừa ảnh.
BacterialSpot,/content/drive/MyDrive/Papaya_Leaf_Disease_Classification/BDPapayaLeaf/Original Images/BacterialSpot/BacterialSpot(275).jpg,/content/drive/MyDrive/Papaya_Leaf_Disease_Classification/YOLO_Bounding_Box/BacterialSpot/BacterialSpot(275).txt,Box dòng 1 đã được tự động cắt xén (clip) vừa ảnh.
BacterialSpot,/content/drive/MyDrive/Papaya_Leaf_Disease_Classification/BDPapayaLeaf/Original Images/BacterialSpot/BacterialSpot(277).jpg,/content/drive/MyDrive/Papaya_Leaf_Disease_Classification/YOLO_Bounding_Box/BacterialSpot/BacterialSpot(277).txt,Box dòng 1 đã được tự động cắt xén (clip) vừa ảnh.
BacterialSpot,/content/drive/MyDrive/Papaya_Leaf_Disease_Classification/BDPapayaLeaf/Original Images/BacterialSpot/BacterialSpot(278).jpg,/content/drive/MyDrive/Papaya_Leaf_Disease_Classification/YOLO_Bounding_Box/BacterialSpot/BacterialSpot(278).txt,Box dòng 1 đã được tự động cắt xén (clip) vừa ảnh.
BacterialSpot,/content/drive/MyDrive/Papaya_Leaf_Disease_Classification/BDPapayaLeaf/Original Images/BacterialSpot/BacterialSpot(279).jpg,/content/drive/MyDrive/Papaya_Leaf_Disease_Classification/YOLO_Bounding_Box/BacterialSpot/BacterialSpot(279).txt,Box dòng 1 đã được tự động cắt xén (clip) vừa ảnh.
BacterialSpot,/content/drive/MyDrive/Papaya_Leaf_Disease_Classification/BDPapayaLeaf/Original Images/BacterialSpot/BacterialSpot(281).jpg,/content/drive/MyDrive/Papaya_Leaf_Disease_Classification/YOLO_Bounding_Box/BacterialSpot/BacterialSpot(281).txt,Box dòng 1 đã được tự động cắt xén (clip) vừa ảnh.
BacterialSpot,/content/drive/MyDrive/Papaya_Leaf_Disease_Classification/BDPapayaLeaf/Original Images/BacterialSpot/BacterialSpot(283).jpg,/content/drive/MyDrive/Papaya_Leaf_Disease_Classification/YOLO_Bounding_Box/BacterialSpot/BacterialSpot(283).txt,Box dòng 1 đã được tự động cắt xén (clip) vừa ảnh.
BacterialSpot,/content/drive/MyDrive/Papaya_Leaf_Disease_Classification/BDPapayaLeaf/Original Images/BacterialSpot/BacterialSpot(285).jpg,/content/drive/MyDrive/Papaya_Leaf_Disease_Classification/YOLO_Bounding_Box/BacterialSpot/BacterialSpot(285).txt,Box dòng 1 đã được tự động cắt xén (clip) vừa ảnh.
BacterialSpot,/content/drive/MyDrive/Papaya_Leaf_Disease_Classification/BDPapayaLeaf/Original Images/BacterialSpot/BacterialSpot(288).jpg,/content/drive/MyDrive/Papaya_Leaf_Disease_Classification/YOLO_Bounding_Box/BacterialSpot/BacterialSpot(288).txt,Box dòng 1 đã được tự động cắt xén (clip) vừa ảnh.
BacterialSpot,/content/drive/MyDrive/Papaya_Leaf_Disease_Classification/BDPapayaLeaf/Original Images/BacterialSpot/BacterialSpot(289).jpg,/content/drive/MyDrive/Papaya_Leaf_Disease_Classification/YOLO_Bounding_Box/BacterialSpot/BacterialSpot(289).txt,Box dòng 1 đã được tự động cắt xén (clip) vừa ảnh.
BacterialSpot,/content/drive/MyDrive/Papaya_Leaf_Disease_Classification/BDPapayaLeaf/Original Images/BacterialSpot/BacterialSpot(290).jpg,/content/drive/MyDrive/Papaya_Leaf_Disease_Classification/YOLO_Bounding_Box/BacterialSpot/BacterialSpot(290).txt,Box dòng 1 đã được tự động cắt xén (clip) vừa ảnh.
BacterialSpot,/content/drive/MyDrive/Papaya_Leaf_Disease_Classification/BDPapayaLeaf/Original Images/BacterialSpot/BacterialSpot(292).jpg,/content/drive/MyDrive/Papaya_Leaf_Disease_Classification/YOLO_Bounding_Box/BacterialSpot/BacterialSpot(292).txt,Box dòng 1 đã được tự động cắt xén (clip) vừa ảnh.
BacterialSpot,/content/drive/MyDrive/Papaya_Leaf_Disease_Classification/BDPapayaLeaf/Original Images/BacterialSpot/BacterialSpot(293).jpg,/content/drive/MyDrive/Papaya_Leaf_Disease_Classification/YOLO_Bounding_Box/BacterialSpot/BacterialSpot(293).txt,Box dòng 1 đã được tự động cắt xén (clip) vừa ảnh.
BacterialSpot,/content/drive/MyDrive/Papaya_Leaf_Disease_Classification/BDPapayaLeaf/Original Images/BacterialSpot/BacterialSpot(296).jpg,/content/drive/MyDrive/Papaya_Leaf_Disease_Classification/YOLO_Bounding_Box/BacterialSpot/BacterialSpot(296).txt,Box dòng 1 đã được tự động cắt xén (clip) vừa ảnh.
BacterialSpot,/content/drive/MyDrive/Papaya_Leaf_Disease_Classification/BDPapayaLeaf/Original Images/BacterialSpot/BacterialSpot(30).jpg,/content/drive/MyDrive/Papaya_Leaf_Disease_Classification/YOLO_Bounding_Box/BacterialSpot/BacterialSpot(30).txt,Box dòng 1 đã được tự động cắt xén (clip) vừa ảnh.
BacterialSpot,/content/drive/MyDrive/Papaya_Leaf_Disease_Classification/BDPapayaLeaf/Original Images/BacterialSpot/BacterialSpot(303).jpg,/content/drive/MyDrive/Papaya_Leaf_Disease_Classification/YOLO_Bounding_Box/BacterialSpot/BacterialSpot(303).txt,Box dòng 1 đã được tự động cắt xén (clip) vừa ảnh.
BacterialSpot,/content/drive/MyDrive/Papaya_Leaf_Disease_Classification/BDPapayaLeaf/Original Images/BacterialSpot/BacterialSpot(306).jpg,/content/drive/MyDrive/Papaya_Leaf_Disease_Classification/YOLO_Bounding_Box/BacterialSpot/BacterialSpot(306).txt,Box dòng 1 đã được tự động cắt xén (clip) vừa ảnh.
BacterialSpot,/content/drive/MyDrive/Papaya_Leaf_Disease_Classification/BDPapayaLeaf/Original Images/BacterialSpot/BacterialSpot(308).jpg,/content/drive/MyDrive/Papaya_Leaf_Disease_Classification/YOLO_Bounding_Box/BacterialSpot/BacterialSpot(308).txt,Box dòng 1 đã được tự động cắt xén (clip) vừa ảnh.
BacterialSpot,/content/drive/MyDrive/Papaya_Leaf_Disease_Classification/BDPapayaLeaf/Original Images/BacterialSpot/BacterialSpot(309).jpg,/content/drive/MyDrive/Papaya_Leaf_Disease_Classification/YOLO_Bounding_Box/BacterialSpot/BacterialSpot(309).txt,Box dòng 1 đã được tự động cắt xén (clip) vừa ảnh.
BacterialSpot,/content/drive/MyDrive/Papaya_Leaf_Disease_Classification/BDPapayaLeaf/Original Images/BacterialSpot/BacterialSpot(31).jpg,/content/drive/MyDrive/Papaya_Leaf_Disease_Classification/YOLO_Bounding_Box/BacterialSpot/BacterialSpot(31).txt,Box dòng 1 đã được tự động cắt xén (clip) vừa ảnh.
BacterialSpot,/content/drive/MyDrive/Papaya_Leaf_Disease_Classification/BDPapayaLeaf/Original Images/BacterialSpot/BacterialSpot(310).jpg,/content/drive/MyDrive/Papaya_Leaf_Disease_Classification/YOLO_Bounding_Box/BacterialSpot/BacterialSpot(310).txt,Box dòng 1 đã được tự động cắt xén (clip) vừa ảnh.
BacterialSpot,/content/drive/MyDrive/Papaya_Leaf_Disease_Classification/BDPapayaLeaf/Original Images/BacterialSpot/BacterialSpot(313).jpg,/content/drive/MyDrive/Papaya_Leaf_Disease_Classification/YOLO_Bounding_Box/BacterialSpot/BacterialSpot(313).txt,Box dòng 1 đã được tự động cắt xén (clip) vừa ảnh.
BacterialSpot,/content/drive/MyDrive/Papaya_Leaf_Disease_Classification/BDPapayaLeaf/Original Images/BacterialSpot/BacterialSpot(316).jpg,/content/drive/MyDrive/Papaya_Leaf_Disease_Classification/YOLO_Bounding_Box/BacterialSpot/BacterialSpot(316).txt,Box dòng 1 đã được tự động cắt xén (clip) vừa ảnh.
BacterialSpot,/content/drive/MyDrive/Papaya_Leaf_Disease_Classification/BDPapayaLeaf/Original Images/BacterialSpot/BacterialSpot(317).jpg,/content/drive/MyDrive/Papaya_Leaf_Disease_Classification/YOLO_Bounding_Box/BacterialSpot/BacterialSpot(317).txt,Box dòng 1 đã được tự động cắt xén (clip) vừa ảnh.
BacterialSpot,/content/drive/MyDrive/Papaya_Leaf_Disease_Classification/BDPapayaLeaf/Original Images/BacterialSpot/BacterialSpot(320).jpg,/content/drive/MyDrive/Papaya_Leaf_Disease_Classification/YOLO_Bounding_Box/BacterialSpot/BacterialSpot(320).txt,Box dòng 1 đã được tự động cắt xén (clip) vừa ảnh.
BacterialSpot,/content/drive/MyDrive/Papaya_Leaf_Disease_Classification/BDPapayaLeaf/Original Images/BacterialSpot/BacterialSpot(321).jpg,/content/drive/MyDrive/Papaya_Leaf_Disease_Classification/YOLO_Bounding_Box/BacterialSpot/BacterialSpot(321).txt,Box dòng 1 đã được tự động cắt xén (clip) vừa ảnh.
BacterialSpot,/content/drive/MyDrive/Papaya_Leaf_Disease_Classification/BDPapayaLeaf/Original Images/BacterialSpot/BacterialSpot(323).jpg,/content/drive/MyDrive/Papaya_Leaf_Disease_Classification/YOLO_Bounding_Box/BacterialSpot/BacterialSpot(323).txt,Box dòng 1 đã được tự động cắt xén (clip) vừa ảnh.
BacterialSpot,/content/drive/MyDrive/Papaya_Leaf_Disease_Classification/BDPapayaLeaf/Original Images/BacterialSpot/BacterialSpot(324).jpg,/content/drive/MyDrive/Papaya_Leaf_Disease_Classification/YOLO_Bounding_Box/BacterialSpot/BacterialSpot(324).txt,Box dòng 1 đã được tự động cắt xén (clip) vừa ảnh.
BacterialSpot,/content/drive/MyDrive/Papaya_Leaf_Disease_Classification/BDPapayaLeaf/Original Images/BacterialSpot/BacterialSpot(325).jpg,/content/drive/MyDrive/Papaya_Leaf_Disease_Classification/YOLO_Bounding_Box/BacterialSpot/BacterialSpot(325).txt,Box dòng 1 đã được tự động cắt xén (clip) vừa ảnh.
BacterialSpot,/content/drive/MyDrive/Papaya_Leaf_Disease_Classification/BDPapayaLeaf/Original Images/BacterialSpot/BacterialSpot(326).jpg,/content/drive/MyDrive/Papaya_Leaf_Disease_Classification/YOLO_Bounding_Box/BacterialSpot/BacterialSpot(326).txt,Box dòng 1 đã được tự động cắt xén (clip) vừa ảnh.
BacterialSpot,/content/drive/MyDrive/Papaya_Leaf_Disease_Classification/BDPapayaLeaf/Original Images/BacterialSpot/BacterialSpot(328).jpg,/content/drive/MyDrive/Papaya_Leaf_Disease_Classification/YOLO_Bounding_Box/BacterialSpot/BacterialSpot(328).txt,Box dòng 1 đã được tự động cắt xén (clip) vừa ảnh.
BacterialSpot,/content/drive/MyDrive/Papaya_Leaf_Disease_Classification/BDPapayaLeaf/Original Images/BacterialSpot/BacterialSpot(330).jpg,/content/drive/MyDrive/Papaya_Leaf_Disease_Classification/YOLO_Bounding_Box/BacterialSpot/BacterialSpot(330).txt,Box dòng 1 đã được tự động cắt xén (clip) vừa ảnh.
BacterialSpot,/content/drive/MyDrive/Papaya_Leaf_Disease_Classification/BDPapayaLeaf/Original Images/BacterialSpot/BacterialSpot(331).jpg,/content/drive/MyDrive/Papaya_Leaf_Disease_Classification/YOLO_Bounding_Box/BacterialSpot/BacterialSpot(331).txt,Box dòng 1 đã được tự động cắt xén (clip) vừa ảnh.
BacterialSpot,/content/drive/MyDrive/Papaya_Leaf_Disease_Classification/BDPapayaLeaf/Original Images/BacterialSpot/BacterialSpot(332).jpg,/content/drive/MyDrive/Papaya_Leaf_Disease_Classification/YOLO_Bounding_Box/BacterialSpot/BacterialSpot(332).txt,Box dòng 1 đã được tự động cắt xén (clip) vừa ảnh.
BacterialSpot,/content/drive/MyDrive/Papaya_Leaf_Disease_Classification/BDPapayaLeaf/Original Images/BacterialSpot/BacterialSpot(333).jpg,/content/drive/MyDrive/Papaya_Leaf_Disease_Classification/YOLO_Bounding_Box/BacterialSpot/BacterialSpot(333).txt,Box dòng 1 đã được tự động cắt xén (clip) vừa ảnh.
BacterialSpot,/content/drive/MyDrive/Papaya_Leaf_Disease_Classification/BDPapayaLeaf/Original Images/BacterialSpot/BacterialSpot(338).jpg,/content/drive/MyDrive/Papaya_Leaf_Disease_Classification/YOLO_Bounding_Box/BacterialSpot/BacterialSpot(338).txt,Box dòng 1 đã được tự động cắt xén (clip) vừa ảnh.
BacterialSpot,/content/drive/MyDrive/Papaya_Leaf_Disease_Classification/BDPapayaLeaf/Original Images/BacterialSpot/BacterialSpot(34).jpg,/content/drive/MyDrive/Papaya_Leaf_Disease_Classification/YOLO_Bounding_Box/BacterialSpot/BacterialSpot(34).txt,Box dòng 1 đã được tự động cắt xén (clip) vừa ảnh.
BacterialSpot,/content/drive/MyDrive/Papaya_Leaf_Disease_Classification/BDPapayaLeaf/Original Images/BacterialSpot/BacterialSpot(341).jpg,/content/drive/MyDrive/Papaya_Leaf_Disease_Classification/YOLO_Bounding_Box/BacterialSpot/BacterialSpot(341).txt,Box dòng 1 đã được tự động cắt xén (clip) vừa ảnh.
BacterialSpot,/content/drive/MyDrive/Papaya_Leaf_Disease_Classification/BDPapayaLeaf/Original Images/BacterialSpot/BacterialSpot(342).jpg,/content/drive/MyDrive/Papaya_Leaf_Disease_Classification/YOLO_Bounding_Box/BacterialSpot/BacterialSpot(342).txt,Box dòng 1 đã được tự động cắt xén (clip) vừa ảnh.
BacterialSpot,/content/drive/MyDrive/Papaya_Leaf_Disease_Classification/BDPapayaLeaf/Original Images/BacterialSpot/BacterialSpot(343).jpg,/content/drive/MyDrive/Papaya_Leaf_Disease_Classification/YOLO_Bounding_Box/BacterialSpot/BacterialSpot(343).txt,Box dòng 1 đã được tự động cắt xén (clip) vừa ảnh.
BacterialSpot,/content/drive/MyDrive/Papaya_Leaf_Disease_Classification/BDPapayaLeaf/Original Images/BacterialSpot/BacterialSpot(344).jpg,/content/drive/MyDrive/Papaya_Leaf_Disease_Classification/YOLO_Bounding_Box/BacterialSpot/BacterialSpot(344).txt,Box dòng 1 đã được tự động cắt xén (clip) vừa ảnh.
BacterialSpot,/content/drive/MyDrive/Papaya_Leaf_Disease_Classification/BDPapayaLeaf/Original Images/BacterialSpot/BacterialSpot(345).jpg,/content/drive/MyDrive/Papaya_Leaf_Disease_Classification/YOLO_Bounding_Box/BacterialSpot/BacterialSpot(345).txt,Box dòng 1 đã được tự động cắt xén (clip) vừa ảnh.
BacterialSpot,/content/drive/MyDrive/Papaya_Leaf_Disease_Classification/BDPapayaLeaf/Original Images/BacterialSpot/BacterialSpot(347).jpg,/content/drive/MyDrive/Papaya_Leaf_Disease_Classification/YOLO_Bounding_Box/BacterialSpot/BacterialSpot(347).txt,Box dòng 1 đã được tự động cắt xén (clip) vừa ảnh.
BacterialSpot,/content/drive/MyDrive/Papaya_Leaf_Disease_Classification/BDPapayaLeaf/Original Images/BacterialSpot/BacterialSpot(348).jpg,/content/drive/MyDrive/Papaya_Leaf_Disease_Classification/YOLO_Bounding_Box/BacterialSpot/BacterialSpot(348).txt,Box dòng 1 đã được tự động cắt xén (clip) vừa ảnh.
BacterialSpot,/content/drive/MyDrive/Papaya_Leaf_Disease_Classification/BDPapayaLeaf/Original Images/BacterialSpot/BacterialSpot(351).jpg,/content/drive/MyDrive/Papaya_Leaf_Disease_Classification/YOLO_Bounding_Box/BacterialSpot/BacterialSpot(351).txt,Box dòng 1 đã được tự động cắt xén (clip) vừa ảnh.
BacterialSpot,/content/drive/MyDrive/Papaya_Leaf_Disease_Classification/BDPapayaLeaf/Original Images/BacterialSpot/BacterialSpot(352).jpg,/content/drive/MyDrive/Papaya_Leaf_Disease_Classification/YOLO_Bounding_Box/BacterialSpot/BacterialSpot(352).txt,Box dòng 1 đã được tự động cắt xén (clip) vừa ảnh.
BacterialSpot,/content/drive/MyDrive/Papaya_Leaf_Disease_Classification/BDPapayaLeaf/Original Images/BacterialSpot/BacterialSpot(356).jpg,/content/drive/MyDrive/Papaya_Leaf_Disease_Classification/YOLO_Bounding_Box/BacterialSpot/BacterialSpot(356).txt,Box dòng 1 đã được tự động cắt xén (clip) vừa ảnh.
BacterialSpot,/content/drive/MyDrive/Papaya_Leaf_Disease_Classification/BDPapayaLeaf/Original Images/BacterialSpot/BacterialSpot(357).jpg,/content/drive/MyDrive/Papaya_Leaf_Disease_Classification/YOLO_Bounding_Box/BacterialSpot/BacterialSpot(357).txt,Box dòng 1 đã được tự động cắt xén (clip) vừa ảnh.
BacterialSpot,/content/drive/MyDrive/Papaya_Leaf_Disease_Classification/BDPapayaLeaf/Original Images/BacterialSpot/BacterialSpot(359).jpg,/content/drive/MyDrive/Papaya_Leaf_Disease_Classification/YOLO_Bounding_Box/BacterialSpot/BacterialSpot(359).txt,Box dòng 1 đã được tự động cắt xén (clip) vừa ảnh.
BacterialSpot,/content/drive/MyDrive/Papaya_Leaf_Disease_Classification/BDPapayaLeaf/Original Images/BacterialSpot/BacterialSpot(36).jpg,/content/drive/MyDrive/Papaya_Leaf_Disease_Classification/YOLO_Bounding_Box/BacterialSpot/BacterialSpot(36).txt,Box dòng 1 đã được tự động cắt xén (clip) vừa ảnh.
BacterialSpot,/content/drive/MyDrive/Papaya_Leaf_Disease_Classification/BDPapayaLeaf/Original Images/BacterialSpot/BacterialSpot(362).jpg,/content/drive/MyDrive/Papaya_Leaf_Disease_Classification/YOLO_Bounding_Box/BacterialSpot/BacterialSpot(362).txt,Box dòng 1 đã được tự động cắt xén (clip) vừa ảnh.
BacterialSpot,/content/drive/MyDrive/Papaya_Leaf_Disease_Classification/BDPapayaLeaf/Original Images/BacterialSpot/BacterialSpot(363).jpg,/content/drive/MyDrive/Papaya_Leaf_Disease_Classification/YOLO_Bounding_Box/BacterialSpot/BacterialSpot(363).txt,Box dòng 1 đã được tự động cắt xén (clip) vừa ảnh.
BacterialSpot,/content/drive/MyDrive/Papaya_Leaf_Disease_Classification/BDPapayaLeaf/Original Images/BacterialSpot/BacterialSpot(365).jpg,/content/drive/MyDrive/Papaya_Leaf_Disease_Classification/YOLO_Bounding_Box/BacterialSpot/BacterialSpot(365).txt,Box dòng 1 đã được tự động cắt xén (clip) vừa ảnh.
BacterialSpot,/content/drive/MyDrive/Papaya_Leaf_Disease_Classification/BDPapayaLeaf/Original Images/BacterialSpot/BacterialSpot(368).jpg,/content/drive/MyDrive/Papaya_Leaf_Disease_Classification/YOLO_Bounding_Box/BacterialSpot/BacterialSpot(368).txt,Box dòng 1 đã được tự động cắt xén (clip) vừa ảnh.
BacterialSpot,/content/drive/MyDrive/Papaya_Leaf_Disease_Classification/BDPapayaLeaf/Original Images/BacterialSpot/BacterialSpot(369).jpg,/content/drive/MyDrive/Papaya_Leaf_Disease_Classification/YOLO_Bounding_Box/BacterialSpot/BacterialSpot(369).txt,Box dòng 1 đã được tự động cắt xén (clip) vừa ảnh.
BacterialSpot,/content/drive/MyDrive/Papaya_Leaf_Disease_Classification/BDPapayaLeaf/Original Images/BacterialSpot/BacterialSpot(37).jpg,/content/drive/MyDrive/Papaya_Leaf_Disease_Classification/YOLO_Bounding_Box/BacterialSpot/BacterialSpot(37).txt,Box dòng 1 đã được tự động cắt xén (clip) vừa ảnh.
BacterialSpot,/content/drive/MyDrive/Papaya_Leaf_Disease_Classification/BDPapayaLeaf/Original Images/BacterialSpot/BacterialSpot(370).jpg,/content/drive/MyDrive/Papaya_Leaf_Disease_Classification/YOLO_Bounding_Box/BacterialSpot/BacterialSpot(370).txt,Box dòng 1 đã được tự động cắt xén (clip) vừa ảnh.
BacterialSpot,/content/drive/MyDrive/Papaya_Leaf_Disease_Classification/BDPapayaLeaf/Original Images/BacterialSpot/BacterialSpot(371).jpg,/content/drive/MyDrive/Papaya_Leaf_Disease_Classification/YOLO_Bounding_Box/BacterialSpot/BacterialSpot(371).txt,Box dòng 1 đã được tự động cắt xén (clip) vừa ảnh.
BacterialSpot,/content/drive/MyDrive/Papaya_Leaf_Disease_Classification/BDPapayaLeaf/Original Images/BacterialSpot/BacterialSpot(372).jpg,/content/drive/MyDrive/Papaya_Leaf_Disease_Classification/YOLO_Bounding_Box/BacterialSpot/BacterialSpot(372).txt,Box dòng 1 đã được tự động cắt xén (clip) vừa ảnh.
BacterialSpot,/content/drive/MyDrive/Papaya_Leaf_Disease_Classification/BDPapayaLeaf/Original Images/BacterialSpot/BacterialSpot(373).jpg,/content/drive/MyDrive/Papaya_Leaf_Disease_Classification/YOLO_Bounding_Box/BacterialSpot/BacterialSpot(373).txt,Box dòng 1 đã được tự động cắt xén (clip) vừa ảnh.
BacterialSpot,/content/drive/MyDrive/Papaya_Leaf_Disease_Classification/BDPapayaLeaf/Original Images/BacterialSpot/BacterialSpot(374).jpg,/content/drive/MyDrive/Papaya_Leaf_Disease_Classification/YOLO_Bounding_Box/BacterialSpot/BacterialSpot(374).txt,Box dòng 1 đã được tự động cắt xén (clip) vừa ảnh.
BacterialSpot,/content/drive/MyDrive/Papaya_Leaf_Disease_Classification/BDPapayaLeaf/Original Images/BacterialSpot/BacterialSpot(379).jpg,/content/drive/MyDrive/Papaya_Leaf_Disease_Classification/YOLO_Bounding_Box/BacterialSpot/BacterialSpot(379).txt,Box dòng 1 đã được tự động cắt xén (clip) vừa ảnh.
BacterialSpot,/content/drive/MyDrive/Papaya_Leaf_Disease_Classification/BDPapayaLeaf/Original Images/BacterialSpot/BacterialSpot(380).jpg,/content/drive/MyDrive/Papaya_Leaf_Disease_Classification/YOLO_Bounding_Box/BacterialSpot/BacterialSpot(380).txt,Box dòng 1 đã được tự động cắt xén (clip) vừa ảnh.
BacterialSpot,/content/drive/MyDrive/Papaya_Leaf_Disease_Classification/BDPapayaLeaf/Original Images/BacterialSpot/BacterialSpot(381).jpg,/content/drive/MyDrive/Papaya_Leaf_Disease_Classification/YOLO_Bounding_Box/BacterialSpot/BacterialSpot(381).txt,Box dòng 1 đã được tự động cắt xén (clip) vừa ảnh.
BacterialSpot,/content/drive/MyDrive/Papaya_Leaf_Disease_Classification/BDPapayaLeaf/Original Images/BacterialSpot/BacterialSpot(382).jpg,/content/drive/MyDrive/Papaya_Leaf_Disease_Classification/YOLO_Bounding_Box/BacterialSpot/BacterialSpot(382).txt,Box dòng 1 đã được tự động cắt xén (clip) vừa ảnh.
BacterialSpot,/content/drive/MyDrive/Papaya_Leaf_Disease_Classification/BDPapayaLeaf/Original Images/BacterialSpot/BacterialSpot(383).jpg,/content/drive/MyDrive/Papaya_Leaf_Disease_Classification/YOLO_Bounding_Box/BacterialSpot/BacterialSpot(383).txt,Box dòng 1 đã được tự động cắt xén (clip) vừa ảnh.
BacterialSpot,/content/drive/MyDrive/Papaya_Leaf_Disease_Classification/BDPapayaLeaf/Original Images/BacterialSpot/BacterialSpot(384).jpg,/content/drive/MyDrive/Papaya_Leaf_Disease_Classification/YOLO_Bounding_Box/BacterialSpot/BacterialSpot(384).txt,Box dòng 1 đã được tự động cắt xén (clip) vừa ảnh.
BacterialSpot,/content/drive/MyDrive/Papaya_Leaf_Disease_Classification/BDPapayaLeaf/Original Images/BacterialSpot/BacterialSpot(386).jpg,/content/drive/MyDrive/Papaya_Leaf_Disease_Classification/YOLO_Bounding_Box/BacterialSpot/BacterialSpot(386).txt,Box dòng 1 đã được tự động cắt xén (clip) vừa ảnh.
BacterialSpot,/content/drive/MyDrive/Papaya_Leaf_Disease_Classification/BDPapayaLeaf/Original Images/BacterialSpot/BacterialSpot(387).jpg,/content/drive/MyDrive/Papaya_Leaf_Disease_Classification/YOLO_Bounding_Box/BacterialSpot/BacterialSpot(387).txt,Box dòng 1 đã được tự động cắt xén (clip) vừa ảnh.
BacterialSpot,/content/drive/MyDrive/Papaya_Leaf_Disease_Classification/BDPapayaLeaf/Original Images/BacterialSpot/BacterialSpot(388).jpg,/content/drive/MyDrive/Papaya_Leaf_Disease_Classification/YOLO_Bounding_Box/BacterialSpot/BacterialSpot(388).txt,Box dòng 1 đã được tự động cắt xén (clip) vừa ảnh.
BacterialSpot,/content/drive/MyDrive/Papaya_Leaf_Disease_Classification/BDPapayaLeaf/Original Images/BacterialSpot/BacterialSpot(389).jpg,/content/drive/MyDrive/Papaya_Leaf_Disease_Classification/YOLO_Bounding_Box/BacterialSpot/BacterialSpot(389).txt,Box dòng 1 đã được tự động cắt xén (clip) vừa ảnh.
BacterialSpot,/content/drive/MyDrive/Papaya_Leaf_Disease_Classification/BDPapayaLeaf/Original Images/BacterialSpot/BacterialSpot(39).jpg,/content/drive/MyDrive/Papaya_Leaf_Disease_Classification/YOLO_Bounding_Box/BacterialSpot/BacterialSpot(39).txt,Box dòng 1 đã được tự động cắt xén (clip) vừa ảnh.
BacterialSpot,/content/drive/MyDrive/Papaya_Leaf_Disease_Classification/BDPapayaLeaf/Original Images/BacterialSpot/BacterialSpot(391).jpg,/content/drive/MyDrive/Papaya_Leaf_Disease_Classification/YOLO_Bounding_Box/BacterialSpot/BacterialSpot(391).txt,Box dòng 1 đã được tự động cắt xén (clip) vừa ảnh.
BacterialSpot,/content/drive/MyDrive/Papaya_Leaf_Disease_Classification/BDPapayaLeaf/Original Images/BacterialSpot/BacterialSpot(392).jpg,/content/drive/MyDrive/Papaya_Leaf_Disease_Classification/YOLO_Bounding_Box/BacterialSpot/BacterialSpot(392).txt,Box dòng 1 đã được tự động cắt xén (clip) vừa ảnh.
BacterialSpot,/content/drive/MyDrive/Papaya_Leaf_Disease_Classification/BDPapayaLeaf/Original Images/BacterialSpot/BacterialSpot(394).jpg,/content/drive/MyDrive/Papaya_Leaf_Disease_Classification/YOLO_Bounding_Box/BacterialSpot/BacterialSpot(394).txt,Box dòng 1 đã được tự động cắt xén (clip) vừa ảnh.
BacterialSpot,/content/drive/MyDrive/Papaya_Leaf_Disease_Classification/BDPapayaLeaf/Original Images/BacterialSpot/BacterialSpot(395).jpg,/content/drive/MyDrive/Papaya_Leaf_Disease_Classification/YOLO_Bounding_Box/BacterialSpot/BacterialSpot(395).txt,Box dòng 1 đã được tự động cắt xén (clip) vừa ảnh.
BacterialSpot,/content/drive/MyDrive/Papaya_Leaf_Disease_Classification/BDPapayaLeaf/Original Images/BacterialSpot/BacterialSpot(398).jpg,/content/drive/MyDrive/Papaya_Leaf_Disease_Classification/YOLO_Bounding_Box/BacterialSpot/BacterialSpot(398).txt,Box dòng 1 đã được tự động cắt xén (clip) vừa ảnh.
BacterialSpot,/content/drive/MyDrive/Papaya_Leaf_Disease_Classification/BDPapayaLeaf/Original Images/BacterialSpot/BacterialSpot(4).jpg,/content/drive/MyDrive/Papaya_Leaf_Disease_Classification/YOLO_Bounding_Box/BacterialSpot/BacterialSpot(4).txt,Box dòng 1 đã được tự động cắt xén (clip) vừa ảnh.
BacterialSpot,/content/drive/MyDrive/Papaya_Leaf_Disease_Classification/BDPapayaLeaf/Original Images/BacterialSpot/BacterialSpot(40).jpg,/content/drive/MyDrive/Papaya_Leaf_Disease_Classification/YOLO_Bounding_Box/BacterialSpot/BacterialSpot(40).txt,Box dòng 1 đã được tự động cắt xén (clip) vừa ảnh.
BacterialSpot,/content/drive/MyDrive/Papaya_Leaf_Disease_Classification/BDPapayaLeaf/Original Images/BacterialSpot/BacterialSpot(401).jpg,/content/drive/MyDrive/Papaya_Leaf_Disease_Classification/YOLO_Bounding_Box/BacterialSpot/BacterialSpot(401).txt,Box dòng 1 đã được tự động cắt xén (clip) vừa ảnh.
BacterialSpot,/content/drive/MyDrive/Papaya_Leaf_Disease_Classification/BDPapayaLeaf/Original Images/BacterialSpot/BacterialSpot(402).jpg,/content/drive/MyDrive/Papaya_Leaf_Disease_Classification/YOLO_Bounding_Box/BacterialSpot/BacterialSpot(402).txt,Box dòng 1 đã được tự động cắt xén (clip) vừa ảnh.
BacterialSpot,/content/drive/MyDrive/Papaya_Leaf_Disease_Classification/BDPapayaLeaf/Original Images/BacterialSpot/BacterialSpot(403).jpg,/content/drive/MyDrive/Papaya_Leaf_Disease_Classification/YOLO_Bounding_Box/BacterialSpot/BacterialSpot(403).txt,Box dòng 1 đã được tự động cắt xén (clip) vừa ảnh.
BacterialSpot,/content/drive/MyDrive/Papaya_Leaf_Disease_Classification/BDPapayaLeaf/Original Images/BacterialSpot/BacterialSpot(404).jpg,/content/drive/MyDrive/Papaya_Leaf_Disease_Classification/YOLO_Bounding_Box/BacterialSpot/BacterialSpot(404).txt,Box dòng 1 đã được tự động cắt xén (clip) vừa ảnh.
BacterialSpot,/content/drive/MyDrive/Papaya_Leaf_Disease_Classification/BDPapayaLeaf/Original Images/BacterialSpot/BacterialSpot(405).jpg,/content/drive/MyDrive/Papaya_Leaf_Disease_Classification/YOLO_Bounding_Box/BacterialSpot/BacterialSpot(405).txt,Box dòng 1 đã được tự động cắt xén (clip) vừa ảnh.
BacterialSpot,/content/drive/MyDrive/Papaya_Leaf_Disease_Classification/BDPapayaLeaf/Original Images/BacterialSpot/BacterialSpot(406).jpg,/content/drive/MyDrive/Papaya_Leaf_Disease_Classification/YOLO_Bounding_Box/BacterialSpot/BacterialSpot(406).txt,Box dòng 1 đã được tự động cắt xén (clip) vừa ảnh.
BacterialSpot,/content/drive/MyDrive/Papaya_Leaf_Disease_Classification/BDPapayaLeaf/Original Images/BacterialSpot/BacterialSpot(41).jpg,/content/drive/MyDrive/Papaya_Leaf_Disease_Classification/YOLO_Bounding_Box/BacterialSpot/BacterialSpot(41).txt,Box dòng 1 đã được tự động cắt xén (clip) vừa ảnh.
BacterialSpot,/content/drive/MyDrive/Papaya_Leaf_Disease_Classification/BDPapayaLeaf/Original Images/BacterialSpot/BacterialSpot(411).jpg,/content/drive/MyDrive/Papaya_Leaf_Disease_Classification/YOLO_Bounding_Box/BacterialSpot/BacterialSpot(411).txt,Box dòng 1 đã được tự động cắt xén (clip) vừa ảnh.
BacterialSpot,/content/drive/MyDrive/Papaya_Leaf_Disease_Classification/BDPapayaLeaf/Original Images/BacterialSpot/BacterialSpot(413).jpg,/content/drive/MyDrive/Papaya_Leaf_Disease_Classification/YOLO_Bounding_Box/BacterialSpot/BacterialSpot(413).txt,Box dòng 1 đã được tự động cắt xén (clip) vừa ảnh.
BacterialSpot,/content/drive/MyDrive/Papaya_Leaf_Disease_Classification/BDPapayaLeaf/Original Images/BacterialSpot/BacterialSpot(414).jpg,/content/drive/MyDrive/Papaya_Leaf_Disease_Classification/YOLO_Bounding_Box/BacterialSpot/BacterialSpot(414).txt,Box dòng 1 đã được tự động cắt xén (clip) vừa ảnh.
BacterialSpot,/content/drive/MyDrive/Papaya_Leaf_Disease_Classification/BDPapayaLeaf/Original Images/BacterialSpot/BacterialSpot(415).jpg,/content/drive/MyDrive/Papaya_Leaf_Disease_Classification/YOLO_Bounding_Box/BacterialSpot/BacterialSpot(415).txt,Box dòng 1 đã được tự động cắt xén (clip) vừa ảnh.
BacterialSpot,/content/drive/MyDrive/Papaya_Leaf_Disease_Classification/BDPapayaLeaf/Original Images/BacterialSpot/BacterialSpot(417).jpg,/content/drive/MyDrive/Papaya_Leaf_Disease_Classification/YOLO_Bounding_Box/BacterialSpot/BacterialSpot(417).txt,Box dòng 1 đã được tự động cắt xén (clip) vừa ảnh.
BacterialSpot,/content/drive/MyDrive/Papaya_Leaf_Disease_Classification/BDPapayaLeaf/Original Images/BacterialSpot/BacterialSpot(418).jpg,/content/drive/MyDrive/Papaya_Leaf_Disease_Classification/YOLO_Bounding_Box/BacterialSpot/BacterialSpot(418).txt,Box dòng 1 đã được tự động cắt xén (clip) vừa ảnh.
BacterialSpot,/content/drive/MyDrive/Papaya_Leaf_Disease_Classification/BDPapayaLeaf/Original Images/BacterialSpot/BacterialSpot(420).jpg,/content/drive/MyDrive/Papaya_Leaf_Disease_Classification/YOLO_Bounding_Box/BacterialSpot/BacterialSpot(420).txt,Box dòng 1 đã được tự động cắt xén (clip) vừa ảnh.
BacterialSpot,/content/drive/MyDrive/Papaya_Leaf_Disease_Classification/BDPapayaLeaf/Original Images/BacterialSpot/BacterialSpot(423).jpg,/content/drive/MyDrive/Papaya_Leaf_Disease_Classification/YOLO_Bounding_Box/BacterialSpot/BacterialSpot(423).txt,Box dòng 1 đã được tự động cắt xén (clip) vừa ảnh.
BacterialSpot,/content/drive/MyDrive/Papaya_Leaf_Disease_Classification/BDPapayaLeaf/Original Images/BacterialSpot/BacterialSpot(424).jpg,/content/drive/MyDrive/Papaya_Leaf_Disease_Classification/YOLO_Bounding_Box/BacterialSpot/BacterialSpot(424).txt,Box dòng 1 đã được tự động cắt xén (clip) vừa ảnh.
BacterialSpot,/content/drive/MyDrive/Papaya_Leaf_Disease_Classification/BDPapayaLeaf/Original Images/BacterialSpot/BacterialSpot(425).jpg,/content/drive/MyDrive/Papaya_Leaf_Disease_Classification/YOLO_Bounding_Box/BacterialSpot/BacterialSpot(425).txt,Box dòng 1 đã được tự động cắt xén (clip) vừa ảnh.
BacterialSpot,/content/drive/MyDrive/Papaya_Leaf_Disease_Classification/BDPapayaLeaf/Original Images/BacterialSpot/BacterialSpot(43).jpg,/content/drive/MyDrive/Papaya_Leaf_Disease_Classification/YOLO_Bounding_Box/BacterialSpot/BacterialSpot(43).txt,Box dòng 1 đã được tự động cắt xén (clip) vừa ảnh.
BacterialSpot,/content/drive/MyDrive/Papaya_Leaf_Disease_Classification/BDPapayaLeaf/Original Images/BacterialSpot/BacterialSpot(430).jpg,/content/drive/MyDrive/Papaya_Leaf_Disease_Classification/YOLO_Bounding_Box/BacterialSpot/BacterialSpot(430).txt,Box dòng 1 đã được tự động cắt xén (clip) vừa ảnh.
BacterialSpot,/content/drive/MyDrive/Papaya_Leaf_Disease_Classification/BDPapayaLeaf/Original Images/BacterialSpot/BacterialSpot(435).jpg,/content/drive/MyDrive/Papaya_Leaf_Disease_Classification/YOLO_Bounding_Box/BacterialSpot/BacterialSpot(435).txt,Box dòng 1 đã được tự động cắt xén (clip) vừa ảnh.
BacterialSpot,/content/drive/MyDrive/Papaya_Leaf_Disease_Classification/BDPapayaLeaf/Original Images/BacterialSpot/BacterialSpot(437).jpg,/content/drive/MyDrive/Papaya_Leaf_Disease_Classification/YOLO_Bounding_Box/BacterialSpot/BacterialSpot(437).txt,Box dòng 1 đã được tự động cắt xén (clip) vừa ảnh.
BacterialSpot,/content/drive/MyDrive/Papaya_Leaf_Disease_Classification/BDPapayaLeaf/Original Images/BacterialSpot/BacterialSpot(438).jpg,/content/drive/MyDrive/Papaya_Leaf_Disease_Classification/YOLO_Bounding_Box/BacterialSpot/BacterialSpot(438).txt,Box dòng 1 đã được tự động cắt xén (clip) vừa ảnh.
BacterialSpot,/content/drive/MyDrive/Papaya_Leaf_Disease_Classification/BDPapayaLeaf/Original Images/BacterialSpot/BacterialSpot(439).jpg,/content/drive/MyDrive/Papaya_Leaf_Disease_Classification/YOLO_Bounding_Box/BacterialSpot/BacterialSpot(439).txt,Box dòng 1 đã được tự động cắt xén (clip) vừa ảnh.
BacterialSpot,/content/drive/MyDrive/Papaya_Leaf_Disease_Classification/BDPapayaLeaf/Original Images/BacterialSpot/BacterialSpot(440).jpg,/content/drive/MyDrive/Papaya_Leaf_Disease_Classification/YOLO_Bounding_Box/BacterialSpot/BacterialSpot(440).txt,Box dòng 1 đã được tự động cắt xén (clip) vừa ảnh.
BacterialSpot,/content/drive/MyDrive/Papaya_Leaf_Disease_Classification/BDPapayaLeaf/Original Images/BacterialSpot/BacterialSpot(442).jpg,/content/drive/MyDrive/Papaya_Leaf_Disease_Classification/YOLO_Bounding_Box/BacterialSpot/BacterialSpot(442).txt,Box dòng 1 đã được tự động cắt xén (clip) vừa ảnh.
BacterialSpot,/content/drive/MyDrive/Papaya_Leaf_Disease_Classification/BDPapayaLeaf/Original Images/BacterialSpot/BacterialSpot(445).jpg,/content/drive/MyDrive/Papaya_Leaf_Disease_Classification/YOLO_Bounding_Box/BacterialSpot/BacterialSpot(445).txt,Box dòng 1 đã được tự động cắt xén (clip) vừa ảnh.
BacterialSpot,/content/drive/MyDrive/Papaya_Leaf_Disease_Classification/BDPapayaLeaf/Original Images/BacterialSpot/BacterialSpot(446).jpg,/content/drive/MyDrive/Papaya_Leaf_Disease_Classification/YOLO_Bounding_Box/BacterialSpot/BacterialSpot(446).txt,Box dòng 1 đã được tự động cắt xén (clip) vừa ảnh.
BacterialSpot,/content/drive/MyDrive/Papaya_Leaf_Disease_Classification/BDPapayaLeaf/Original Images/BacterialSpot/BacterialSpot(447).jpg,/content/drive/MyDrive/Papaya_Leaf_Disease_Classification/YOLO_Bounding_Box/BacterialSpot/BacterialSpot(447).txt,Box dòng 1 đã được tự động cắt xén (clip) vừa ảnh.
BacterialSpot,/content/drive/MyDrive/Papaya_Leaf_Disease_Classification/BDPapayaLeaf/Original Images/BacterialSpot/BacterialSpot(449).jpg,/content/drive/MyDrive/Papaya_Leaf_Disease_Classification/YOLO_Bounding_Box/BacterialSpot/BacterialSpot(449).txt,Box dòng 1 đã được tự động cắt xén (clip) vừa ảnh.
BacterialSpot,/content/drive/MyDrive/Papaya_Leaf_Disease_Classification/BDPapayaLeaf/Original Images/BacterialSpot/BacterialSpot(450).jpg,/content/drive/MyDrive/Papaya_Leaf_Disease_Classification/YOLO_Bounding_Box/BacterialSpot/BacterialSpot(450).txt,Box dòng 1 đã được tự động cắt xén (clip) vừa ảnh.
BacterialSpot,/content/drive/MyDrive/Papaya_Leaf_Disease_Classification/BDPapayaLeaf/Original Images/BacterialSpot/BacterialSpot(451).jpg,/content/drive/MyDrive/Papaya_Leaf_Disease_Classification/YOLO_Bounding_Box/BacterialSpot/BacterialSpot(451).txt,Box dòng 1 đã được tự động cắt xén (clip) vừa ảnh.
BacterialSpot,/content/drive/MyDrive/Papaya_Leaf_Disease_Classification/BDPapayaLeaf/Original Images/BacterialSpot/BacterialSpot(452).jpg,/content/drive/MyDrive/Papaya_Leaf_Disease_Classification/YOLO_Bounding_Box/BacterialSpot/BacterialSpot(452).txt,Box dòng 1 đã được tự động cắt xén (clip) vừa ảnh.
BacterialSpot,/content/drive/MyDrive/Papaya_Leaf_Disease_Classification/BDPapayaLeaf/Original Images/BacterialSpot/BacterialSpot(453).jpg,/content/drive/MyDrive/Papaya_Leaf_Disease_Classification/YOLO_Bounding_Box/BacterialSpot/BacterialSpot(453).txt,Box dòng 1 đã được tự động cắt xén (clip) vừa ảnh.
BacterialSpot,/content/drive/MyDrive/Papaya_Leaf_Disease_Classification/BDPapayaLeaf/Original Images/BacterialSpot/BacterialSpot(454).jpg,/content/drive/MyDrive/Papaya_Leaf_Disease_Classification/YOLO_Bounding_Box/BacterialSpot/BacterialSpot(454).txt,Box dòng 1 đã được tự động cắt xén (clip) vừa ảnh.
BacterialSpot,/content/drive/MyDrive/Papaya_Leaf_Disease_Classification/BDPapayaLeaf/Original Images/BacterialSpot/BacterialSpot(455).jpg,/content/drive/MyDrive/Papaya_Leaf_Disease_Classification/YOLO_Bounding_Box/BacterialSpot/BacterialSpot(455).txt,Box dòng 1 đã được tự động cắt xén (clip) vừa ảnh.
BacterialSpot,/content/drive/MyDrive/Papaya_Leaf_Disease_Classification/BDPapayaLeaf/Original Images/BacterialSpot/BacterialSpot(456).jpg,/content/drive/MyDrive/Papaya_Leaf_Disease_Classification/YOLO_Bounding_Box/BacterialSpot/BacterialSpot(456).txt,Box dòng 1 đã được tự động cắt xén (clip) vừa ảnh.
BacterialSpot,/content/drive/MyDrive/Papaya_Leaf_Disease_Classification/BDPapayaLeaf/Original Images/BacterialSpot/BacterialSpot(46).jpg,/content/drive/MyDrive/Papaya_Leaf_Disease_Classification/YOLO_Bounding_Box/BacterialSpot/BacterialSpot(46).txt,Box dòng 1 đã được tự động cắt xén (clip) vừa ảnh.
BacterialSpot,/content/drive/MyDrive/Papaya_Leaf_Disease_Classification/BDPapayaLeaf/Original Images/BacterialSpot/BacterialSpot(47).jpg,/content/drive/MyDrive/Papaya_Leaf_Disease_Classification/YOLO_Bounding_Box/BacterialSpot/BacterialSpot(47).txt,Box dòng 1 đã được tự động cắt xén (clip) vừa ảnh.
BacterialSpot,/content/drive/MyDrive/Papaya_Leaf_Disease_Classification/BDPapayaLeaf/Original Images/BacterialSpot/BacterialSpot(49).jpg,/content/drive/MyDrive/Papaya_Leaf_Disease_Classification/YOLO_Bounding_Box/BacterialSpot/BacterialSpot(49).txt,Box dòng 1 đã được tự động cắt xén (clip) vừa ảnh.
BacterialSpot,/content/drive/MyDrive/Papaya_Leaf_Disease_Classification/BDPapayaLeaf/Original Images/BacterialSpot/BacterialSpot(50).jpg,/content/drive/MyDrive/Papaya_Leaf_Disease_Classification/YOLO_Bounding_Box/BacterialSpot/BacterialSpot(50).txt,Box dòng 1 đã được tự động cắt xén (clip) vừa ảnh.
BacterialSpot,/content/drive/MyDrive/Papaya_Leaf_Disease_Classification/BDPapayaLeaf/Original Images/BacterialSpot/BacterialSpot(51).jpg,/content/drive/MyDrive/Papaya_Leaf_Disease_Classification/YOLO_Bounding_Box/BacterialSpot/BacterialSpot(51).txt,Box dòng 1 đã được tự động cắt xén (clip) vừa ảnh.
BacterialSpot,/content/drive/MyDrive/Papaya_Leaf_Disease_Classification/BDPapayaLeaf/Original Images/BacterialSpot/BacterialSpot(54).jpg,/content/drive/MyDrive/Papaya_Leaf_Disease_Classification/YOLO_Bounding_Box/BacterialSpot/BacterialSpot(54).txt,Box dòng 1 đã được tự động cắt xén (clip) vừa ảnh.
BacterialSpot,/content/drive/MyDrive/Papaya_Leaf_Disease_Classification/BDPapayaLeaf/Original Images/BacterialSpot/BacterialSpot(6).jpg,/content/drive/MyDrive/Papaya_Leaf_Disease_Classification/YOLO_Bounding_Box/BacterialSpot/BacterialSpot(6).txt,Box dòng 1 đã được tự động cắt xén (clip) vừa ảnh.
BacterialSpot,/content/drive/MyDrive/Papaya_Leaf_Disease_Classification/BDPapayaLeaf/Original Images/BacterialSpot/BacterialSpot(61).jpg,/content/drive/MyDrive/Papaya_Leaf_Disease_Classification/YOLO_Bounding_Box/BacterialSpot/BacterialSpot(61).txt,Box dòng 1 đã được tự động cắt xén (clip) vừa ảnh.
BacterialSpot,/content/drive/MyDrive/Papaya_Leaf_Disease_Classification/BDPapayaLeaf/Original Images/BacterialSpot/BacterialSpot(62).jpg,/content/drive/MyDrive/Papaya_Leaf_Disease_Classification/YOLO_Bounding_Box/BacterialSpot/BacterialSpot(62).txt,Box dòng 1 đã được tự động cắt xén (clip) vừa ảnh.
BacterialSpot,/content/drive/MyDrive/Papaya_Leaf_Disease_Classification/BDPapayaLeaf/Original Images/BacterialSpot/BacterialSpot(64).jpg,/content/drive/MyDrive/Papaya_Leaf_Disease_Classification/YOLO_Bounding_Box/BacterialSpot/BacterialSpot(64).txt,Box dòng 1 đã được tự động cắt xén (clip) vừa ảnh.
BacterialSpot,/content/drive/MyDrive/Papaya_Leaf_Disease_Classification/BDPapayaLeaf/Original Images/BacterialSpot/BacterialSpot(65).jpg,/content/drive/MyDrive/Papaya_Leaf_Disease_Classification/YOLO_Bounding_Box/BacterialSpot/BacterialSpot(65).txt,Box dòng 1 đã được tự động cắt xén (clip) vừa ảnh.
BacterialSpot,/content/drive/MyDrive/Papaya_Leaf_Disease_Classification/BDPapayaLeaf/Original Images/BacterialSpot/BacterialSpot(66).jpg,/content/drive/MyDrive/Papaya_Leaf_Disease_Classification/YOLO_Bounding_Box/BacterialSpot/BacterialSpot(66).txt,Box dòng 1 đã được tự động cắt xén (clip) vừa ảnh.
BacterialSpot,/content/drive/MyDrive/Papaya_Leaf_Disease_Classification/BDPapayaLeaf/Original Images/BacterialSpot/BacterialSpot(7).jpg,/content/drive/MyDrive/Papaya_Leaf_Disease_Classification/YOLO_Bounding_Box/BacterialSpot/BacterialSpot(7).txt,Box dòng 1 đã được tự động cắt xén (clip) vừa ảnh.
BacterialSpot,/content/drive/MyDrive/Papaya_Leaf_Disease_Classification/BDPapayaLeaf/Original Images/BacterialSpot/BacterialSpot(71).jpg,/content/drive/MyDrive/Papaya_Leaf_Disease_Classification/YOLO_Bounding_Box/BacterialSpot/BacterialSpot(71).txt,Box dòng 1 đã được tự động cắt xén (clip) vừa ảnh.
BacterialSpot,/content/drive/MyDrive/Papaya_Leaf_Disease_Classification/BDPapayaLeaf/Original Images/BacterialSpot/BacterialSpot(72).jpg,/content/drive/MyDrive/Papaya_Leaf_Disease_Classification/YOLO_Bounding_Box/BacterialSpot/BacterialSpot(72).txt,Box dòng 1 đã được tự động cắt xén (clip) vừa ảnh.
BacterialSpot,/content/drive/MyDrive/Papaya_Leaf_Disease_Classification/BDPapayaLeaf/Original Images/BacterialSpot/BacterialSpot(73).jpg,/content/drive/MyDrive/Papaya_Leaf_Disease_Classification/YOLO_Bounding_Box/BacterialSpot/BacterialSpot(73).txt,Box dòng 1 đã được tự động cắt xén (clip) vừa ảnh.
BacterialSpot,/content/drive/MyDrive/Papaya_Leaf_Disease_Classification/BDPapayaLeaf/Original Images/BacterialSpot/BacterialSpot(75).jpg,/content/drive/MyDrive/Papaya_Leaf_Disease_Classification/YOLO_Bounding_Box/BacterialSpot/BacterialSpot(75).txt,Box dòng 1 đã được tự động cắt xén (clip) vừa ảnh.
BacterialSpot,/content/drive/MyDrive/Papaya_Leaf_Disease_Classification/BDPapayaLeaf/Original Images/BacterialSpot/BacterialSpot(76).jpg,/content/drive/MyDrive/Papaya_Leaf_Disease_Classification/YOLO_Bounding_Box/BacterialSpot/BacterialSpot(76).txt,Box dòng 1 đã được tự động cắt xén (clip) vừa ảnh.
BacterialSpot,/content/drive/MyDrive/Papaya_Leaf_Disease_Classification/BDPapayaLeaf/Original Images/BacterialSpot/BacterialSpot(77).jpg,/content/drive/MyDrive/Papaya_Leaf_Disease_Classification/YOLO_Bounding_Box/BacterialSpot/BacterialSpot(77).txt,Box dòng 1 đã được tự động cắt xén (clip) vừa ảnh.
BacterialSpot,/content/drive/MyDrive/Papaya_Leaf_Disease_Classification/BDPapayaLeaf/Original Images/BacterialSpot/BacterialSpot(80).jpg,/content/drive/MyDrive/Papaya_Leaf_Disease_Classification/YOLO_Bounding_Box/BacterialSpot/BacterialSpot(80).txt,Box dòng 1 đã được tự động cắt xén (clip) vừa ảnh.
BacterialSpot,/content/drive/MyDrive/Papaya_Leaf_Disease_Classification/BDPapayaLeaf/Original Images/BacterialSpot/BacterialSpot(85).jpg,/content/drive/MyDrive/Papaya_Leaf_Disease_Classification/YOLO_Bounding_Box/BacterialSpot/BacterialSpot(85).txt,Box dòng 1 đã được tự động cắt xén (clip) vừa ảnh.
BacterialSpot,/content/drive/MyDrive/Papaya_Leaf_Disease_Classification/BDPapayaLeaf/Original Images/BacterialSpot/BacterialSpot(87).jpg,/content/drive/MyDrive/Papaya_Leaf_Disease_Classification/YOLO_Bounding_Box/BacterialSpot/BacterialSpot(87).txt,Box dòng 1 đã được tự động cắt xén (clip) vừa ảnh.
BacterialSpot,/content/drive/MyDrive/Papaya_Leaf_Disease_Classification/BDPapayaLeaf/Original Images/BacterialSpot/BacterialSpot(92).jpg,/content/drive/MyDrive/Papaya_Leaf_Disease_Classification/YOLO_Bounding_Box/BacterialSpot/BacterialSpot(92).txt,Box dòng 1 đã được tự động cắt xén (clip) vừa ảnh.
BacterialSpot,/content/drive/MyDrive/Papaya_Leaf_Disease_Classification/BDPapayaLeaf/Original Images/BacterialSpot/BacterialSpot(95).jpg,/content/drive/MyDrive/Papaya_Leaf_Disease_Classification/YOLO_Bounding_Box/BacterialSpot/BacterialSpot(95).txt,Box dòng 1 đã được tự động cắt xén (clip) vừa ảnh.
BacterialSpot,/content/drive/MyDrive/Papaya_Leaf_Disease_Classification/BDPapayaLeaf/Original Images/BacterialSpot/BacterialSpot(96).jpg,/content/drive/MyDrive/Papaya_Leaf_Disease_Classification/YOLO_Bounding_Box/BacterialSpot/BacterialSpot(96).txt,Box dòng 1 đã được tự động cắt xén (clip) vừa ảnh.
BacterialSpot,/content/drive/MyDrive/Papaya_Leaf_Disease_Classification/BDPapayaLeaf/Original Images/BacterialSpot/BacterialSpot(97).jpg,/content/drive/MyDrive/Papaya_Leaf_Disease_Classification/YOLO_Bounding_Box/BacterialSpot/BacterialSpot(97).txt,Box dòng 1 đã được tự động cắt xén (clip) vừa ảnh.
BacterialSpot,/content/drive/MyDrive/Papaya_Leaf_Disease_Classification/BDPapayaLeaf/Original Images/BacterialSpot/BacterialSpot(99).jpg,/content/drive/MyDrive/Papaya_Leaf_Disease_Classification/YOLO_Bounding_Box/BacterialSpot/BacterialSpot(99).txt,Box dòng 1 đã được tự động cắt xén (clip) vừa ảnh.
Curl,/content/drive/MyDrive/Papaya_Leaf_Disease_Classification/BDPapayaLeaf/Original Images/Curl/Curl(100).jpg,/content/drive/MyDrive/Papaya_Leaf_Disease_Classification/YOLO_Bounding_Box/Curl/Curl(100).txt,Box dòng 1 đã được tự động cắt xén (clip) vừa ảnh.
Curl,/content/drive/MyDrive/Papaya_Leaf_Disease_Classification/BDPapayaLeaf/Original Images/Curl/Curl(101).jpg,/content/drive/MyDrive/Papaya_Leaf_Disease_Classification/YOLO_Bounding_Box/Curl/Curl(101).txt,Box dòng 1 đã được tự động cắt xén (clip) vừa ảnh.
Curl,/content/drive/MyDrive/Papaya_Leaf_Disease_Classification/BDPapayaLeaf/Original Images/Curl/Curl(102).jpg,/content/drive/MyDrive/Papaya_Leaf_Disease_Classification/YOLO_Bounding_Box/Curl/Curl(102).txt,Box dòng 1 đã được tự động cắt xén (clip) vừa ảnh.
Curl,/content/drive/MyDrive/Papaya_Leaf_Disease_Classification/BDPapayaLeaf/Original Images/Curl/Curl(105).jpg,/content/drive/MyDrive/Papaya_Leaf_Disease_Classification/YOLO_Bounding_Box/Curl/Curl(105).txt,Box dòng 1 đã được tự động cắt xén (clip) vừa ảnh.
Curl,/content/drive/MyDrive/Papaya_Leaf_Disease_Classification/BDPapayaLeaf/Original Images/Curl/Curl(109).jpg,/content/drive/MyDrive/Papaya_Leaf_Disease_Classification/YOLO_Bounding_Box/Curl/Curl(109).txt,Box dòng 1 đã được tự động cắt xén (clip) vừa ảnh.
Curl,/content/drive/MyDrive/Papaya_Leaf_Disease_Classification/BDPapayaLeaf/Original Images/Curl/Curl(11).jpg,/content/drive/MyDrive/Papaya_Leaf_Disease_Classification/YOLO_Bounding_Box/Curl/Curl(11).txt,Box dòng 1 đã được tự động cắt xén (clip) vừa ảnh.
Curl,/content/drive/MyDrive/Papaya_Leaf_Disease_Classification/BDPapayaLeaf/Original Images/Curl/Curl(110).jpg,/content/drive/MyDrive/Papaya_Leaf_Disease_Classification/YOLO_Bounding_Box/Curl/Curl(110).txt,Box dòng 1 đã được tự động cắt xén (clip) vừa ảnh.
Curl,/content/drive/MyDrive/Papaya_Leaf_Disease_Classification/BDPapayaLeaf/Original Images/Curl/Curl(111).jpg,/content/drive/MyDrive/Papaya_Leaf_Disease_Classification/YOLO_Bounding_Box/Curl/Curl(111).txt,Box dòng 1 đã được tự động cắt xén (clip) vừa ảnh.
Curl,/content/drive/MyDrive/Papaya_Leaf_Disease_Classification/BDPapayaLeaf/Original Images/Curl/Curl(12).jpg,/content/drive/MyDrive/Papaya_Leaf_Disease_Classification/YOLO_Bounding_Box/Curl/Curl(12).txt,Box dòng 1 đã được tự động cắt xén (clip) vừa ảnh.
Curl,/content/drive/MyDrive/Papaya_Leaf_Disease_Classification/BDPapayaLeaf/Original Images/Curl/Curl(120).jpg,/content/drive/MyDrive/Papaya_Leaf_Disease_Classification/YOLO_Bounding_Box/Curl/Curl(120).txt,Box dòng 1 đã được tự động cắt xén (clip) vừa ảnh.
Curl,/content/drive/MyDrive/Papaya_Leaf_Disease_Classification/BDPapayaLeaf/Original Images/Curl/Curl(121).jpg,/content/drive/MyDrive/Papaya_Leaf_Disease_Classification/YOLO_Bounding_Box/Curl/Curl(121).txt,Box dòng 1 đã được tự động cắt xén (clip) vừa ảnh.
Curl,/content/drive/MyDrive/Papaya_Leaf_Disease_Classification/BDPapayaLeaf/Original Images/Curl/Curl(124).jpg,/content/drive/MyDrive/Papaya_Leaf_Disease_Classification/YOLO_Bounding_Box/Curl/Curl(124).txt,Box dòng 1 đã được tự động cắt xén (clip) vừa ảnh.
Curl,/content/drive/MyDrive/Papaya_Leaf_Disease_Classification/BDPapayaLeaf/Original Images/Curl/Curl(125).jpg,/content/drive/MyDrive/Papaya_Leaf_Disease_Classification/YOLO_Bounding_Box/Curl/Curl(125).txt,Box dòng 1 đã được tự động cắt xén (clip) vừa ảnh.
Curl,/content/drive/MyDrive/Papaya_Leaf_Disease_Classification/BDPapayaLeaf/Original Images/Curl/Curl(126).jpg,/content/drive/MyDrive/Papaya_Leaf_Disease_Classification/YOLO_Bounding_Box/Curl/Curl(126).txt,Box dòng 1 đã được tự động cắt xén (clip) vừa ảnh.
Curl,/content/drive/MyDrive/Papaya_Leaf_Disease_Classification/BDPapayaLeaf/Original Images/Curl/Curl(129).jpg,/content/drive/MyDrive/Papaya_Leaf_Disease_Classification/YOLO_Bounding_Box/Curl/Curl(129).txt,Box dòng 1 đã được tự động cắt xén (clip) vừa ảnh.
Curl,/content/drive/MyDrive/Papaya_Leaf_Disease_Classification/BDPapayaLeaf/Original Images/Curl/Curl(130).jpg,/content/drive/MyDrive/Papaya_Leaf_Disease_Classification/YOLO_Bounding_Box/Curl/Curl(130).txt,Box dòng 1 đã được tự động cắt xén (clip) vừa ảnh.
Curl,/content/drive/MyDrive/Papaya_Leaf_Disease_Classification/BDPapayaLeaf/Original Images/Curl/Curl(131).jpg,/content/drive/MyDrive/Papaya_Leaf_Disease_Classification/YOLO_Bounding_Box/Curl/Curl(131).txt,Box dòng 1 đã được tự động cắt xén (clip) vừa ảnh.
Curl,/content/drive/MyDrive/Papaya_Leaf_Disease_Classification/BDPapayaLeaf/Original Images/Curl/Curl(132).jpg,/content/drive/MyDrive/Papaya_Leaf_Disease_Classification/YOLO_Bounding_Box/Curl/Curl(132).txt,Box dòng 1 đã được tự động cắt xén (clip) vừa ảnh.
Curl,/content/drive/MyDrive/Papaya_Leaf_Disease_Classification/BDPapayaLeaf/Original Images/Curl/Curl(143).jpg,/content/drive/MyDrive/Papaya_Leaf_Disease_Classification/YOLO_Bounding_Box/Curl/Curl(143).txt,Box dòng 1 đã được tự động cắt xén (clip) vừa ảnh.
Curl,/content/drive/MyDrive/Papaya_Leaf_Disease_Classification/BDPapayaLeaf/Original Images/Curl/Curl(146).jpg,/content/drive/MyDrive/Papaya_Leaf_Disease_Classification/YOLO_Bounding_Box/Curl/Curl(146).txt,Box dòng 1 đã được tự động cắt xén (clip) vừa ảnh.
Curl,/content/drive/MyDrive/Papaya_Leaf_Disease_Classification/BDPapayaLeaf/Original Images/Curl/Curl(147).jpg,/content/drive/MyDrive/Papaya_Leaf_Disease_Classification/YOLO_Bounding_Box/Curl/Curl(147).txt,Box dòng 1 đã được tự động cắt xén (clip) vừa ảnh.
Curl,/content/drive/MyDrive/Papaya_Leaf_Disease_Classification/BDPapayaLeaf/Original Images/Curl/Curl(148).jpg,/content/drive/MyDrive/Papaya_Leaf_Disease_Classification/YOLO_Bounding_Box/Curl/Curl(148).txt,Box dòng 1 đã được tự động cắt xén (clip) vừa ảnh.
Curl,/content/drive/MyDrive/Papaya_Leaf_Disease_Classification/BDPapayaLeaf/Original Images/Curl/Curl(149).jpg,/content/drive/MyDrive/Papaya_Leaf_Disease_Classification/YOLO_Bounding_Box/Curl/Curl(149).txt,Box dòng 1 đã được tự động cắt xén (clip) vừa ảnh.
Curl,/content/drive/MyDrive/Papaya_Leaf_Disease_Classification/BDPapayaLeaf/Original Images/Curl/Curl(15).jpg,/content/drive/MyDrive/Papaya_Leaf_Disease_Classification/YOLO_Bounding_Box/Curl/Curl(15).txt,Box dòng 1 đã được tự động cắt xén (clip) vừa ảnh.
Curl,/content/drive/MyDrive/Papaya_Leaf_Disease_Classification/BDPapayaLeaf/Original Images/Curl/Curl(152).jpg,/content/drive/MyDrive/Papaya_Leaf_Disease_Classification/YOLO_Bounding_Box/Curl/Curl(152).txt,Box dòng 1 đã được tự động cắt xén (clip) vừa ảnh.
Curl,/content/drive/MyDrive/Papaya_Leaf_Disease_Classification/BDPapayaLeaf/Original Images/Curl/Curl(155).jpg,/content/drive/MyDrive/Papaya_Leaf_Disease_Classification/YOLO_Bounding_Box/Curl/Curl(155).txt,Box dòng 1 đã được tự động cắt xén (clip) vừa ảnh.
Curl,/content/drive/MyDrive/Papaya_Leaf_Disease_Classification/BDPapayaLeaf/Original Images/Curl/Curl(156).jpg,/content/drive/MyDrive/Papaya_Leaf_Disease_Classification/YOLO_Bounding_Box/Curl/Curl(156).txt,Box dòng 1 đã được tự động cắt xén (clip) vừa ảnh.
Curl,/content/drive/MyDrive/Papaya_Leaf_Disease_Classification/BDPapayaLeaf/Original Images/Curl/Curl(157).jpg,/content/drive/MyDrive/Papaya_Leaf_Disease_Classification/YOLO_Bounding_Box/Curl/Curl(157).txt,Box dòng 1 đã được tự động cắt xén (clip) vừa ảnh.
Curl,/content/drive/MyDrive/Papaya_Leaf_Disease_Classification/BDPapayaLeaf/Original Images/Curl/Curl(159).jpg,/content/drive/MyDrive/Papaya_Leaf_Disease_Classification/YOLO_Bounding_Box/Curl/Curl(159).txt,Box dòng 1 đã được tự động cắt xén (clip) vừa ảnh.
Curl,/content/drive/MyDrive/Papaya_Leaf_Disease_Classification/BDPapayaLeaf/Original Images/Curl/Curl(164).jpg,/content/drive/MyDrive/Papaya_Leaf_Disease_Classification/YOLO_Bounding_Box/Curl/Curl(164).txt,Box dòng 1 đã được tự động cắt xén (clip) vừa ảnh.
Curl,/content/drive/MyDrive/Papaya_Leaf_Disease_Classification/BDPapayaLeaf/Original Images/Curl/Curl(166).jpg,/content/drive/MyDrive/Papaya_Leaf_Disease_Classification/YOLO_Bounding_Box/Curl/Curl(166).txt,Box dòng 1 đã được tự động cắt xén (clip) vừa ảnh.
Curl,/content/drive/MyDrive/Papaya_Leaf_Disease_Classification/BDPapayaLeaf/Original Images/Curl/Curl(173).jpg,/content/drive/MyDrive/Papaya_Leaf_Disease_Classification/YOLO_Bounding_Box/Curl/Curl(173).txt,Box dòng 1 đã được tự động cắt xén (clip) vừa ảnh.
Curl,/content/drive/MyDrive/Papaya_Leaf_Disease_Classification/BDPapayaLeaf/Original Images/Curl/Curl(179).jpg,/content/drive/MyDrive/Papaya_Leaf_Disease_Classification/YOLO_Bounding_Box/Curl/Curl(179).txt,Box dòng 1 đã được tự động cắt xén (clip) vừa ảnh.
Curl,/content/drive/MyDrive/Papaya_Leaf_Disease_Classification/BDPapayaLeaf/Original Images/Curl/Curl(180).jpg,/content/drive/MyDrive/Papaya_Leaf_Disease_Classification/YOLO_Bounding_Box/Curl/Curl(180).txt,Box dòng 1 đã được tự động cắt xén (clip) vừa ảnh.
Curl,/content/drive/MyDrive/Papaya_Leaf_Disease_Classification/BDPapayaLeaf/Original Images/Curl/Curl(183).jpg,/content/drive/MyDrive/Papaya_Leaf_Disease_Classification/YOLO_Bounding_Box/Curl/Curl(183).txt,Box dòng 1 đã được tự động cắt xén (clip) vừa ảnh.
Curl,/content/drive/MyDrive/Papaya_Leaf_Disease_Classification/BDPapayaLeaf/Original Images/Curl/Curl(184).jpg,/content/drive/MyDrive/Papaya_Leaf_Disease_Classification/YOLO_Bounding_Box/Curl/Curl(184).txt,Box dòng 1 đã được tự động cắt xén (clip) vừa ảnh.
Curl,/content/drive/MyDrive/Papaya_Leaf_Disease_Classification/BDPapayaLeaf/Original Images/Curl/Curl(187).jpg,/content/drive/MyDrive/Papaya_Leaf_Disease_Classification/YOLO_Bounding_Box/Curl/Curl(187).txt,Box dòng 1 đã được tự động cắt xén (clip) vừa ảnh.
Curl,/content/drive/MyDrive/Papaya_Leaf_Disease_Classification/BDPapayaLeaf/Original Images/Curl/Curl(190).jpg,/content/drive/MyDrive/Papaya_Leaf_Disease_Classification/YOLO_Bounding_Box/Curl/Curl(190).txt,Box dòng 1 đã được tự động cắt xén (clip) vừa ảnh.
Curl,/content/drive/MyDrive/Papaya_Leaf_Disease_Classification/BDPapayaLeaf/Original Images/Curl/Curl(191).jpg,/content/drive/MyDrive/Papaya_Leaf_Disease_Classification/YOLO_Bounding_Box/Curl/Curl(191).txt,Box dòng 1 đã được tự động cắt xén (clip) vừa ảnh.
Curl,/content/drive/MyDrive/Papaya_Leaf_Disease_Classification/BDPapayaLeaf/Original Images/Curl/Curl(193).jpg,/content/drive/MyDrive/Papaya_Leaf_Disease_Classification/YOLO_Bounding_Box/Curl/Curl(193).txt,Box dòng 1 đã được tự động cắt xén (clip) vừa ảnh.
Curl,/content/drive/MyDrive/Papaya_Leaf_Disease_Classification/BDPapayaLeaf/Original Images/Curl/Curl(194).jpg,/content/drive/MyDrive/Papaya_Leaf_Disease_Classification/YOLO_Bounding_Box/Curl/Curl(194).txt,Box dòng 1 đã được tự động cắt xén (clip) vừa ảnh.
Curl,/content/drive/MyDrive/Papaya_Leaf_Disease_Classification/BDPapayaLeaf/Original Images/Curl/Curl(196).jpg,/content/drive/MyDrive/Papaya_Leaf_Disease_Classification/YOLO_Bounding_Box/Curl/Curl(196).txt,Box dòng 1 đã được tự động cắt xén (clip) vừa ảnh.
Curl,/content/drive/MyDrive/Papaya_Leaf_Disease_Classification/BDPapayaLeaf/Original Images/Curl/Curl(200).jpg,/content/drive/MyDrive/Papaya_Leaf_Disease_Classification/YOLO_Bounding_Box/Curl/Curl(200).txt,Box dòng 1 đã được tự động cắt xén (clip) vừa ảnh.
Curl,/content/drive/MyDrive/Papaya_Leaf_Disease_Classification/BDPapayaLeaf/Original Images/Curl/Curl(201).jpg,/content/drive/MyDrive/Papaya_Leaf_Disease_Classification/YOLO_Bounding_Box/Curl/Curl(201).txt,Box dòng 1 đã được tự động cắt xén (clip) vừa ảnh.
Curl,/content/drive/MyDrive/Papaya_Leaf_Disease_Classification/BDPapayaLeaf/Original Images/Curl/Curl(21).jpg,/content/drive/MyDrive/Papaya_Leaf_Disease_Classification/YOLO_Bounding_Box/Curl/Curl(21).txt,Box dòng 1 đã được tự động cắt xén (clip) vừa ảnh.
Curl,/content/drive/MyDrive/Papaya_Leaf_Disease_Classification/BDPapayaLeaf/Original Images/Curl/Curl(210).jpg,/content/drive/MyDrive/Papaya_Leaf_Disease_Classification/YOLO_Bounding_Box/Curl/Curl(210).txt,Box dòng 1 đã được tự động cắt xén (clip) vừa ảnh.
Curl,/content/drive/MyDrive/Papaya_Leaf_Disease_Classification/BDPapayaLeaf/Original Images/Curl/Curl(212).jpg,/content/drive/MyDrive/Papaya_Leaf_Disease_Classification/YOLO_Bounding_Box/Curl/Curl(212).txt,Box dòng 1 đã được tự động cắt xén (clip) vừa ảnh.
Curl,/content/drive/MyDrive/Papaya_Leaf_Disease_Classification/BDPapayaLeaf/Original Images/Curl/Curl(213).jpg,/content/drive/MyDrive/Papaya_Leaf_Disease_Classification/YOLO_Bounding_Box/Curl/Curl(213).txt,Box dòng 1 đã được tự động cắt xén (clip) vừa ảnh.
Curl,/content/drive/MyDrive/Papaya_Leaf_Disease_Classification/BDPapayaLeaf/Original Images/Curl/Curl(217).jpg,/content/drive/MyDrive/Papaya_Leaf_Disease_Classification/YOLO_Bounding_Box/Curl/Curl(217).txt,Box dòng 1 đã được tự động cắt xén (clip) vừa ảnh.
Curl,/content/drive/MyDrive/Papaya_Leaf_Disease_Classification/BDPapayaLeaf/Original Images/Curl/Curl(218).jpg,/content/drive/MyDrive/Papaya_Leaf_Disease_Classification/YOLO_Bounding_Box/Curl/Curl(218).txt,Box dòng 1 đã được tự động cắt xén (clip) vừa ảnh.
Curl,/content/drive/MyDrive/Papaya_Leaf_Disease_Classification/BDPapayaLeaf/Original Images/Curl/Curl(221).jpg,/content/drive/MyDrive/Papaya_Leaf_Disease_Classification/YOLO_Bounding_Box/Curl/Curl(221).txt,Box dòng 1 đã được tự động cắt xén (clip) vừa ảnh.
Curl,/content/drive/MyDrive/Papaya_Leaf_Disease_Classification/BDPapayaLeaf/Original Images/Curl/Curl(222).jpg,/content/drive/MyDrive/Papaya_Leaf_Disease_Classification/YOLO_Bounding_Box/Curl/Curl(222).txt,Box dòng 1 đã được tự động cắt xén (clip) vừa ảnh.
Curl,/content/drive/MyDrive/Papaya_Leaf_Disease_Classification/BDPapayaLeaf/Original Images/Curl/Curl(224).jpg,/content/drive/MyDrive/Papaya_Leaf_Disease_Classification/YOLO_Bounding_Box/Curl/Curl(224).txt,Box dòng 1 đã được tự động cắt xén (clip) vừa ảnh.
Curl,/content/drive/MyDrive/Papaya_Leaf_Disease_Classification/BDPapayaLeaf/Original Images/Curl/Curl(225).jpg,/content/drive/MyDrive/Papaya_Leaf_Disease_Classification/YOLO_Bounding_Box/Curl/Curl(225).txt,Box dòng 1 đã được tự động cắt xén (clip) vừa ảnh.
Curl,/content/drive/MyDrive/Papaya_Leaf_Disease_Classification/BDPapayaLeaf/Original Images/Curl/Curl(227).jpg,/content/drive/MyDrive/Papaya_Leaf_Disease_Classification/YOLO_Bounding_Box/Curl/Curl(227).txt,Box dòng 1 đã được tự động cắt xén (clip) vừa ảnh.
Curl,/content/drive/MyDrive/Papaya_Leaf_Disease_Classification/BDPapayaLeaf/Original Images/Curl/Curl(228).jpg,/content/drive/MyDrive/Papaya_Leaf_Disease_Classification/YOLO_Bounding_Box/Curl/Curl(228).txt,Box dòng 1 đã được tự động cắt xén (clip) vừa ảnh.
Curl,/content/drive/MyDrive/Papaya_Leaf_Disease_Classification/BDPapayaLeaf/Original Images/Curl/Curl(229).jpg,/content/drive/MyDrive/Papaya_Leaf_Disease_Classification/YOLO_Bounding_Box/Curl/Curl(229).txt,Box dòng 1 đã được tự động cắt xén (clip) vừa ảnh.
Curl,/content/drive/MyDrive/Papaya_Leaf_Disease_Classification/BDPapayaLeaf/Original Images/Curl/Curl(230).jpg,/content/drive/MyDrive/Papaya_Leaf_Disease_Classification/YOLO_Bounding_Box/Curl/Curl(230).txt,Box dòng 1 đã được tự động cắt xén (clip) vừa ảnh.
Curl,/content/drive/MyDrive/Papaya_Leaf_Disease_Classification/BDPapayaLeaf/Original Images/Curl/Curl(232).jpg,/content/drive/MyDrive/Papaya_Leaf_Disease_Classification/YOLO_Bounding_Box/Curl/Curl(232).txt,Box dòng 1 đã được tự động cắt xén (clip) vừa ảnh.
Curl,/content/drive/MyDrive/Papaya_Leaf_Disease_Classification/BDPapayaLeaf/Original Images/Curl/Curl(236).jpg,/content/drive/MyDrive/Papaya_Leaf_Disease_Classification/YOLO_Bounding_Box/Curl/Curl(236).txt,Box dòng 1 đã được tự động cắt xén (clip) vừa ảnh.
Curl,/content/drive/MyDrive/Papaya_Leaf_Disease_Classification/BDPapayaLeaf/Original Images/Curl/Curl(24).jpg,/content/drive/MyDrive/Papaya_Leaf_Disease_Classification/YOLO_Bounding_Box/Curl/Curl(24).txt,Box dòng 1 đã được tự động cắt xén (clip) vừa ảnh.
Curl,/content/drive/MyDrive/Papaya_Leaf_Disease_Classification/BDPapayaLeaf/Original Images/Curl/Curl(243).jpg,/content/drive/MyDrive/Papaya_Leaf_Disease_Classification/YOLO_Bounding_Box/Curl/Curl(243).txt,Box dòng 1 đã được tự động cắt xén (clip) vừa ảnh.
Curl,/content/drive/MyDrive/Papaya_Leaf_Disease_Classification/BDPapayaLeaf/Original Images/Curl/Curl(244).jpg,/content/drive/MyDrive/Papaya_Leaf_Disease_Classification/YOLO_Bounding_Box/Curl/Curl(244).txt,Box dòng 1 đã được tự động cắt xén (clip) vừa ảnh.
Curl,/content/drive/MyDrive/Papaya_Leaf_Disease_Classification/BDPapayaLeaf/Original Images/Curl/Curl(248).jpg,/content/drive/MyDrive/Papaya_Leaf_Disease_Classification/YOLO_Bounding_Box/Curl/Curl(248).txt,Box dòng 1 đã được tự động cắt xén (clip) vừa ảnh.
Curl,/content/drive/MyDrive/Papaya_Leaf_Disease_Classification/BDPapayaLeaf/Original Images/Curl/Curl(25).jpg,/content/drive/MyDrive/Papaya_Leaf_Disease_Classification/YOLO_Bounding_Box/Curl/Curl(25).txt,Box dòng 1 đã được tự động cắt xén (clip) vừa ảnh.
Curl,/content/drive/MyDrive/Papaya_Leaf_Disease_Classification/BDPapayaLeaf/Original Images/Curl/Curl(251).jpg,/content/drive/MyDrive/Papaya_Leaf_Disease_Classification/YOLO_Bounding_Box/Curl/Curl(251).txt,Box dòng 1 đã được tự động cắt xén (clip) vừa ảnh.
Curl,/content/drive/MyDrive/Papaya_Leaf_Disease_Classification/BDPapayaLeaf/Original Images/Curl/Curl(255).jpg,/content/drive/MyDrive/Papaya_Leaf_Disease_Classification/YOLO_Bounding_Box/Curl/Curl(255).txt,Box dòng 1 đã được tự động cắt xén (clip) vừa ảnh.
Curl,/content/drive/MyDrive/Papaya_Leaf_Disease_Classification/BDPapayaLeaf/Original Images/Curl/Curl(259).jpg,/content/drive/MyDrive/Papaya_Leaf_Disease_Classification/YOLO_Bounding_Box/Curl/Curl(259).txt,Box dòng 1 đã được tự động cắt xén (clip) vừa ảnh.
Curl,/content/drive/MyDrive/Papaya_Leaf_Disease_Classification/BDPapayaLeaf/Original Images/Curl/Curl(265).jpg,/content/drive/MyDrive/Papaya_Leaf_Disease_Classification/YOLO_Bounding_Box/Curl/Curl(265).txt,Box dòng 1 đã được tự động cắt xén (clip) vừa ảnh.
Curl,/content/drive/MyDrive/Papaya_Leaf_Disease_Classification/BDPapayaLeaf/Original Images/Curl/Curl(267).jpg,/content/drive/MyDrive/Papaya_Leaf_Disease_Classification/YOLO_Bounding_Box/Curl/Curl(267).txt,Box dòng 1 đã được tự động cắt xén (clip) vừa ảnh.
Curl,/content/drive/MyDrive/Papaya_Leaf_Disease_Classification/BDPapayaLeaf/Original Images/Curl/Curl(271).jpg,/content/drive/MyDrive/Papaya_Leaf_Disease_Classification/YOLO_Bounding_Box/Curl/Curl(271).txt,Box dòng 1 đã được tự động cắt xén (clip) vừa ảnh.
Curl,/content/drive/MyDrive/Papaya_Leaf_Disease_Classification/BDPapayaLeaf/Original Images/Curl/Curl(273).jpg,/content/drive/MyDrive/Papaya_Leaf_Disease_Classification/YOLO_Bounding_Box/Curl/Curl(273).txt,Box dòng 1 đã được tự động cắt xén (clip) vừa ảnh.
Curl,/content/drive/MyDrive/Papaya_Leaf_Disease_Classification/BDPapayaLeaf/Original Images/Curl/Curl(281).jpg,/content/drive/MyDrive/Papaya_Leaf_Disease_Classification/YOLO_Bounding_Box/Curl/Curl(281).txt,Box dòng 1 đã được tự động cắt xén (clip) vừa ảnh.
Curl,/content/drive/MyDrive/Papaya_Leaf_Disease_Classification/BDPapayaLeaf/Original Images/Curl/Curl(286).jpg,/content/drive/MyDrive/Papaya_Leaf_Disease_Classification/YOLO_Bounding_Box/Curl/Curl(286).txt,Box dòng 1 đã được tự động cắt xén (clip) vừa ảnh.
Curl,/content/drive/MyDrive/Papaya_Leaf_Disease_Classification/BDPapayaLeaf/Original Images/Curl/Curl(29).jpg,/content/drive/MyDrive/Papaya_Leaf_Disease_Classification/YOLO_Bounding_Box/Curl/Curl(29).txt,Box dòng 1 đã được tự động cắt xén (clip) vừa ảnh.
Curl,/content/drive/MyDrive/Papaya_Leaf_Disease_Classification/BDPapayaLeaf/Original Images/Curl/Curl(291).jpg,/content/drive/MyDrive/Papaya_Leaf_Disease_Classification/YOLO_Bounding_Box/Curl/Curl(291).txt,Box dòng 1 đã được tự động cắt xén (clip) vừa ảnh.
Curl,/content/drive/MyDrive/Papaya_Leaf_Disease_Classification/BDPapayaLeaf/Original Images/Curl/Curl(292).jpg,/content/drive/MyDrive/Papaya_Leaf_Disease_Classification/YOLO_Bounding_Box/Curl/Curl(292).txt,Box dòng 1 đã được tự động cắt xén (clip) vừa ảnh.
Curl,/content/drive/MyDrive/Papaya_Leaf_Disease_Classification/BDPapayaLeaf/Original Images/Curl/Curl(293).jpg,/content/drive/MyDrive/Papaya_Leaf_Disease_Classification/YOLO_Bounding_Box/Curl/Curl(293).txt,Box dòng 1 đã được tự động cắt xén (clip) vừa ảnh.
Curl,/content/drive/MyDrive/Papaya_Leaf_Disease_Classification/BDPapayaLeaf/Original Images/Curl/Curl(295).jpg,/content/drive/MyDrive/Papaya_Leaf_Disease_Classification/YOLO_Bounding_Box/Curl/Curl(295).txt,Box dòng 1 đã được tự động cắt xén (clip) vừa ảnh.
Curl,/content/drive/MyDrive/Papaya_Leaf_Disease_Classification/BDPapayaLeaf/Original Images/Curl/Curl(302).jpg,/content/drive/MyDrive/Papaya_Leaf_Disease_Classification/YOLO_Bounding_Box/Curl/Curl(302).txt,Box dòng 1 đã được tự động cắt xén (clip) vừa ảnh.
Curl,/content/drive/MyDrive/Papaya_Leaf_Disease_Classification/BDPapayaLeaf/Original Images/Curl/Curl(303).jpg,/content/drive/MyDrive/Papaya_Leaf_Disease_Classification/YOLO_Bounding_Box/Curl/Curl(303).txt,Box dòng 1 đã được tự động cắt xén (clip) vừa ảnh.
Curl,/content/drive/MyDrive/Papaya_Leaf_Disease_Classification/BDPapayaLeaf/Original Images/Curl/Curl(304).jpg,/content/drive/MyDrive/Papaya_Leaf_Disease_Classification/YOLO_Bounding_Box/Curl/Curl(304).txt,Box dòng 1 đã được tự động cắt xén (clip) vừa ảnh.
Curl,/content/drive/MyDrive/Papaya_Leaf_Disease_Classification/BDPapayaLeaf/Original Images/Curl/Curl(309).jpg,/content/drive/MyDrive/Papaya_Leaf_Disease_Classification/YOLO_Bounding_Box/Curl/Curl(309).txt,Box dòng 1 đã được tự động cắt xén (clip) vừa ảnh.
Curl,/content/drive/MyDrive/Papaya_Leaf_Disease_Classification/BDPapayaLeaf/Original Images/Curl/Curl(311).jpg,/content/drive/MyDrive/Papaya_Leaf_Disease_Classification/YOLO_Bounding_Box/Curl/Curl(311).txt,Box dòng 1 đã được tự động cắt xén (clip) vừa ảnh.
Curl,/content/drive/MyDrive/Papaya_Leaf_Disease_Classification/BDPapayaLeaf/Original Images/Curl/Curl(321).jpg,/content/drive/MyDrive/Papaya_Leaf_Disease_Classification/YOLO_Bounding_Box/Curl/Curl(321).txt,Box dòng 1 đã được tự động cắt xén (clip) vừa ảnh.
Curl,/content/drive/MyDrive/Papaya_Leaf_Disease_Classification/BDPapayaLeaf/Original Images/Curl/Curl(323).jpg,/content/drive/MyDrive/Papaya_Leaf_Disease_Classification/YOLO_Bounding_Box/Curl/Curl(323).txt,Box dòng 1 đã được tự động cắt xén (clip) vừa ảnh.
Curl,/content/drive/MyDrive/Papaya_Leaf_Disease_Classification/BDPapayaLeaf/Original Images/Curl/Curl(328).jpg,/content/drive/MyDrive/Papaya_Leaf_Disease_Classification/YOLO_Bounding_Box/Curl/Curl(328).txt,Box dòng 1 đã được tự động cắt xén (clip) vừa ảnh.
Curl,/content/drive/MyDrive/Papaya_Leaf_Disease_Classification/BDPapayaLeaf/Original Images/Curl/Curl(33).jpg,/content/drive/MyDrive/Papaya_Leaf_Disease_Classification/YOLO_Bounding_Box/Curl/Curl(33).txt,Box dòng 1 đã được tự động cắt xén (clip) vừa ảnh.
Curl,/content/drive/MyDrive/Papaya_Leaf_Disease_Classification/BDPapayaLeaf/Original Images/Curl/Curl(331).jpg,/content/drive/MyDrive/Papaya_Leaf_Disease_Classification/YOLO_Bounding_Box/Curl/Curl(331).txt,Box dòng 1 đã được tự động cắt xén (clip) vừa ảnh.
Curl,/content/drive/MyDrive/Papaya_Leaf_Disease_Classification/BDPapayaLeaf/Original Images/Curl/Curl(333).jpg,/content/drive/MyDrive/Papaya_Leaf_Disease_Classification/YOLO_Bounding_Box/Curl/Curl(333).txt,Box dòng 1 đã được tự động cắt xén (clip) vừa ảnh.
Curl,/content/drive/MyDrive/Papaya_Leaf_Disease_Classification/BDPapayaLeaf/Original Images/Curl/Curl(334).jpg,/content/drive/MyDrive/Papaya_Leaf_Disease_Classification/YOLO_Bounding_Box/Curl/Curl(334).txt,Box dòng 1 đã được tự động cắt xén (clip) vừa ảnh.
Curl,/content/drive/MyDrive/Papaya_Leaf_Disease_Classification/BDPapayaLeaf/Original Images/Curl/Curl(338).jpg,/content/drive/MyDrive/Papaya_Leaf_Disease_Classification/YOLO_Bounding_Box/Curl/Curl(338).txt,Box dòng 1 đã được tự động cắt xén (clip) vừa ảnh.
Curl,/content/drive/MyDrive/Papaya_Leaf_Disease_Classification/BDPapayaLeaf/Original Images/Curl/Curl(339).jpg,/content/drive/MyDrive/Papaya_Leaf_Disease_Classification/YOLO_Bounding_Box/Curl/Curl(339).txt,Box dòng 1 đã được tự động cắt xén (clip) vừa ảnh.
Curl,/content/drive/MyDrive/Papaya_Leaf_Disease_Classification/BDPapayaLeaf/Original Images/Curl/Curl(341).jpg,/content/drive/MyDrive/Papaya_Leaf_Disease_Classification/YOLO_Bounding_Box/Curl/Curl(341).txt,Box dòng 1 đã được tự động cắt xén (clip) vừa ảnh.
Curl,/content/drive/MyDrive/Papaya_Leaf_Disease_Classification/BDPapayaLeaf/Original Images/Curl/Curl(343).jpg,/content/drive/MyDrive/Papaya_Leaf_Disease_Classification/YOLO_Bounding_Box/Curl/Curl(343).txt,Box dòng 1 đã được tự động cắt xén (clip) vừa ảnh.
Curl,/content/drive/MyDrive/Papaya_Leaf_Disease_Classification/BDPapayaLeaf/Original Images/Curl/Curl(344).jpg,/content/drive/MyDrive/Papaya_Leaf_Disease_Classification/YOLO_Bounding_Box/Curl/Curl(344).txt,Box dòng 1 đã được tự động cắt xén (clip) vừa ảnh.
Curl,/content/drive/MyDrive/Papaya_Leaf_Disease_Classification/BDPapayaLeaf/Original Images/Curl/Curl(347).jpg,/content/drive/MyDrive/Papaya_Leaf_Disease_Classification/YOLO_Bounding_Box/Curl/Curl(347).txt,Box dòng 1 đã được tự động cắt xén (clip) vừa ảnh.
Curl,/content/drive/MyDrive/Papaya_Leaf_Disease_Classification/BDPapayaLeaf/Original Images/Curl/Curl(352).jpg,/content/drive/MyDrive/Papaya_Leaf_Disease_Classification/YOLO_Bounding_Box/Curl/Curl(352).txt,Box dòng 1 đã được tự động cắt xén (clip) vừa ảnh.
Curl,/content/drive/MyDrive/Papaya_Leaf_Disease_Classification/BDPapayaLeaf/Original Images/Curl/Curl(354).jpg,/content/drive/MyDrive/Papaya_Leaf_Disease_Classification/YOLO_Bounding_Box/Curl/Curl(354).txt,Box dòng 1 đã được tự động cắt xén (clip) vừa ảnh.
Curl,/content/drive/MyDrive/Papaya_Leaf_Disease_Classification/BDPapayaLeaf/Original Images/Curl/Curl(362).jpg,/content/drive/MyDrive/Papaya_Leaf_Disease_Classification/YOLO_Bounding_Box/Curl/Curl(362).txt,Box dòng 1 đã được tự động cắt xén (clip) vừa ảnh.
Curl,/content/drive/MyDrive/Papaya_Leaf_Disease_Classification/BDPapayaLeaf/Original Images/Curl/Curl(37).jpg,/content/drive/MyDrive/Papaya_Leaf_Disease_Classification/YOLO_Bounding_Box/Curl/Curl(37).txt,Box dòng 1 đã được tự động cắt xén (clip) vừa ảnh.
Curl,/content/drive/MyDrive/Papaya_Leaf_Disease_Classification/BDPapayaLeaf/Original Images/Curl/Curl(44).jpg,/content/drive/MyDrive/Papaya_Leaf_Disease_Classification/YOLO_Bounding_Box/Curl/Curl(44).txt,Box dòng 1 đã được tự động cắt xén (clip) vừa ảnh.
Curl,/content/drive/MyDrive/Papaya_Leaf_Disease_Classification/BDPapayaLeaf/Original Images/Curl/Curl(45).jpg,/content/drive/MyDrive/Papaya_Leaf_Disease_Classification/YOLO_Bounding_Box/Curl/Curl(45).txt,Box dòng 1 đã được tự động cắt xén (clip) vừa ảnh.
Curl,/content/drive/MyDrive/Papaya_Leaf_Disease_Classification/BDPapayaLeaf/Original Images/Curl/Curl(46).jpg,/content/drive/MyDrive/Papaya_Leaf_Disease_Classification/YOLO_Bounding_Box/Curl/Curl(46).txt,Box dòng 1 đã được tự động cắt xén (clip) vừa ảnh.
Curl,/content/drive/MyDrive/Papaya_Leaf_Disease_Classification/BDPapayaLeaf/Original Images/Curl/Curl(50).jpg,/content/drive/MyDrive/Papaya_Leaf_Disease_Classification/YOLO_Bounding_Box/Curl/Curl(50).txt,Box dòng 1 đã được tự động cắt xén (clip) vừa ảnh.
Curl,/content/drive/MyDrive/Papaya_Leaf_Disease_Classification/BDPapayaLeaf/Original Images/Curl/Curl(55).jpg,/content/drive/MyDrive/Papaya_Leaf_Disease_Classification/YOLO_Bounding_Box/Curl/Curl(55).txt,Box dòng 1 đã được tự động cắt xén (clip) vừa ảnh.
Curl,/content/drive/MyDrive/Papaya_Leaf_Disease_Classification/BDPapayaLeaf/Original Images/Curl/Curl(568).jpg,/content/drive/MyDrive/Papaya_Leaf_Disease_Classification/YOLO_Bounding_Box/Curl/Curl(568).txt,Box dòng 1 đã được tự động cắt xén (clip) vừa ảnh. | Box dòng 2 đã được tự động cắt xén (clip) vừa ảnh.
Curl,/content/drive/MyDrive/Papaya_Leaf_Disease_Classification/BDPapayaLeaf/Original Images/Curl/Curl(8).jpg,/content/drive/MyDrive/Papaya_Leaf_Disease_Classification/YOLO_Bounding_Box/Curl/Curl(8).txt,Box dòng 1 đã được tự động cắt xén (clip) vừa ảnh.
Curl,/content/drive/MyDrive/Papaya_Leaf_Disease_Classification/BDPapayaLeaf/Original Images/Curl/Curl(88).jpg,/content/drive/MyDrive/Papaya_Leaf_Disease_Classification/YOLO_Bounding_Box/Curl/Curl(88).txt,Box dòng 1 đã được tự động cắt xén (clip) vừa ảnh.
Curl,/content/drive/MyDrive/Papaya_Leaf_Disease_Classification/BDPapayaLeaf/Original Images/Curl/Curl(99).jpg,/content/drive/MyDrive/Papaya_Leaf_Disease_Classification/YOLO_Bounding_Box/Curl/Curl(99).txt,Box dòng 1 đã được tự động cắt xén (clip) vừa ảnh.
RingSpot,/content/drive/MyDrive/Papaya_Leaf_Disease_Classification/BDPapayaLeaf/Original Images/RingSpot/RingSpot(1).jpg,/content/drive/MyDrive/Papaya_Leaf_Disease_Classification/YOLO_Bounding_Box/RingSpot/RingSpot(1).txt,Box dòng 1 đã được tự động cắt xén (clip) vừa ảnh. | Box dòng 2 đã được tự động cắt xén (clip) vừa ảnh. | Box dòng 3 đã được tự động cắt xén (clip) vừa ảnh. | Box dòng 4 đã được tự động cắt xén (clip) vừa ảnh. | Box dòng 5 đã được tự động cắt xén (clip) vừa ảnh. | Box dòng 6 đã được tự động cắt xén (clip) vừa ảnh.
RingSpot,/content/drive/MyDrive/Papaya_Leaf_Disease_Classification/BDPapayaLeaf/Original Images/RingSpot/RingSpot(10).jpg,/content/drive/MyDrive/Papaya_Leaf_Disease_Classification/YOLO_Bounding_Box/RingSpot/RingSpot(10).txt,Box dòng 1 đã được tự động cắt xén (clip) vừa ảnh. | Box dòng 2 đã được tự động cắt xén (clip) vừa ảnh. | Box dòng 3 đã được tự động cắt xén (clip) vừa ảnh.
RingSpot,/content/drive/MyDrive/Papaya_Leaf_Disease_Classification/BDPapayaLeaf/Original Images/RingSpot/RingSpot(100).jpg,/content/drive/MyDrive/Papaya_Leaf_Disease_Classification/YOLO_Bounding_Box/RingSpot/RingSpot(100).txt,Box dòng 1 đã được tự động cắt xén (clip) vừa ảnh. | Box dòng 2 đã được tự động cắt xén (clip) vừa ảnh. | Box dòng 3 đã được tự động cắt xén (clip) vừa ảnh. | Box dòng 4 đã được tự động cắt xén (clip) vừa ảnh. | Box dòng 5 đã được tự động cắt xén (clip) vừa ảnh. | Box dòng 6 đã được tự động cắt xén (clip) vừa ảnh. | Box dòng 8 đã được tự động cắt xén (clip) vừa ảnh. | Box dòng 9 đã được tự động cắt xén (clip) vừa ảnh. | Box dòng 10 đã được tự động cắt xén (clip) vừa ảnh. | Box dòng 11 đã được tự động cắt xén (clip) vừa ảnh. | Box dòng 12 đã được tự động cắt xén (clip) vừa ảnh. | Box dòng 13 đã được tự động cắt xén (clip) vừa ảnh. | Box dòng 14 đã được tự động cắt xén (clip) vừa ảnh. | Box dòng 15 đã được tự động cắt xén (clip) vừa ảnh.
RingSpot,/content/drive/MyDrive/Papaya_Leaf_Disease_Classification/BDPapayaLeaf/Original Images/RingSpot/RingSpot(101).jpg,/content/drive/MyDrive/Papaya_Leaf_Disease_Classification/YOLO_Bounding_Box/RingSpot/RingSpot(101).txt,Box dòng 1 đã được tự động cắt xén (clip) vừa ảnh. | Box dòng 3 đã được tự động cắt xén (clip) vừa ảnh. | Box dòng 4 đã được tự động cắt xén (clip) vừa ảnh.
RingSpot,/content/drive/MyDrive/Papaya_Leaf_Disease_Classification/BDPapayaLeaf/Original Images/RingSpot/RingSpot(102).jpg,/content/drive/MyDrive/Papaya_Leaf_Disease_Classification/YOLO_Bounding_Box/RingSpot/RingSpot(102).txt,Box dòng 1 đã được tự động cắt xén (clip) vừa ảnh. | Box dòng 2 đã được tự động cắt xén (clip) vừa ảnh. | Box dòng 3 đã được tự động cắt xén (clip) vừa ảnh. | Box dòng 4 đã được tự động cắt xén (clip) vừa ảnh. | Box dòng 5 đã được tự động cắt xén (clip) vừa ảnh. | Box dòng 6 đã được tự động cắt xén (clip) vừa ảnh.
RingSpot,/content/drive/MyDrive/Papaya_Leaf_Disease_Classification/BDPapayaLeaf/Original Images/RingSpot/RingSpot(103).jpg,/content/drive/MyDrive/Papaya_Leaf_Disease_Classification/YOLO_Bounding_Box/RingSpot/RingSpot(103).txt,Box dòng 1 đã được tự động cắt xén (clip) vừa ảnh. | Box dòng 2 đã được tự động cắt xén (clip) vừa ảnh. | Box dòng 3 đã được tự động cắt xén (clip) vừa ảnh. | Box dòng 4 đã được tự động cắt xén (clip) vừa ảnh. | Box dòng 5 đã được tự động cắt xén (clip) vừa ảnh.
RingSpot,/content/drive/MyDrive/Papaya_Leaf_Disease_Classification/BDPapayaLeaf/Original Images/RingSpot/RingSpot(104).jpg,/content/drive/MyDrive/Papaya_Leaf_Disease_Classification/YOLO_Bounding_Box/RingSpot/RingSpot(104).txt,Box dòng 1 đã được tự động cắt xén (clip) vừa ảnh. | Box dòng 2 đã được tự động cắt xén (clip) vừa ảnh. | Box dòng 3 đã được tự động cắt xén (clip) vừa ảnh. | Box dòng 4 đã được tự động cắt xén (clip) vừa ảnh. | Box dòng 5 đã được tự động cắt xén (clip) vừa ảnh. | Box dòng 6 đã được tự động cắt xén (clip) vừa ảnh. | Box dòng 7 đã được tự động cắt xén (clip) vừa ảnh.
RingSpot,/content/drive/MyDrive/Papaya_Leaf_Disease_Classification/BDPapayaLeaf/Original Images/RingSpot/RingSpot(105).jpg,/content/drive/MyDrive/Papaya_Leaf_Disease_Classification/YOLO_Bounding_Box/RingSpot/RingSpot(105).txt,Box dòng 1 đã được tự động cắt xén (clip) vừa ảnh. | Box dòng 2 đã được tự động cắt xén (clip) vừa ảnh. | Box dòng 3 đã được tự động cắt xén (clip) vừa ảnh. | Box dòng 4 đã được tự động cắt xén (clip) vừa ảnh. | Box dòng 5 đã được tự động cắt xén (clip) vừa ảnh. | Box dòng 6 đã được tự động cắt xén (clip) vừa ảnh. | Box dòng 7 đã được tự động cắt xén (clip) vừa ảnh.
RingSpot,/content/drive/MyDrive/Papaya_Leaf_Disease_Classification/BDPapayaLeaf/Original Images/RingSpot/RingSpot(106).jpg,/content/drive/MyDrive/Papaya_Leaf_Disease_Classification/YOLO_Bounding_Box/RingSpot/RingSpot(106).txt,Box dòng 1 đã được tự động cắt xén (clip) vừa ảnh. | Box dòng 2 đã được tự động cắt xén (clip) vừa ảnh. | Box dòng 3 đã được tự động cắt xén (clip) vừa ảnh. | Box dòng 4 đã được tự động cắt xén (clip) vừa ảnh.
RingSpot,/content/drive/MyDrive/Papaya_Leaf_Disease_Classification/BDPapayaLeaf/Original Images/RingSpot/RingSpot(107).jpg,/content/drive/MyDrive/Papaya_Leaf_Disease_Classification/YOLO_Bounding_Box/RingSpot/RingSpot(107).txt,Box dòng 1 đã được tự động cắt xén (clip) vừa ảnh. | Box dòng 2 đã được tự động cắt xén (clip) vừa ảnh. | Box dòng 3 đã được tự động cắt xén (clip) vừa ảnh. | Box dòng 4 đã được tự động cắt xén (clip) vừa ảnh. | Box dòng 5 đã được tự động cắt xén (clip) vừa ảnh.
RingSpot,/content/drive/MyDrive/Papaya_Leaf_Disease_Classification/BDPapayaLeaf/Original Images/RingSpot/RingSpot(108).jpg,/content/drive/MyDrive/Papaya_Leaf_Disease_Classification/YOLO_Bounding_Box/RingSpot/RingSpot(108).txt,Box dòng 1 đã được tự động cắt xén (clip) vừa ảnh. | Box dòng 2 đã được tự động cắt xén (clip) vừa ảnh. | Box dòng 3 đã được tự động cắt xén (clip) vừa ảnh. | Box dòng 4 đã được tự động cắt xén (clip) vừa ảnh. | Box dòng 5 đã được tự động cắt xén (clip) vừa ảnh. | Box dòng 6 đã được tự động cắt xén (clip) vừa ảnh. | Box dòng 7 đã được tự động cắt xén (clip) vừa ảnh. | Box dòng 8 đã được tự động cắt xén (clip) vừa ảnh. | Box dòng 9 đã được tự động cắt xén (clip) vừa ảnh.
RingSpot,/content/drive/MyDrive/Papaya_Leaf_Disease_Classification/BDPapayaLeaf/Original Images/RingSpot/RingSpot(109).jpg,/content/drive/MyDrive/Papaya_Leaf_Disease_Classification/YOLO_Bounding_Box/RingSpot/RingSpot(109).txt,Box dòng 1 đã được tự động cắt xén (clip) vừa ảnh. | Box dòng 2 đã được tự động cắt xén (clip) vừa ảnh. | Box dòng 3 đã được tự động cắt xén (clip) vừa ảnh. | Box dòng 4 đã được tự động cắt xén (clip) vừa ảnh. | Box dòng 5 đã được tự động cắt xén (clip) vừa ảnh. | Box dòng 6 đã được tự động cắt xén (clip) vừa ảnh.
RingSpot,/content/drive/MyDrive/Papaya_Leaf_Disease_Classification/BDPapayaLeaf/Original Images/RingSpot/RingSpot(11).jpg,/content/drive/MyDrive/Papaya_Leaf_Disease_Classification/YOLO_Bounding_Box/RingSpot/RingSpot(11).txt,Box dòng 1 đã được tự động cắt xén (clip) vừa ảnh. | Box dòng 2 đã được tự động cắt xén (clip) vừa ảnh.
RingSpot,/content/drive/MyDrive/Papaya_Leaf_Disease_Classification/BDPapayaLeaf/Original Images/RingSpot/RingSpot(110).jpg,/content/drive/MyDrive/Papaya_Leaf_Disease_Classification/YOLO_Bounding_Box/RingSpot/RingSpot(110).txt,Box dòng 1 đã được tự động cắt xén (clip) vừa ảnh. | Box dòng 2 đã được tự động cắt xén (clip) vừa ảnh. | Box dòng 3 đã được tự động cắt xén (clip) vừa ảnh. | Box dòng 4 đã được tự động cắt xén (clip) vừa ảnh. | Box dòng 5 đã được tự động cắt xén (clip) vừa ảnh. | Box dòng 6 đã được tự động cắt xén (clip) vừa ảnh.
RingSpot,/content/drive/MyDrive/Papaya_Leaf_Disease_Classification/BDPapayaLeaf/Original Images/RingSpot/RingSpot(111).jpg,/content/drive/MyDrive/Papaya_Leaf_Disease_Classification/YOLO_Bounding_Box/RingSpot/RingSpot(111).txt,Box dòng 1 đã được tự động cắt xén (clip) vừa ảnh. | Box dòng 2 đã được tự động cắt xén (clip) vừa ảnh. | Box dòng 3 đã được tự động cắt xén (clip) vừa ảnh. | Box dòng 4 đã được tự động cắt xén (clip) vừa ảnh. | Box dòng 5 đã được tự động cắt xén (clip) vừa ảnh. | Box dòng 6 đã được tự động cắt xén (clip) vừa ảnh.
RingSpot,/content/drive/MyDrive/Papaya_Leaf_Disease_Classification/BDPapayaLeaf/Original Images/RingSpot/RingSpot(112).jpg,/content/drive/MyDrive/Papaya_Leaf_Disease_Classification/YOLO_Bounding_Box/RingSpot/RingSpot(112).txt,Box dòng 1 đã được tự động cắt xén (clip) vừa ảnh. | Box dòng 2 đã được tự động cắt xén (clip) vừa ảnh. | Box dòng 3 đã được tự động cắt xén (clip) vừa ảnh. | Box dòng 4 đã được tự động cắt xén (clip) vừa ảnh. | Box dòng 5 đã được tự động cắt xén (clip) vừa ảnh. | Box dòng 6 đã được tự động cắt xén (clip) vừa ảnh. | Box dòng 7 đã được tự động cắt xén (clip) vừa ảnh.
RingSpot,/content/drive/MyDrive/Papaya_Leaf_Disease_Classification/BDPapayaLeaf/Original Images/RingSpot/RingSpot(113).jpg,/content/drive/MyDrive/Papaya_Leaf_Disease_Classification/YOLO_Bounding_Box/RingSpot/RingSpot(113).txt,Box dòng 1 đã được tự động cắt xén (clip) vừa ảnh. | Box dòng 2 đã được tự động cắt xén (clip) vừa ảnh. | Box dòng 3 đã được tự động cắt xén (clip) vừa ảnh. | Box dòng 4 đã được tự động cắt xén (clip) vừa ảnh. | Box dòng 5 đã được tự động cắt xén (clip) vừa ảnh. | Box dòng 6 đã được tự động cắt xén (clip) vừa ảnh. | Box dòng 7 đã được tự động cắt xén (clip) vừa ảnh. | Box dòng 8 đã được tự động cắt xén (clip) vừa ảnh.
RingSpot,/content/drive/MyDrive/Papaya_Leaf_Disease_Classification/BDPapayaLeaf/Original Images/RingSpot/RingSpot(114).jpg,/content/drive/MyDrive/Papaya_Leaf_Disease_Classification/YOLO_Bounding_Box/RingSpot/RingSpot(114).txt,Box dòng 1 đã được tự động cắt xén (clip) vừa ảnh. | Box dòng 2 đã được tự động cắt xén (clip) vừa ảnh. | Box dòng 3 đã được tự động cắt xén (clip) vừa ảnh.
RingSpot,/content/drive/MyDrive/Papaya_Leaf_Disease_Classification/BDPapayaLeaf/Original Images/RingSpot/RingSpot(115).jpg,/content/drive/MyDrive/Papaya_Leaf_Disease_Classification/YOLO_Bounding_Box/RingSpot/RingSpot(115).txt,Box dòng 1 đã được tự động cắt xén (clip) vừa ảnh. | Box dòng 2 đã được tự động cắt xén (clip) vừa ảnh. | Box dòng 3 đã được tự động cắt xén (clip) vừa ảnh. | Box dòng 4 đã được tự động cắt xén (clip) vừa ảnh. | Box dòng 5 đã được tự động cắt xén (clip) vừa ảnh. | Box dòng 6 đã được tự động cắt xén (clip) vừa ảnh. | Box dòng 7 đã được tự động cắt xén (clip) vừa ảnh. | Box dòng 8 đã được tự động cắt xén (clip) vừa ảnh. | Box dòng 9 đã được tự động cắt xén (clip) vừa ảnh. | Box dòng 10 đã được tự động cắt xén (clip) vừa ảnh. | Box dòng 11 đã được tự động cắt xén (clip) vừa ảnh.
RingSpot,/content/drive/MyDrive/Papaya_Leaf_Disease_Classification/BDPapayaLeaf/Original Images/RingSpot/RingSpot(116).jpg,/content/drive/MyDrive/Papaya_Leaf_Disease_Classification/YOLO_Bounding_Box/RingSpot/RingSpot(116).txt,Box dòng 1 đã được tự động cắt xén (clip) vừa ảnh. | Box dòng 2 đã được tự động cắt xén (clip) vừa ảnh. | Box dòng 3 đã được tự động cắt xén (clip) vừa ảnh. | Box dòng 4 đã được tự động cắt xén (clip) vừa ảnh. | Box dòng 5 đã được tự động cắt xén (clip) vừa ảnh. | Box dòng 6 đã được tự động cắt xén (clip) vừa ảnh. | Box dòng 7 đã được tự động cắt xén (clip) vừa ảnh.
RingSpot,/content/drive/MyDrive/Papaya_Leaf_Disease_Classification/BDPapayaLeaf/Original Images/RingSpot/RingSpot(117).jpg,/content/drive/MyDrive/Papaya_Leaf_Disease_Classification/YOLO_Bounding_Box/RingSpot/RingSpot(117).txt,Box dòng 1 đã được tự động cắt xén (clip) vừa ảnh. | Box dòng 2 đã được tự động cắt xén (clip) vừa ảnh. | Box dòng 3 đã được tự động cắt xén (clip) vừa ảnh. | Box dòng 4 đã được tự động cắt xén (clip) vừa ảnh. | Box dòng 5 đã được tự động cắt xén (clip) vừa ảnh. | Box dòng 6 đã được tự động cắt xén (clip) vừa ảnh. | Box dòng 7 đã được tự động cắt xén (clip) vừa ảnh. | Box dòng 9 đã được tự động cắt xén (clip) vừa ảnh. | Box dòng 10 đã được tự động cắt xén (clip) vừa ảnh. | Box dòng 11 đã được tự động cắt xén (clip) vừa ảnh.
RingSpot,/content/drive/MyDrive/Papaya_Leaf_Disease_Classification/BDPapayaLeaf/Original Images/RingSpot/RingSpot(118).jpg,/content/drive/MyDrive/Papaya_Leaf_Disease_Classification/YOLO_Bounding_Box/RingSpot/RingSpot(118).txt,Box dòng 1 đã được tự động cắt xén (clip) vừa ảnh. | Box dòng 2 đã được tự động cắt xén (clip) vừa ảnh. | Box dòng 3 đã được tự động cắt xén (clip) vừa ảnh. | Box dòng 4 đã được tự động cắt xén (clip) vừa ảnh. | Box dòng 5 đã được tự động cắt xén (clip) vừa ảnh. | Box dòng 6 đã được tự động cắt xén (clip) vừa ảnh. | Box dòng 7 đã được tự động cắt xén (clip) vừa ảnh. | Box dòng 8 đã được tự động cắt xén (clip) vừa ảnh.
RingSpot,/content/drive/MyDrive/Papaya_Leaf_Disease_Classification/BDPapayaLeaf/Original Images/RingSpot/RingSpot(119).jpg,/content/drive/MyDrive/Papaya_Leaf_Disease_Classification/YOLO_Bounding_Box/RingSpot/RingSpot(119).txt,Box dòng 1 đã được tự động cắt xén (clip) vừa ảnh. | Box dòng 2 đã được tự động cắt xén (clip) vừa ảnh. | Box dòng 3 đã được tự động cắt xén (clip) vừa ảnh. | Box dòng 4 đã được tự động cắt xén (clip) vừa ảnh. | Box dòng 5 đã được tự động cắt xén (clip) vừa ảnh. | Box dòng 6 đã được tự động cắt xén (clip) vừa ảnh. | Box dòng 7 đã được tự động cắt xén (clip) vừa ảnh. | Box dòng 8 đã được tự động cắt xén (clip) vừa ảnh. | Box dòng 9 đã được tự động cắt xén (clip) vừa ảnh.
RingSpot,/content/drive/MyDrive/Papaya_Leaf_Disease_Classification/BDPapayaLeaf/Original Images/RingSpot/RingSpot(12).jpg,/content/drive/MyDrive/Papaya_Leaf_Disease_Classification/YOLO_Bounding_Box/RingSpot/RingSpot(12).txt,Box dòng 1 đã được tự động cắt xén (clip) vừa ảnh. | Box dòng 2 đã được tự động cắt xén (clip) vừa ảnh. | Box dòng 3 đã được tự động cắt xén (clip) vừa ảnh. | Box dòng 4 đã được tự động cắt xén (clip) vừa ảnh. | Box dòng 5 đã được tự động cắt xén (clip) vừa ảnh. | Box dòng 6 đã được tự động cắt xén (clip) vừa ảnh.
RingSpot,/content/drive/MyDrive/Papaya_Leaf_Disease_Classification/BDPapayaLeaf/Original Images/RingSpot/RingSpot(120).jpg,/content/drive/MyDrive/Papaya_Leaf_Disease_Classification/YOLO_Bounding_Box/RingSpot/RingSpot(120).txt,Box dòng 1 đã được tự động cắt xén (clip) vừa ảnh. | Box dòng 2 đã được tự động cắt xén (clip) vừa ảnh. | Box dòng 3 đã được tự động cắt xén (clip) vừa ảnh. | Box dòng 4 đã được tự động cắt xén (clip) vừa ảnh. | Box dòng 6 đã được tự động cắt xén (clip) vừa ảnh. | Box dòng 7 đã được tự động cắt xén (clip) vừa ảnh.
RingSpot,/content/drive/MyDrive/Papaya_Leaf_Disease_Classification/BDPapayaLeaf/Original Images/RingSpot/RingSpot(121).jpg,/content/drive/MyDrive/Papaya_Leaf_Disease_Classification/YOLO_Bounding_Box/RingSpot/RingSpot(121).txt,Box dòng 1 đã được tự động cắt xén (clip) vừa ảnh. | Box dòng 2 đã được tự động cắt xén (clip) vừa ảnh. | Box dòng 3 đã được tự động cắt xén (clip) vừa ảnh. | Box dòng 4 đã được tự động cắt xén (clip) vừa ảnh. | Box dòng 5 đã được tự động cắt xén (clip) vừa ảnh.
RingSpot,/content/drive/MyDrive/Papaya_Leaf_Disease_Classification/BDPapayaLeaf/Original Images/RingSpot/RingSpot(122).jpg,/content/drive/MyDrive/Papaya_Leaf_Disease_Classification/YOLO_Bounding_Box/RingSpot/RingSpot(122).txt,Box dòng 1 đã được tự động cắt xén (clip) vừa ảnh. | Box dòng 2 đã được tự động cắt xén (clip) vừa ảnh. | Box dòng 3 đã được tự động cắt xén (clip) vừa ảnh. | Box dòng 4 đã được tự động cắt xén (clip) vừa ảnh. | Box dòng 5 đã được tự động cắt xén (clip) vừa ảnh. | Box dòng 6 đã được tự động cắt xén (clip) vừa ảnh. | Box dòng 7 đã được tự động cắt xén (clip) vừa ảnh. | Box dòng 8 đã được tự động cắt xén (clip) vừa ảnh. | Box dòng 9 đã được tự động cắt xén (clip) vừa ảnh.
RingSpot,/content/drive/MyDrive/Papaya_Leaf_Disease_Classification/BDPapayaLeaf/Original Images/RingSpot/RingSpot(123).jpg,/content/drive/MyDrive/Papaya_Leaf_Disease_Classification/YOLO_Bounding_Box/RingSpot/RingSpot(123).txt,Box dòng 1 đã được tự động cắt xén (clip) vừa ảnh. | Box dòng 2 đã được tự động cắt xén (clip) vừa ảnh. | Box dòng 3 đã được tự động cắt xén (clip) vừa ảnh. | Box dòng 4 đã được tự động cắt xén (clip) vừa ảnh. | Box dòng 5 đã được tự động cắt xén (clip) vừa ảnh. | Box dòng 6 đã được tự động cắt xén (clip) vừa ảnh.
RingSpot,/content/drive/MyDrive/Papaya_Leaf_Disease_Classification/BDPapayaLeaf/Original Images/RingSpot/RingSpot(124).jpg,/content/drive/MyDrive/Papaya_Leaf_Disease_Classification/YOLO_Bounding_Box/RingSpot/RingSpot(124).txt,Box dòng 1 đã được tự động cắt xén (clip) vừa ảnh. | Box dòng 2 đã được tự động cắt xén (clip) vừa ảnh. | Box dòng 3 đã được tự động cắt xén (clip) vừa ảnh. | Box dòng 4 đã được tự động cắt xén (clip) vừa ảnh. | Box dòng 5 đã được tự động cắt xén (clip) vừa ảnh. | Box dòng 6 đã được tự động cắt xén (clip) vừa ảnh.
RingSpot,/content/drive/MyDrive/Papaya_Leaf_Disease_Classification/BDPapayaLeaf/Original Images/RingSpot/RingSpot(125).jpg,/content/drive/MyDrive/Papaya_Leaf_Disease_Classification/YOLO_Bounding_Box/RingSpot/RingSpot(125).txt,Box dòng 1 đã được tự động cắt xén (clip) vừa ảnh. | Box dòng 2 đã được tự động cắt xén (clip) vừa ảnh. | Box dòng 3 đã được tự động cắt xén (clip) vừa ảnh. | Box dòng 4 đã được tự động cắt xén (clip) vừa ảnh.
RingSpot,/content/drive/MyDrive/Papaya_Leaf_Disease_Classification/BDPapayaLeaf/Original Images/RingSpot/RingSpot(126).jpg,/content/drive/MyDrive/Papaya_Leaf_Disease_Classification/YOLO_Bounding_Box/RingSpot/RingSpot(126).txt,Box dòng 1 đã được tự động cắt xén (clip) vừa ảnh. | Box dòng 2 đã được tự động cắt xén (clip) vừa ảnh. | Box dòng 3 đã được tự động cắt xén (clip) vừa ảnh. | Box dòng 4 đã được tự động cắt xén (clip) vừa ảnh. | Box dòng 5 đã được tự động cắt xén (clip) vừa ảnh.
RingSpot,/content/drive/MyDrive/Papaya_Leaf_Disease_Classification/BDPapayaLeaf/Original Images/RingSpot/RingSpot(127).jpg,/content/drive/MyDrive/Papaya_Leaf_Disease_Classification/YOLO_Bounding_Box/RingSpot/RingSpot(127).txt,Box dòng 1 đã được tự động cắt xén (clip) vừa ảnh. | Box dòng 2 đã được tự động cắt xén (clip) vừa ảnh.
RingSpot,/content/drive/MyDrive/Papaya_Leaf_Disease_Classification/BDPapayaLeaf/Original Images/RingSpot/RingSpot(128).jpg,/content/drive/MyDrive/Papaya_Leaf_Disease_Classification/YOLO_Bounding_Box/RingSpot/RingSpot(128).txt,Box dòng 1 đã được tự động cắt xén (clip) vừa ảnh. | Box dòng 2 đã được tự động cắt xén (clip) vừa ảnh. | Box dòng 3 đã được tự động cắt xén (clip) vừa ảnh. | Box dòng 4 đã được tự động cắt xén (clip) vừa ảnh. | Box dòng 5 đã được tự động cắt xén (clip) vừa ảnh.
RingSpot,/content/drive/MyDrive/Papaya_Leaf_Disease_Classification/BDPapayaLeaf/Original Images/RingSpot/RingSpot(129).jpg,/content/drive/MyDrive/Papaya_Leaf_Disease_Classification/YOLO_Bounding_Box/RingSpot/RingSpot(129).txt,Box dòng 1 đã được tự động cắt xén (clip) vừa ảnh. | Box dòng 2 đã được tự động cắt xén (clip) vừa ảnh. | Box dòng 3 đã được tự động cắt xén (clip) vừa ảnh. | Box dòng 4 đã được tự động cắt xén (clip) vừa ảnh. | Box dòng 5 đã được tự động cắt xén (clip) vừa ảnh. | Box dòng 6 đã được tự động cắt xén (clip) vừa ảnh. | Box dòng 7 đã được tự động cắt xén (clip) vừa ảnh.
RingSpot,/content/drive/MyDrive/Papaya_Leaf_Disease_Classification/BDPapayaLeaf/Original Images/RingSpot/RingSpot(13).jpg,/content/drive/MyDrive/Papaya_Leaf_Disease_Classification/YOLO_Bounding_Box/RingSpot/RingSpot(13).txt,Box dòng 1 đã được tự động cắt xén (clip) vừa ảnh. | Box dòng 2 đã được tự động cắt xén (clip) vừa ảnh. | Box dòng 4 đã được tự động cắt xén (clip) vừa ảnh. | Box dòng 5 đã được tự động cắt xén (clip) vừa ảnh. | Box dòng 6 đã được tự động cắt xén (clip) vừa ảnh. | Box dòng 7 đã được tự động cắt xén (clip) vừa ảnh. | Box dòng 8 đã được tự động cắt xén (clip) vừa ảnh. | Box dòng 9 đã được tự động cắt xén (clip) vừa ảnh. | Box dòng 10 đã được tự động cắt xén (clip) vừa ảnh. | Box dòng 11 đã được tự động cắt xén (clip) vừa ảnh. | Box dòng 12 đã được tự động cắt xén (clip) vừa ảnh.
RingSpot,/content/drive/MyDrive/Papaya_Leaf_Disease_Classification/BDPapayaLeaf/Original Images/RingSpot/RingSpot(130).jpg,/content/drive/MyDrive/Papaya_Leaf_Disease_Classification/YOLO_Bounding_Box/RingSpot/RingSpot(130).txt,Box dòng 1 đã được tự động cắt xén (clip) vừa ảnh. | Box dòng 2 đã được tự động cắt xén (clip) vừa ảnh. | Box dòng 3 đã được tự động cắt xén (clip) vừa ảnh. | Box dòng 4 đã được tự động cắt xén (clip) vừa ảnh. | Box dòng 5 đã được tự động cắt xén (clip) vừa ảnh.
RingSpot,/content/drive/MyDrive/Papaya_Leaf_Disease_Classification/BDPapayaLeaf/Original Images/RingSpot/RingSpot(131).jpg,/content/drive/MyDrive/Papaya_Leaf_Disease_Classification/YOLO_Bounding_Box/RingSpot/RingSpot(131).txt,Box dòng 1 đã được tự động cắt xén (clip) vừa ảnh. | Box dòng 2 đã được tự động cắt xén (clip) vừa ảnh. | Box dòng 3 đã được tự động cắt xén (clip) vừa ảnh. | Box dòng 4 đã được tự động cắt xén (clip) vừa ảnh. | Box dòng 5 đã được tự động cắt xén (clip) vừa ảnh. | Box dòng 6 đã được tự động cắt xén (clip) vừa ảnh. | Box dòng 7 đã được tự động cắt xén (clip) vừa ảnh. | Box dòng 8 đã được tự động cắt xén (clip) vừa ảnh. | Box dòng 9 đã được tự động cắt xén (clip) vừa ảnh. | Box dòng 10 đã được tự động cắt xén (clip) vừa ảnh. | Box dòng 11 đã được tự động cắt xén (clip) vừa ảnh. | Box dòng 12 đã được tự động cắt xén (clip) vừa ảnh. | Box dòng 13 đã được tự động cắt xén (clip) vừa ảnh. | Box dòng 14 đã được tự động cắt xén (clip) vừa ảnh. | Box dòng 15 đã được tự động cắt xén (clip) vừa ảnh. | Box dòng 16 đã được tự động cắt xén (clip) vừa ảnh.
RingSpot,/content/drive/MyDrive/Papaya_Leaf_Disease_Classification/BDPapayaLeaf/Original Images/RingSpot/RingSpot(132).jpg,/content/drive/MyDrive/Papaya_Leaf_Disease_Classification/YOLO_Bounding_Box/RingSpot/RingSpot(132).txt,Box dòng 1 đã được tự động cắt xén (clip) vừa ảnh. | Box dòng 2 đã được tự động cắt xén (clip) vừa ảnh. | Box dòng 3 đã được tự động cắt xén (clip) vừa ảnh.
RingSpot,/content/drive/MyDrive/Papaya_Leaf_Disease_Classification/BDPapayaLeaf/Original Images/RingSpot/RingSpot(133).jpg,/content/drive/MyDrive/Papaya_Leaf_Disease_Classification/YOLO_Bounding_Box/RingSpot/RingSpot(133).txt,Box dòng 1 đã được tự động cắt xén (clip) vừa ảnh. | Box dòng 2 đã được tự động cắt xén (clip) vừa ảnh. | Box dòng 3 đã được tự động cắt xén (clip) vừa ảnh. | Box dòng 4 đã được tự động cắt xén (clip) vừa ảnh. | Box dòng 5 đã được tự động cắt xén (clip) vừa ảnh. | Box dòng 6 đã được tự động cắt xén (clip) vừa ảnh. | Box dòng 7 đã được tự động cắt xén (clip) vừa ảnh. | Box dòng 8 đã được tự động cắt xén (clip) vừa ảnh.
RingSpot,/content/drive/MyDrive/Papaya_Leaf_Disease_Classification/BDPapayaLeaf/Original Images/RingSpot/RingSpot(134).jpg,/content/drive/MyDrive/Papaya_Leaf_Disease_Classification/YOLO_Bounding_Box/RingSpot/RingSpot(134).txt,Box dòng 1 đã được tự động cắt xén (clip) vừa ảnh. | Box dòng 2 đã được tự động cắt xén (clip) vừa ảnh. | Box dòng 3 đã được tự động cắt xén (clip) vừa ảnh. | Box dòng 4 đã được tự động cắt xén (clip) vừa ảnh.
RingSpot,/content/drive/MyDrive/Papaya_Leaf_Disease_Classification/BDPapayaLeaf/Original Images/RingSpot/RingSpot(135).jpg,/content/drive/MyDrive/Papaya_Leaf_Disease_Classification/YOLO_Bounding_Box/RingSpot/RingSpot(135).txt,Box dòng 1 đã được tự động cắt xén (clip) vừa ảnh. | Box dòng 2 đã được tự động cắt xén (clip) vừa ảnh. | Box dòng 3 đã được tự động cắt xén (clip) vừa ảnh. | Box dòng 4 đã được tự động cắt xén (clip) vừa ảnh.
RingSpot,/content/drive/MyDrive/Papaya_Leaf_Disease_Classification/BDPapayaLeaf/Original Images/RingSpot/RingSpot(136).jpg,/content/drive/MyDrive/Papaya_Leaf_Disease_Classification/YOLO_Bounding_Box/RingSpot/RingSpot(136).txt,Box dòng 1 đã được tự động cắt xén (clip) vừa ảnh. | Box dòng 2 đã được tự động cắt xén (clip) vừa ảnh. | Box dòng 3 đã được tự động cắt xén (clip) vừa ảnh. | Box dòng 4 đã được tự động cắt xén (clip) vừa ảnh.
RingSpot,/content/drive/MyDrive/Papaya_Leaf_Disease_Classification/BDPapayaLeaf/Original Images/RingSpot/RingSpot(137).jpg,/content/drive/MyDrive/Papaya_Leaf_Disease_Classification/YOLO_Bounding_Box/RingSpot/RingSpot(137).txt,Box dòng 1 đã được tự động cắt xén (clip) vừa ảnh. | Box dòng 2 đã được tự động cắt xén (clip) vừa ảnh. | Box dòng 3 đã được tự động cắt xén (clip) vừa ảnh. | Box dòng 4 đã được tự động cắt xén (clip) vừa ảnh. | Box dòng 5 đã được tự động cắt xén (clip) vừa ảnh. | Box dòng 6 đã được tự động cắt xén (clip) vừa ảnh. | Box dòng 7 đã được tự động cắt xén (clip) vừa ảnh. | Box dòng 8 đã được tự động cắt xén (clip) vừa ảnh. | Box dòng 9 đã được tự động cắt xén (clip) vừa ảnh.
RingSpot,/content/drive/MyDrive/Papaya_Leaf_Disease_Classification/BDPapayaLeaf/Original Images/RingSpot/RingSpot(138).jpg,/content/drive/MyDrive/Papaya_Leaf_Disease_Classification/YOLO_Bounding_Box/RingSpot/RingSpot(138).txt,Box dòng 1 đã được tự động cắt xén (clip) vừa ảnh. | Box dòng 2 đã được tự động cắt xén (clip) vừa ảnh. | Box dòng 3 đã được tự động cắt xén (clip) vừa ảnh. | Box dòng 4 đã được tự động cắt xén (clip) vừa ảnh.
RingSpot,/content/drive/MyDrive/Papaya_Leaf_Disease_Classification/BDPapayaLeaf/Original Images/RingSpot/RingSpot(139).jpg,/content/drive/MyDrive/Papaya_Leaf_Disease_Classification/YOLO_Bounding_Box/RingSpot/RingSpot(139).txt,Box dòng 1 đã được tự động cắt xén (clip) vừa ảnh. | Box dòng 2 đã được tự động cắt xén (clip) vừa ảnh. | Box dòng 3 đã được tự động cắt xén (clip) vừa ảnh.
RingSpot,/content/drive/MyDrive/Papaya_Leaf_Disease_Classification/BDPapayaLeaf/Original Images/RingSpot/RingSpot(14).jpg,/content/drive/MyDrive/Papaya_Leaf_Disease_Classification/YOLO_Bounding_Box/RingSpot/RingSpot(14).txt,Box dòng 1 đã được tự động cắt xén (clip) vừa ảnh. | Box dòng 2 đã được tự động cắt xén (clip) vừa ảnh. | Box dòng 3 đã được tự động cắt xén (clip) vừa ảnh.
RingSpot,/content/drive/MyDrive/Papaya_Leaf_Disease_Classification/BDPapayaLeaf/Original Images/RingSpot/RingSpot(140).jpg,/content/drive/MyDrive/Papaya_Leaf_Disease_Classification/YOLO_Bounding_Box/RingSpot/RingSpot(140).txt,Box dòng 1 đã được tự động cắt xén (clip) vừa ảnh. | Box dòng 2 đã được tự động cắt xén (clip) vừa ảnh. | Box dòng 3 đã được tự động cắt xén (clip) vừa ảnh. | Box dòng 4 đã được tự động cắt xén (clip) vừa ảnh. | Box dòng 5 đã được tự động cắt xén (clip) vừa ảnh. | Box dòng 6 đã được tự động cắt xén (clip) vừa ảnh. | Box dòng 7 đã được tự động cắt xén (clip) vừa ảnh. | Box dòng 8 đã được tự động cắt xén (clip) vừa ảnh. | Box dòng 9 đã được tự động cắt xén (clip) vừa ảnh. | Box dòng 10 đã được tự động cắt xén (clip) vừa ảnh.
RingSpot,/content/drive/MyDrive/Papaya_Leaf_Disease_Classification/BDPapayaLeaf/Original Images/RingSpot/RingSpot(141).jpg,/content/drive/MyDrive/Papaya_Leaf_Disease_Classification/YOLO_Bounding_Box/RingSpot/RingSpot(141).txt,Box dòng 1 đã được tự động cắt xén (clip) vừa ảnh. | Box dòng 3 đã được tự động cắt xén (clip) vừa ảnh. | Box dòng 4 đã được tự động cắt xén (clip) vừa ảnh. | Box dòng 5 đã được tự động cắt xén (clip) vừa ảnh. | Box dòng 6 đã được tự động cắt xén (clip) vừa ảnh. | Box dòng 7 đã được tự động cắt xén (clip) vừa ảnh.
RingSpot,/content/drive/MyDrive/Papaya_Leaf_Disease_Classification/BDPapayaLeaf/Original Images/RingSpot/RingSpot(142).jpg,/content/drive/MyDrive/Papaya_Leaf_Disease_Classification/YOLO_Bounding_Box/RingSpot/RingSpot(142).txt,Box dòng 1 đã được tự động cắt xén (clip) vừa ảnh. | Box dòng 2 đã được tự động cắt xén (clip) vừa ảnh. | Box dòng 3 đã được tự động cắt xén (clip) vừa ảnh. | Box dòng 4 đã được tự động cắt xén (clip) vừa ảnh.
RingSpot,/content/drive/MyDrive/Papaya_Leaf_Disease_Classification/BDPapayaLeaf/Original Images/RingSpot/RingSpot(143).jpg,/content/drive/MyDrive/Papaya_Leaf_Disease_Classification/YOLO_Bounding_Box/RingSpot/RingSpot(143).txt,Box dòng 1 đã được tự động cắt xén (clip) vừa ảnh. | Box dòng 2 đã được tự động cắt xén (clip) vừa ảnh. | Box dòng 3 đã được tự động cắt xén (clip) vừa ảnh.
RingSpot,/content/drive/MyDrive/Papaya_Leaf_Disease_Classification/BDPapayaLeaf/Original Images/RingSpot/RingSpot(144).jpg,/content/drive/MyDrive/Papaya_Leaf_Disease_Classification/YOLO_Bounding_Box/RingSpot/RingSpot(144).txt,Box dòng 1 đã được tự động cắt xén (clip) vừa ảnh. | Box dòng 2 đã được tự động cắt xén (clip) vừa ảnh. | Box dòng 3 đã được tự động cắt xén (clip) vừa ảnh. | Box dòng 4 đã được tự động cắt xén (clip) vừa ảnh. | Box dòng 5 đã được tự động cắt xén (clip) vừa ảnh. | Box dòng 6 đã được tự động cắt xén (clip) vừa ảnh.
RingSpot,/content/drive/MyDrive/Papaya_Leaf_Disease_Classification/BDPapayaLeaf/Original Images/RingSpot/RingSpot(145).jpg,/content/drive/MyDrive/Papaya_Leaf_Disease_Classification/YOLO_Bounding_Box/RingSpot/RingSpot(145).txt,Box dòng 1 đã được tự động cắt xén (clip) vừa ảnh. | Box dòng 2 đã được tự động cắt xén (clip) vừa ảnh. | Box dòng 3 đã được tự động cắt xén (clip) vừa ảnh.
RingSpot,/content/drive/MyDrive/Papaya_Leaf_Disease_Classification/BDPapayaLeaf/Original Images/RingSpot/RingSpot(146).jpg,/content/drive/MyDrive/Papaya_Leaf_Disease_Classification/YOLO_Bounding_Box/RingSpot/RingSpot(146).txt,Box dòng 1 đã được tự động cắt xén (clip) vừa ảnh. | Box dòng 2 đã được tự động cắt xén (clip) vừa ảnh. | Box dòng 3 đã được tự động cắt xén (clip) vừa ảnh. | Box dòng 4 đã được tự động cắt xén (clip) vừa ảnh.
RingSpot,/content/drive/MyDrive/Papaya_Leaf_Disease_Classification/BDPapayaLeaf/Original Images/RingSpot/RingSpot(147).jpg,/content/drive/MyDrive/Papaya_Leaf_Disease_Classification/YOLO_Bounding_Box/RingSpot/RingSpot(147).txt,Box dòng 1 đã được tự động cắt xén (clip) vừa ảnh. | Box dòng 2 đã được tự động cắt xén (clip) vừa ảnh.
RingSpot,/content/drive/MyDrive/Papaya_Leaf_Disease_Classification/BDPapayaLeaf/Original Images/RingSpot/RingSpot(148).jpg,/content/drive/MyDrive/Papaya_Leaf_Disease_Classification/YOLO_Bounding_Box/RingSpot/RingSpot(148).txt,Box dòng 1 đã được tự động cắt xén (clip) vừa ảnh. | Box dòng 2 đã được tự động cắt xén (clip) vừa ảnh. | Box dòng 3 đã được tự động cắt xén (clip) vừa ảnh. | Box dòng 4 đã được tự động cắt xén (clip) vừa ảnh. | Box dòng 5 đã được tự động cắt xén (clip) vừa ảnh. | Box dòng 6 đã được tự động cắt xén (clip) vừa ảnh. | Box dòng 7 đã được tự động cắt xén (clip) vừa ảnh. | Box dòng 8 đã được tự động cắt xén (clip) vừa ảnh. | Box dòng 9 đã được tự động cắt xén (clip) vừa ảnh. | Box dòng 10 đã được tự động cắt xén (clip) vừa ảnh. | Box dòng 11 đã được tự động cắt xén (clip) vừa ảnh. | Box dòng 12 đã được tự động cắt xén (clip) vừa ảnh.
RingSpot,/content/drive/MyDrive/Papaya_Leaf_Disease_Classification/BDPapayaLeaf/Original Images/RingSpot/RingSpot(149).jpg,/content/drive/MyDrive/Papaya_Leaf_Disease_Classification/YOLO_Bounding_Box/RingSpot/RingSpot(149).txt,Box dòng 1 đã được tự động cắt xén (clip) vừa ảnh. | Box dòng 2 đã được tự động cắt xén (clip) vừa ảnh. | Box dòng 3 đã được tự động cắt xén (clip) vừa ảnh. | Box dòng 4 đã được tự động cắt xén (clip) vừa ảnh.
RingSpot,/content/drive/MyDrive/Papaya_Leaf_Disease_Classification/BDPapayaLeaf/Original Images/RingSpot/RingSpot(15).jpg,/content/drive/MyDrive/Papaya_Leaf_Disease_Classification/YOLO_Bounding_Box/RingSpot/RingSpot(15).txt,Box dòng 1 đã được tự động cắt xén (clip) vừa ảnh. | Box dòng 2 đã được tự động cắt xén (clip) vừa ảnh. | Box dòng 3 đã được tự động cắt xén (clip) vừa ảnh. | Box dòng 4 đã được tự động cắt xén (clip) vừa ảnh. | Box dòng 5 đã được tự động cắt xén (clip) vừa ảnh. | Box dòng 6 đã được tự động cắt xén (clip) vừa ảnh.
RingSpot,/content/drive/MyDrive/Papaya_Leaf_Disease_Classification/BDPapayaLeaf/Original Images/RingSpot/RingSpot(150).jpg,/content/drive/MyDrive/Papaya_Leaf_Disease_Classification/YOLO_Bounding_Box/RingSpot/RingSpot(150).txt,Box dòng 1 đã được tự động cắt xén (clip) vừa ảnh. | Box dòng 2 đã được tự động cắt xén (clip) vừa ảnh. | Box dòng 3 đã được tự động cắt xén (clip) vừa ảnh. | Box dòng 4 đã được tự động cắt xén (clip) vừa ảnh. | Box dòng 5 đã được tự động cắt xén (clip) vừa ảnh. | Box dòng 6 đã được tự động cắt xén (clip) vừa ảnh. | Box dòng 7 đã được tự động cắt xén (clip) vừa ảnh. | Box dòng 8 đã được tự động cắt xén (clip) vừa ảnh. | Box dòng 9 đã được tự động cắt xén (clip) vừa ảnh. | Box dòng 10 đã được tự động cắt xén (clip) vừa ảnh. | Box dòng 11 đã được tự động cắt xén (clip) vừa ảnh. | Box dòng 12 đã được tự động cắt xén (clip) vừa ảnh. | Box dòng 13 đã được tự động cắt xén (clip) vừa ảnh. | Box dòng 14 đã được tự động cắt xén (clip) vừa ảnh. | Box dòng 15 đã được tự động cắt xén (clip) vừa ảnh. | Box dòng 16 đã được tự động cắt xén (clip) vừa ảnh. | Box dòng 17 đã được tự động cắt xén (clip) vừa ảnh. | Box dòng 18 đã được tự động cắt xén (clip) vừa ảnh. | Box dòng 19 đã được tự động cắt xén (clip) vừa ảnh.
RingSpot,/content/drive/MyDrive/Papaya_Leaf_Disease_Classification/BDPapayaLeaf/Original Images/RingSpot/RingSpot(151).jpg,/content/drive/MyDrive/Papaya_Leaf_Disease_Classification/YOLO_Bounding_Box/RingSpot/RingSpot(151).txt,Box dòng 1 đã được tự động cắt xén (clip) vừa ảnh. | Box dòng 2 đã được tự động cắt xén (clip) vừa ảnh. | Box dòng 3 đã được tự động cắt xén (clip) vừa ảnh. | Box dòng 4 đã được tự động cắt xén (clip) vừa ảnh.
RingSpot,/content/drive/MyDrive/Papaya_Leaf_Disease_Classification/BDPapayaLeaf/Original Images/RingSpot/RingSpot(152).jpg,/content/drive/MyDrive/Papaya_Leaf_Disease_Classification/YOLO_Bounding_Box/RingSpot/RingSpot(152).txt,Box dòng 1 đã được tự động cắt xén (clip) vừa ảnh. | Box dòng 2 đã được tự động cắt xén (clip) vừa ảnh. | Box dòng 3 đã được tự động cắt xén (clip) vừa ảnh. | Box dòng 4 đã được tự động cắt xén (clip) vừa ảnh. | Box dòng 5 đã được tự động cắt xén (clip) vừa ảnh.
RingSpot,/content/drive/MyDrive/Papaya_Leaf_Disease_Classification/BDPapayaLeaf/Original Images/RingSpot/RingSpot(153).jpg,/content/drive/MyDrive/Papaya_Leaf_Disease_Classification/YOLO_Bounding_Box/RingSpot/RingSpot(153).txt,Box dòng 1 đã được tự động cắt xén (clip) vừa ảnh. | Box dòng 2 đã được tự động cắt xén (clip) vừa ảnh. | Box dòng 3 đã được tự động cắt xén (clip) vừa ảnh. | Box dòng 4 đã được tự động cắt xén (clip) vừa ảnh. | Box dòng 5 đã được tự động cắt xén (clip) vừa ảnh. | Box dòng 6 đã được tự động cắt xén (clip) vừa ảnh. | Box dòng 7 đã được tự động cắt xén (clip) vừa ảnh. | Box dòng 8 đã được tự động cắt xén (clip) vừa ảnh. | Box dòng 9 đã được tự động cắt xén (clip) vừa ảnh. | Box dòng 10 đã được tự động cắt xén (clip) vừa ảnh.
RingSpot,/content/drive/MyDrive/Papaya_Leaf_Disease_Classification/BDPapayaLeaf/Original Images/RingSpot/RingSpot(154).jpg,/content/drive/MyDrive/Papaya_Leaf_Disease_Classification/YOLO_Bounding_Box/RingSpot/RingSpot(154).txt,Box dòng 1 đã được tự động cắt xén (clip) vừa ảnh. | Box dòng 2 đã được tự động cắt xén (clip) vừa ảnh. | Box dòng 3 đã được tự động cắt xén (clip) vừa ảnh. | Box dòng 4 đã được tự động cắt xén (clip) vừa ảnh.
RingSpot,/content/drive/MyDrive/Papaya_Leaf_Disease_Classification/BDPapayaLeaf/Original Images/RingSpot/RingSpot(155).jpg,/content/drive/MyDrive/Papaya_Leaf_Disease_Classification/YOLO_Bounding_Box/RingSpot/RingSpot(155).txt,Box dòng 1 đã được tự động cắt xén (clip) vừa ảnh. | Box dòng 2 đã được tự động cắt xén (clip) vừa ảnh. | Box dòng 3 đã được tự động cắt xén (clip) vừa ảnh. | Box dòng 4 đã được tự động cắt xén (clip) vừa ảnh. | Box dòng 5 đã được tự động cắt xén (clip) vừa ảnh. | Box dòng 6 đã được tự động cắt xén (clip) vừa ảnh. | Box dòng 7 đã được tự động cắt xén (clip) vừa ảnh.
RingSpot,/content/drive/MyDrive/Papaya_Leaf_Disease_Classification/BDPapayaLeaf/Original Images/RingSpot/RingSpot(156).jpg,/content/drive/MyDrive/Papaya_Leaf_Disease_Classification/YOLO_Bounding_Box/RingSpot/RingSpot(156).txt,Box dòng 1 đã được tự động cắt xén (clip) vừa ảnh. | Box dòng 2 đã được tự động cắt xén (clip) vừa ảnh. | Box dòng 3 đã được tự động cắt xén (clip) vừa ảnh. | Box dòng 4 đã được tự động cắt xén (clip) vừa ảnh. | Box dòng 5 đã được tự động cắt xén (clip) vừa ảnh. | Box dòng 6 đã được tự động cắt xén (clip) vừa ảnh. | Box dòng 7 đã được tự động cắt xén (clip) vừa ảnh. | Box dòng 8 đã được tự động cắt xén (clip) vừa ảnh. | Box dòng 9 đã được tự động cắt xén (clip) vừa ảnh. | Box dòng 10 đã được tự động cắt xén (clip) vừa ảnh.
RingSpot,/content/drive/MyDrive/Papaya_Leaf_Disease_Classification/BDPapayaLeaf/Original Images/RingSpot/RingSpot(157).jpg,/content/drive/MyDrive/Papaya_Leaf_Disease_Classification/YOLO_Bounding_Box/RingSpot/RingSpot(157).txt,Box dòng 1 đã được tự động cắt xén (clip) vừa ảnh. | Box dòng 2 đã được tự động cắt xén (clip) vừa ảnh. | Box dòng 4 đã được tự động cắt xén (clip) vừa ảnh. | Box dòng 5 đã được tự động cắt xén (clip) vừa ảnh. | Box dòng 6 đã được tự động cắt xén (clip) vừa ảnh.
RingSpot,/content/drive/MyDrive/Papaya_Leaf_Disease_Classification/BDPapayaLeaf/Original Images/RingSpot/RingSpot(158).jpg,/content/drive/MyDrive/Papaya_Leaf_Disease_Classification/YOLO_Bounding_Box/RingSpot/RingSpot(158).txt,Box dòng 1 đã được tự động cắt xén (clip) vừa ảnh. | Box dòng 2 đã được tự động cắt xén (clip) vừa ảnh.
RingSpot,/content/drive/MyDrive/Papaya_Leaf_Disease_Classification/BDPapayaLeaf/Original Images/RingSpot/RingSpot(159).jpg,/content/drive/MyDrive/Papaya_Leaf_Disease_Classification/YOLO_Bounding_Box/RingSpot/RingSpot(159).txt,Box dòng 1 đã được tự động cắt xén (clip) vừa ảnh. | Box dòng 2 đã được tự động cắt xén (clip) vừa ảnh. | Box dòng 3 đã được tự động cắt xén (clip) vừa ảnh. | Box dòng 4 đã được tự động cắt xén (clip) vừa ảnh.
RingSpot,/content/drive/MyDrive/Papaya_Leaf_Disease_Classification/BDPapayaLeaf/Original Images/RingSpot/RingSpot(16).jpg,/content/drive/MyDrive/Papaya_Leaf_Disease_Classification/YOLO_Bounding_Box/RingSpot/RingSpot(16).txt,Box dòng 1 đã được tự động cắt xén (clip) vừa ảnh. | Box dòng 2 đã được tự động cắt xén (clip) vừa ảnh. | Box dòng 3 đã được tự động cắt xén (clip) vừa ảnh. | Box dòng 4 đã được tự động cắt xén (clip) vừa ảnh. | Box dòng 5 đã được tự động cắt xén (clip) vừa ảnh.
RingSpot,/content/drive/MyDrive/Papaya_Leaf_Disease_Classification/BDPapayaLeaf/Original Images/RingSpot/RingSpot(160).jpg,/content/drive/MyDrive/Papaya_Leaf_Disease_Classification/YOLO_Bounding_Box/RingSpot/RingSpot(160).txt,Box dòng 1 đã được tự động cắt xén (clip) vừa ảnh. | Box dòng 2 đã được tự động cắt xén (clip) vừa ảnh. | Box dòng 3 đã được tự động cắt xén (clip) vừa ảnh. | Box dòng 4 đã được tự động cắt xén (clip) vừa ảnh.
RingSpot,/content/drive/MyDrive/Papaya_Leaf_Disease_Classification/BDPapayaLeaf/Original Images/RingSpot/RingSpot(161).jpg,/content/drive/MyDrive/Papaya_Leaf_Disease_Classification/YOLO_Bounding_Box/RingSpot/RingSpot(161).txt,Box dòng 1 đã được tự động cắt xén (clip) vừa ảnh. | Box dòng 2 đã được tự động cắt xén (clip) vừa ảnh. | Box dòng 3 đã được tự động cắt xén (clip) vừa ảnh. | Box dòng 4 đã được tự động cắt xén (clip) vừa ảnh. | Box dòng 5 đã được tự động cắt xén (clip) vừa ảnh.
RingSpot,/content/drive/MyDrive/Papaya_Leaf_Disease_Classification/BDPapayaLeaf/Original Images/RingSpot/RingSpot(162).jpg,/content/drive/MyDrive/Papaya_Leaf_Disease_Classification/YOLO_Bounding_Box/RingSpot/RingSpot(162).txt,Box dòng 1 đã được tự động cắt xén (clip) vừa ảnh. | Box dòng 2 đã được tự động cắt xén (clip) vừa ảnh. | Box dòng 3 đã được tự động cắt xén (clip) vừa ảnh. | Box dòng 4 đã được tự động cắt xén (clip) vừa ảnh. | Box dòng 5 đã được tự động cắt xén (clip) vừa ảnh. | Box dòng 6 đã được tự động cắt xén (clip) vừa ảnh.
RingSpot,/content/drive/MyDrive/Papaya_Leaf_Disease_Classification/BDPapayaLeaf/Original Images/RingSpot/RingSpot(163).jpg,/content/drive/MyDrive/Papaya_Leaf_Disease_Classification/YOLO_Bounding_Box/RingSpot/RingSpot(163).txt,Box dòng 1 đã được tự động cắt xén (clip) vừa ảnh. | Box dòng 2 đã được tự động cắt xén (clip) vừa ảnh. | Box dòng 3 đã được tự động cắt xén (clip) vừa ảnh. | Box dòng 4 đã được tự động cắt xén (clip) vừa ảnh.
RingSpot,/content/drive/MyDrive/Papaya_Leaf_Disease_Classification/BDPapayaLeaf/Original Images/RingSpot/RingSpot(164).jpg,/content/drive/MyDrive/Papaya_Leaf_Disease_Classification/YOLO_Bounding_Box/RingSpot/RingSpot(164).txt,Box dòng 1 đã được tự động cắt xén (clip) vừa ảnh. | Box dòng 2 đã được tự động cắt xén (clip) vừa ảnh.
RingSpot,/content/drive/MyDrive/Papaya_Leaf_Disease_Classification/BDPapayaLeaf/Original Images/RingSpot/RingSpot(165).jpg,/content/drive/MyDrive/Papaya_Leaf_Disease_Classification/YOLO_Bounding_Box/RingSpot/RingSpot(165).txt,Box dòng 1 đã được tự động cắt xén (clip) vừa ảnh. | Box dòng 2 đã được tự động cắt xén (clip) vừa ảnh. | Box dòng 3 đã được tự động cắt xén (clip) vừa ảnh. | Box dòng 4 đã được tự động cắt xén (clip) vừa ảnh. | Box dòng 5 đã được tự động cắt xén (clip) vừa ảnh. | Box dòng 6 đã được tự động cắt xén (clip) vừa ảnh. | Box dòng 7 đã được tự động cắt xén (clip) vừa ảnh. | Box dòng 8 đã được tự động cắt xén (clip) vừa ảnh. | Box dòng 9 đã được tự động cắt xén (clip) vừa ảnh. | Box dòng 10 đã được tự động cắt xén (clip) vừa ảnh.
RingSpot,/content/drive/MyDrive/Papaya_Leaf_Disease_Classification/BDPapayaLeaf/Original Images/RingSpot/RingSpot(166).jpg,/content/drive/MyDrive/Papaya_Leaf_Disease_Classification/YOLO_Bounding_Box/RingSpot/RingSpot(166).txt,Box dòng 1 đã được tự động cắt xén (clip) vừa ảnh. | Box dòng 2 đã được tự động cắt xén (clip) vừa ảnh. | Box dòng 3 đã được tự động cắt xén (clip) vừa ảnh. | Box dòng 4 đã được tự động cắt xén (clip) vừa ảnh. | Box dòng 5 đã được tự động cắt xén (clip) vừa ảnh. | Box dòng 6 đã được tự động cắt xén (clip) vừa ảnh. | Box dòng 7 đã được tự động cắt xén (clip) vừa ảnh.
RingSpot,/content/drive/MyDrive/Papaya_Leaf_Disease_Classification/BDPapayaLeaf/Original Images/RingSpot/RingSpot(167).jpg,/content/drive/MyDrive/Papaya_Leaf_Disease_Classification/YOLO_Bounding_Box/RingSpot/RingSpot(167).txt,Box dòng 1 đã được tự động cắt xén (clip) vừa ảnh. | Box dòng 2 đã được tự động cắt xén (clip) vừa ảnh. | Box dòng 3 đã được tự động cắt xén (clip) vừa ảnh. | Box dòng 4 đã được tự động cắt xén (clip) vừa ảnh. | Box dòng 5 đã được tự động cắt xén (clip) vừa ảnh. | Box dòng 6 đã được tự động cắt xén (clip) vừa ảnh. | Box dòng 7 đã được tự động cắt xén (clip) vừa ảnh. | Box dòng 8 đã được tự động cắt xén (clip) vừa ảnh. | Box dòng 9 đã được tự động cắt xén (clip) vừa ảnh. | Box dòng 10 đã được tự động cắt xén (clip) vừa ảnh.
RingSpot,/content/drive/MyDrive/Papaya_Leaf_Disease_Classification/BDPapayaLeaf/Original Images/RingSpot/RingSpot(168).jpg,/content/drive/MyDrive/Papaya_Leaf_Disease_Classification/YOLO_Bounding_Box/RingSpot/RingSpot(168).txt,Box dòng 1 đã được tự động cắt xén (clip) vừa ảnh. | Box dòng 2 đã được tự động cắt xén (clip) vừa ảnh. | Box dòng 3 đã được tự động cắt xén (clip) vừa ảnh. | Box dòng 4 đã được tự động cắt xén (clip) vừa ảnh. | Box dòng 5 đã được tự động cắt xén (clip) vừa ảnh. | Box dòng 6 đã được tự động cắt xén (clip) vừa ảnh.
RingSpot,/content/drive/MyDrive/Papaya_Leaf_Disease_Classification/BDPapayaLeaf/Original Images/RingSpot/RingSpot(169).jpg,/content/drive/MyDrive/Papaya_Leaf_Disease_Classification/YOLO_Bounding_Box/RingSpot/RingSpot(169).txt,Box dòng 1 đã được tự động cắt xén (clip) vừa ảnh. | Box dòng 2 đã được tự động cắt xén (clip) vừa ảnh. | Box dòng 3 đã được tự động cắt xén (clip) vừa ảnh. | Box dòng 4 đã được tự động cắt xén (clip) vừa ảnh. | Box dòng 5 đã được tự động cắt xén (clip) vừa ảnh. | Box dòng 6 đã được tự động cắt xén (clip) vừa ảnh. | Box dòng 7 đã được tự động cắt xén (clip) vừa ảnh. | Box dòng 8 đã được tự động cắt xén (clip) vừa ảnh. | Box dòng 9 đã được tự động cắt xén (clip) vừa ảnh. | Box dòng 10 đã được tự động cắt xén (clip) vừa ảnh. | Box dòng 11 đã được tự động cắt xén (clip) vừa ảnh. | Box dòng 12 đã được tự động cắt xén (clip) vừa ảnh.
RingSpot,/content/drive/MyDrive/Papaya_Leaf_Disease_Classification/BDPapayaLeaf/Original Images/RingSpot/RingSpot(17).jpg,/content/drive/MyDrive/Papaya_Leaf_Disease_Classification/YOLO_Bounding_Box/RingSpot/RingSpot(17).txt,Box dòng 1 đã được tự động cắt xén (clip) vừa ảnh.
RingSpot,/content/drive/MyDrive/Papaya_Leaf_Disease_Classification/BDPapayaLeaf/Original Images/RingSpot/RingSpot(170).jpg,/content/drive/MyDrive/Papaya_Leaf_Disease_Classification/YOLO_Bounding_Box/RingSpot/RingSpot(170).txt,Box dòng 1 đã được tự động cắt xén (clip) vừa ảnh. | Box dòng 2 đã được tự động cắt xén (clip) vừa ảnh. | Box dòng 3 đã được tự động cắt xén (clip) vừa ảnh. | Box dòng 4 đã được tự động cắt xén (clip) vừa ảnh. | Box dòng 5 đã được tự động cắt xén (clip) vừa ảnh. | Box dòng 6 đã được tự động cắt xén (clip) vừa ảnh. | Box dòng 7 đã được tự động cắt xén (clip) vừa ảnh. | Box dòng 8 đã được tự động cắt xén (clip) vừa ảnh. | Box dòng 9 đã được tự động cắt xén (clip) vừa ảnh. | Box dòng 10 đã được tự động cắt xén (clip) vừa ảnh. | Box dòng 11 đã được tự động cắt xén (clip) vừa ảnh. | Box dòng 12 đã được tự động cắt xén (clip) vừa ảnh. | Box dòng 13 đã được tự động cắt xén (clip) vừa ảnh.
RingSpot,/content/drive/MyDrive/Papaya_Leaf_Disease_Classification/BDPapayaLeaf/Original Images/RingSpot/RingSpot(171).jpg,/content/drive/MyDrive/Papaya_Leaf_Disease_Classification/YOLO_Bounding_Box/RingSpot/RingSpot(171).txt,Box dòng 1 đã được tự động cắt xén (clip) vừa ảnh. | Box dòng 2 đã được tự động cắt xén (clip) vừa ảnh. | Box dòng 3 đã được tự động cắt xén (clip) vừa ảnh. | Box dòng 5 đã được tự động cắt xén (clip) vừa ảnh. | Box dòng 6 đã được tự động cắt xén (clip) vừa ảnh.
RingSpot,/content/drive/MyDrive/Papaya_Leaf_Disease_Classification/BDPapayaLeaf/Original Images/RingSpot/RingSpot(172).jpg,/content/drive/MyDrive/Papaya_Leaf_Disease_Classification/YOLO_Bounding_Box/RingSpot/RingSpot(172).txt,Box dòng 1 đã được tự động cắt xén (clip) vừa ảnh. | Box dòng 2 đã được tự động cắt xén (clip) vừa ảnh. | Box dòng 3 đã được tự động cắt xén (clip) vừa ảnh. | Box dòng 4 đã được tự động cắt xén (clip) vừa ảnh. | Box dòng 5 đã được tự động cắt xén (clip) vừa ảnh. | Box dòng 6 đã được tự động cắt xén (clip) vừa ảnh. | Box dòng 7 đã được tự động cắt xén (clip) vừa ảnh. | Box dòng 8 đã được tự động cắt xén (clip) vừa ảnh. | Box dòng 9 đã được tự động cắt xén (clip) vừa ảnh. | Box dòng 10 đã được tự động cắt xén (clip) vừa ảnh.
RingSpot,/content/drive/MyDrive/Papaya_Leaf_Disease_Classification/BDPapayaLeaf/Original Images/RingSpot/RingSpot(173).jpg,/content/drive/MyDrive/Papaya_Leaf_Disease_Classification/YOLO_Bounding_Box/RingSpot/RingSpot(173).txt,Box dòng 1 đã được tự động cắt xén (clip) vừa ảnh. | Box dòng 2 đã được tự động cắt xén (clip) vừa ảnh. | Box dòng 3 đã được tự động cắt xén (clip) vừa ảnh. | Box dòng 4 đã được tự động cắt xén (clip) vừa ảnh.
RingSpot,/content/drive/MyDrive/Papaya_Leaf_Disease_Classification/BDPapayaLeaf/Original Images/RingSpot/RingSpot(174).jpg,/content/drive/MyDrive/Papaya_Leaf_Disease_Classification/YOLO_Bounding_Box/RingSpot/RingSpot(174).txt,Box dòng 1 đã được tự động cắt xén (clip) vừa ảnh. | Box dòng 2 đã được tự động cắt xén (clip) vừa ảnh.
RingSpot,/content/drive/MyDrive/Papaya_Leaf_Disease_Classification/BDPapayaLeaf/Original Images/RingSpot/RingSpot(175).jpg,/content/drive/MyDrive/Papaya_Leaf_Disease_Classification/YOLO_Bounding_Box/RingSpot/RingSpot(175).txt,Box dòng 1 đã được tự động cắt xén (clip) vừa ảnh.
RingSpot,/content/drive/MyDrive/Papaya_Leaf_Disease_Classification/BDPapayaLeaf/Original Images/RingSpot/RingSpot(176).jpg,/content/drive/MyDrive/Papaya_Leaf_Disease_Classification/YOLO_Bounding_Box/RingSpot/RingSpot(176).txt,Box dòng 1 đã được tự động cắt xén (clip) vừa ảnh. | Box dòng 2 đã được tự động cắt xén (clip) vừa ảnh. | Box dòng 3 đã được tự động cắt xén (clip) vừa ảnh. | Box dòng 5 đã được tự động cắt xén (clip) vừa ảnh. | Box dòng 6 đã được tự động cắt xén (clip) vừa ảnh. | Box dòng 7 đã được tự động cắt xén (clip) vừa ảnh. | Box dòng 8 đã được tự động cắt xén (clip) vừa ảnh. | Box dòng 9 đã được tự động cắt xén (clip) vừa ảnh.
RingSpot,/content/drive/MyDrive/Papaya_Leaf_Disease_Classification/BDPapayaLeaf/Original Images/RingSpot/RingSpot(177).jpg,/content/drive/MyDrive/Papaya_Leaf_Disease_Classification/YOLO_Bounding_Box/RingSpot/RingSpot(177).txt,Box dòng 1 đã được tự động cắt xén (clip) vừa ảnh. | Box dòng 2 đã được tự động cắt xén (clip) vừa ảnh. | Box dòng 4 đã được tự động cắt xén (clip) vừa ảnh. | Box dòng 5 đã được tự động cắt xén (clip) vừa ảnh.
RingSpot,/content/drive/MyDrive/Papaya_Leaf_Disease_Classification/BDPapayaLeaf/Original Images/RingSpot/RingSpot(178).jpg,/content/drive/MyDrive/Papaya_Leaf_Disease_Classification/YOLO_Bounding_Box/RingSpot/RingSpot(178).txt,Box dòng 1 đã được tự động cắt xén (clip) vừa ảnh. | Box dòng 3 đã được tự động cắt xén (clip) vừa ảnh. | Box dòng 4 đã được tự động cắt xén (clip) vừa ảnh. | Box dòng 5 đã được tự động cắt xén (clip) vừa ảnh.
RingSpot,/content/drive/MyDrive/Papaya_Leaf_Disease_Classification/BDPapayaLeaf/Original Images/RingSpot/RingSpot(179).jpg,/content/drive/MyDrive/Papaya_Leaf_Disease_Classification/YOLO_Bounding_Box/RingSpot/RingSpot(179).txt,Box dòng 1 đã được tự động cắt xén (clip) vừa ảnh. | Box dòng 2 đã được tự động cắt xén (clip) vừa ảnh. | Box dòng 3 đã được tự động cắt xén (clip) vừa ảnh. | Box dòng 4 đã được tự động cắt xén (clip) vừa ảnh. | Box dòng 5 đã được tự động cắt xén (clip) vừa ảnh. | Box dòng 6 đã được tự động cắt xén (clip) vừa ảnh. | Box dòng 7 đã được tự động cắt xén (clip) vừa ảnh. | Box dòng 8 đã được tự động cắt xén (clip) vừa ảnh. | Box dòng 9 đã được tự động cắt xén (clip) vừa ảnh. | Box dòng 10 đã được tự động cắt xén (clip) vừa ảnh. | Box dòng 11 đã được tự động cắt xén (clip) vừa ảnh.
RingSpot,/content/drive/MyDrive/Papaya_Leaf_Disease_Classification/BDPapayaLeaf/Original Images/RingSpot/RingSpot(18).jpg,/content/drive/MyDrive/Papaya_Leaf_Disease_Classification/YOLO_Bounding_Box/RingSpot/RingSpot(18).txt,Box dòng 1 đã được tự động cắt xén (clip) vừa ảnh. | Box dòng 2 đã được tự động cắt xén (clip) vừa ảnh. | Box dòng 3 đã được tự động cắt xén (clip) vừa ảnh. | Box dòng 4 đã được tự động cắt xén (clip) vừa ảnh. | Box dòng 5 đã được tự động cắt xén (clip) vừa ảnh. | Box dòng 6 đã được tự động cắt xén (clip) vừa ảnh. | Box dòng 7 đã được tự động cắt xén (clip) vừa ảnh. | Box dòng 8 đã được tự động cắt xén (clip) vừa ảnh. | Box dòng 9 đã được tự động cắt xén (clip) vừa ảnh. | Box dòng 10 đã được tự động cắt xén (clip) vừa ảnh. | Box dòng 11 đã được tự động cắt xén (clip) vừa ảnh. | Box dòng 12 đã được tự động cắt xén (clip) vừa ảnh. | Box dòng 13 đã được tự động cắt xén (clip) vừa ảnh. | Box dòng 14 đã được tự động cắt xén (clip) vừa ảnh. | Box dòng 15 đã được tự động cắt xén (clip) vừa ảnh. | Box dòng 16 đã được tự động cắt xén (clip) vừa ảnh. | Box dòng 17 đã được tự động cắt xén (clip) vừa ảnh. | Box dòng 18 đã được tự động cắt xén (clip) vừa ảnh.
RingSpot,/content/drive/MyDrive/Papaya_Leaf_Disease_Classification/BDPapayaLeaf/Original Images/RingSpot/RingSpot(180).jpg,/content/drive/MyDrive/Papaya_Leaf_Disease_Classification/YOLO_Bounding_Box/RingSpot/RingSpot(180).txt,Box dòng 1 đã được tự động cắt xén (clip) vừa ảnh. | Box dòng 2 đã được tự động cắt xén (clip) vừa ảnh. | Box dòng 3 đã được tự động cắt xén (clip) vừa ảnh.
RingSpot,/content/drive/MyDrive/Papaya_Leaf_Disease_Classification/BDPapayaLeaf/Original Images/RingSpot/RingSpot(181).jpg,/content/drive/MyDrive/Papaya_Leaf_Disease_Classification/YOLO_Bounding_Box/RingSpot/RingSpot(181).txt,Box dòng 1 đã được tự động cắt xén (clip) vừa ảnh. | Box dòng 2 đã được tự động cắt xén (clip) vừa ảnh. | Box dòng 3 đã được tự động cắt xén (clip) vừa ảnh. | Box dòng 4 đã được tự động cắt xén (clip) vừa ảnh. | Box dòng 5 đã được tự động cắt xén (clip) vừa ảnh. | Box dòng 6 đã được tự động cắt xén (clip) vừa ảnh.
RingSpot,/content/drive/MyDrive/Papaya_Leaf_Disease_Classification/BDPapayaLeaf/Original Images/RingSpot/RingSpot(182).jpg,/content/drive/MyDrive/Papaya_Leaf_Disease_Classification/YOLO_Bounding_Box/RingSpot/RingSpot(182).txt,Box dòng 1 đã được tự động cắt xén (clip) vừa ảnh. | Box dòng 2 đã được tự động cắt xén (clip) vừa ảnh. | Box dòng 3 đã được tự động cắt xén (clip) vừa ảnh. | Box dòng 4 đã được tự động cắt xén (clip) vừa ảnh. | Box dòng 5 đã được tự động cắt xén (clip) vừa ảnh.
RingSpot,/content/drive/MyDrive/Papaya_Leaf_Disease_Classification/BDPapayaLeaf/Original Images/RingSpot/RingSpot(183).jpg,/content/drive/MyDrive/Papaya_Leaf_Disease_Classification/YOLO_Bounding_Box/RingSpot/RingSpot(183).txt,Box dòng 1 đã được tự động cắt xén (clip) vừa ảnh. | Box dòng 2 đã được tự động cắt xén (clip) vừa ảnh. | Box dòng 3 đã được tự động cắt xén (clip) vừa ảnh. | Box dòng 4 đã được tự động cắt xén (clip) vừa ảnh. | Box dòng 5 đã được tự động cắt xén (clip) vừa ảnh.
RingSpot,/content/drive/MyDrive/Papaya_Leaf_Disease_Classification/BDPapayaLeaf/Original Images/RingSpot/RingSpot(184).jpg,/content/drive/MyDrive/Papaya_Leaf_Disease_Classification/YOLO_Bounding_Box/RingSpot/RingSpot(184).txt,Box dòng 1 đã được tự động cắt xén (clip) vừa ảnh. | Box dòng 2 đã được tự động cắt xén (clip) vừa ảnh. | Box dòng 3 đã được tự động cắt xén (clip) vừa ảnh. | Box dòng 4 đã được tự động cắt xén (clip) vừa ảnh. | Box dòng 5 đã được tự động cắt xén (clip) vừa ảnh. | Box dòng 6 đã được tự động cắt xén (clip) vừa ảnh. | Box dòng 7 đã được tự động cắt xén (clip) vừa ảnh. | Box dòng 8 đã được tự động cắt xén (clip) vừa ảnh. | Box dòng 9 đã được tự động cắt xén (clip) vừa ảnh. | Box dòng 10 đã được tự động cắt xén (clip) vừa ảnh. | Box dòng 11 đã được tự động cắt xén (clip) vừa ảnh. | Box dòng 12 đã được tự động cắt xén (clip) vừa ảnh.
RingSpot,/content/drive/MyDrive/Papaya_Leaf_Disease_Classification/BDPapayaLeaf/Original Images/RingSpot/RingSpot(185).jpg,/content/drive/MyDrive/Papaya_Leaf_Disease_Classification/YOLO_Bounding_Box/RingSpot/RingSpot(185).txt,Box dòng 1 đã được tự động cắt xén (clip) vừa ảnh. | Box dòng 2 đã được tự động cắt xén (clip) vừa ảnh. | Box dòng 3 đã được tự động cắt xén (clip) vừa ảnh. | Box dòng 4 đã được tự động cắt xén (clip) vừa ảnh. | Box dòng 5 đã được tự động cắt xén (clip) vừa ảnh. | Box dòng 6 đã được tự động cắt xén (clip) vừa ảnh.
RingSpot,/content/drive/MyDrive/Papaya_Leaf_Disease_Classification/BDPapayaLeaf/Original Images/RingSpot/RingSpot(186).jpg,/content/drive/MyDrive/Papaya_Leaf_Disease_Classification/YOLO_Bounding_Box/RingSpot/RingSpot(186).txt,Box dòng 1 đã được tự động cắt xén (clip) vừa ảnh. | Box dòng 2 đã được tự động cắt xén (clip) vừa ảnh. | Box dòng 3 đã được tự động cắt xén (clip) vừa ảnh. | Box dòng 4 đã được tự động cắt xén (clip) vừa ảnh. | Box dòng 5 đã được tự động cắt xén (clip) vừa ảnh.
RingSpot,/content/drive/MyDrive/Papaya_Leaf_Disease_Classification/BDPapayaLeaf/Original Images/RingSpot/RingSpot(187).jpg,/content/drive/MyDrive/Papaya_Leaf_Disease_Classification/YOLO_Bounding_Box/RingSpot/RingSpot(187).txt,Box dòng 1 đã được tự động cắt xén (clip) vừa ảnh.
RingSpot,/content/drive/MyDrive/Papaya_Leaf_Disease_Classification/BDPapayaLeaf/Original Images/RingSpot/RingSpot(188).jpg,/content/drive/MyDrive/Papaya_Leaf_Disease_Classification/YOLO_Bounding_Box/RingSpot/RingSpot(188).txt,Box dòng 1 đã được tự động cắt xén (clip) vừa ảnh. | Box dòng 2 đã được tự động cắt xén (clip) vừa ảnh. | Box dòng 3 đã được tự động cắt xén (clip) vừa ảnh. | Box dòng 4 đã được tự động cắt xén (clip) vừa ảnh. | Box dòng 5 đã được tự động cắt xén (clip) vừa ảnh. | Box dòng 6 đã được tự động cắt xén (clip) vừa ảnh. | Box dòng 7 đã được tự động cắt xén (clip) vừa ảnh.
RingSpot,/content/drive/MyDrive/Papaya_Leaf_Disease_Classification/BDPapayaLeaf/Original Images/RingSpot/RingSpot(189).jpg,/content/drive/MyDrive/Papaya_Leaf_Disease_Classification/YOLO_Bounding_Box/RingSpot/RingSpot(189).txt,Box dòng 1 đã được tự động cắt xén (clip) vừa ảnh. | Box dòng 2 đã được tự động cắt xén (clip) vừa ảnh. | Box dòng 3 đã được tự động cắt xén (clip) vừa ảnh. | Box dòng 4 đã được tự động cắt xén (clip) vừa ảnh. | Box dòng 5 đã được tự động cắt xén (clip) vừa ảnh. | Box dòng 6 đã được tự động cắt xén (clip) vừa ảnh.
RingSpot,/content/drive/MyDrive/Papaya_Leaf_Disease_Classification/BDPapayaLeaf/Original Images/RingSpot/RingSpot(19).jpg,/content/drive/MyDrive/Papaya_Leaf_Disease_Classification/YOLO_Bounding_Box/RingSpot/RingSpot(19).txt,Box dòng 1 đã được tự động cắt xén (clip) vừa ảnh. | Box dòng 2 đã được tự động cắt xén (clip) vừa ảnh. | Box dòng 3 đã được tự động cắt xén (clip) vừa ảnh. | Box dòng 4 đã được tự động cắt xén (clip) vừa ảnh. | Box dòng 5 đã được tự động cắt xén (clip) vừa ảnh. | Box dòng 6 đã được tự động cắt xén (clip) vừa ảnh. | Box dòng 7 đã được tự động cắt xén (clip) vừa ảnh. | Box dòng 8 đã được tự động cắt xén (clip) vừa ảnh. | Box dòng 9 đã được tự động cắt xén (clip) vừa ảnh. | Box dòng 10 đã được tự động cắt xén (clip) vừa ảnh. | Box dòng 11 đã được tự động cắt xén (clip) vừa ảnh. | Box dòng 12 đã được tự động cắt xén (clip) vừa ảnh. | Box dòng 13 đã được tự động cắt xén (clip) vừa ảnh.
RingSpot,/content/drive/MyDrive/Papaya_Leaf_Disease_Classification/BDPapayaLeaf/Original Images/RingSpot/RingSpot(190).jpg,/content/drive/MyDrive/Papaya_Leaf_Disease_Classification/YOLO_Bounding_Box/RingSpot/RingSpot(190).txt,Box dòng 1 đã được tự động cắt xén (clip) vừa ảnh. | Box dòng 2 đã được tự động cắt xén (clip) vừa ảnh. | Box dòng 3 đã được tự động cắt xén (clip) vừa ảnh. | Box dòng 4 đã được tự động cắt xén (clip) vừa ảnh. | Box dòng 5 đã được tự động cắt xén (clip) vừa ảnh. | Box dòng 6 đã được tự động cắt xén (clip) vừa ảnh.
RingSpot,/content/drive/MyDrive/Papaya_Leaf_Disease_Classification/BDPapayaLeaf/Original Images/RingSpot/RingSpot(191).jpg,/content/drive/MyDrive/Papaya_Leaf_Disease_Classification/YOLO_Bounding_Box/RingSpot/RingSpot(191).txt,Box dòng 1 đã được tự động cắt xén (clip) vừa ảnh. | Box dòng 2 đã được tự động cắt xén (clip) vừa ảnh. | Box dòng 3 đã được tự động cắt xén (clip) vừa ảnh. | Box dòng 4 đã được tự động cắt xén (clip) vừa ảnh. | Box dòng 5 đã được tự động cắt xén (clip) vừa ảnh. | Box dòng 6 đã được tự động cắt xén (clip) vừa ảnh.
RingSpot,/content/drive/MyDrive/Papaya_Leaf_Disease_Classification/BDPapayaLeaf/Original Images/RingSpot/RingSpot(192).jpg,/content/drive/MyDrive/Papaya_Leaf_Disease_Classification/YOLO_Bounding_Box/RingSpot/RingSpot(192).txt,Box dòng 1 đã được tự động cắt xén (clip) vừa ảnh. | Box dòng 2 đã được tự động cắt xén (clip) vừa ảnh. | Box dòng 3 đã được tự động cắt xén (clip) vừa ảnh. | Box dòng 4 đã được tự động cắt xén (clip) vừa ảnh. | Box dòng 5 đã được tự động cắt xén (clip) vừa ảnh.
RingSpot,/content/drive/MyDrive/Papaya_Leaf_Disease_Classification/BDPapayaLeaf/Original Images/RingSpot/RingSpot(193).jpg,/content/drive/MyDrive/Papaya_Leaf_Disease_Classification/YOLO_Bounding_Box/RingSpot/RingSpot(193).txt,Box dòng 1 đã được tự động cắt xén (clip) vừa ảnh. | Box dòng 2 đã được tự động cắt xén (clip) vừa ảnh. | Box dòng 3 đã được tự động cắt xén (clip) vừa ảnh. | Box dòng 4 đã được tự động cắt xén (clip) vừa ảnh. | Box dòng 5 đã được tự động cắt xén (clip) vừa ảnh. | Box dòng 6 đã được tự động cắt xén (clip) vừa ảnh.
RingSpot,/content/drive/MyDrive/Papaya_Leaf_Disease_Classification/BDPapayaLeaf/Original Images/RingSpot/RingSpot(194).jpg,/content/drive/MyDrive/Papaya_Leaf_Disease_Classification/YOLO_Bounding_Box/RingSpot/RingSpot(194).txt,Box dòng 1 đã được tự động cắt xén (clip) vừa ảnh. | Box dòng 2 đã được tự động cắt xén (clip) vừa ảnh. | Box dòng 3 đã được tự động cắt xén (clip) vừa ảnh. | Box dòng 4 đã được tự động cắt xén (clip) vừa ảnh. | Box dòng 5 đã được tự động cắt xén (clip) vừa ảnh. | Box dòng 6 đã được tự động cắt xén (clip) vừa ảnh. | Box dòng 7 đã được tự động cắt xén (clip) vừa ảnh. | Box dòng 8 đã được tự động cắt xén (clip) vừa ảnh.
RingSpot,/content/drive/MyDrive/Papaya_Leaf_Disease_Classification/BDPapayaLeaf/Original Images/RingSpot/RingSpot(195).jpg,/content/drive/MyDrive/Papaya_Leaf_Disease_Classification/YOLO_Bounding_Box/RingSpot/RingSpot(195).txt,Box dòng 1 đã được tự động cắt xén (clip) vừa ảnh. | Box dòng 2 đã được tự động cắt xén (clip) vừa ảnh. | Box dòng 3 đã được tự động cắt xén (clip) vừa ảnh. | Box dòng 5 đã được tự động cắt xén (clip) vừa ảnh. | Box dòng 6 đã được tự động cắt xén (clip) vừa ảnh. | Box dòng 7 đã được tự động cắt xén (clip) vừa ảnh.
RingSpot,/content/drive/MyDrive/Papaya_Leaf_Disease_Classification/BDPapayaLeaf/Original Images/RingSpot/RingSpot(196).jpg,/content/drive/MyDrive/Papaya_Leaf_Disease_Classification/YOLO_Bounding_Box/RingSpot/RingSpot(196).txt,Box dòng 1 đã được tự động cắt xén (clip) vừa ảnh. | Box dòng 2 đã được tự động cắt xén (clip) vừa ảnh. | Box dòng 3 đã được tự động cắt xén (clip) vừa ảnh. | Box dòng 4 đã được tự động cắt xén (clip) vừa ảnh. | Box dòng 5 đã được tự động cắt xén (clip) vừa ảnh.
RingSpot,/content/drive/MyDrive/Papaya_Leaf_Disease_Classification/BDPapayaLeaf/Original Images/RingSpot/RingSpot(197).jpg,/content/drive/MyDrive/Papaya_Leaf_Disease_Classification/YOLO_Bounding_Box/RingSpot/RingSpot(197).txt,Box dòng 1 đã được tự động cắt xén (clip) vừa ảnh. | Box dòng 2 đã được tự động cắt xén (clip) vừa ảnh. | Box dòng 3 đã được tự động cắt xén (clip) vừa ảnh. | Box dòng 4 đã được tự động cắt xén (clip) vừa ảnh. | Box dòng 5 đã được tự động cắt xén (clip) vừa ảnh. | Box dòng 6 đã được tự động cắt xén (clip) vừa ảnh. | Box dòng 7 đã được tự động cắt xén (clip) vừa ảnh. | Box dòng 8 đã được tự động cắt xén (clip) vừa ảnh. | Box dòng 9 đã được tự động cắt xén (clip) vừa ảnh. | Box dòng 10 đã được tự động cắt xén (clip) vừa ảnh. | Box dòng 11 đã được tự động cắt xén (clip) vừa ảnh.
RingSpot,/content/drive/MyDrive/Papaya_Leaf_Disease_Classification/BDPapayaLeaf/Original Images/RingSpot/RingSpot(198).jpg,/content/drive/MyDrive/Papaya_Leaf_Disease_Classification/YOLO_Bounding_Box/RingSpot/RingSpot(198).txt,Box dòng 1 đã được tự động cắt xén (clip) vừa ảnh. | Box dòng 2 đã được tự động cắt xén (clip) vừa ảnh. | Box dòng 4 đã được tự động cắt xén (clip) vừa ảnh. | Box dòng 5 đã được tự động cắt xén (clip) vừa ảnh. | Box dòng 6 đã được tự động cắt xén (clip) vừa ảnh.
RingSpot,/content/drive/MyDrive/Papaya_Leaf_Disease_Classification/BDPapayaLeaf/Original Images/RingSpot/RingSpot(199).jpg,/content/drive/MyDrive/Papaya_Leaf_Disease_Classification/YOLO_Bounding_Box/RingSpot/RingSpot(199).txt,Box dòng 1 đã được tự động cắt xén (clip) vừa ảnh. | Box dòng 2 đã được tự động cắt xén (clip) vừa ảnh. | Box dòng 3 đã được tự động cắt xén (clip) vừa ảnh. | Box dòng 4 đã được tự động cắt xén (clip) vừa ảnh. | Box dòng 5 đã được tự động cắt xén (clip) vừa ảnh. | Box dòng 6 đã được tự động cắt xén (clip) vừa ảnh. | Box dòng 7 đã được tự động cắt xén (clip) vừa ảnh. | Box dòng 8 đã được tự động cắt xén (clip) vừa ảnh.
RingSpot,/content/drive/MyDrive/Papaya_Leaf_Disease_Classification/BDPapayaLeaf/Original Images/RingSpot/RingSpot(2).jpg,/content/drive/MyDrive/Papaya_Leaf_Disease_Classification/YOLO_Bounding_Box/RingSpot/RingSpot(2).txt,Box dòng 1 đã được tự động cắt xén (clip) vừa ảnh. | Box dòng 2 đã được tự động cắt xén (clip) vừa ảnh. | Box dòng 3 đã được tự động cắt xén (clip) vừa ảnh. | Box dòng 4 đã được tự động cắt xén (clip) vừa ảnh. | Box dòng 5 đã được tự động cắt xén (clip) vừa ảnh.
RingSpot,/content/drive/MyDrive/Papaya_Leaf_Disease_Classification/BDPapayaLeaf/Original Images/RingSpot/RingSpot(20).jpg,/content/drive/MyDrive/Papaya_Leaf_Disease_Classification/YOLO_Bounding_Box/RingSpot/RingSpot(20).txt,Box dòng 1 đã được tự động cắt xén (clip) vừa ảnh. | Box dòng 2 đã được tự động cắt xén (clip) vừa ảnh.
RingSpot,/content/drive/MyDrive/Papaya_Leaf_Disease_Classification/BDPapayaLeaf/Original Images/RingSpot/RingSpot(200).jpg,/content/drive/MyDrive/Papaya_Leaf_Disease_Classification/YOLO_Bounding_Box/RingSpot/RingSpot(200).txt,Box dòng 1 đã được tự động cắt xén (clip) vừa ảnh. | Box dòng 2 đã được tự động cắt xén (clip) vừa ảnh. | Box dòng 3 đã được tự động cắt xén (clip) vừa ảnh. | Box dòng 4 đã được tự động cắt xén (clip) vừa ảnh. | Box dòng 5 đã được tự động cắt xén (clip) vừa ảnh.
RingSpot,/content/drive/MyDrive/Papaya_Leaf_Disease_Classification/BDPapayaLeaf/Original Images/RingSpot/RingSpot(201).jpg,/content/drive/MyDrive/Papaya_Leaf_Disease_Classification/YOLO_Bounding_Box/RingSpot/RingSpot(201).txt,Box dòng 1 đã được tự động cắt xén (clip) vừa ảnh. | Box dòng 2 đã được tự động cắt xén (clip) vừa ảnh. | Box dòng 3 đã được tự động cắt xén (clip) vừa ảnh. | Box dòng 4 đã được tự động cắt xén (clip) vừa ảnh. | Box dòng 5 đã được tự động cắt xén (clip) vừa ảnh.
RingSpot,/content/drive/MyDrive/Papaya_Leaf_Disease_Classification/BDPapayaLeaf/Original Images/RingSpot/RingSpot(202).jpg,/content/drive/MyDrive/Papaya_Leaf_Disease_Classification/YOLO_Bounding_Box/RingSpot/RingSpot(202).txt,Box dòng 1 đã được tự động cắt xén (clip) vừa ảnh. | Box dòng 2 đã được tự động cắt xén (clip) vừa ảnh.
RingSpot,/content/drive/MyDrive/Papaya_Leaf_Disease_Classification/BDPapayaLeaf/Original Images/RingSpot/RingSpot(203).jpg,/content/drive/MyDrive/Papaya_Leaf_Disease_Classification/YOLO_Bounding_Box/RingSpot/RingSpot(203).txt,Box dòng 1 đã được tự động cắt xén (clip) vừa ảnh. | Box dòng 2 đã được tự động cắt xén (clip) vừa ảnh. | Box dòng 3 đã được tự động cắt xén (clip) vừa ảnh. | Box dòng 4 đã được tự động cắt xén (clip) vừa ảnh. | Box dòng 5 đã được tự động cắt xén (clip) vừa ảnh. | Box dòng 6 đã được tự động cắt xén (clip) vừa ảnh. | Box dòng 7 đã được tự động cắt xén (clip) vừa ảnh. | Box dòng 8 đã được tự động cắt xén (clip) vừa ảnh. | Box dòng 9 đã được tự động cắt xén (clip) vừa ảnh. | Box dòng 10 đã được tự động cắt xén (clip) vừa ảnh.
RingSpot,/content/drive/MyDrive/Papaya_Leaf_Disease_Classification/BDPapayaLeaf/Original Images/RingSpot/RingSpot(204).jpg,/content/drive/MyDrive/Papaya_Leaf_Disease_Classification/YOLO_Bounding_Box/RingSpot/RingSpot(204).txt,Box dòng 1 đã được tự động cắt xén (clip) vừa ảnh. | Box dòng 2 đã được tự động cắt xén (clip) vừa ảnh. | Box dòng 3 đã được tự động cắt xén (clip) vừa ảnh. | Box dòng 4 đã được tự động cắt xén (clip) vừa ảnh. | Box dòng 5 đã được tự động cắt xén (clip) vừa ảnh. | Box dòng 6 đã được tự động cắt xén (clip) vừa ảnh. | Box dòng 8 đã được tự động cắt xén (clip) vừa ảnh. | Box dòng 9 đã được tự động cắt xén (clip) vừa ảnh.
RingSpot,/content/drive/MyDrive/Papaya_Leaf_Disease_Classification/BDPapayaLeaf/Original Images/RingSpot/RingSpot(205).jpg,/content/drive/MyDrive/Papaya_Leaf_Disease_Classification/YOLO_Bounding_Box/RingSpot/RingSpot(205).txt,Box dòng 1 đã được tự động cắt xén (clip) vừa ảnh. | Box dòng 2 đã được tự động cắt xén (clip) vừa ảnh. | Box dòng 3 đã được tự động cắt xén (clip) vừa ảnh. | Box dòng 4 đã được tự động cắt xén (clip) vừa ảnh. | Box dòng 5 đã được tự động cắt xén (clip) vừa ảnh. | Box dòng 6 đã được tự động cắt xén (clip) vừa ảnh. | Box dòng 7 đã được tự động cắt xén (clip) vừa ảnh. | Box dòng 8 đã được tự động cắt xén (clip) vừa ảnh. | Box dòng 9 đã được tự động cắt xén (clip) vừa ảnh.
RingSpot,/content/drive/MyDrive/Papaya_Leaf_Disease_Classification/BDPapayaLeaf/Original Images/RingSpot/RingSpot(206).jpg,/content/drive/MyDrive/Papaya_Leaf_Disease_Classification/YOLO_Bounding_Box/RingSpot/RingSpot(206).txt,Box dòng 1 đã được tự động cắt xén (clip) vừa ảnh. | Box dòng 3 đã được tự động cắt xén (clip) vừa ảnh.
RingSpot,/content/drive/MyDrive/Papaya_Leaf_Disease_Classification/BDPapayaLeaf/Original Images/RingSpot/RingSpot(207).jpg,/content/drive/MyDrive/Papaya_Leaf_Disease_Classification/YOLO_Bounding_Box/RingSpot/RingSpot(207).txt,Box dòng 1 đã được tự động cắt xén (clip) vừa ảnh. | Box dòng 2 đã được tự động cắt xén (clip) vừa ảnh. | Box dòng 3 đã được tự động cắt xén (clip) vừa ảnh. | Box dòng 4 đã được tự động cắt xén (clip) vừa ảnh. | Box dòng 5 đã được tự động cắt xén (clip) vừa ảnh. | Box dòng 6 đã được tự động cắt xén (clip) vừa ảnh. | Box dòng 7 đã được tự động cắt xén (clip) vừa ảnh.
RingSpot,/content/drive/MyDrive/Papaya_Leaf_Disease_Classification/BDPapayaLeaf/Original Images/RingSpot/RingSpot(208).jpg,/content/drive/MyDrive/Papaya_Leaf_Disease_Classification/YOLO_Bounding_Box/RingSpot/RingSpot(208).txt,Box dòng 1 đã được tự động cắt xén (clip) vừa ảnh. | Box dòng 2 đã được tự động cắt xén (clip) vừa ảnh. | Box dòng 4 đã được tự động cắt xén (clip) vừa ảnh. | Box dòng 5 đã được tự động cắt xén (clip) vừa ảnh. | Box dòng 6 đã được tự động cắt xén (clip) vừa ảnh.
RingSpot,/content/drive/MyDrive/Papaya_Leaf_Disease_Classification/BDPapayaLeaf/Original Images/RingSpot/RingSpot(209).jpg,/content/drive/MyDrive/Papaya_Leaf_Disease_Classification/YOLO_Bounding_Box/RingSpot/RingSpot(209).txt,Box dòng 1 đã được tự động cắt xén (clip) vừa ảnh. | Box dòng 2 đã được tự động cắt xén (clip) vừa ảnh.
RingSpot,/content/drive/MyDrive/Papaya_Leaf_Disease_Classification/BDPapayaLeaf/Original Images/RingSpot/RingSpot(21).jpg,/content/drive/MyDrive/Papaya_Leaf_Disease_Classification/YOLO_Bounding_Box/RingSpot/RingSpot(21).txt,Box dòng 1 đã được tự động cắt xén (clip) vừa ảnh. | Box dòng 2 đã được tự động cắt xén (clip) vừa ảnh. | Box dòng 3 đã được tự động cắt xén (clip) vừa ảnh. | Box dòng 4 đã được tự động cắt xén (clip) vừa ảnh.
RingSpot,/content/drive/MyDrive/Papaya_Leaf_Disease_Classification/BDPapayaLeaf/Original Images/RingSpot/RingSpot(210).jpg,/content/drive/MyDrive/Papaya_Leaf_Disease_Classification/YOLO_Bounding_Box/RingSpot/RingSpot(210).txt,Box dòng 1 đã được tự động cắt xén (clip) vừa ảnh. | Box dòng 2 đã được tự động cắt xén (clip) vừa ảnh. | Box dòng 3 đã được tự động cắt xén (clip) vừa ảnh. | Box dòng 4 đã được tự động cắt xén (clip) vừa ảnh. | Box dòng 5 đã được tự động cắt xén (clip) vừa ảnh. | Box dòng 6 đã được tự động cắt xén (clip) vừa ảnh. | Box dòng 7 đã được tự động cắt xén (clip) vừa ảnh.
RingSpot,/content/drive/MyDrive/Papaya_Leaf_Disease_Classification/BDPapayaLeaf/Original Images/RingSpot/RingSpot(211).jpg,/content/drive/MyDrive/Papaya_Leaf_Disease_Classification/YOLO_Bounding_Box/RingSpot/RingSpot(211).txt,Box dòng 1 đã được tự động cắt xén (clip) vừa ảnh. | Box dòng 2 đã được tự động cắt xén (clip) vừa ảnh. | Box dòng 3 đã được tự động cắt xén (clip) vừa ảnh. | Box dòng 4 đã được tự động cắt xén (clip) vừa ảnh. | Box dòng 5 đã được tự động cắt xén (clip) vừa ảnh. | Box dòng 6 đã được tự động cắt xén (clip) vừa ảnh. | Box dòng 7 đã được tự động cắt xén (clip) vừa ảnh. | Box dòng 8 đã được tự động cắt xén (clip) vừa ảnh.
RingSpot,/content/drive/MyDrive/Papaya_Leaf_Disease_Classification/BDPapayaLeaf/Original Images/RingSpot/RingSpot(212).jpg,/content/drive/MyDrive/Papaya_Leaf_Disease_Classification/YOLO_Bounding_Box/RingSpot/RingSpot(212).txt,Box dòng 1 đã được tự động cắt xén (clip) vừa ảnh. | Box dòng 2 đã được tự động cắt xén (clip) vừa ảnh. | Box dòng 3 đã được tự động cắt xén (clip) vừa ảnh. | Box dòng 4 đã được tự động cắt xén (clip) vừa ảnh. | Box dòng 5 đã được tự động cắt xén (clip) vừa ảnh. | Box dòng 6 đã được tự động cắt xén (clip) vừa ảnh.
RingSpot,/content/drive/MyDrive/Papaya_Leaf_Disease_Classification/BDPapayaLeaf/Original Images/RingSpot/RingSpot(213).jpg,/content/drive/MyDrive/Papaya_Leaf_Disease_Classification/YOLO_Bounding_Box/RingSpot/RingSpot(213).txt,Box dòng 1 đã được tự động cắt xén (clip) vừa ảnh. | Box dòng 2 đã được tự động cắt xén (clip) vừa ảnh. | Box dòng 3 đã được tự động cắt xén (clip) vừa ảnh.
RingSpot,/content/drive/MyDrive/Papaya_Leaf_Disease_Classification/BDPapayaLeaf/Original Images/RingSpot/RingSpot(214).jpg,/content/drive/MyDrive/Papaya_Leaf_Disease_Classification/YOLO_Bounding_Box/RingSpot/RingSpot(214).txt,Box dòng 1 đã được tự động cắt xén (clip) vừa ảnh. | Box dòng 2 đã được tự động cắt xén (clip) vừa ảnh. | Box dòng 3 đã được tự động cắt xén (clip) vừa ảnh. | Box dòng 4 đã được tự động cắt xén (clip) vừa ảnh. | Box dòng 5 đã được tự động cắt xén (clip) vừa ảnh.
RingSpot,/content/drive/MyDrive/Papaya_Leaf_Disease_Classification/BDPapayaLeaf/Original Images/RingSpot/RingSpot(215).jpg,/content/drive/MyDrive/Papaya_Leaf_Disease_Classification/YOLO_Bounding_Box/RingSpot/RingSpot(215).txt,Box dòng 1 đã được tự động cắt xén (clip) vừa ảnh. | Box dòng 2 đã được tự động cắt xén (clip) vừa ảnh. | Box dòng 3 đã được tự động cắt xén (clip) vừa ảnh. | Box dòng 4 đã được tự động cắt xén (clip) vừa ảnh. | Box dòng 5 đã được tự động cắt xén (clip) vừa ảnh.
RingSpot,/content/drive/MyDrive/Papaya_Leaf_Disease_Classification/BDPapayaLeaf/Original Images/RingSpot/RingSpot(216).jpg,/content/drive/MyDrive/Papaya_Leaf_Disease_Classification/YOLO_Bounding_Box/RingSpot/RingSpot(216).txt,Box dòng 1 đã được tự động cắt xén (clip) vừa ảnh. | Box dòng 2 đã được tự động cắt xén (clip) vừa ảnh. | Box dòng 3 đã được tự động cắt xén (clip) vừa ảnh. | Box dòng 4 đã được tự động cắt xén (clip) vừa ảnh. | Box dòng 5 đã được tự động cắt xén (clip) vừa ảnh. | Box dòng 7 đã được tự động cắt xén (clip) vừa ảnh. | Box dòng 8 đã được tự động cắt xén (clip) vừa ảnh.
RingSpot,/content/drive/MyDrive/Papaya_Leaf_Disease_Classification/BDPapayaLeaf/Original Images/RingSpot/RingSpot(217).jpg,/content/drive/MyDrive/Papaya_Leaf_Disease_Classification/YOLO_Bounding_Box/RingSpot/RingSpot(217).txt,Box dòng 1 đã được tự động cắt xén (clip) vừa ảnh. | Box dòng 2 đã được tự động cắt xén (clip) vừa ảnh. | Box dòng 3 đã được tự động cắt xén (clip) vừa ảnh. | Box dòng 4 đã được tự động cắt xén (clip) vừa ảnh. | Box dòng 5 đã được tự động cắt xén (clip) vừa ảnh. | Box dòng 6 đã được tự động cắt xén (clip) vừa ảnh. | Box dòng 7 đã được tự động cắt xén (clip) vừa ảnh.
RingSpot,/content/drive/MyDrive/Papaya_Leaf_Disease_Classification/BDPapayaLeaf/Original Images/RingSpot/RingSpot(218).jpg,/content/drive/MyDrive/Papaya_Leaf_Disease_Classification/YOLO_Bounding_Box/RingSpot/RingSpot(218).txt,Box dòng 1 đã được tự động cắt xén (clip) vừa ảnh. | Box dòng 2 đã được tự động cắt xén (clip) vừa ảnh. | Box dòng 3 đã được tự động cắt xén (clip) vừa ảnh. | Box dòng 4 đã được tự động cắt xén (clip) vừa ảnh. | Box dòng 5 đã được tự động cắt xén (clip) vừa ảnh. | Box dòng 6 đã được tự động cắt xén (clip) vừa ảnh. | Box dòng 7 đã được tự động cắt xén (clip) vừa ảnh.
RingSpot,/content/drive/MyDrive/Papaya_Leaf_Disease_Classification/BDPapayaLeaf/Original Images/RingSpot/RingSpot(219).jpg,/content/drive/MyDrive/Papaya_Leaf_Disease_Classification/YOLO_Bounding_Box/RingSpot/RingSpot(219).txt,Box dòng 1 đã được tự động cắt xén (clip) vừa ảnh. | Box dòng 2 đã được tự động cắt xén (clip) vừa ảnh. | Box dòng 3 đã được tự động cắt xén (clip) vừa ảnh. | Box dòng 4 đã được tự động cắt xén (clip) vừa ảnh. | Box dòng 5 đã được tự động cắt xén (clip) vừa ảnh. | Box dòng 6 đã được tự động cắt xén (clip) vừa ảnh. | Box dòng 7 đã được tự động cắt xén (clip) vừa ảnh. | Box dòng 8 đã được tự động cắt xén (clip) vừa ảnh. | Box dòng 9 đã được tự động cắt xén (clip) vừa ảnh. | Box dòng 10 đã được tự động cắt xén (clip) vừa ảnh.
RingSpot,/content/drive/MyDrive/Papaya_Leaf_Disease_Classification/BDPapayaLeaf/Original Images/RingSpot/RingSpot(22).jpg,/content/drive/MyDrive/Papaya_Leaf_Disease_Classification/YOLO_Bounding_Box/RingSpot/RingSpot(22).txt,Box dòng 1 đã được tự động cắt xén (clip) vừa ảnh. | Box dòng 2 đã được tự động cắt xén (clip) vừa ảnh.
RingSpot,/content/drive/MyDrive/Papaya_Leaf_Disease_Classification/BDPapayaLeaf/Original Images/RingSpot/RingSpot(220).jpg,/content/drive/MyDrive/Papaya_Leaf_Disease_Classification/YOLO_Bounding_Box/RingSpot/RingSpot(220).txt,Box dòng 1 đã được tự động cắt xén (clip) vừa ảnh. | Box dòng 2 đã được tự động cắt xén (clip) vừa ảnh. | Box dòng 3 đã được tự động cắt xén (clip) vừa ảnh. | Box dòng 4 đã được tự động cắt xén (clip) vừa ảnh. | Box dòng 6 đã được tự động cắt xén (clip) vừa ảnh. | Box dòng 7 đã được tự động cắt xén (clip) vừa ảnh.
RingSpot,/content/drive/MyDrive/Papaya_Leaf_Disease_Classification/BDPapayaLeaf/Original Images/RingSpot/RingSpot(221).jpg,/content/drive/MyDrive/Papaya_Leaf_Disease_Classification/YOLO_Bounding_Box/RingSpot/RingSpot(221).txt,Box dòng 1 đã được tự động cắt xén (clip) vừa ảnh. | Box dòng 2 đã được tự động cắt xén (clip) vừa ảnh. | Box dòng 3 đã được tự động cắt xén (clip) vừa ảnh. | Box dòng 4 đã được tự động cắt xén (clip) vừa ảnh. | Box dòng 5 đã được tự động cắt xén (clip) vừa ảnh. | Box dòng 6 đã được tự động cắt xén (clip) vừa ảnh. | Box dòng 7 đã được tự động cắt xén (clip) vừa ảnh. | Box dòng 8 đã được tự động cắt xén (clip) vừa ảnh.
RingSpot,/content/drive/MyDrive/Papaya_Leaf_Disease_Classification/BDPapayaLeaf/Original Images/RingSpot/RingSpot(222).jpg,/content/drive/MyDrive/Papaya_Leaf_Disease_Classification/YOLO_Bounding_Box/RingSpot/RingSpot(222).txt,Box dòng 1 đã được tự động cắt xén (clip) vừa ảnh. | Box dòng 2 đã được tự động cắt xén (clip) vừa ảnh. | Box dòng 3 đã được tự động cắt xén (clip) vừa ảnh. | Box dòng 4 đã được tự động cắt xén (clip) vừa ảnh.
RingSpot,/content/drive/MyDrive/Papaya_Leaf_Disease_Classification/BDPapayaLeaf/Original Images/RingSpot/RingSpot(223).jpg,/content/drive/MyDrive/Papaya_Leaf_Disease_Classification/YOLO_Bounding_Box/RingSpot/RingSpot(223).txt,Box dòng 1 đã được tự động cắt xén (clip) vừa ảnh. | Box dòng 2 đã được tự động cắt xén (clip) vừa ảnh. | Box dòng 3 đã được tự động cắt xén (clip) vừa ảnh. | Box dòng 4 đã được tự động cắt xén (clip) vừa ảnh.
RingSpot,/content/drive/MyDrive/Papaya_Leaf_Disease_Classification/BDPapayaLeaf/Original Images/RingSpot/RingSpot(224).jpg,/content/drive/MyDrive/Papaya_Leaf_Disease_Classification/YOLO_Bounding_Box/RingSpot/RingSpot(224).txt,Box dòng 1 đã được tự động cắt xén (clip) vừa ảnh. | Box dòng 2 đã được tự động cắt xén (clip) vừa ảnh. | Box dòng 3 đã được tự động cắt xén (clip) vừa ảnh. | Box dòng 4 đã được tự động cắt xén (clip) vừa ảnh. | Box dòng 5 đã được tự động cắt xén (clip) vừa ảnh. | Box dòng 6 đã được tự động cắt xén (clip) vừa ảnh. | Box dòng 7 đã được tự động cắt xén (clip) vừa ảnh.
RingSpot,/content/drive/MyDrive/Papaya_Leaf_Disease_Classification/BDPapayaLeaf/Original Images/RingSpot/RingSpot(225).jpg,/content/drive/MyDrive/Papaya_Leaf_Disease_Classification/YOLO_Bounding_Box/RingSpot/RingSpot(225).txt,Box dòng 1 đã được tự động cắt xén (clip) vừa ảnh. | Box dòng 2 đã được tự động cắt xén (clip) vừa ảnh. | Box dòng 3 đã được tự động cắt xén (clip) vừa ảnh. | Box dòng 4 đã được tự động cắt xén (clip) vừa ảnh. | Box dòng 6 đã được tự động cắt xén (clip) vừa ảnh. | Box dòng 7 đã được tự động cắt xén (clip) vừa ảnh.
RingSpot,/content/drive/MyDrive/Papaya_Leaf_Disease_Classification/BDPapayaLeaf/Original Images/RingSpot/RingSpot(226).jpg,/content/drive/MyDrive/Papaya_Leaf_Disease_Classification/YOLO_Bounding_Box/RingSpot/RingSpot(226).txt,Box dòng 1 đã được tự động cắt xén (clip) vừa ảnh. | Box dòng 2 đã được tự động cắt xén (clip) vừa ảnh. | Box dòng 3 đã được tự động cắt xén (clip) vừa ảnh. | Box dòng 4 đã được tự động cắt xén (clip) vừa ảnh.
RingSpot,/content/drive/MyDrive/Papaya_Leaf_Disease_Classification/BDPapayaLeaf/Original Images/RingSpot/RingSpot(227).jpg,/content/drive/MyDrive/Papaya_Leaf_Disease_Classification/YOLO_Bounding_Box/RingSpot/RingSpot(227).txt,Box dòng 1 đã được tự động cắt xén (clip) vừa ảnh. | Box dòng 2 đã được tự động cắt xén (clip) vừa ảnh. | Box dòng 3 đã được tự động cắt xén (clip) vừa ảnh. | Box dòng 4 đã được tự động cắt xén (clip) vừa ảnh.
RingSpot,/content/drive/MyDrive/Papaya_Leaf_Disease_Classification/BDPapayaLeaf/Original Images/RingSpot/RingSpot(228).jpg,/content/drive/MyDrive/Papaya_Leaf_Disease_Classification/YOLO_Bounding_Box/RingSpot/RingSpot(228).txt,Box dòng 1 đã được tự động cắt xén (clip) vừa ảnh. | Box dòng 2 đã được tự động cắt xén (clip) vừa ảnh. | Box dòng 3 đã được tự động cắt xén (clip) vừa ảnh. | Box dòng 4 đã được tự động cắt xén (clip) vừa ảnh. | Box dòng 5 đã được tự động cắt xén (clip) vừa ảnh.
RingSpot,/content/drive/MyDrive/Papaya_Leaf_Disease_Classification/BDPapayaLeaf/Original Images/RingSpot/RingSpot(229).jpg,/content/drive/MyDrive/Papaya_Leaf_Disease_Classification/YOLO_Bounding_Box/RingSpot/RingSpot(229).txt,Box dòng 1 đã được tự động cắt xén (clip) vừa ảnh. | Box dòng 2 đã được tự động cắt xén (clip) vừa ảnh. | Box dòng 3 đã được tự động cắt xén (clip) vừa ảnh. | Box dòng 4 đã được tự động cắt xén (clip) vừa ảnh. | Box dòng 5 đã được tự động cắt xén (clip) vừa ảnh. | Box dòng 6 đã được tự động cắt xén (clip) vừa ảnh. | Box dòng 7 đã được tự động cắt xén (clip) vừa ảnh. | Box dòng 8 đã được tự động cắt xén (clip) vừa ảnh.
RingSpot,/content/drive/MyDrive/Papaya_Leaf_Disease_Classification/BDPapayaLeaf/Original Images/RingSpot/RingSpot(23).jpg,/content/drive/MyDrive/Papaya_Leaf_Disease_Classification/YOLO_Bounding_Box/RingSpot/RingSpot(23).txt,Box dòng 1 đã được tự động cắt xén (clip) vừa ảnh. | Box dòng 2 đã được tự động cắt xén (clip) vừa ảnh.
RingSpot,/content/drive/MyDrive/Papaya_Leaf_Disease_Classification/BDPapayaLeaf/Original Images/RingSpot/RingSpot(230).jpg,/content/drive/MyDrive/Papaya_Leaf_Disease_Classification/YOLO_Bounding_Box/RingSpot/RingSpot(230).txt,Box dòng 1 đã được tự động cắt xén (clip) vừa ảnh. | Box dòng 2 đã được tự động cắt xén (clip) vừa ảnh. | Box dòng 3 đã được tự động cắt xén (clip) vừa ảnh. | Box dòng 4 đã được tự động cắt xén (clip) vừa ảnh. | Box dòng 5 đã được tự động cắt xén (clip) vừa ảnh. | Box dòng 6 đã được tự động cắt xén (clip) vừa ảnh. | Box dòng 7 đã được tự động cắt xén (clip) vừa ảnh.
RingSpot,/content/drive/MyDrive/Papaya_Leaf_Disease_Classification/BDPapayaLeaf/Original Images/RingSpot/RingSpot(231).jpg,/content/drive/MyDrive/Papaya_Leaf_Disease_Classification/YOLO_Bounding_Box/RingSpot/RingSpot(231).txt,Box dòng 1 đã được tự động cắt xén (clip) vừa ảnh. | Box dòng 2 đã được tự động cắt xén (clip) vừa ảnh. | Box dòng 3 đã được tự động cắt xén (clip) vừa ảnh. | Box dòng 4 đã được tự động cắt xén (clip) vừa ảnh. | Box dòng 5 đã được tự động cắt xén (clip) vừa ảnh. | Box dòng 6 đã được tự động cắt xén (clip) vừa ảnh. | Box dòng 7 đã được tự động cắt xén (clip) vừa ảnh. | Box dòng 8 đã được tự động cắt xén (clip) vừa ảnh. | Box dòng 9 đã được tự động cắt xén (clip) vừa ảnh. | Box dòng 10 đã được tự động cắt xén (clip) vừa ảnh.
RingSpot,/content/drive/MyDrive/Papaya_Leaf_Disease_Classification/BDPapayaLeaf/Original Images/RingSpot/RingSpot(232).jpg,/content/drive/MyDrive/Papaya_Leaf_Disease_Classification/YOLO_Bounding_Box/RingSpot/RingSpot(232).txt,Box dòng 1 đã được tự động cắt xén (clip) vừa ảnh. | Box dòng 2 đã được tự động cắt xén (clip) vừa ảnh. | Box dòng 3 đã được tự động cắt xén (clip) vừa ảnh. | Box dòng 4 đã được tự động cắt xén (clip) vừa ảnh. | Box dòng 5 đã được tự động cắt xén (clip) vừa ảnh.
RingSpot,/content/drive/MyDrive/Papaya_Leaf_Disease_Classification/BDPapayaLeaf/Original Images/RingSpot/RingSpot(233).jpg,/content/drive/MyDrive/Papaya_Leaf_Disease_Classification/YOLO_Bounding_Box/RingSpot/RingSpot(233).txt,Box dòng 1 đã được tự động cắt xén (clip) vừa ảnh. | Box dòng 2 đã được tự động cắt xén (clip) vừa ảnh. | Box dòng 3 đã được tự động cắt xén (clip) vừa ảnh. | Box dòng 4 đã được tự động cắt xén (clip) vừa ảnh. | Box dòng 5 đã được tự động cắt xén (clip) vừa ảnh. | Box dòng 6 đã được tự động cắt xén (clip) vừa ảnh.
RingSpot,/content/drive/MyDrive/Papaya_Leaf_Disease_Classification/BDPapayaLeaf/Original Images/RingSpot/RingSpot(234).jpg,/content/drive/MyDrive/Papaya_Leaf_Disease_Classification/YOLO_Bounding_Box/RingSpot/RingSpot(234).txt,Box dòng 1 đã được tự động cắt xén (clip) vừa ảnh. | Box dòng 2 đã được tự động cắt xén (clip) vừa ảnh. | Box dòng 3 đã được tự động cắt xén (clip) vừa ảnh. | Box dòng 4 đã được tự động cắt xén (clip) vừa ảnh. | Box dòng 5 đã được tự động cắt xén (clip) vừa ảnh. | Box dòng 6 đã được tự động cắt xén (clip) vừa ảnh. | Box dòng 7 đã được tự động cắt xén (clip) vừa ảnh. | Box dòng 8 đã được tự động cắt xén (clip) vừa ảnh.
RingSpot,/content/drive/MyDrive/Papaya_Leaf_Disease_Classification/BDPapayaLeaf/Original Images/RingSpot/RingSpot(235).jpg,/content/drive/MyDrive/Papaya_Leaf_Disease_Classification/YOLO_Bounding_Box/RingSpot/RingSpot(235).txt,Box dòng 1 đã được tự động cắt xén (clip) vừa ảnh. | Box dòng 2 đã được tự động cắt xén (clip) vừa ảnh.
RingSpot,/content/drive/MyDrive/Papaya_Leaf_Disease_Classification/BDPapayaLeaf/Original Images/RingSpot/RingSpot(236).jpg,/content/drive/MyDrive/Papaya_Leaf_Disease_Classification/YOLO_Bounding_Box/RingSpot/RingSpot(236).txt,Box dòng 1 đã được tự động cắt xén (clip) vừa ảnh. | Box dòng 2 đã được tự động cắt xén (clip) vừa ảnh. | Box dòng 3 đã được tự động cắt xén (clip) vừa ảnh. | Box dòng 4 đã được tự động cắt xén (clip) vừa ảnh. | Box dòng 5 đã được tự động cắt xén (clip) vừa ảnh.
RingSpot,/content/drive/MyDrive/Papaya_Leaf_Disease_Classification/BDPapayaLeaf/Original Images/RingSpot/RingSpot(237).jpg,/content/drive/MyDrive/Papaya_Leaf_Disease_Classification/YOLO_Bounding_Box/RingSpot/RingSpot(237).txt,Box dòng 1 đã được tự động cắt xén (clip) vừa ảnh. | Box dòng 2 đã được tự động cắt xén (clip) vừa ảnh.
RingSpot,/content/drive/MyDrive/Papaya_Leaf_Disease_Classification/BDPapayaLeaf/Original Images/RingSpot/RingSpot(238).jpg,/content/drive/MyDrive/Papaya_Leaf_Disease_Classification/YOLO_Bounding_Box/RingSpot/RingSpot(238).txt,Box dòng 1 đã được tự động cắt xén (clip) vừa ảnh. | Box dòng 2 đã được tự động cắt xén (clip) vừa ảnh. | Box dòng 3 đã được tự động cắt xén (clip) vừa ảnh. | Box dòng 4 đã được tự động cắt xén (clip) vừa ảnh. | Box dòng 5 đã được tự động cắt xén (clip) vừa ảnh.
RingSpot,/content/drive/MyDrive/Papaya_Leaf_Disease_Classification/BDPapayaLeaf/Original Images/RingSpot/RingSpot(239).jpg,/content/drive/MyDrive/Papaya_Leaf_Disease_Classification/YOLO_Bounding_Box/RingSpot/RingSpot(239).txt,Box dòng 2 đã được tự động cắt xén (clip) vừa ảnh. | Box dòng 3 đã được tự động cắt xén (clip) vừa ảnh. | Box dòng 4 đã được tự động cắt xén (clip) vừa ảnh. | Box dòng 5 đã được tự động cắt xén (clip) vừa ảnh.
RingSpot,/content/drive/MyDrive/Papaya_Leaf_Disease_Classification/BDPapayaLeaf/Original Images/RingSpot/RingSpot(24).jpg,/content/drive/MyDrive/Papaya_Leaf_Disease_Classification/YOLO_Bounding_Box/RingSpot/RingSpot(24).txt,Box dòng 1 đã được tự động cắt xén (clip) vừa ảnh. | Box dòng 2 đã được tự động cắt xén (clip) vừa ảnh.
RingSpot,/content/drive/MyDrive/Papaya_Leaf_Disease_Classification/BDPapayaLeaf/Original Images/RingSpot/RingSpot(240).jpg,/content/drive/MyDrive/Papaya_Leaf_Disease_Classification/YOLO_Bounding_Box/RingSpot/RingSpot(240).txt,Box dòng 1 đã được tự động cắt xén (clip) vừa ảnh. | Box dòng 2 đã được tự động cắt xén (clip) vừa ảnh. | Box dòng 3 đã được tự động cắt xén (clip) vừa ảnh. | Box dòng 4 đã được tự động cắt xén (clip) vừa ảnh. | Box dòng 5 đã được tự động cắt xén (clip) vừa ảnh.
RingSpot,/content/drive/MyDrive/Papaya_Leaf_Disease_Classification/BDPapayaLeaf/Original Images/RingSpot/RingSpot(241).jpg,/content/drive/MyDrive/Papaya_Leaf_Disease_Classification/YOLO_Bounding_Box/RingSpot/RingSpot(241).txt,Box dòng 1 đã được tự động cắt xén (clip) vừa ảnh. | Box dòng 2 đã được tự động cắt xén (clip) vừa ảnh. | Box dòng 3 đã được tự động cắt xén (clip) vừa ảnh. | Box dòng 4 đã được tự động cắt xén (clip) vừa ảnh. | Box dòng 5 đã được tự động cắt xén (clip) vừa ảnh.
RingSpot,/content/drive/MyDrive/Papaya_Leaf_Disease_Classification/BDPapayaLeaf/Original Images/RingSpot/RingSpot(242).jpg,/content/drive/MyDrive/Papaya_Leaf_Disease_Classification/YOLO_Bounding_Box/RingSpot/RingSpot(242).txt,Box dòng 1 đã được tự động cắt xén (clip) vừa ảnh. | Box dòng 2 đã được tự động cắt xén (clip) vừa ảnh. | Box dòng 3 đã được tự động cắt xén (clip) vừa ảnh.
RingSpot,/content/drive/MyDrive/Papaya_Leaf_Disease_Classification/BDPapayaLeaf/Original Images/RingSpot/RingSpot(243).jpg,/content/drive/MyDrive/Papaya_Leaf_Disease_Classification/YOLO_Bounding_Box/RingSpot/RingSpot(243).txt,Box dòng 1 đã được tự động cắt xén (clip) vừa ảnh. | Box dòng 2 đã được tự động cắt xén (clip) vừa ảnh. | Box dòng 3 đã được tự động cắt xén (clip) vừa ảnh. | Box dòng 4 đã được tự động cắt xén (clip) vừa ảnh.
RingSpot,/content/drive/MyDrive/Papaya_Leaf_Disease_Classification/BDPapayaLeaf/Original Images/RingSpot/RingSpot(244).jpg,/content/drive/MyDrive/Papaya_Leaf_Disease_Classification/YOLO_Bounding_Box/RingSpot/RingSpot(244).txt,Box dòng 1 đã được tự động cắt xén (clip) vừa ảnh. | Box dòng 2 đã được tự động cắt xén (clip) vừa ảnh. | Box dòng 3 đã được tự động cắt xén (clip) vừa ảnh. | Box dòng 4 đã được tự động cắt xén (clip) vừa ảnh. | Box dòng 5 đã được tự động cắt xén (clip) vừa ảnh. | Box dòng 6 đã được tự động cắt xén (clip) vừa ảnh.
RingSpot,/content/drive/MyDrive/Papaya_Leaf_Disease_Classification/BDPapayaLeaf/Original Images/RingSpot/RingSpot(245).jpg,/content/drive/MyDrive/Papaya_Leaf_Disease_Classification/YOLO_Bounding_Box/RingSpot/RingSpot(245).txt,Box dòng 1 đã được tự động cắt xén (clip) vừa ảnh. | Box dòng 2 đã được tự động cắt xén (clip) vừa ảnh.
RingSpot,/content/drive/MyDrive/Papaya_Leaf_Disease_Classification/BDPapayaLeaf/Original Images/RingSpot/RingSpot(246).jpg,/content/drive/MyDrive/Papaya_Leaf_Disease_Classification/YOLO_Bounding_Box/RingSpot/RingSpot(246).txt,Box dòng 1 đã được tự động cắt xén (clip) vừa ảnh. | Box dòng 2 đã được tự động cắt xén (clip) vừa ảnh. | Box dòng 3 đã được tự động cắt xén (clip) vừa ảnh. | Box dòng 4 đã được tự động cắt xén (clip) vừa ảnh. | Box dòng 5 đã được tự động cắt xén (clip) vừa ảnh.
RingSpot,/content/drive/MyDrive/Papaya_Leaf_Disease_Classification/BDPapayaLeaf/Original Images/RingSpot/RingSpot(247).jpg,/content/drive/MyDrive/Papaya_Leaf_Disease_Classification/YOLO_Bounding_Box/RingSpot/RingSpot(247).txt,Box dòng 1 đã được tự động cắt xén (clip) vừa ảnh. | Box dòng 2 đã được tự động cắt xén (clip) vừa ảnh. | Box dòng 3 đã được tự động cắt xén (clip) vừa ảnh.
RingSpot,/content/drive/MyDrive/Papaya_Leaf_Disease_Classification/BDPapayaLeaf/Original Images/RingSpot/RingSpot(248).jpg,/content/drive/MyDrive/Papaya_Leaf_Disease_Classification/YOLO_Bounding_Box/RingSpot/RingSpot(248).txt,Box dòng 1 đã được tự động cắt xén (clip) vừa ảnh. | Box dòng 2 đã được tự động cắt xén (clip) vừa ảnh. | Box dòng 3 đã được tự động cắt xén (clip) vừa ảnh. | Box dòng 5 đã được tự động cắt xén (clip) vừa ảnh. | Box dòng 6 đã được tự động cắt xén (clip) vừa ảnh.
RingSpot,/content/drive/MyDrive/Papaya_Leaf_Disease_Classification/BDPapayaLeaf/Original Images/RingSpot/RingSpot(249).jpg,/content/drive/MyDrive/Papaya_Leaf_Disease_Classification/YOLO_Bounding_Box/RingSpot/RingSpot(249).txt,Box dòng 1 đã được tự động cắt xén (clip) vừa ảnh. | Box dòng 2 đã được tự động cắt xén (clip) vừa ảnh.
RingSpot,/content/drive/MyDrive/Papaya_Leaf_Disease_Classification/BDPapayaLeaf/Original Images/RingSpot/RingSpot(25).jpg,/content/drive/MyDrive/Papaya_Leaf_Disease_Classification/YOLO_Bounding_Box/RingSpot/RingSpot(25).txt,Box dòng 1 đã được tự động cắt xén (clip) vừa ảnh. | Box dòng 2 đã được tự động cắt xén (clip) vừa ảnh.
RingSpot,/content/drive/MyDrive/Papaya_Leaf_Disease_Classification/BDPapayaLeaf/Original Images/RingSpot/RingSpot(250).jpg,/content/drive/MyDrive/Papaya_Leaf_Disease_Classification/YOLO_Bounding_Box/RingSpot/RingSpot(250).txt,Box dòng 1 đã được tự động cắt xén (clip) vừa ảnh. | Box dòng 2 đã được tự động cắt xén (clip) vừa ảnh. | Box dòng 3 đã được tự động cắt xén (clip) vừa ảnh. | Box dòng 5 đã được tự động cắt xén (clip) vừa ảnh.
RingSpot,/content/drive/MyDrive/Papaya_Leaf_Disease_Classification/BDPapayaLeaf/Original Images/RingSpot/RingSpot(251).jpg,/content/drive/MyDrive/Papaya_Leaf_Disease_Classification/YOLO_Bounding_Box/RingSpot/RingSpot(251).txt,Box dòng 1 đã được tự động cắt xén (clip) vừa ảnh. | Box dòng 2 đã được tự động cắt xén (clip) vừa ảnh. | Box dòng 3 đã được tự động cắt xén (clip) vừa ảnh. | Box dòng 4 đã được tự động cắt xén (clip) vừa ảnh. | Box dòng 6 đã được tự động cắt xén (clip) vừa ảnh. | Box dòng 7 đã được tự động cắt xén (clip) vừa ảnh. | Box dòng 8 đã được tự động cắt xén (clip) vừa ảnh.
RingSpot,/content/drive/MyDrive/Papaya_Leaf_Disease_Classification/BDPapayaLeaf/Original Images/RingSpot/RingSpot(252).jpg,/content/drive/MyDrive/Papaya_Leaf_Disease_Classification/YOLO_Bounding_Box/RingSpot/RingSpot(252).txt,Box dòng 1 đã được tự động cắt xén (clip) vừa ảnh. | Box dòng 2 đã được tự động cắt xén (clip) vừa ảnh. | Box dòng 3 đã được tự động cắt xén (clip) vừa ảnh.
RingSpot,/content/drive/MyDrive/Papaya_Leaf_Disease_Classification/BDPapayaLeaf/Original Images/RingSpot/RingSpot(253).jpg,/content/drive/MyDrive/Papaya_Leaf_Disease_Classification/YOLO_Bounding_Box/RingSpot/RingSpot(253).txt,Box dòng 1 đã được tự động cắt xén (clip) vừa ảnh. | Box dòng 2 đã được tự động cắt xén (clip) vừa ảnh. | Box dòng 3 đã được tự động cắt xén (clip) vừa ảnh. | Box dòng 4 đã được tự động cắt xén (clip) vừa ảnh. | Box dòng 5 đã được tự động cắt xén (clip) vừa ảnh. | Box dòng 6 đã được tự động cắt xén (clip) vừa ảnh. | Box dòng 7 đã được tự động cắt xén (clip) vừa ảnh. | Box dòng 8 đã được tự động cắt xén (clip) vừa ảnh. | Box dòng 9 đã được tự động cắt xén (clip) vừa ảnh. | Box dòng 10 đã được tự động cắt xén (clip) vừa ảnh. | Box dòng 11 đã được tự động cắt xén (clip) vừa ảnh.
RingSpot,/content/drive/MyDrive/Papaya_Leaf_Disease_Classification/BDPapayaLeaf/Original Images/RingSpot/RingSpot(254).jpg,/content/drive/MyDrive/Papaya_Leaf_Disease_Classification/YOLO_Bounding_Box/RingSpot/RingSpot(254).txt,Box dòng 1 đã được tự động cắt xén (clip) vừa ảnh. | Box dòng 2 đã được tự động cắt xén (clip) vừa ảnh. | Box dòng 3 đã được tự động cắt xén (clip) vừa ảnh. | Box dòng 4 đã được tự động cắt xén (clip) vừa ảnh. | Box dòng 5 đã được tự động cắt xén (clip) vừa ảnh. | Box dòng 6 đã được tự động cắt xén (clip) vừa ảnh. | Box dòng 7 đã được tự động cắt xén (clip) vừa ảnh. | Box dòng 8 đã được tự động cắt xén (clip) vừa ảnh. | Box dòng 10 đã được tự động cắt xén (clip) vừa ảnh. | Box dòng 11 đã được tự động cắt xén (clip) vừa ảnh. | Box dòng 12 đã được tự động cắt xén (clip) vừa ảnh.
RingSpot,/content/drive/MyDrive/Papaya_Leaf_Disease_Classification/BDPapayaLeaf/Original Images/RingSpot/RingSpot(255).jpg,/content/drive/MyDrive/Papaya_Leaf_Disease_Classification/YOLO_Bounding_Box/RingSpot/RingSpot(255).txt,Box dòng 1 đã được tự động cắt xén (clip) vừa ảnh. | Box dòng 2 đã được tự động cắt xén (clip) vừa ảnh. | Box dòng 3 đã được tự động cắt xén (clip) vừa ảnh.
RingSpot,/content/drive/MyDrive/Papaya_Leaf_Disease_Classification/BDPapayaLeaf/Original Images/RingSpot/RingSpot(256).jpg,/content/drive/MyDrive/Papaya_Leaf_Disease_Classification/YOLO_Bounding_Box/RingSpot/RingSpot(256).txt,Box dòng 1 đã được tự động cắt xén (clip) vừa ảnh. | Box dòng 2 đã được tự động cắt xén (clip) vừa ảnh.
RingSpot,/content/drive/MyDrive/Papaya_Leaf_Disease_Classification/BDPapayaLeaf/Original Images/RingSpot/RingSpot(257).jpg,/content/drive/MyDrive/Papaya_Leaf_Disease_Classification/YOLO_Bounding_Box/RingSpot/RingSpot(257).txt,Box dòng 1 đã được tự động cắt xén (clip) vừa ảnh. | Box dòng 2 đã được tự động cắt xén (clip) vừa ảnh.
RingSpot,/content/drive/MyDrive/Papaya_Leaf_Disease_Classification/BDPapayaLeaf/Original Images/RingSpot/RingSpot(258).jpg,/content/drive/MyDrive/Papaya_Leaf_Disease_Classification/YOLO_Bounding_Box/RingSpot/RingSpot(258).txt,Box dòng 1 đã được tự động cắt xén (clip) vừa ảnh. | Box dòng 2 đã được tự động cắt xén (clip) vừa ảnh. | Box dòng 3 đã được tự động cắt xén (clip) vừa ảnh. | Box dòng 4 đã được tự động cắt xén (clip) vừa ảnh. | Box dòng 5 đã được tự động cắt xén (clip) vừa ảnh.
RingSpot,/content/drive/MyDrive/Papaya_Leaf_Disease_Classification/BDPapayaLeaf/Original Images/RingSpot/RingSpot(259).jpg,/content/drive/MyDrive/Papaya_Leaf_Disease_Classification/YOLO_Bounding_Box/RingSpot/RingSpot(259).txt,Box dòng 1 đã được tự động cắt xén (clip) vừa ảnh. | Box dòng 2 đã được tự động cắt xén (clip) vừa ảnh. | Box dòng 3 đã được tự động cắt xén (clip) vừa ảnh. | Box dòng 4 đã được tự động cắt xén (clip) vừa ảnh.
RingSpot,/content/drive/MyDrive/Papaya_Leaf_Disease_Classification/BDPapayaLeaf/Original Images/RingSpot/RingSpot(26).jpg,/content/drive/MyDrive/Papaya_Leaf_Disease_Classification/YOLO_Bounding_Box/RingSpot/RingSpot(26).txt,Box dòng 1 đã được tự động cắt xén (clip) vừa ảnh. | Box dòng 2 đã được tự động cắt xén (clip) vừa ảnh. | Box dòng 3 đã được tự động cắt xén (clip) vừa ảnh. | Box dòng 4 đã được tự động cắt xén (clip) vừa ảnh. | Box dòng 5 đã được tự động cắt xén (clip) vừa ảnh. | Box dòng 6 đã được tự động cắt xén (clip) vừa ảnh. | Box dòng 7 đã được tự động cắt xén (clip) vừa ảnh.
RingSpot,/content/drive/MyDrive/Papaya_Leaf_Disease_Classification/BDPapayaLeaf/Original Images/RingSpot/RingSpot(260).jpg,/content/drive/MyDrive/Papaya_Leaf_Disease_Classification/YOLO_Bounding_Box/RingSpot/RingSpot(260).txt,Box dòng 1 đã được tự động cắt xén (clip) vừa ảnh. | Box dòng 2 đã được tự động cắt xén (clip) vừa ảnh. | Box dòng 3 đã được tự động cắt xén (clip) vừa ảnh.
RingSpot,/content/drive/MyDrive/Papaya_Leaf_Disease_Classification/BDPapayaLeaf/Original Images/RingSpot/RingSpot(261).jpg,/content/drive/MyDrive/Papaya_Leaf_Disease_Classification/YOLO_Bounding_Box/RingSpot/RingSpot(261).txt,Box dòng 1 đã được tự động cắt xén (clip) vừa ảnh. | Box dòng 2 đã được tự động cắt xén (clip) vừa ảnh. | Box dòng 3 đã được tự động cắt xén (clip) vừa ảnh.
RingSpot,/content/drive/MyDrive/Papaya_Leaf_Disease_Classification/BDPapayaLeaf/Original Images/RingSpot/RingSpot(262).jpg,/content/drive/MyDrive/Papaya_Leaf_Disease_Classification/YOLO_Bounding_Box/RingSpot/RingSpot(262).txt,Box dòng 1 đã được tự động cắt xén (clip) vừa ảnh. | Box dòng 2 đã được tự động cắt xén (clip) vừa ảnh. | Box dòng 3 đã được tự động cắt xén (clip) vừa ảnh. | Box dòng 4 đã được tự động cắt xén (clip) vừa ảnh. | Box dòng 6 đã được tự động cắt xén (clip) vừa ảnh.
RingSpot,/content/drive/MyDrive/Papaya_Leaf_Disease_Classification/BDPapayaLeaf/Original Images/RingSpot/RingSpot(263).jpg,/content/drive/MyDrive/Papaya_Leaf_Disease_Classification/YOLO_Bounding_Box/RingSpot/RingSpot(263).txt,Box dòng 1 đã được tự động cắt xén (clip) vừa ảnh. | Box dòng 2 đã được tự động cắt xén (clip) vừa ảnh.
RingSpot,/content/drive/MyDrive/Papaya_Leaf_Disease_Classification/BDPapayaLeaf/Original Images/RingSpot/RingSpot(264).jpg,/content/drive/MyDrive/Papaya_Leaf_Disease_Classification/YOLO_Bounding_Box/RingSpot/RingSpot(264).txt,Box dòng 1 đã được tự động cắt xén (clip) vừa ảnh. | Box dòng 2 đã được tự động cắt xén (clip) vừa ảnh.
RingSpot,/content/drive/MyDrive/Papaya_Leaf_Disease_Classification/BDPapayaLeaf/Original Images/RingSpot/RingSpot(265).jpg,/content/drive/MyDrive/Papaya_Leaf_Disease_Classification/YOLO_Bounding_Box/RingSpot/RingSpot(265).txt,Box dòng 1 đã được tự động cắt xén (clip) vừa ảnh. | Box dòng 2 đã được tự động cắt xén (clip) vừa ảnh. | Box dòng 3 đã được tự động cắt xén (clip) vừa ảnh. | Box dòng 4 đã được tự động cắt xén (clip) vừa ảnh.
RingSpot,/content/drive/MyDrive/Papaya_Leaf_Disease_Classification/BDPapayaLeaf/Original Images/RingSpot/RingSpot(266).jpg,/content/drive/MyDrive/Papaya_Leaf_Disease_Classification/YOLO_Bounding_Box/RingSpot/RingSpot(266).txt,Box dòng 1 đã được tự động cắt xén (clip) vừa ảnh. | Box dòng 2 đã được tự động cắt xén (clip) vừa ảnh. | Box dòng 3 đã được tự động cắt xén (clip) vừa ảnh.
RingSpot,/content/drive/MyDrive/Papaya_Leaf_Disease_Classification/BDPapayaLeaf/Original Images/RingSpot/RingSpot(267).jpg,/content/drive/MyDrive/Papaya_Leaf_Disease_Classification/YOLO_Bounding_Box/RingSpot/RingSpot(267).txt,Box dòng 1 đã được tự động cắt xén (clip) vừa ảnh. | Box dòng 2 đã được tự động cắt xén (clip) vừa ảnh. | Box dòng 3 đã được tự động cắt xén (clip) vừa ảnh.
RingSpot,/content/drive/MyDrive/Papaya_Leaf_Disease_Classification/BDPapayaLeaf/Original Images/RingSpot/RingSpot(268).jpg,/content/drive/MyDrive/Papaya_Leaf_Disease_Classification/YOLO_Bounding_Box/RingSpot/RingSpot(268).txt,Box dòng 1 đã được tự động cắt xén (clip) vừa ảnh. | Box dòng 2 đã được tự động cắt xén (clip) vừa ảnh.
RingSpot,/content/drive/MyDrive/Papaya_Leaf_Disease_Classification/BDPapayaLeaf/Original Images/RingSpot/RingSpot(269).jpg,/content/drive/MyDrive/Papaya_Leaf_Disease_Classification/YOLO_Bounding_Box/RingSpot/RingSpot(269).txt,Box dòng 1 đã được tự động cắt xén (clip) vừa ảnh. | Box dòng 2 đã được tự động cắt xén (clip) vừa ảnh. | Box dòng 3 đã được tự động cắt xén (clip) vừa ảnh. | Box dòng 4 đã được tự động cắt xén (clip) vừa ảnh. | Box dòng 5 đã được tự động cắt xén (clip) vừa ảnh. | Box dòng 6 đã được tự động cắt xén (clip) vừa ảnh. | Box dòng 7 đã được tự động cắt xén (clip) vừa ảnh.
RingSpot,/content/drive/MyDrive/Papaya_Leaf_Disease_Classification/BDPapayaLeaf/Original Images/RingSpot/RingSpot(27).jpg,/content/drive/MyDrive/Papaya_Leaf_Disease_Classification/YOLO_Bounding_Box/RingSpot/RingSpot(27).txt,Box dòng 1 đã được tự động cắt xén (clip) vừa ảnh. | Box dòng 2 đã được tự động cắt xén (clip) vừa ảnh. | Box dòng 3 đã được tự động cắt xén (clip) vừa ảnh. | Box dòng 4 đã được tự động cắt xén (clip) vừa ảnh. | Box dòng 5 đã được tự động cắt xén (clip) vừa ảnh. | Box dòng 6 đã được tự động cắt xén (clip) vừa ảnh. | Box dòng 7 đã được tự động cắt xén (clip) vừa ảnh. | Box dòng 8 đã được tự động cắt xén (clip) vừa ảnh.
RingSpot,/content/drive/MyDrive/Papaya_Leaf_Disease_Classification/BDPapayaLeaf/Original Images/RingSpot/RingSpot(270).jpg,/content/drive/MyDrive/Papaya_Leaf_Disease_Classification/YOLO_Bounding_Box/RingSpot/RingSpot(270).txt,Box dòng 1 đã được tự động cắt xén (clip) vừa ảnh. | Box dòng 2 đã được tự động cắt xén (clip) vừa ảnh.
RingSpot,/content/drive/MyDrive/Papaya_Leaf_Disease_Classification/BDPapayaLeaf/Original Images/RingSpot/RingSpot(271).jpg,/content/drive/MyDrive/Papaya_Leaf_Disease_Classification/YOLO_Bounding_Box/RingSpot/RingSpot(271).txt,Box dòng 1 đã được tự động cắt xén (clip) vừa ảnh. | Box dòng 2 đã được tự động cắt xén (clip) vừa ảnh. | Box dòng 3 đã được tự động cắt xén (clip) vừa ảnh. | Box dòng 4 đã được tự động cắt xén (clip) vừa ảnh. | Box dòng 5 đã được tự động cắt xén (clip) vừa ảnh. | Box dòng 6 đã được tự động cắt xén (clip) vừa ảnh.
RingSpot,/content/drive/MyDrive/Papaya_Leaf_Disease_Classification/BDPapayaLeaf/Original Images/RingSpot/RingSpot(272).jpg,/content/drive/MyDrive/Papaya_Leaf_Disease_Classification/YOLO_Bounding_Box/RingSpot/RingSpot(272).txt,Box dòng 1 đã được tự động cắt xén (clip) vừa ảnh.
RingSpot,/content/drive/MyDrive/Papaya_Leaf_Disease_Classification/BDPapayaLeaf/Original Images/RingSpot/RingSpot(273).jpg,/content/drive/MyDrive/Papaya_Leaf_Disease_Classification/YOLO_Bounding_Box/RingSpot/RingSpot(273).txt,Box dòng 1 đã được tự động cắt xén (clip) vừa ảnh.
RingSpot,/content/drive/MyDrive/Papaya_Leaf_Disease_Classification/BDPapayaLeaf/Original Images/RingSpot/RingSpot(274).jpg,/content/drive/MyDrive/Papaya_Leaf_Disease_Classification/YOLO_Bounding_Box/RingSpot/RingSpot(274).txt,Box dòng 1 đã được tự động cắt xén (clip) vừa ảnh. | Box dòng 2 đã được tự động cắt xén (clip) vừa ảnh. | Box dòng 3 đã được tự động cắt xén (clip) vừa ảnh. | Box dòng 4 đã được tự động cắt xén (clip) vừa ảnh. | Box dòng 5 đã được tự động cắt xén (clip) vừa ảnh. | Box dòng 6 đã được tự động cắt xén (clip) vừa ảnh. | Box dòng 7 đã được tự động cắt xén (clip) vừa ảnh. | Box dòng 8 đã được tự động cắt xén (clip) vừa ảnh. | Box dòng 9 đã được tự động cắt xén (clip) vừa ảnh. | Box dòng 10 đã được tự động cắt xén (clip) vừa ảnh. | Box dòng 11 đã được tự động cắt xén (clip) vừa ảnh. | Box dòng 12 đã được tự động cắt xén (clip) vừa ảnh. | Box dòng 13 đã được tự động cắt xén (clip) vừa ảnh. | Box dòng 14 đã được tự động cắt xén (clip) vừa ảnh. | Box dòng 15 đã được tự động cắt xén (clip) vừa ảnh. | Box dòng 16 đã được tự động cắt xén (clip) vừa ảnh. | Box dòng 17 đã được tự động cắt xén (clip) vừa ảnh. | Box dòng 18 đã được tự động cắt xén (clip) vừa ảnh. | Box dòng 19 đã được tự động cắt xén (clip) vừa ảnh. | Box dòng 20 đã được tự động cắt xén (clip) vừa ảnh. | Box dòng 21 đã được tự động cắt xén (clip) vừa ảnh.
RingSpot,/content/drive/MyDrive/Papaya_Leaf_Disease_Classification/BDPapayaLeaf/Original Images/RingSpot/RingSpot(275).jpg,/content/drive/MyDrive/Papaya_Leaf_Disease_Classification/YOLO_Bounding_Box/RingSpot/RingSpot(275).txt,Box dòng 1 đã được tự động cắt xén (clip) vừa ảnh. | Box dòng 2 đã được tự động cắt xén (clip) vừa ảnh. | Box dòng 3 đã được tự động cắt xén (clip) vừa ảnh. | Box dòng 4 đã được tự động cắt xén (clip) vừa ảnh. | Box dòng 5 đã được tự động cắt xén (clip) vừa ảnh. | Box dòng 6 đã được tự động cắt xén (clip) vừa ảnh. | Box dòng 7 đã được tự động cắt xén (clip) vừa ảnh. | Box dòng 8 đã được tự động cắt xén (clip) vừa ảnh. | Box dòng 9 đã được tự động cắt xén (clip) vừa ảnh. | Box dòng 10 đã được tự động cắt xén (clip) vừa ảnh. | Box dòng 11 đã được tự động cắt xén (clip) vừa ảnh.
RingSpot,/content/drive/MyDrive/Papaya_Leaf_Disease_Classification/BDPapayaLeaf/Original Images/RingSpot/RingSpot(276).jpg,/content/drive/MyDrive/Papaya_Leaf_Disease_Classification/YOLO_Bounding_Box/RingSpot/RingSpot(276).txt,Box dòng 1 đã được tự động cắt xén (clip) vừa ảnh.
RingSpot,/content/drive/MyDrive/Papaya_Leaf_Disease_Classification/BDPapayaLeaf/Original Images/RingSpot/RingSpot(277).jpg,/content/drive/MyDrive/Papaya_Leaf_Disease_Classification/YOLO_Bounding_Box/RingSpot/RingSpot(277).txt,Box dòng 1 đã được tự động cắt xén (clip) vừa ảnh. | Box dòng 2 đã được tự động cắt xén (clip) vừa ảnh. | Box dòng 3 đã được tự động cắt xén (clip) vừa ảnh.
RingSpot,/content/drive/MyDrive/Papaya_Leaf_Disease_Classification/BDPapayaLeaf/Original Images/RingSpot/RingSpot(278).jpg,/content/drive/MyDrive/Papaya_Leaf_Disease_Classification/YOLO_Bounding_Box/RingSpot/RingSpot(278).txt,Box dòng 1 đã được tự động cắt xén (clip) vừa ảnh. | Box dòng 2 đã được tự động cắt xén (clip) vừa ảnh.
RingSpot,/content/drive/MyDrive/Papaya_Leaf_Disease_Classification/BDPapayaLeaf/Original Images/RingSpot/RingSpot(279).jpg,/content/drive/MyDrive/Papaya_Leaf_Disease_Classification/YOLO_Bounding_Box/RingSpot/RingSpot(279).txt,Box dòng 1 đã được tự động cắt xén (clip) vừa ảnh. | Box dòng 2 đã được tự động cắt xén (clip) vừa ảnh.
RingSpot,/content/drive/MyDrive/Papaya_Leaf_Disease_Classification/BDPapayaLeaf/Original Images/RingSpot/RingSpot(28).jpg,/content/drive/MyDrive/Papaya_Leaf_Disease_Classification/YOLO_Bounding_Box/RingSpot/RingSpot(28).txt,Box dòng 1 đã được tự động cắt xén (clip) vừa ảnh. | Box dòng 2 đã được tự động cắt xén (clip) vừa ảnh. | Box dòng 3 đã được tự động cắt xén (clip) vừa ảnh. | Box dòng 4 đã được tự động cắt xén (clip) vừa ảnh.
RingSpot,/content/drive/MyDrive/Papaya_Leaf_Disease_Classification/BDPapayaLeaf/Original Images/RingSpot/RingSpot(280).jpg,/content/drive/MyDrive/Papaya_Leaf_Disease_Classification/YOLO_Bounding_Box/RingSpot/RingSpot(280).txt,Box dòng 1 đã được tự động cắt xén (clip) vừa ảnh. | Box dòng 2 đã được tự động cắt xén (clip) vừa ảnh. | Box dòng 3 đã được tự động cắt xén (clip) vừa ảnh. | Box dòng 4 đã được tự động cắt xén (clip) vừa ảnh. | Box dòng 5 đã được tự động cắt xén (clip) vừa ảnh. | Box dòng 6 đã được tự động cắt xén (clip) vừa ảnh. | Box dòng 7 đã được tự động cắt xén (clip) vừa ảnh. | Box dòng 8 đã được tự động cắt xén (clip) vừa ảnh. | Box dòng 9 đã được tự động cắt xén (clip) vừa ảnh. | Box dòng 10 đã được tự động cắt xén (clip) vừa ảnh. | Box dòng 11 đã được tự động cắt xén (clip) vừa ảnh. | Box dòng 12 đã được tự động cắt xén (clip) vừa ảnh. | Box dòng 13 đã được tự động cắt xén (clip) vừa ảnh.
RingSpot,/content/drive/MyDrive/Papaya_Leaf_Disease_Classification/BDPapayaLeaf/Original Images/RingSpot/RingSpot(281).jpg,/content/drive/MyDrive/Papaya_Leaf_Disease_Classification/YOLO_Bounding_Box/RingSpot/RingSpot(281).txt,Box dòng 1 đã được tự động cắt xén (clip) vừa ảnh. | Box dòng 2 đã được tự động cắt xén (clip) vừa ảnh. | Box dòng 3 đã được tự động cắt xén (clip) vừa ảnh.
RingSpot,/content/drive/MyDrive/Papaya_Leaf_Disease_Classification/BDPapayaLeaf/Original Images/RingSpot/RingSpot(282).jpg,/content/drive/MyDrive/Papaya_Leaf_Disease_Classification/YOLO_Bounding_Box/RingSpot/RingSpot(282).txt,Box dòng 1 đã được tự động cắt xén (clip) vừa ảnh. | Box dòng 2 đã được tự động cắt xén (clip) vừa ảnh. | Box dòng 3 đã được tự động cắt xén (clip) vừa ảnh. | Box dòng 4 đã được tự động cắt xén (clip) vừa ảnh. | Box dòng 5 đã được tự động cắt xén (clip) vừa ảnh. | Box dòng 6 đã được tự động cắt xén (clip) vừa ảnh. | Box dòng 8 đã được tự động cắt xén (clip) vừa ảnh. | Box dòng 9 đã được tự động cắt xén (clip) vừa ảnh. | Box dòng 10 đã được tự động cắt xén (clip) vừa ảnh. | Box dòng 11 đã được tự động cắt xén (clip) vừa ảnh. | Box dòng 12 đã được tự động cắt xén (clip) vừa ảnh. | Box dòng 13 đã được tự động cắt xén (clip) vừa ảnh. | Box dòng 14 đã được tự động cắt xén (clip) vừa ảnh. | Box dòng 15 đã được tự động cắt xén (clip) vừa ảnh. | Box dòng 16 đã được tự động cắt xén (clip) vừa ảnh. | Box dòng 17 đã được tự động cắt xén (clip) vừa ảnh. | Box dòng 18 đã được tự động cắt xén (clip) vừa ảnh. | Box dòng 19 đã được tự động cắt xén (clip) vừa ảnh. | Box dòng 20 đã được tự động cắt xén (clip) vừa ảnh. | Box dòng 21 đã được tự động cắt xén (clip) vừa ảnh. | Box dòng 22 đã được tự động cắt xén (clip) vừa ảnh. | Box dòng 23 đã được tự động cắt xén (clip) vừa ảnh. | Box dòng 24 đã được tự động cắt xén (clip) vừa ảnh. | Box dòng 25 đã được tự động cắt xén (clip) vừa ảnh. | Box dòng 26 đã được tự động cắt xén (clip) vừa ảnh. | Box dòng 27 đã được tự động cắt xén (clip) vừa ảnh. | Box dòng 28 đã được tự động cắt xén (clip) vừa ảnh.
RingSpot,/content/drive/MyDrive/Papaya_Leaf_Disease_Classification/BDPapayaLeaf/Original Images/RingSpot/RingSpot(283).jpg,/content/drive/MyDrive/Papaya_Leaf_Disease_Classification/YOLO_Bounding_Box/RingSpot/RingSpot(283).txt,Box dòng 1 đã được tự động cắt xén (clip) vừa ảnh. | Box dòng 2 đã được tự động cắt xén (clip) vừa ảnh. | Box dòng 3 đã được tự động cắt xén (clip) vừa ảnh. | Box dòng 4 đã được tự động cắt xén (clip) vừa ảnh. | Box dòng 5 đã được tự động cắt xén (clip) vừa ảnh. | Box dòng 6 đã được tự động cắt xén (clip) vừa ảnh. | Box dòng 7 đã được tự động cắt xén (clip) vừa ảnh. | Box dòng 8 đã được tự động cắt xén (clip) vừa ảnh. | Box dòng 9 đã được tự động cắt xén (clip) vừa ảnh.
RingSpot,/content/drive/MyDrive/Papaya_Leaf_Disease_Classification/BDPapayaLeaf/Original Images/RingSpot/RingSpot(284).jpg,/content/drive/MyDrive/Papaya_Leaf_Disease_Classification/YOLO_Bounding_Box/RingSpot/RingSpot(284).txt,Box dòng 1 đã được tự động cắt xén (clip) vừa ảnh. | Box dòng 2 đã được tự động cắt xén (clip) vừa ảnh. | Box dòng 3 đã được tự động cắt xén (clip) vừa ảnh. | Box dòng 4 đã được tự động cắt xén (clip) vừa ảnh. | Box dòng 5 đã được tự động cắt xén (clip) vừa ảnh. | Box dòng 6 đã được tự động cắt xén (clip) vừa ảnh.
RingSpot,/content/drive/MyDrive/Papaya_Leaf_Disease_Classification/BDPapayaLeaf/Original Images/RingSpot/RingSpot(285).jpg,/content/drive/MyDrive/Papaya_Leaf_Disease_Classification/YOLO_Bounding_Box/RingSpot/RingSpot(285).txt,Box dòng 1 đã được tự động cắt xén (clip) vừa ảnh. | Box dòng 2 đã được tự động cắt xén (clip) vừa ảnh. | Box dòng 3 đã được tự động cắt xén (clip) vừa ảnh. | Box dòng 4 đã được tự động cắt xén (clip) vừa ảnh. | Box dòng 5 đã được tự động cắt xén (clip) vừa ảnh. | Box dòng 6 đã được tự động cắt xén (clip) vừa ảnh. | Box dòng 7 đã được tự động cắt xén (clip) vừa ảnh. | Box dòng 8 đã được tự động cắt xén (clip) vừa ảnh.
RingSpot,/content/drive/MyDrive/Papaya_Leaf_Disease_Classification/BDPapayaLeaf/Original Images/RingSpot/RingSpot(286).jpg,/content/drive/MyDrive/Papaya_Leaf_Disease_Classification/YOLO_Bounding_Box/RingSpot/RingSpot(286).txt,Box dòng 1 đã được tự động cắt xén (clip) vừa ảnh. | Box dòng 2 đã được tự động cắt xén (clip) vừa ảnh. | Box dòng 3 đã được tự động cắt xén (clip) vừa ảnh. | Box dòng 4 đã được tự động cắt xén (clip) vừa ảnh. | Box dòng 5 đã được tự động cắt xén (clip) vừa ảnh. | Box dòng 6 đã được tự động cắt xén (clip) vừa ảnh. | Box dòng 7 đã được tự động cắt xén (clip) vừa ảnh. | Box dòng 8 đã được tự động cắt xén (clip) vừa ảnh.
RingSpot,/content/drive/MyDrive/Papaya_Leaf_Disease_Classification/BDPapayaLeaf/Original Images/RingSpot/RingSpot(287).jpg,/content/drive/MyDrive/Papaya_Leaf_Disease_Classification/YOLO_Bounding_Box/RingSpot/RingSpot(287).txt,Box dòng 1 đã được tự động cắt xén (clip) vừa ảnh.
RingSpot,/content/drive/MyDrive/Papaya_Leaf_Disease_Classification/BDPapayaLeaf/Original Images/RingSpot/RingSpot(288).jpg,/content/drive/MyDrive/Papaya_Leaf_Disease_Classification/YOLO_Bounding_Box/RingSpot/RingSpot(288).txt,Box dòng 1 đã được tự động cắt xén (clip) vừa ảnh. | Box dòng 2 đã được tự động cắt xén (clip) vừa ảnh. | Box dòng 3 đã được tự động cắt xén (clip) vừa ảnh. | Box dòng 4 đã được tự động cắt xén (clip) vừa ảnh.
RingSpot,/content/drive/MyDrive/Papaya_Leaf_Disease_Classification/BDPapayaLeaf/Original Images/RingSpot/RingSpot(289).jpg,/content/drive/MyDrive/Papaya_Leaf_Disease_Classification/YOLO_Bounding_Box/RingSpot/RingSpot(289).txt,Box dòng 1 đã được tự động cắt xén (clip) vừa ảnh. | Box dòng 2 đã được tự động cắt xén (clip) vừa ảnh. | Box dòng 3 đã được tự động cắt xén (clip) vừa ảnh. | Box dòng 4 đã được tự động cắt xén (clip) vừa ảnh. | Box dòng 5 đã được tự động cắt xén (clip) vừa ảnh. | Box dòng 6 đã được tự động cắt xén (clip) vừa ảnh.
RingSpot,/content/drive/MyDrive/Papaya_Leaf_Disease_Classification/BDPapayaLeaf/Original Images/RingSpot/RingSpot(29).jpg,/content/drive/MyDrive/Papaya_Leaf_Disease_Classification/YOLO_Bounding_Box/RingSpot/RingSpot(29).txt,Box dòng 1 đã được tự động cắt xén (clip) vừa ảnh. | Box dòng 2 đã được tự động cắt xén (clip) vừa ảnh. | Box dòng 3 đã được tự động cắt xén (clip) vừa ảnh. | Box dòng 4 đã được tự động cắt xén (clip) vừa ảnh. | Box dòng 5 đã được tự động cắt xén (clip) vừa ảnh.
RingSpot,/content/drive/MyDrive/Papaya_Leaf_Disease_Classification/BDPapayaLeaf/Original Images/RingSpot/RingSpot(290).jpg,/content/drive/MyDrive/Papaya_Leaf_Disease_Classification/YOLO_Bounding_Box/RingSpot/RingSpot(290).txt,Box dòng 1 đã được tự động cắt xén (clip) vừa ảnh. | Box dòng 2 đã được tự động cắt xén (clip) vừa ảnh.
RingSpot,/content/drive/MyDrive/Papaya_Leaf_Disease_Classification/BDPapayaLeaf/Original Images/RingSpot/RingSpot(291).jpg,/content/drive/MyDrive/Papaya_Leaf_Disease_Classification/YOLO_Bounding_Box/RingSpot/RingSpot(291).txt,Box dòng 1 đã được tự động cắt xén (clip) vừa ảnh. | Box dòng 2 đã được tự động cắt xén (clip) vừa ảnh.
RingSpot,/content/drive/MyDrive/Papaya_Leaf_Disease_Classification/BDPapayaLeaf/Original Images/RingSpot/RingSpot(292).jpg,/content/drive/MyDrive/Papaya_Leaf_Disease_Classification/YOLO_Bounding_Box/RingSpot/RingSpot(292).txt,Box dòng 1 đã được tự động cắt xén (clip) vừa ảnh. | Box dòng 2 đã được tự động cắt xén (clip) vừa ảnh. | Box dòng 3 đã được tự động cắt xén (clip) vừa ảnh.
RingSpot,/content/drive/MyDrive/Papaya_Leaf_Disease_Classification/BDPapayaLeaf/Original Images/RingSpot/RingSpot(293).jpg,/content/drive/MyDrive/Papaya_Leaf_Disease_Classification/YOLO_Bounding_Box/RingSpot/RingSpot(293).txt,Box dòng 1 đã được tự động cắt xén (clip) vừa ảnh.
RingSpot,/content/drive/MyDrive/Papaya_Leaf_Disease_Classification/BDPapayaLeaf/Original Images/RingSpot/RingSpot(294).jpg,/content/drive/MyDrive/Papaya_Leaf_Disease_Classification/YOLO_Bounding_Box/RingSpot/RingSpot(294).txt,Box dòng 1 đã được tự động cắt xén (clip) vừa ảnh. | Box dòng 2 đã được tự động cắt xén (clip) vừa ảnh.
RingSpot,/content/drive/MyDrive/Papaya_Leaf_Disease_Classification/BDPapayaLeaf/Original Images/RingSpot/RingSpot(295).jpg,/content/drive/MyDrive/Papaya_Leaf_Disease_Classification/YOLO_Bounding_Box/RingSpot/RingSpot(295).txt,Box dòng 1 đã được tự động cắt xén (clip) vừa ảnh. | Box dòng 2 đã được tự động cắt xén (clip) vừa ảnh. | Box dòng 3 đã được tự động cắt xén (clip) vừa ảnh. | Box dòng 4 đã được tự động cắt xén (clip) vừa ảnh.
RingSpot,/content/drive/MyDrive/Papaya_Leaf_Disease_Classification/BDPapayaLeaf/Original Images/RingSpot/RingSpot(296).jpg,/content/drive/MyDrive/Papaya_Leaf_Disease_Classification/YOLO_Bounding_Box/RingSpot/RingSpot(296).txt,Box dòng 1 đã được tự động cắt xén (clip) vừa ảnh. | Box dòng 2 đã được tự động cắt xén (clip) vừa ảnh. | Box dòng 3 đã được tự động cắt xén (clip) vừa ảnh.
RingSpot,/content/drive/MyDrive/Papaya_Leaf_Disease_Classification/BDPapayaLeaf/Original Images/RingSpot/RingSpot(297).jpg,/content/drive/MyDrive/Papaya_Leaf_Disease_Classification/YOLO_Bounding_Box/RingSpot/RingSpot(297).txt,Box dòng 1 đã được tự động cắt xén (clip) vừa ảnh.
RingSpot,/content/drive/MyDrive/Papaya_Leaf_Disease_Classification/BDPapayaLeaf/Original Images/RingSpot/RingSpot(298).jpg,/content/drive/MyDrive/Papaya_Leaf_Disease_Classification/YOLO_Bounding_Box/RingSpot/RingSpot(298).txt,Box dòng 1 đã được tự động cắt xén (clip) vừa ảnh.
RingSpot,/content/drive/MyDrive/Papaya_Leaf_Disease_Classification/BDPapayaLeaf/Original Images/RingSpot/RingSpot(299).jpg,/content/drive/MyDrive/Papaya_Leaf_Disease_Classification/YOLO_Bounding_Box/RingSpot/RingSpot(299).txt,Box dòng 1 đã được tự động cắt xén (clip) vừa ảnh. | Box dòng 2 đã được tự động cắt xén (clip) vừa ảnh. | Box dòng 3 đã được tự động cắt xén (clip) vừa ảnh. | Box dòng 4 đã được tự động cắt xén (clip) vừa ảnh. | Box dòng 5 đã được tự động cắt xén (clip) vừa ảnh. | Box dòng 6 đã được tự động cắt xén (clip) vừa ảnh. | Box dòng 7 đã được tự động cắt xén (clip) vừa ảnh. | Box dòng 8 đã được tự động cắt xén (clip) vừa ảnh. | Box dòng 9 đã được tự động cắt xén (clip) vừa ảnh. | Box dòng 10 đã được tự động cắt xén (clip) vừa ảnh. | Box dòng 11 đã được tự động cắt xén (clip) vừa ảnh. | Box dòng 12 đã được tự động cắt xén (clip) vừa ảnh. | Box dòng 13 đã được tự động cắt xén (clip) vừa ảnh. | Box dòng 14 đã được tự động cắt xén (clip) vừa ảnh. | Box dòng 15 đã được tự động cắt xén (clip) vừa ảnh. | Box dòng 16 đã được tự động cắt xén (clip) vừa ảnh. | Box dòng 17 đã được tự động cắt xén (clip) vừa ảnh. | Box dòng 18 đã được tự động cắt xén (clip) vừa ảnh. | Box dòng 19 đã được tự động cắt xén (clip) vừa ảnh. | Box dòng 20 đã được tự động cắt xén (clip) vừa ảnh. | Box dòng 21 đã được tự động cắt xén (clip) vừa ảnh. | Box dòng 22 đã được tự động cắt xén (clip) vừa ảnh. | Box dòng 23 đã được tự động cắt xén (clip) vừa ảnh.
RingSpot,/content/drive/MyDrive/Papaya_Leaf_Disease_Classification/BDPapayaLeaf/Original Images/RingSpot/RingSpot(3).jpg,/content/drive/MyDrive/Papaya_Leaf_Disease_Classification/YOLO_Bounding_Box/RingSpot/RingSpot(3).txt,Box dòng 2 đã được tự động cắt xén (clip) vừa ảnh. | Box dòng 3 đã được tự động cắt xén (clip) vừa ảnh. | Box dòng 4 đã được tự động cắt xén (clip) vừa ảnh.
RingSpot,/content/drive/MyDrive/Papaya_Leaf_Disease_Classification/BDPapayaLeaf/Original Images/RingSpot/RingSpot(30).jpg,/content/drive/MyDrive/Papaya_Leaf_Disease_Classification/YOLO_Bounding_Box/RingSpot/RingSpot(30).txt,Box dòng 1 đã được tự động cắt xén (clip) vừa ảnh.
RingSpot,/content/drive/MyDrive/Papaya_Leaf_Disease_Classification/BDPapayaLeaf/Original Images/RingSpot/RingSpot(300).jpg,/content/drive/MyDrive/Papaya_Leaf_Disease_Classification/YOLO_Bounding_Box/RingSpot/RingSpot(300).txt,Box dòng 1 đã được tự động cắt xén (clip) vừa ảnh. | Box dòng 2 đã được tự động cắt xén (clip) vừa ảnh. | Box dòng 3 đã được tự động cắt xén (clip) vừa ảnh. | Box dòng 4 đã được tự động cắt xén (clip) vừa ảnh. | Box dòng 5 đã được tự động cắt xén (clip) vừa ảnh. | Box dòng 6 đã được tự động cắt xén (clip) vừa ảnh. | Box dòng 7 đã được tự động cắt xén (clip) vừa ảnh. | Box dòng 8 đã được tự động cắt xén (clip) vừa ảnh. | Box dòng 9 đã được tự động cắt xén (clip) vừa ảnh. | Box dòng 10 đã được tự động cắt xén (clip) vừa ảnh. | Box dòng 11 đã được tự động cắt xén (clip) vừa ảnh. | Box dòng 12 đã được tự động cắt xén (clip) vừa ảnh. | Box dòng 13 đã được tự động cắt xén (clip) vừa ảnh. | Box dòng 14 đã được tự động cắt xén (clip) vừa ảnh. | Box dòng 15 đã được tự động cắt xén (clip) vừa ảnh. | Box dòng 16 đã được tự động cắt xén (clip) vừa ảnh. | Box dòng 17 đã được tự động cắt xén (clip) vừa ảnh.
RingSpot,/content/drive/MyDrive/Papaya_Leaf_Disease_Classification/BDPapayaLeaf/Original Images/RingSpot/RingSpot(301).jpg,/content/drive/MyDrive/Papaya_Leaf_Disease_Classification/YOLO_Bounding_Box/RingSpot/RingSpot(301).txt,Box dòng 1 đã được tự động cắt xén (clip) vừa ảnh. | Box dòng 2 đã được tự động cắt xén (clip) vừa ảnh. | Box dòng 3 đã được tự động cắt xén (clip) vừa ảnh. | Box dòng 4 đã được tự động cắt xén (clip) vừa ảnh. | Box dòng 5 đã được tự động cắt xén (clip) vừa ảnh. | Box dòng 6 đã được tự động cắt xén (clip) vừa ảnh. | Box dòng 7 đã được tự động cắt xén (clip) vừa ảnh. | Box dòng 8 đã được tự động cắt xén (clip) vừa ảnh. | Box dòng 9 đã được tự động cắt xén (clip) vừa ảnh.
RingSpot,/content/drive/MyDrive/Papaya_Leaf_Disease_Classification/BDPapayaLeaf/Original Images/RingSpot/RingSpot(302).jpg,/content/drive/MyDrive/Papaya_Leaf_Disease_Classification/YOLO_Bounding_Box/RingSpot/RingSpot(302).txt,Box dòng 1 đã được tự động cắt xén (clip) vừa ảnh. | Box dòng 2 đã được tự động cắt xén (clip) vừa ảnh. | Box dòng 3 đã được tự động cắt xén (clip) vừa ảnh. | Box dòng 4 đã được tự động cắt xén (clip) vừa ảnh. | Box dòng 5 đã được tự động cắt xén (clip) vừa ảnh. | Box dòng 6 đã được tự động cắt xén (clip) vừa ảnh. | Box dòng 7 đã được tự động cắt xén (clip) vừa ảnh. | Box dòng 8 đã được tự động cắt xén (clip) vừa ảnh. | Box dòng 9 đã được tự động cắt xén (clip) vừa ảnh. | Box dòng 10 đã được tự động cắt xén (clip) vừa ảnh. | Box dòng 11 đã được tự động cắt xén (clip) vừa ảnh. | Box dòng 12 đã được tự động cắt xén (clip) vừa ảnh. | Box dòng 13 đã được tự động cắt xén (clip) vừa ảnh. | Box dòng 14 đã được tự động cắt xén (clip) vừa ảnh. | Box dòng 15 đã được tự động cắt xén (clip) vừa ảnh. | Box dòng 16 đã được tự động cắt xén (clip) vừa ảnh. | Box dòng 17 đã được tự động cắt xén (clip) vừa ảnh. | Box dòng 18 đã được tự động cắt xén (clip) vừa ảnh. | Box dòng 19 đã được tự động cắt xén (clip) vừa ảnh. | Box dòng 20 đã được tự động cắt xén (clip) vừa ảnh. | Box dòng 21 đã được tự động cắt xén (clip) vừa ảnh. | Box dòng 22 đã được tự động cắt xén (clip) vừa ảnh.
RingSpot,/content/drive/MyDrive/Papaya_Leaf_Disease_Classification/BDPapayaLeaf/Original Images/RingSpot/RingSpot(303).jpg,/content/drive/MyDrive/Papaya_Leaf_Disease_Classification/YOLO_Bounding_Box/RingSpot/RingSpot(303).txt,Box dòng 1 đã được tự động cắt xén (clip) vừa ảnh. | Box dòng 2 đã được tự động cắt xén (clip) vừa ảnh. | Box dòng 3 đã được tự động cắt xén (clip) vừa ảnh. | Box dòng 4 đã được tự động cắt xén (clip) vừa ảnh.
RingSpot,/content/drive/MyDrive/Papaya_Leaf_Disease_Classification/BDPapayaLeaf/Original Images/RingSpot/RingSpot(304).jpg,/content/drive/MyDrive/Papaya_Leaf_Disease_Classification/YOLO_Bounding_Box/RingSpot/RingSpot(304).txt,Box dòng 1 đã được tự động cắt xén (clip) vừa ảnh. | Box dòng 2 đã được tự động cắt xén (clip) vừa ảnh. | Box dòng 3 đã được tự động cắt xén (clip) vừa ảnh. | Box dòng 4 đã được tự động cắt xén (clip) vừa ảnh. | Box dòng 5 đã được tự động cắt xén (clip) vừa ảnh. | Box dòng 6 đã được tự động cắt xén (clip) vừa ảnh. | Box dòng 7 đã được tự động cắt xén (clip) vừa ảnh. | Box dòng 8 đã được tự động cắt xén (clip) vừa ảnh. | Box dòng 9 đã được tự động cắt xén (clip) vừa ảnh. | Box dòng 10 đã được tự động cắt xén (clip) vừa ảnh.
RingSpot,/content/drive/MyDrive/Papaya_Leaf_Disease_Classification/BDPapayaLeaf/Original Images/RingSpot/RingSpot(305).jpg,/content/drive/MyDrive/Papaya_Leaf_Disease_Classification/YOLO_Bounding_Box/RingSpot/RingSpot(305).txt,Box dòng 1 đã được tự động cắt xén (clip) vừa ảnh. | Box dòng 2 đã được tự động cắt xén (clip) vừa ảnh.
RingSpot,/content/drive/MyDrive/Papaya_Leaf_Disease_Classification/BDPapayaLeaf/Original Images/RingSpot/RingSpot(306).jpg,/content/drive/MyDrive/Papaya_Leaf_Disease_Classification/YOLO_Bounding_Box/RingSpot/RingSpot(306).txt,Box dòng 1 đã được tự động cắt xén (clip) vừa ảnh.
RingSpot,/content/drive/MyDrive/Papaya_Leaf_Disease_Classification/BDPapayaLeaf/Original Images/RingSpot/RingSpot(307).jpg,/content/drive/MyDrive/Papaya_Leaf_Disease_Classification/YOLO_Bounding_Box/RingSpot/RingSpot(307).txt,Box dòng 1 đã được tự động cắt xén (clip) vừa ảnh. | Box dòng 2 đã được tự động cắt xén (clip) vừa ảnh. | Box dòng 3 đã được tự động cắt xén (clip) vừa ảnh. | Box dòng 4 đã được tự động cắt xén (clip) vừa ảnh. | Box dòng 5 đã được tự động cắt xén (clip) vừa ảnh. | Box dòng 6 đã được tự động cắt xén (clip) vừa ảnh. | Box dòng 7 đã được tự động cắt xén (clip) vừa ảnh. | Box dòng 8 đã được tự động cắt xén (clip) vừa ảnh.
RingSpot,/content/drive/MyDrive/Papaya_Leaf_Disease_Classification/BDPapayaLeaf/Original Images/RingSpot/RingSpot(308).jpg,/content/drive/MyDrive/Papaya_Leaf_Disease_Classification/YOLO_Bounding_Box/RingSpot/RingSpot(308).txt,Box dòng 1 đã được tự động cắt xén (clip) vừa ảnh. | Box dòng 2 đã được tự động cắt xén (clip) vừa ảnh. | Box dòng 3 đã được tự động cắt xén (clip) vừa ảnh. | Box dòng 4 đã được tự động cắt xén (clip) vừa ảnh. | Box dòng 5 đã được tự động cắt xén (clip) vừa ảnh. | Box dòng 6 đã được tự động cắt xén (clip) vừa ảnh. | Box dòng 7 đã được tự động cắt xén (clip) vừa ảnh. | Box dòng 8 đã được tự động cắt xén (clip) vừa ảnh. | Box dòng 9 đã được tự động cắt xén (clip) vừa ảnh. | Box dòng 10 đã được tự động cắt xén (clip) vừa ảnh. | Box dòng 11 đã được tự động cắt xén (clip) vừa ảnh. | Box dòng 12 đã được tự động cắt xén (clip) vừa ảnh. | Box dòng 13 đã được tự động cắt xén (clip) vừa ảnh. | Box dòng 14 đã được tự động cắt xén (clip) vừa ảnh. | Box dòng 15 đã được tự động cắt xén (clip) vừa ảnh. | Box dòng 16 đã được tự động cắt xén (clip) vừa ảnh. | Box dòng 17 đã được tự động cắt xén (clip) vừa ảnh. | Box dòng 18 đã được tự động cắt xén (clip) vừa ảnh. | Box dòng 19 đã được tự động cắt xén (clip) vừa ảnh.
RingSpot,/content/drive/MyDrive/Papaya_Leaf_Disease_Classification/BDPapayaLeaf/Original Images/RingSpot/RingSpot(309).jpg,/content/drive/MyDrive/Papaya_Leaf_Disease_Classification/YOLO_Bounding_Box/RingSpot/RingSpot(309).txt,Box dòng 1 đã được tự động cắt xén (clip) vừa ảnh. | Box dòng 2 đã được tự động cắt xén (clip) vừa ảnh.
RingSpot,/content/drive/MyDrive/Papaya_Leaf_Disease_Classification/BDPapayaLeaf/Original Images/RingSpot/RingSpot(31).jpg,/content/drive/MyDrive/Papaya_Leaf_Disease_Classification/YOLO_Bounding_Box/RingSpot/RingSpot(31).txt,Box dòng 1 đã được tự động cắt xén (clip) vừa ảnh.
RingSpot,/content/drive/MyDrive/Papaya_Leaf_Disease_Classification/BDPapayaLeaf/Original Images/RingSpot/RingSpot(310).jpg,/content/drive/MyDrive/Papaya_Leaf_Disease_Classification/YOLO_Bounding_Box/RingSpot/RingSpot(310).txt,Box dòng 1 đã được tự động cắt xén (clip) vừa ảnh. | Box dòng 2 đã được tự động cắt xén (clip) vừa ảnh.
RingSpot,/content/drive/MyDrive/Papaya_Leaf_Disease_Classification/BDPapayaLeaf/Original Images/RingSpot/RingSpot(311).jpg,/content/drive/MyDrive/Papaya_Leaf_Disease_Classification/YOLO_Bounding_Box/RingSpot/RingSpot(311).txt,Box dòng 1 đã được tự động cắt xén (clip) vừa ảnh. | Box dòng 2 đã được tự động cắt xén (clip) vừa ảnh.
RingSpot,/content/drive/MyDrive/Papaya_Leaf_Disease_Classification/BDPapayaLeaf/Original Images/RingSpot/RingSpot(312).jpg,/content/drive/MyDrive/Papaya_Leaf_Disease_Classification/YOLO_Bounding_Box/RingSpot/RingSpot(312).txt,Box dòng 1 đã được tự động cắt xén (clip) vừa ảnh. | Box dòng 2 đã được tự động cắt xén (clip) vừa ảnh. | Box dòng 3 đã được tự động cắt xén (clip) vừa ảnh. | Box dòng 4 đã được tự động cắt xén (clip) vừa ảnh. | Box dòng 5 đã được tự động cắt xén (clip) vừa ảnh. | Box dòng 6 đã được tự động cắt xén (clip) vừa ảnh. | Box dòng 7 đã được tự động cắt xén (clip) vừa ảnh. | Box dòng 8 đã được tự động cắt xén (clip) vừa ảnh. | Box dòng 9 đã được tự động cắt xén (clip) vừa ảnh. | Box dòng 10 đã được tự động cắt xén (clip) vừa ảnh. | Box dòng 11 đã được tự động cắt xén (clip) vừa ảnh. | Box dòng 12 đã được tự động cắt xén (clip) vừa ảnh. | Box dòng 13 đã được tự động cắt xén (clip) vừa ảnh. | Box dòng 14 đã được tự động cắt xén (clip) vừa ảnh. | Box dòng 15 đã được tự động cắt xén (clip) vừa ảnh. | Box dòng 16 đã được tự động cắt xén (clip) vừa ảnh. | Box dòng 17 đã được tự động cắt xén (clip) vừa ảnh. | Box dòng 18 đã được tự động cắt xén (clip) vừa ảnh. | Box dòng 19 đã được tự động cắt xén (clip) vừa ảnh. | Box dòng 20 đã được tự động cắt xén (clip) vừa ảnh. | Box dòng 21 đã được tự động cắt xén (clip) vừa ảnh. | Box dòng 22 đã được tự động cắt xén (clip) vừa ảnh. | Box dòng 23 đã được tự động cắt xén (clip) vừa ảnh. | Box dòng 24 đã được tự động cắt xén (clip) vừa ảnh. | Box dòng 25 đã được tự động cắt xén (clip) vừa ảnh. | Box dòng 26 đã được tự động cắt xén (clip) vừa ảnh. | Box dòng 27 đã được tự động cắt xén (clip) vừa ảnh. | Box dòng 28 đã được tự động cắt xén (clip) vừa ảnh.
RingSpot,/content/drive/MyDrive/Papaya_Leaf_Disease_Classification/BDPapayaLeaf/Original Images/RingSpot/RingSpot(313).jpg,/content/drive/MyDrive/Papaya_Leaf_Disease_Classification/YOLO_Bounding_Box/RingSpot/RingSpot(313).txt,Box dòng 1 đã được tự động cắt xén (clip) vừa ảnh. | Box dòng 2 đã được tự động cắt xén (clip) vừa ảnh. | Box dòng 3 đã được tự động cắt xén (clip) vừa ảnh.
RingSpot,/content/drive/MyDrive/Papaya_Leaf_Disease_Classification/BDPapayaLeaf/Original Images/RingSpot/RingSpot(314).jpg,/content/drive/MyDrive/Papaya_Leaf_Disease_Classification/YOLO_Bounding_Box/RingSpot/RingSpot(314).txt,Box dòng 1 đã được tự động cắt xén (clip) vừa ảnh. | Box dòng 2 đã được tự động cắt xén (clip) vừa ảnh. | Box dòng 3 đã được tự động cắt xén (clip) vừa ảnh.
RingSpot,/content/drive/MyDrive/Papaya_Leaf_Disease_Classification/BDPapayaLeaf/Original Images/RingSpot/RingSpot(315).jpg,/content/drive/MyDrive/Papaya_Leaf_Disease_Classification/YOLO_Bounding_Box/RingSpot/RingSpot(315).txt,Box dòng 1 đã được tự động cắt xén (clip) vừa ảnh. | Box dòng 2 đã được tự động cắt xén (clip) vừa ảnh. | Box dòng 3 đã được tự động cắt xén (clip) vừa ảnh. | Box dòng 4 đã được tự động cắt xén (clip) vừa ảnh. | Box dòng 5 đã được tự động cắt xén (clip) vừa ảnh. | Box dòng 6 đã được tự động cắt xén (clip) vừa ảnh. | Box dòng 7 đã được tự động cắt xén (clip) vừa ảnh. | Box dòng 8 đã được tự động cắt xén (clip) vừa ảnh. | Box dòng 9 đã được tự động cắt xén (clip) vừa ảnh. | Box dòng 10 đã được tự động cắt xén (clip) vừa ảnh. | Box dòng 11 đã được tự động cắt xén (clip) vừa ảnh. | Box dòng 12 đã được tự động cắt xén (clip) vừa ảnh. | Box dòng 13 đã được tự động cắt xén (clip) vừa ảnh. | Box dòng 14 đã được tự động cắt xén (clip) vừa ảnh. | Box dòng 15 đã được tự động cắt xén (clip) vừa ảnh. | Box dòng 16 đã được tự động cắt xén (clip) vừa ảnh. | Box dòng 17 đã được tự động cắt xén (clip) vừa ảnh. | Box dòng 18 đã được tự động cắt xén (clip) vừa ảnh. | Box dòng 19 đã được tự động cắt xén (clip) vừa ảnh. | Box dòng 20 đã được tự động cắt xén (clip) vừa ảnh. | Box dòng 21 đã được tự động cắt xén (clip) vừa ảnh. | Box dòng 22 đã được tự động cắt xén (clip) vừa ảnh. | Box dòng 23 đã được tự động cắt xén (clip) vừa ảnh. | Box dòng 24 đã được tự động cắt xén (clip) vừa ảnh. | Box dòng 25 đã được tự động cắt xén (clip) vừa ảnh. | Box dòng 26 đã được tự động cắt xén (clip) vừa ảnh. | Box dòng 27 đã được tự động cắt xén (clip) vừa ảnh. | Box dòng 28 đã được tự động cắt xén (clip) vừa ảnh. | Box dòng 29 đã được tự động cắt xén (clip) vừa ảnh. | Box dòng 30 đã được tự động cắt xén (clip) vừa ảnh. | Box dòng 31 đã được tự động cắt xén (clip) vừa ảnh. | Box dòng 32 đã được tự động cắt xén (clip) vừa ảnh. | Box dòng 33 đã được tự động cắt xén (clip) vừa ảnh. | Box dòng 34 đã được tự động cắt xén (clip) vừa ảnh. | Box dòng 35 đã được tự động cắt xén (clip) vừa ảnh. | Box dòng 36 đã được tự động cắt xén (clip) vừa ảnh. | Box dòng 37 đã được tự động cắt xén (clip) vừa ảnh. | Box dòng 38 đã được tự động cắt xén (clip) vừa ảnh.
RingSpot,/content/drive/MyDrive/Papaya_Leaf_Disease_Classification/BDPapayaLeaf/Original Images/RingSpot/RingSpot(316).jpg,/content/drive/MyDrive/Papaya_Leaf_Disease_Classification/YOLO_Bounding_Box/RingSpot/RingSpot(316).txt,Box dòng 1 đã được tự động cắt xén (clip) vừa ảnh. | Box dòng 2 đã được tự động cắt xén (clip) vừa ảnh.
RingSpot,/content/drive/MyDrive/Papaya_Leaf_Disease_Classification/BDPapayaLeaf/Original Images/RingSpot/RingSpot(317).jpg,/content/drive/MyDrive/Papaya_Leaf_Disease_Classification/YOLO_Bounding_Box/RingSpot/RingSpot(317).txt,Box dòng 1 đã được tự động cắt xén (clip) vừa ảnh. | Box dòng 2 đã được tự động cắt xén (clip) vừa ảnh.
RingSpot,/content/drive/MyDrive/Papaya_Leaf_Disease_Classification/BDPapayaLeaf/Original Images/RingSpot/RingSpot(318).jpg,/content/drive/MyDrive/Papaya_Leaf_Disease_Classification/YOLO_Bounding_Box/RingSpot/RingSpot(318).txt,Box dòng 1 đã được tự động cắt xén (clip) vừa ảnh.
RingSpot,/content/drive/MyDrive/Papaya_Leaf_Disease_Classification/BDPapayaLeaf/Original Images/RingSpot/RingSpot(319).jpg,/content/drive/MyDrive/Papaya_Leaf_Disease_Classification/YOLO_Bounding_Box/RingSpot/RingSpot(319).txt,Box dòng 1 đã được tự động cắt xén (clip) vừa ảnh. | Box dòng 2 đã được tự động cắt xén (clip) vừa ảnh. | Box dòng 3 đã được tự động cắt xén (clip) vừa ảnh. | Box dòng 4 đã được tự động cắt xén (clip) vừa ảnh. | Box dòng 5 đã được tự động cắt xén (clip) vừa ảnh. | Box dòng 6 đã được tự động cắt xén (clip) vừa ảnh. | Box dòng 7 đã được tự động cắt xén (clip) vừa ảnh. | Box dòng 8 đã được tự động cắt xén (clip) vừa ảnh. | Box dòng 9 đã được tự động cắt xén (clip) vừa ảnh. | Box dòng 10 đã được tự động cắt xén (clip) vừa ảnh. | Box dòng 11 đã được tự động cắt xén (clip) vừa ảnh.
RingSpot,/content/drive/MyDrive/Papaya_Leaf_Disease_Classification/BDPapayaLeaf/Original Images/RingSpot/RingSpot(32).jpg,/content/drive/MyDrive/Papaya_Leaf_Disease_Classification/YOLO_Bounding_Box/RingSpot/RingSpot(32).txt,Box dòng 1 đã được tự động cắt xén (clip) vừa ảnh. | Box dòng 2 đã được tự động cắt xén (clip) vừa ảnh.
RingSpot,/content/drive/MyDrive/Papaya_Leaf_Disease_Classification/BDPapayaLeaf/Original Images/RingSpot/RingSpot(320).jpg,/content/drive/MyDrive/Papaya_Leaf_Disease_Classification/YOLO_Bounding_Box/RingSpot/RingSpot(320).txt,Box dòng 1 đã được tự động cắt xén (clip) vừa ảnh. | Box dòng 2 đã được tự động cắt xén (clip) vừa ảnh.
RingSpot,/content/drive/MyDrive/Papaya_Leaf_Disease_Classification/BDPapayaLeaf/Original Images/RingSpot/RingSpot(321).jpg,/content/drive/MyDrive/Papaya_Leaf_Disease_Classification/YOLO_Bounding_Box/RingSpot/RingSpot(321).txt,Box dòng 1 đã được tự động cắt xén (clip) vừa ảnh. | Box dòng 2 đã được tự động cắt xén (clip) vừa ảnh. | Box dòng 3 đã được tự động cắt xén (clip) vừa ảnh. | Box dòng 4 đã được tự động cắt xén (clip) vừa ảnh. | Box dòng 5 đã được tự động cắt xén (clip) vừa ảnh.
RingSpot,/content/drive/MyDrive/Papaya_Leaf_Disease_Classification/BDPapayaLeaf/Original Images/RingSpot/RingSpot(322).jpg,/content/drive/MyDrive/Papaya_Leaf_Disease_Classification/YOLO_Bounding_Box/RingSpot/RingSpot(322).txt,Box dòng 1 đã được tự động cắt xén (clip) vừa ảnh.
RingSpot,/content/drive/MyDrive/Papaya_Leaf_Disease_Classification/BDPapayaLeaf/Original Images/RingSpot/RingSpot(323).jpg,/content/drive/MyDrive/Papaya_Leaf_Disease_Classification/YOLO_Bounding_Box/RingSpot/RingSpot(323).txt,Box dòng 1 đã được tự động cắt xén (clip) vừa ảnh. | Box dòng 2 đã được tự động cắt xén (clip) vừa ảnh. | Box dòng 3 đã được tự động cắt xén (clip) vừa ảnh. | Box dòng 4 đã được tự động cắt xén (clip) vừa ảnh. | Box dòng 5 đã được tự động cắt xén (clip) vừa ảnh. | Box dòng 6 đã được tự động cắt xén (clip) vừa ảnh. | Box dòng 7 đã được tự động cắt xén (clip) vừa ảnh. | Box dòng 8 đã được tự động cắt xén (clip) vừa ảnh. | Box dòng 9 đã được tự động cắt xén (clip) vừa ảnh. | Box dòng 10 đã được tự động cắt xén (clip) vừa ảnh. | Box dòng 11 đã được tự động cắt xén (clip) vừa ảnh. | Box dòng 12 đã được tự động cắt xén (clip) vừa ảnh. | Box dòng 13 đã được tự động cắt xén (clip) vừa ảnh. | Box dòng 14 đã được tự động cắt xén (clip) vừa ảnh. | Box dòng 15 đã được tự động cắt xén (clip) vừa ảnh. | Box dòng 16 đã được tự động cắt xén (clip) vừa ảnh. | Box dòng 17 đã được tự động cắt xén (clip) vừa ảnh. | Box dòng 18 đã được tự động cắt xén (clip) vừa ảnh. | Box dòng 19 đã được tự động cắt xén (clip) vừa ảnh. | Box dòng 20 đã được tự động cắt xén (clip) vừa ảnh. | Box dòng 21 đã được tự động cắt xén (clip) vừa ảnh. | Box dòng 22 đã được tự động cắt xén (clip) vừa ảnh. | Box dòng 23 đã được tự động cắt xén (clip) vừa ảnh. | Box dòng 24 đã được tự động cắt xén (clip) vừa ảnh. | Box dòng 25 đã được tự động cắt xén (clip) vừa ảnh. | Box dòng 26 đã được tự động cắt xén (clip) vừa ảnh. | Box dòng 27 đã được tự động cắt xén (clip) vừa ảnh. | Box dòng 28 đã được tự động cắt xén (clip) vừa ảnh. | Box dòng 29 đã được tự động cắt xén (clip) vừa ảnh. | Box dòng 30 đã được tự động cắt xén (clip) vừa ảnh.
RingSpot,/content/drive/MyDrive/Papaya_Leaf_Disease_Classification/BDPapayaLeaf/Original Images/RingSpot/RingSpot(324).jpg,/content/drive/MyDrive/Papaya_Leaf_Disease_Classification/YOLO_Bounding_Box/RingSpot/RingSpot(324).txt,Box dòng 1 đã được tự động cắt xén (clip) vừa ảnh.
RingSpot,/content/drive/MyDrive/Papaya_Leaf_Disease_Classification/BDPapayaLeaf/Original Images/RingSpot/RingSpot(325).jpg,/content/drive/MyDrive/Papaya_Leaf_Disease_Classification/YOLO_Bounding_Box/RingSpot/RingSpot(325).txt,Box dòng 1 đã được tự động cắt xén (clip) vừa ảnh.
RingSpot,/content/drive/MyDrive/Papaya_Leaf_Disease_Classification/BDPapayaLeaf/Original Images/RingSpot/RingSpot(326).jpg,/content/drive/MyDrive/Papaya_Leaf_Disease_Classification/YOLO_Bounding_Box/RingSpot/RingSpot(326).txt,Box dòng 1 đã được tự động cắt xén (clip) vừa ảnh. | Box dòng 2 đã được tự động cắt xén (clip) vừa ảnh. | Box dòng 3 đã được tự động cắt xén (clip) vừa ảnh. | Box dòng 4 đã được tự động cắt xén (clip) vừa ảnh.
RingSpot,/content/drive/MyDrive/Papaya_Leaf_Disease_Classification/BDPapayaLeaf/Original Images/RingSpot/RingSpot(327).jpg,/content/drive/MyDrive/Papaya_Leaf_Disease_Classification/YOLO_Bounding_Box/RingSpot/RingSpot(327).txt,Box dòng 1 đã được tự động cắt xén (clip) vừa ảnh. | Box dòng 2 đã được tự động cắt xén (clip) vừa ảnh. | Box dòng 3 đã được tự động cắt xén (clip) vừa ảnh.
RingSpot,/content/drive/MyDrive/Papaya_Leaf_Disease_Classification/BDPapayaLeaf/Original Images/RingSpot/RingSpot(328).jpg,/content/drive/MyDrive/Papaya_Leaf_Disease_Classification/YOLO_Bounding_Box/RingSpot/RingSpot(328).txt,Box dòng 1 đã được tự động cắt xén (clip) vừa ảnh. | Box dòng 2 đã được tự động cắt xén (clip) vừa ảnh.
RingSpot,/content/drive/MyDrive/Papaya_Leaf_Disease_Classification/BDPapayaLeaf/Original Images/RingSpot/RingSpot(329).jpg,/content/drive/MyDrive/Papaya_Leaf_Disease_Classification/YOLO_Bounding_Box/RingSpot/RingSpot(329).txt,Box dòng 1 đã được tự động cắt xén (clip) vừa ảnh. | Box dòng 2 đã được tự động cắt xén (clip) vừa ảnh. | Box dòng 3 đã được tự động cắt xén (clip) vừa ảnh. | Box dòng 4 đã được tự động cắt xén (clip) vừa ảnh.
RingSpot,/content/drive/MyDrive/Papaya_Leaf_Disease_Classification/BDPapayaLeaf/Original Images/RingSpot/RingSpot(33).jpg,/content/drive/MyDrive/Papaya_Leaf_Disease_Classification/YOLO_Bounding_Box/RingSpot/RingSpot(33).txt,Box dòng 1 đã được tự động cắt xén (clip) vừa ảnh.
RingSpot,/content/drive/MyDrive/Papaya_Leaf_Disease_Classification/BDPapayaLeaf/Original Images/RingSpot/RingSpot(330).jpg,/content/drive/MyDrive/Papaya_Leaf_Disease_Classification/YOLO_Bounding_Box/RingSpot/RingSpot(330).txt,Box dòng 2 đã được tự động cắt xén (clip) vừa ảnh.
RingSpot,/content/drive/MyDrive/Papaya_Leaf_Disease_Classification/BDPapayaLeaf/Original Images/RingSpot/RingSpot(331).jpg,/content/drive/MyDrive/Papaya_Leaf_Disease_Classification/YOLO_Bounding_Box/RingSpot/RingSpot(331).txt,Box dòng 1 đã được tự động cắt xén (clip) vừa ảnh. | Box dòng 2 đã được tự động cắt xén (clip) vừa ảnh. | Box dòng 3 đã được tự động cắt xén (clip) vừa ảnh. | Box dòng 4 đã được tự động cắt xén (clip) vừa ảnh.
RingSpot,/content/drive/MyDrive/Papaya_Leaf_Disease_Classification/BDPapayaLeaf/Original Images/RingSpot/RingSpot(332).jpg,/content/drive/MyDrive/Papaya_Leaf_Disease_Classification/YOLO_Bounding_Box/RingSpot/RingSpot(332).txt,Box dòng 1 đã được tự động cắt xén (clip) vừa ảnh. | Box dòng 2 đã được tự động cắt xén (clip) vừa ảnh. | Box dòng 3 đã được tự động cắt xén (clip) vừa ảnh.
RingSpot,/content/drive/MyDrive/Papaya_Leaf_Disease_Classification/BDPapayaLeaf/Original Images/RingSpot/RingSpot(333).jpg,/content/drive/MyDrive/Papaya_Leaf_Disease_Classification/YOLO_Bounding_Box/RingSpot/RingSpot(333).txt,Box dòng 1 đã được tự động cắt xén (clip) vừa ảnh. | Box dòng 2 đã được tự động cắt xén (clip) vừa ảnh.
RingSpot,/content/drive/MyDrive/Papaya_Leaf_Disease_Classification/BDPapayaLeaf/Original Images/RingSpot/RingSpot(334).jpg,/content/drive/MyDrive/Papaya_Leaf_Disease_Classification/YOLO_Bounding_Box/RingSpot/RingSpot(334).txt,Box dòng 1 đã được tự động cắt xén (clip) vừa ảnh. | Box dòng 2 đã được tự động cắt xén (clip) vừa ảnh.
RingSpot,/content/drive/MyDrive/Papaya_Leaf_Disease_Classification/BDPapayaLeaf/Original Images/RingSpot/RingSpot(335).jpg,/content/drive/MyDrive/Papaya_Leaf_Disease_Classification/YOLO_Bounding_Box/RingSpot/RingSpot(335).txt,Box dòng 1 đã được tự động cắt xén (clip) vừa ảnh. | Box dòng 2 đã được tự động cắt xén (clip) vừa ảnh. | Box dòng 3 đã được tự động cắt xén (clip) vừa ảnh. | Box dòng 4 đã được tự động cắt xén (clip) vừa ảnh. | Box dòng 5 đã được tự động cắt xén (clip) vừa ảnh.
RingSpot,/content/drive/MyDrive/Papaya_Leaf_Disease_Classification/BDPapayaLeaf/Original Images/RingSpot/RingSpot(336).jpg,/content/drive/MyDrive/Papaya_Leaf_Disease_Classification/YOLO_Bounding_Box/RingSpot/RingSpot(336).txt,Box dòng 1 đã được tự động cắt xén (clip) vừa ảnh. | Box dòng 2 đã được tự động cắt xén (clip) vừa ảnh. | Box dòng 3 đã được tự động cắt xén (clip) vừa ảnh.
RingSpot,/content/drive/MyDrive/Papaya_Leaf_Disease_Classification/BDPapayaLeaf/Original Images/RingSpot/RingSpot(337).jpg,/content/drive/MyDrive/Papaya_Leaf_Disease_Classification/YOLO_Bounding_Box/RingSpot/RingSpot(337).txt,Box dòng 1 đã được tự động cắt xén (clip) vừa ảnh. | Box dòng 2 đã được tự động cắt xén (clip) vừa ảnh.
RingSpot,/content/drive/MyDrive/Papaya_Leaf_Disease_Classification/BDPapayaLeaf/Original Images/RingSpot/RingSpot(338).jpg,/content/drive/MyDrive/Papaya_Leaf_Disease_Classification/YOLO_Bounding_Box/RingSpot/RingSpot(338).txt,Box dòng 1 đã được tự động cắt xén (clip) vừa ảnh. | Box dòng 2 đã được tự động cắt xén (clip) vừa ảnh. | Box dòng 3 đã được tự động cắt xén (clip) vừa ảnh. | Box dòng 4 đã được tự động cắt xén (clip) vừa ảnh.
RingSpot,/content/drive/MyDrive/Papaya_Leaf_Disease_Classification/BDPapayaLeaf/Original Images/RingSpot/RingSpot(339).jpg,/content/drive/MyDrive/Papaya_Leaf_Disease_Classification/YOLO_Bounding_Box/RingSpot/RingSpot(339).txt,Box dòng 1 đã được tự động cắt xén (clip) vừa ảnh. | Box dòng 2 đã được tự động cắt xén (clip) vừa ảnh.
RingSpot,/content/drive/MyDrive/Papaya_Leaf_Disease_Classification/BDPapayaLeaf/Original Images/RingSpot/RingSpot(34).jpg,/content/drive/MyDrive/Papaya_Leaf_Disease_Classification/YOLO_Bounding_Box/RingSpot/RingSpot(34).txt,Box dòng 1 đã được tự động cắt xén (clip) vừa ảnh. | Box dòng 2 đã được tự động cắt xén (clip) vừa ảnh. | Box dòng 3 đã được tự động cắt xén (clip) vừa ảnh. | Box dòng 4 đã được tự động cắt xén (clip) vừa ảnh.
RingSpot,/content/drive/MyDrive/Papaya_Leaf_Disease_Classification/BDPapayaLeaf/Original Images/RingSpot/RingSpot(340).jpg,/content/drive/MyDrive/Papaya_Leaf_Disease_Classification/YOLO_Bounding_Box/RingSpot/RingSpot(340).txt,Box dòng 1 đã được tự động cắt xén (clip) vừa ảnh. | Box dòng 2 đã được tự động cắt xén (clip) vừa ảnh.
RingSpot,/content/drive/MyDrive/Papaya_Leaf_Disease_Classification/BDPapayaLeaf/Original Images/RingSpot/RingSpot(341).jpg,/content/drive/MyDrive/Papaya_Leaf_Disease_Classification/YOLO_Bounding_Box/RingSpot/RingSpot(341).txt,Box dòng 1 đã được tự động cắt xén (clip) vừa ảnh. | Box dòng 2 đã được tự động cắt xén (clip) vừa ảnh.
RingSpot,/content/drive/MyDrive/Papaya_Leaf_Disease_Classification/BDPapayaLeaf/Original Images/RingSpot/RingSpot(342).jpg,/content/drive/MyDrive/Papaya_Leaf_Disease_Classification/YOLO_Bounding_Box/RingSpot/RingSpot(342).txt,Box dòng 1 đã được tự động cắt xén (clip) vừa ảnh. | Box dòng 2 đã được tự động cắt xén (clip) vừa ảnh. | Box dòng 3 đã được tự động cắt xén (clip) vừa ảnh. | Box dòng 4 đã được tự động cắt xén (clip) vừa ảnh.
RingSpot,/content/drive/MyDrive/Papaya_Leaf_Disease_Classification/BDPapayaLeaf/Original Images/RingSpot/RingSpot(343).jpg,/content/drive/MyDrive/Papaya_Leaf_Disease_Classification/YOLO_Bounding_Box/RingSpot/RingSpot(343).txt,Box dòng 1 đã được tự động cắt xén (clip) vừa ảnh. | Box dòng 2 đã được tự động cắt xén (clip) vừa ảnh.
RingSpot,/content/drive/MyDrive/Papaya_Leaf_Disease_Classification/BDPapayaLeaf/Original Images/RingSpot/RingSpot(344).jpg,/content/drive/MyDrive/Papaya_Leaf_Disease_Classification/YOLO_Bounding_Box/RingSpot/RingSpot(344).txt,Box dòng 1 đã được tự động cắt xén (clip) vừa ảnh. | Box dòng 2 đã được tự động cắt xén (clip) vừa ảnh. | Box dòng 3 đã được tự động cắt xén (clip) vừa ảnh. | Box dòng 4 đã được tự động cắt xén (clip) vừa ảnh.
RingSpot,/content/drive/MyDrive/Papaya_Leaf_Disease_Classification/BDPapayaLeaf/Original Images/RingSpot/RingSpot(345).jpg,/content/drive/MyDrive/Papaya_Leaf_Disease_Classification/YOLO_Bounding_Box/RingSpot/RingSpot(345).txt,Box dòng 1 đã được tự động cắt xén (clip) vừa ảnh. | Box dòng 2 đã được tự động cắt xén (clip) vừa ảnh. | Box dòng 3 đã được tự động cắt xén (clip) vừa ảnh. | Box dòng 4 đã được tự động cắt xén (clip) vừa ảnh. | Box dòng 5 đã được tự động cắt xén (clip) vừa ảnh. | Box dòng 6 đã được tự động cắt xén (clip) vừa ảnh. | Box dòng 7 đã được tự động cắt xén (clip) vừa ảnh. | Box dòng 8 đã được tự động cắt xén (clip) vừa ảnh.
RingSpot,/content/drive/MyDrive/Papaya_Leaf_Disease_Classification/BDPapayaLeaf/Original Images/RingSpot/RingSpot(346).jpg,/content/drive/MyDrive/Papaya_Leaf_Disease_Classification/YOLO_Bounding_Box/RingSpot/RingSpot(346).txt,Box dòng 1 đã được tự động cắt xén (clip) vừa ảnh. | Box dòng 2 đã được tự động cắt xén (clip) vừa ảnh. | Box dòng 3 đã được tự động cắt xén (clip) vừa ảnh. | Box dòng 4 đã được tự động cắt xén (clip) vừa ảnh. | Box dòng 5 đã được tự động cắt xén (clip) vừa ảnh. | Box dòng 6 đã được tự động cắt xén (clip) vừa ảnh.
RingSpot,/content/drive/MyDrive/Papaya_Leaf_Disease_Classification/BDPapayaLeaf/Original Images/RingSpot/RingSpot(347).jpg,/content/drive/MyDrive/Papaya_Leaf_Disease_Classification/YOLO_Bounding_Box/RingSpot/RingSpot(347).txt,Box dòng 1 đã được tự động cắt xén (clip) vừa ảnh. | Box dòng 2 đã được tự động cắt xén (clip) vừa ảnh. | Box dòng 3 đã được tự động cắt xén (clip) vừa ảnh. | Box dòng 4 đã được tự động cắt xén (clip) vừa ảnh. | Box dòng 5 đã được tự động cắt xén (clip) vừa ảnh. | Box dòng 6 đã được tự động cắt xén (clip) vừa ảnh. | Box dòng 7 đã được tự động cắt xén (clip) vừa ảnh. | Box dòng 8 đã được tự động cắt xén (clip) vừa ảnh. | Box dòng 9 đã được tự động cắt xén (clip) vừa ảnh. | Box dòng 10 đã được tự động cắt xén (clip) vừa ảnh. | Box dòng 11 đã được tự động cắt xén (clip) vừa ảnh. | Box dòng 12 đã được tự động cắt xén (clip) vừa ảnh. | Box dòng 13 đã được tự động cắt xén (clip) vừa ảnh. | Box dòng 14 đã được tự động cắt xén (clip) vừa ảnh. | Box dòng 15 đã được tự động cắt xén (clip) vừa ảnh. | Box dòng 16 đã được tự động cắt xén (clip) vừa ảnh. | Box dòng 17 đã được tự động cắt xén (clip) vừa ảnh. | Box dòng 18 đã được tự động cắt xén (clip) vừa ảnh. | Box dòng 19 đã được tự động cắt xén (clip) vừa ảnh. | Box dòng 20 đã được tự động cắt xén (clip) vừa ảnh. | Box dòng 21 đã được tự động cắt xén (clip) vừa ảnh. | Box dòng 22 đã được tự động cắt xén (clip) vừa ảnh. | Box dòng 23 đã được tự động cắt xén (clip) vừa ảnh. | Box dòng 24 đã được tự động cắt xén (clip) vừa ảnh.
RingSpot,/content/drive/MyDrive/Papaya_Leaf_Disease_Classification/BDPapayaLeaf/Original Images/RingSpot/RingSpot(348).jpg,/content/drive/MyDrive/Papaya_Leaf_Disease_Classification/YOLO_Bounding_Box/RingSpot/RingSpot(348).txt,Box dòng 1 đã được tự động cắt xén (clip) vừa ảnh. | Box dòng 2 đã được tự động cắt xén (clip) vừa ảnh. | Box dòng 3 đã được tự động cắt xén (clip) vừa ảnh. | Box dòng 4 đã được tự động cắt xén (clip) vừa ảnh. | Box dòng 5 đã được tự động cắt xén (clip) vừa ảnh. | Box dòng 6 đã được tự động cắt xén (clip) vừa ảnh. | Box dòng 7 đã được tự động cắt xén (clip) vừa ảnh. | Box dòng 8 đã được tự động cắt xén (clip) vừa ảnh. | Box dòng 9 đã được tự động cắt xén (clip) vừa ảnh. | Box dòng 10 đã được tự động cắt xén (clip) vừa ảnh. | Box dòng 11 đã được tự động cắt xén (clip) vừa ảnh. | Box dòng 12 đã được tự động cắt xén (clip) vừa ảnh. | Box dòng 13 đã được tự động cắt xén (clip) vừa ảnh. | Box dòng 14 đã được tự động cắt xén (clip) vừa ảnh. | Box dòng 15 đã được tự động cắt xén (clip) vừa ảnh. | Box dòng 16 đã được tự động cắt xén (clip) vừa ảnh. | Box dòng 17 đã được tự động cắt xén (clip) vừa ảnh. | Box dòng 18 đã được tự động cắt xén (clip) vừa ảnh. | Box dòng 19 đã được tự động cắt xén (clip) vừa ảnh. | Box dòng 20 đã được tự động cắt xén (clip) vừa ảnh. | Box dòng 21 đã được tự động cắt xén (clip) vừa ảnh.
RingSpot,/content/drive/MyDrive/Papaya_Leaf_Disease_Classification/BDPapayaLeaf/Original Images/RingSpot/RingSpot(349).jpg,/content/drive/MyDrive/Papaya_Leaf_Disease_Classification/YOLO_Bounding_Box/RingSpot/RingSpot(349).txt,Box dòng 1 đã được tự động cắt xén (clip) vừa ảnh. | Box dòng 2 đã được tự động cắt xén (clip) vừa ảnh. | Box dòng 3 đã được tự động cắt xén (clip) vừa ảnh. | Box dòng 4 đã được tự động cắt xén (clip) vừa ảnh. | Box dòng 5 đã được tự động cắt xén (clip) vừa ảnh. | Box dòng 6 đã được tự động cắt xén (clip) vừa ảnh. | Box dòng 8 đã được tự động cắt xén (clip) vừa ảnh. | Box dòng 9 đã được tự động cắt xén (clip) vừa ảnh. | Box dòng 10 đã được tự động cắt xén (clip) vừa ảnh. | Box dòng 11 đã được tự động cắt xén (clip) vừa ảnh. | Box dòng 12 đã được tự động cắt xén (clip) vừa ảnh. | Box dòng 13 đã được tự động cắt xén (clip) vừa ảnh. | Box dòng 14 đã được tự động cắt xén (clip) vừa ảnh.
RingSpot,/content/drive/MyDrive/Papaya_Leaf_Disease_Classification/BDPapayaLeaf/Original Images/RingSpot/RingSpot(35).jpg,/content/drive/MyDrive/Papaya_Leaf_Disease_Classification/YOLO_Bounding_Box/RingSpot/RingSpot(35).txt,Box dòng 1 đã được tự động cắt xén (clip) vừa ảnh. | Box dòng 2 đã được tự động cắt xén (clip) vừa ảnh. | Box dòng 3 đã được tự động cắt xén (clip) vừa ảnh. | Box dòng 4 đã được tự động cắt xén (clip) vừa ảnh.
RingSpot,/content/drive/MyDrive/Papaya_Leaf_Disease_Classification/BDPapayaLeaf/Original Images/RingSpot/RingSpot(350).jpg,/content/drive/MyDrive/Papaya_Leaf_Disease_Classification/YOLO_Bounding_Box/RingSpot/RingSpot(350).txt,Box dòng 1 đã được tự động cắt xén (clip) vừa ảnh. | Box dòng 2 đã được tự động cắt xén (clip) vừa ảnh. | Box dòng 3 đã được tự động cắt xén (clip) vừa ảnh. | Box dòng 4 đã được tự động cắt xén (clip) vừa ảnh. | Box dòng 5 đã được tự động cắt xén (clip) vừa ảnh. | Box dòng 6 đã được tự động cắt xén (clip) vừa ảnh. | Box dòng 7 đã được tự động cắt xén (clip) vừa ảnh. | Box dòng 8 đã được tự động cắt xén (clip) vừa ảnh. | Box dòng 9 đã được tự động cắt xén (clip) vừa ảnh. | Box dòng 10 đã được tự động cắt xén (clip) vừa ảnh. | Box dòng 11 đã được tự động cắt xén (clip) vừa ảnh. | Box dòng 12 đã được tự động cắt xén (clip) vừa ảnh. | Box dòng 13 đã được tự động cắt xén (clip) vừa ảnh. | Box dòng 14 đã được tự động cắt xén (clip) vừa ảnh. | Box dòng 15 đã được tự động cắt xén (clip) vừa ảnh. | Box dòng 16 đã được tự động cắt xén (clip) vừa ảnh. | Box dòng 17 đã được tự động cắt xén (clip) vừa ảnh. | Box dòng 18 đã được tự động cắt xén (clip) vừa ảnh. | Box dòng 19 đã được tự động cắt xén (clip) vừa ảnh.
RingSpot,/content/drive/MyDrive/Papaya_Leaf_Disease_Classification/BDPapayaLeaf/Original Images/RingSpot/RingSpot(351).jpg,/content/drive/MyDrive/Papaya_Leaf_Disease_Classification/YOLO_Bounding_Box/RingSpot/RingSpot(351).txt,Box dòng 1 đã được tự động cắt xén (clip) vừa ảnh. | Box dòng 2 đã được tự động cắt xén (clip) vừa ảnh. | Box dòng 3 đã được tự động cắt xén (clip) vừa ảnh. | Box dòng 4 đã được tự động cắt xén (clip) vừa ảnh. | Box dòng 5 đã được tự động cắt xén (clip) vừa ảnh. | Box dòng 6 đã được tự động cắt xén (clip) vừa ảnh. | Box dòng 7 đã được tự động cắt xén (clip) vừa ảnh. | Box dòng 8 đã được tự động cắt xén (clip) vừa ảnh. | Box dòng 9 đã được tự động cắt xén (clip) vừa ảnh. | Box dòng 10 đã được tự động cắt xén (clip) vừa ảnh. | Box dòng 11 đã được tự động cắt xén (clip) vừa ảnh. | Box dòng 12 đã được tự động cắt xén (clip) vừa ảnh. | Box dòng 13 đã được tự động cắt xén (clip) vừa ảnh. | Box dòng 14 đã được tự động cắt xén (clip) vừa ảnh. | Box dòng 15 đã được tự động cắt xén (clip) vừa ảnh. | Box dòng 16 đã được tự động cắt xén (clip) vừa ảnh. | Box dòng 17 đã được tự động cắt xén (clip) vừa ảnh. | Box dòng 18 đã được tự động cắt xén (clip) vừa ảnh. | Box dòng 19 đã được tự động cắt xén (clip) vừa ảnh. | Box dòng 20 đã được tự động cắt xén (clip) vừa ảnh. | Box dòng 21 đã được tự động cắt xén (clip) vừa ảnh. | Box dòng 22 đã được tự động cắt xén (clip) vừa ảnh.
RingSpot,/content/drive/MyDrive/Papaya_Leaf_Disease_Classification/BDPapayaLeaf/Original Images/RingSpot/RingSpot(352).jpg,/content/drive/MyDrive/Papaya_Leaf_Disease_Classification/YOLO_Bounding_Box/RingSpot/RingSpot(352).txt,Box dòng 1 đã được tự động cắt xén (clip) vừa ảnh. | Box dòng 2 đã được tự động cắt xén (clip) vừa ảnh. | Box dòng 3 đã được tự động cắt xén (clip) vừa ảnh. | Box dòng 4 đã được tự động cắt xén (clip) vừa ảnh. | Box dòng 5 đã được tự động cắt xén (clip) vừa ảnh. | Box dòng 6 đã được tự động cắt xén (clip) vừa ảnh. | Box dòng 7 đã được tự động cắt xén (clip) vừa ảnh. | Box dòng 8 đã được tự động cắt xén (clip) vừa ảnh. | Box dòng 9 đã được tự động cắt xén (clip) vừa ảnh. | Box dòng 10 đã được tự động cắt xén (clip) vừa ảnh. | Box dòng 11 đã được tự động cắt xén (clip) vừa ảnh. | Box dòng 12 đã được tự động cắt xén (clip) vừa ảnh. | Box dòng 13 đã được tự động cắt xén (clip) vừa ảnh. | Box dòng 14 đã được tự động cắt xén (clip) vừa ảnh. | Box dòng 15 đã được tự động cắt xén (clip) vừa ảnh. | Box dòng 16 đã được tự động cắt xén (clip) vừa ảnh. | Box dòng 17 đã được tự động cắt xén (clip) vừa ảnh. | Box dòng 18 đã được tự động cắt xén (clip) vừa ảnh. | Box dòng 19 đã được tự động cắt xén (clip) vừa ảnh. | Box dòng 20 đã được tự động cắt xén (clip) vừa ảnh. | Box dòng 21 đã được tự động cắt xén (clip) vừa ảnh. | Box dòng 22 đã được tự động cắt xén (clip) vừa ảnh. | Box dòng 23 đã được tự động cắt xén (clip) vừa ảnh. | Box dòng 24 đã được tự động cắt xén (clip) vừa ảnh. | Box dòng 25 đã được tự động cắt xén (clip) vừa ảnh. | Box dòng 26 đã được tự động cắt xén (clip) vừa ảnh. | Box dòng 27 đã được tự động cắt xén (clip) vừa ảnh. | Box dòng 28 đã được tự động cắt xén (clip) vừa ảnh. | Box dòng 29 đã được tự động cắt xén (clip) vừa ảnh.
RingSpot,/content/drive/MyDrive/Papaya_Leaf_Disease_Classification/BDPapayaLeaf/Original Images/RingSpot/RingSpot(353).jpg,/content/drive/MyDrive/Papaya_Leaf_Disease_Classification/YOLO_Bounding_Box/RingSpot/RingSpot(353).txt,Box dòng 1 đã được tự động cắt xén (clip) vừa ảnh. | Box dòng 2 đã được tự động cắt xén (clip) vừa ảnh. | Box dòng 3 đã được tự động cắt xén (clip) vừa ảnh. | Box dòng 4 đã được tự động cắt xén (clip) vừa ảnh. | Box dòng 5 đã được tự động cắt xén (clip) vừa ảnh. | Box dòng 6 đã được tự động cắt xén (clip) vừa ảnh. | Box dòng 7 đã được tự động cắt xén (clip) vừa ảnh. | Box dòng 8 đã được tự động cắt xén (clip) vừa ảnh. | Box dòng 9 đã được tự động cắt xén (clip) vừa ảnh. | Box dòng 10 đã được tự động cắt xén (clip) vừa ảnh. | Box dòng 11 đã được tự động cắt xén (clip) vừa ảnh. | Box dòng 12 đã được tự động cắt xén (clip) vừa ảnh. | Box dòng 13 đã được tự động cắt xén (clip) vừa ảnh. | Box dòng 14 đã được tự động cắt xén (clip) vừa ảnh. | Box dòng 15 đã được tự động cắt xén (clip) vừa ảnh. | Box dòng 16 đã được tự động cắt xén (clip) vừa ảnh. | Box dòng 17 đã được tự động cắt xén (clip) vừa ảnh. | Box dòng 18 đã được tự động cắt xén (clip) vừa ảnh. | Box dòng 19 đã được tự động cắt xén (clip) vừa ảnh. | Box dòng 20 đã được tự động cắt xén (clip) vừa ảnh. | Box dòng 21 đã được tự động cắt xén (clip) vừa ảnh. | Box dòng 22 đã được tự động cắt xén (clip) vừa ảnh. | Box dòng 23 đã được tự động cắt xén (clip) vừa ảnh. | Box dòng 24 đã được tự động cắt xén (clip) vừa ảnh. | Box dòng 25 đã được tự động cắt xén (clip) vừa ảnh. | Box dòng 26 đã được tự động cắt xén (clip) vừa ảnh. | Box dòng 27 đã được tự động cắt xén (clip) vừa ảnh. | Box dòng 28 đã được tự động cắt xén (clip) vừa ảnh. | Box dòng 29 đã được tự động cắt xén (clip) vừa ảnh. | Box dòng 30 đã được tự động cắt xén (clip) vừa ảnh. | Box dòng 31 đã được tự động cắt xén (clip) vừa ảnh. | Box dòng 32 đã được tự động cắt xén (clip) vừa ảnh. | Box dòng 33 đã được tự động cắt xén (clip) vừa ảnh. | Box dòng 34 đã được tự động cắt xén (clip) vừa ảnh. | Box dòng 35 đã được tự động cắt xén (clip) vừa ảnh. | Box dòng 36 đã được tự động cắt xén (clip) vừa ảnh.
RingSpot,/content/drive/MyDrive/Papaya_Leaf_Disease_Classification/BDPapayaLeaf/Original Images/RingSpot/RingSpot(354).jpg,/content/drive/MyDrive/Papaya_Leaf_Disease_Classification/YOLO_Bounding_Box/RingSpot/RingSpot(354).txt,Box dòng 1 đã được tự động cắt xén (clip) vừa ảnh. | Box dòng 2 đã được tự động cắt xén (clip) vừa ảnh. | Box dòng 3 đã được tự động cắt xén (clip) vừa ảnh. | Box dòng 4 đã được tự động cắt xén (clip) vừa ảnh. | Box dòng 5 đã được tự động cắt xén (clip) vừa ảnh. | Box dòng 6 đã được tự động cắt xén (clip) vừa ảnh. | Box dòng 7 đã được tự động cắt xén (clip) vừa ảnh. | Box dòng 8 đã được tự động cắt xén (clip) vừa ảnh. | Box dòng 9 đã được tự động cắt xén (clip) vừa ảnh. | Box dòng 10 đã được tự động cắt xén (clip) vừa ảnh. | Box dòng 11 đã được tự động cắt xén (clip) vừa ảnh. | Box dòng 12 đã được tự động cắt xén (clip) vừa ảnh. | Box dòng 13 đã được tự động cắt xén (clip) vừa ảnh. | Box dòng 14 đã được tự động cắt xén (clip) vừa ảnh. | Box dòng 15 đã được tự động cắt xén (clip) vừa ảnh. | Box dòng 16 đã được tự động cắt xén (clip) vừa ảnh. | Box dòng 17 đã được tự động cắt xén (clip) vừa ảnh. | Box dòng 18 đã được tự động cắt xén (clip) vừa ảnh. | Box dòng 19 đã được tự động cắt xén (clip) vừa ảnh. | Box dòng 20 đã được tự động cắt xén (clip) vừa ảnh.
RingSpot,/content/drive/MyDrive/Papaya_Leaf_Disease_Classification/BDPapayaLeaf/Original Images/RingSpot/RingSpot(355).jpg,/content/drive/MyDrive/Papaya_Leaf_Disease_Classification/YOLO_Bounding_Box/RingSpot/RingSpot(355).txt,Box dòng 1 đã được tự động cắt xén (clip) vừa ảnh. | Box dòng 2 đã được tự động cắt xén (clip) vừa ảnh. | Box dòng 3 đã được tự động cắt xén (clip) vừa ảnh. | Box dòng 4 đã được tự động cắt xén (clip) vừa ảnh. | Box dòng 5 đã được tự động cắt xén (clip) vừa ảnh. | Box dòng 6 đã được tự động cắt xén (clip) vừa ảnh. | Box dòng 7 đã được tự động cắt xén (clip) vừa ảnh. | Box dòng 8 đã được tự động cắt xén (clip) vừa ảnh. | Box dòng 9 đã được tự động cắt xén (clip) vừa ảnh. | Box dòng 10 đã được tự động cắt xén (clip) vừa ảnh. | Box dòng 11 đã được tự động cắt xén (clip) vừa ảnh. | Box dòng 12 đã được tự động cắt xén (clip) vừa ảnh. | Box dòng 13 đã được tự động cắt xén (clip) vừa ảnh. | Box dòng 14 đã được tự động cắt xén (clip) vừa ảnh. | Box dòng 16 đã được tự động cắt xén (clip) vừa ảnh. | Box dòng 17 đã được tự động cắt xén (clip) vừa ảnh. | Box dòng 18 đã được tự động cắt xén (clip) vừa ảnh. | Box dòng 19 đã được tự động cắt xén (clip) vừa ảnh. | Box dòng 20 đã được tự động cắt xén (clip) vừa ảnh. | Box dòng 21 đã được tự động cắt xén (clip) vừa ảnh. | Box dòng 22 đã được tự động cắt xén (clip) vừa ảnh. | Box dòng 23 đã được tự động cắt xén (clip) vừa ảnh. | Box dòng 24 đã được tự động cắt xén (clip) vừa ảnh. | Box dòng 25 đã được tự động cắt xén (clip) vừa ảnh. | Box dòng 26 đã được tự động cắt xén (clip) vừa ảnh. | Box dòng 27 đã được tự động cắt xén (clip) vừa ảnh. | Box dòng 28 đã được tự động cắt xén (clip) vừa ảnh. | Box dòng 29 đã được tự động cắt xén (clip) vừa ảnh. | Box dòng 30 đã được tự động cắt xén (clip) vừa ảnh. | Box dòng 31 đã được tự động cắt xén (clip) vừa ảnh. | Box dòng 32 đã được tự động cắt xén (clip) vừa ảnh.
RingSpot,/content/drive/MyDrive/Papaya_Leaf_Disease_Classification/BDPapayaLeaf/Original Images/RingSpot/RingSpot(356).jpg,/content/drive/MyDrive/Papaya_Leaf_Disease_Classification/YOLO_Bounding_Box/RingSpot/RingSpot(356).txt,Box dòng 1 đã được tự động cắt xén (clip) vừa ảnh. | Box dòng 2 đã được tự động cắt xén (clip) vừa ảnh. | Box dòng 3 đã được tự động cắt xén (clip) vừa ảnh. | Box dòng 4 đã được tự động cắt xén (clip) vừa ảnh. | Box dòng 5 đã được tự động cắt xén (clip) vừa ảnh. | Box dòng 6 đã được tự động cắt xén (clip) vừa ảnh. | Box dòng 7 đã được tự động cắt xén (clip) vừa ảnh. | Box dòng 8 đã được tự động cắt xén (clip) vừa ảnh. | Box dòng 9 đã được tự động cắt xén (clip) vừa ảnh. | Box dòng 10 đã được tự động cắt xén (clip) vừa ảnh. | Box dòng 11 đã được tự động cắt xén (clip) vừa ảnh. | Box dòng 12 đã được tự động cắt xén (clip) vừa ảnh. | Box dòng 13 đã được tự động cắt xén (clip) vừa ảnh. | Box dòng 14 đã được tự động cắt xén (clip) vừa ảnh. | Box dòng 15 đã được tự động cắt xén (clip) vừa ảnh. | Box dòng 16 đã được tự động cắt xén (clip) vừa ảnh. | Box dòng 17 đã được tự động cắt xén (clip) vừa ảnh. | Box dòng 18 đã được tự động cắt xén (clip) vừa ảnh. | Box dòng 19 đã được tự động cắt xén (clip) vừa ảnh. | Box dòng 20 đã được tự động cắt xén (clip) vừa ảnh. | Box dòng 21 đã được tự động cắt xén (clip) vừa ảnh. | Box dòng 22 đã được tự động cắt xén (clip) vừa ảnh. | Box dòng 23 đã được tự động cắt xén (clip) vừa ảnh. | Box dòng 24 đã được tự động cắt xén (clip) vừa ảnh. | Box dòng 25 đã được tự động cắt xén (clip) vừa ảnh. | Box dòng 26 đã được tự động cắt xén (clip) vừa ảnh. | Box dòng 27 đã được tự động cắt xén (clip) vừa ảnh.
RingSpot,/content/drive/MyDrive/Papaya_Leaf_Disease_Classification/BDPapayaLeaf/Original Images/RingSpot/RingSpot(357).jpg,/content/drive/MyDrive/Papaya_Leaf_Disease_Classification/YOLO_Bounding_Box/RingSpot/RingSpot(357).txt,Box dòng 1 đã được tự động cắt xén (clip) vừa ảnh. | Box dòng 2 đã được tự động cắt xén (clip) vừa ảnh.
RingSpot,/content/drive/MyDrive/Papaya_Leaf_Disease_Classification/BDPapayaLeaf/Original Images/RingSpot/RingSpot(358).jpg,/content/drive/MyDrive/Papaya_Leaf_Disease_Classification/YOLO_Bounding_Box/RingSpot/RingSpot(358).txt,Box dòng 1 đã được tự động cắt xén (clip) vừa ảnh. | Box dòng 2 đã được tự động cắt xén (clip) vừa ảnh. | Box dòng 3 đã được tự động cắt xén (clip) vừa ảnh. | Box dòng 4 đã được tự động cắt xén (clip) vừa ảnh. | Box dòng 5 đã được tự động cắt xén (clip) vừa ảnh. | Box dòng 6 đã được tự động cắt xén (clip) vừa ảnh. | Box dòng 7 đã được tự động cắt xén (clip) vừa ảnh. | Box dòng 8 đã được tự động cắt xén (clip) vừa ảnh. | Box dòng 9 đã được tự động cắt xén (clip) vừa ảnh. | Box dòng 10 đã được tự động cắt xén (clip) vừa ảnh. | Box dòng 11 đã được tự động cắt xén (clip) vừa ảnh. | Box dòng 12 đã được tự động cắt xén (clip) vừa ảnh. | Box dòng 13 đã được tự động cắt xén (clip) vừa ảnh. | Box dòng 14 đã được tự động cắt xén (clip) vừa ảnh. | Box dòng 15 đã được tự động cắt xén (clip) vừa ảnh. | Box dòng 16 đã được tự động cắt xén (clip) vừa ảnh. | Box dòng 17 đã được tự động cắt xén (clip) vừa ảnh. | Box dòng 18 đã được tự động cắt xén (clip) vừa ảnh. | Box dòng 19 đã được tự động cắt xén (clip) vừa ảnh. | Box dòng 20 đã được tự động cắt xén (clip) vừa ảnh. | Box dòng 21 đã được tự động cắt xén (clip) vừa ảnh. | Box dòng 22 đã được tự động cắt xén (clip) vừa ảnh. | Box dòng 23 đã được tự động cắt xén (clip) vừa ảnh. | Box dòng 24 đã được tự động cắt xén (clip) vừa ảnh. | Box dòng 25 đã được tự động cắt xén (clip) vừa ảnh. | Box dòng 26 đã được tự động cắt xén (clip) vừa ảnh. | Box dòng 27 đã được tự động cắt xén (clip) vừa ảnh. | Box dòng 28 đã được tự động cắt xén (clip) vừa ảnh. | Box dòng 29 đã được tự động cắt xén (clip) vừa ảnh. | Box dòng 30 đã được tự động cắt xén (clip) vừa ảnh. | Box dòng 31 đã được tự động cắt xén (clip) vừa ảnh. | Box dòng 32 đã được tự động cắt xén (clip) vừa ảnh. | Box dòng 33 đã được tự động cắt xén (clip) vừa ảnh. | Box dòng 34 đã được tự động cắt xén (clip) vừa ảnh. | Box dòng 35 đã được tự động cắt xén (clip) vừa ảnh. | Box dòng 36 đã được tự động cắt xén (clip) vừa ảnh. | Box dòng 37 đã được tự động cắt xén (clip) vừa ảnh. | Box dòng 38 đã được tự động cắt xén (clip) vừa ảnh. | Box dòng 39 đã được tự động cắt xén (clip) vừa ảnh. | Box dòng 40 đã được tự động cắt xén (clip) vừa ảnh. | Box dòng 41 đã được tự động cắt xén (clip) vừa ảnh. | Box dòng 42 đã được tự động cắt xén (clip) vừa ảnh. | Box dòng 43 đã được tự động cắt xén (clip) vừa ảnh. | Box dòng 44 đã được tự động cắt xén (clip) vừa ảnh. | Box dòng 45 đã được tự động cắt xén (clip) vừa ảnh. | Box dòng 46 đã được tự động cắt xén (clip) vừa ảnh. | Box dòng 47 đã được tự động cắt xén (clip) vừa ảnh. | Box dòng 48 đã được tự động cắt xén (clip) vừa ảnh. | Box dòng 49 đã được tự động cắt xén (clip) vừa ảnh. | Box dòng 50 đã được tự động cắt xén (clip) vừa ảnh. | Box dòng 51 đã được tự động cắt xén (clip) vừa ảnh. | Box dòng 52 đã được tự động cắt xén (clip) vừa ảnh. | Box dòng 53 đã được tự động cắt xén (clip) vừa ảnh. | Box dòng 54 đã được tự động cắt xén (clip) vừa ảnh. | Box dòng 55 đã được tự động cắt xén (clip) vừa ảnh. | Box dòng 56 đã được tự động cắt xén (clip) vừa ảnh. | Box dòng 57 đã được tự động cắt xén (clip) vừa ảnh. | Box dòng 58 đã được tự động cắt xén (clip) vừa ảnh. | Box dòng 59 đã được tự động cắt xén (clip) vừa ảnh. | Box dòng 60 đã được tự động cắt xén (clip) vừa ảnh. | Box dòng 61 đã được tự động cắt xén (clip) vừa ảnh. | Box dòng 62 đã được tự động cắt xén (clip) vừa ảnh. | Box dòng 63 đã được tự động cắt xén (clip) vừa ảnh. | Box dòng 64 đã được tự động cắt xén (clip) vừa ảnh. | Box dòng 65 đã được tự động cắt xén (clip) vừa ảnh.
RingSpot,/content/drive/MyDrive/Papaya_Leaf_Disease_Classification/BDPapayaLeaf/Original Images/RingSpot/RingSpot(359).jpg,/content/drive/MyDrive/Papaya_Leaf_Disease_Classification/YOLO_Bounding_Box/RingSpot/RingSpot(359).txt,Box dòng 1 đã được tự động cắt xén (clip) vừa ảnh. | Box dòng 2 đã được tự động cắt xén (clip) vừa ảnh. | Box dòng 3 đã được tự động cắt xén (clip) vừa ảnh. | Box dòng 4 đã được tự động cắt xén (clip) vừa ảnh. | Box dòng 5 đã được tự động cắt xén (clip) vừa ảnh. | Box dòng 6 đã được tự động cắt xén (clip) vừa ảnh. | Box dòng 7 đã được tự động cắt xén (clip) vừa ảnh. | Box dòng 8 đã được tự động cắt xén (clip) vừa ảnh. | Box dòng 9 đã được tự động cắt xén (clip) vừa ảnh. | Box dòng 10 đã được tự động cắt xén (clip) vừa ảnh. | Box dòng 11 đã được tự động cắt xén (clip) vừa ảnh. | Box dòng 12 đã được tự động cắt xén (clip) vừa ảnh. | Box dòng 13 đã được tự động cắt xén (clip) vừa ảnh. | Box dòng 14 đã được tự động cắt xén (clip) vừa ảnh. | Box dòng 15 đã được tự động cắt xén (clip) vừa ảnh. | Box dòng 16 đã được tự động cắt xén (clip) vừa ảnh. | Box dòng 17 đã được tự động cắt xén (clip) vừa ảnh. | Box dòng 18 đã được tự động cắt xén (clip) vừa ảnh. | Box dòng 19 đã được tự động cắt xén (clip) vừa ảnh. | Box dòng 20 đã được tự động cắt xén (clip) vừa ảnh. | Box dòng 21 đã được tự động cắt xén (clip) vừa ảnh. | Box dòng 22 đã được tự động cắt xén (clip) vừa ảnh. | Box dòng 23 đã được tự động cắt xén (clip) vừa ảnh. | Box dòng 24 đã được tự động cắt xén (clip) vừa ảnh. | Box dòng 25 đã được tự động cắt xén (clip) vừa ảnh. | Box dòng 26 đã được tự động cắt xén (clip) vừa ảnh. | Box dòng 27 đã được tự động cắt xén (clip) vừa ảnh. | Box dòng 28 đã được tự động cắt xén (clip) vừa ảnh. | Box dòng 29 đã được tự động cắt xén (clip) vừa ảnh. | Box dòng 30 đã được tự động cắt xén (clip) vừa ảnh. | Box dòng 31 đã được tự động cắt xén (clip) vừa ảnh. | Box dòng 32 đã được tự động cắt xén (clip) vừa ảnh. | Box dòng 33 đã được tự động cắt xén (clip) vừa ảnh. | Box dòng 34 đã được tự động cắt xén (clip) vừa ảnh. | Box dòng 35 đã được tự động cắt xén (clip) vừa ảnh. | Box dòng 36 đã được tự động cắt xén (clip) vừa ảnh. | Box dòng 37 đã được tự động cắt xén (clip) vừa ảnh. | Box dòng 38 đã được tự động cắt xén (clip) vừa ảnh. | Box dòng 39 đã được tự động cắt xén (clip) vừa ảnh. | Box dòng 40 đã được tự động cắt xén (clip) vừa ảnh. | Box dòng 41 đã được tự động cắt xén (clip) vừa ảnh. | Box dòng 42 đã được tự động cắt xén (clip) vừa ảnh. | Box dòng 43 đã được tự động cắt xén (clip) vừa ảnh. | Box dòng 44 đã được tự động cắt xén (clip) vừa ảnh. | Box dòng 45 đã được tự động cắt xén (clip) vừa ảnh. | Box dòng 46 đã được tự động cắt xén (clip) vừa ảnh. | Box dòng 47 đã được tự động cắt xén (clip) vừa ảnh.
RingSpot,/content/drive/MyDrive/Papaya_Leaf_Disease_Classification/BDPapayaLeaf/Original Images/RingSpot/RingSpot(36).jpg,/content/drive/MyDrive/Papaya_Leaf_Disease_Classification/YOLO_Bounding_Box/RingSpot/RingSpot(36).txt,Box dòng 1 đã được tự động cắt xén (clip) vừa ảnh. | Box dòng 2 đã được tự động cắt xén (clip) vừa ảnh. | Box dòng 3 đã được tự động cắt xén (clip) vừa ảnh.
RingSpot,/content/drive/MyDrive/Papaya_Leaf_Disease_Classification/BDPapayaLeaf/Original Images/RingSpot/RingSpot(360).jpg,/content/drive/MyDrive/Papaya_Leaf_Disease_Classification/YOLO_Bounding_Box/RingSpot/RingSpot(360).txt,Box dòng 1 đã được tự động cắt xén (clip) vừa ảnh. | Box dòng 2 đã được tự động cắt xén (clip) vừa ảnh. | Box dòng 3 đã được tự động cắt xén (clip) vừa ảnh. | Box dòng 4 đã được tự động cắt xén (clip) vừa ảnh. | Box dòng 5 đã được tự động cắt xén (clip) vừa ảnh. | Box dòng 6 đã được tự động cắt xén (clip) vừa ảnh. | Box dòng 7 đã được tự động cắt xén (clip) vừa ảnh. | Box dòng 8 đã được tự động cắt xén (clip) vừa ảnh. | Box dòng 9 đã được tự động cắt xén (clip) vừa ảnh. | Box dòng 10 đã được tự động cắt xén (clip) vừa ảnh. | Box dòng 11 đã được tự động cắt xén (clip) vừa ảnh. | Box dòng 12 đã được tự động cắt xén (clip) vừa ảnh. | Box dòng 13 đã được tự động cắt xén (clip) vừa ảnh. | Box dòng 14 đã được tự động cắt xén (clip) vừa ảnh. | Box dòng 15 đã được tự động cắt xén (clip) vừa ảnh. | Box dòng 16 đã được tự động cắt xén (clip) vừa ảnh. | Box dòng 17 đã được tự động cắt xén (clip) vừa ảnh. | Box dòng 18 đã được tự động cắt xén (clip) vừa ảnh. | Box dòng 19 đã được tự động cắt xén (clip) vừa ảnh. | Box dòng 20 đã được tự động cắt xén (clip) vừa ảnh. | Box dòng 21 đã được tự động cắt xén (clip) vừa ảnh. | Box dòng 22 đã được tự động cắt xén (clip) vừa ảnh. | Box dòng 23 đã được tự động cắt xén (clip) vừa ảnh. | Box dòng 24 đã được tự động cắt xén (clip) vừa ảnh. | Box dòng 25 đã được tự động cắt xén (clip) vừa ảnh. | Box dòng 26 đã được tự động cắt xén (clip) vừa ảnh. | Box dòng 27 đã được tự động cắt xén (clip) vừa ảnh. | Box dòng 28 đã được tự động cắt xén (clip) vừa ảnh. | Box dòng 29 đã được tự động cắt xén (clip) vừa ảnh. | Box dòng 30 đã được tự động cắt xén (clip) vừa ảnh. | Box dòng 31 đã được tự động cắt xén (clip) vừa ảnh. | Box dòng 32 đã được tự động cắt xén (clip) vừa ảnh. | Box dòng 33 đã được tự động cắt xén (clip) vừa ảnh. | Box dòng 34 đã được tự động cắt xén (clip) vừa ảnh. | Box dòng 35 đã được tự động cắt xén (clip) vừa ảnh. | Box dòng 36 đã được tự động cắt xén (clip) vừa ảnh. | Box dòng 37 đã được tự động cắt xén (clip) vừa ảnh. | Box dòng 38 đã được tự động cắt xén (clip) vừa ảnh. | Box dòng 39 đã được tự động cắt xén (clip) vừa ảnh. | Box dòng 40 đã được tự động cắt xén (clip) vừa ảnh. | Box dòng 41 đã được tự động cắt xén (clip) vừa ảnh. | Box dòng 42 đã được tự động cắt xén (clip) vừa ảnh. | Box dòng 43 đã được tự động cắt xén (clip) vừa ảnh. | Box dòng 44 đã được tự động cắt xén (clip) vừa ảnh. | Box dòng 45 đã được tự động cắt xén (clip) vừa ảnh. | Box dòng 46 đã được tự động cắt xén (clip) vừa ảnh. | Box dòng 47 đã được tự động cắt xén (clip) vừa ảnh. | Box dòng 48 đã được tự động cắt xén (clip) vừa ảnh. | Box dòng 49 đã được tự động cắt xén (clip) vừa ảnh. | Box dòng 50 đã được tự động cắt xén (clip) vừa ảnh. | Box dòng 51 đã được tự động cắt xén (clip) vừa ảnh. | Box dòng 52 đã được tự động cắt xén (clip) vừa ảnh. | Box dòng 53 đã được tự động cắt xén (clip) vừa ảnh.
RingSpot,/content/drive/MyDrive/Papaya_Leaf_Disease_Classification/BDPapayaLeaf/Original Images/RingSpot/RingSpot(361).jpg,/content/drive/MyDrive/Papaya_Leaf_Disease_Classification/YOLO_Bounding_Box/RingSpot/RingSpot(361).txt,Box dòng 1 đã được tự động cắt xén (clip) vừa ảnh. | Box dòng 2 đã được tự động cắt xén (clip) vừa ảnh. | Box dòng 4 đã được tự động cắt xén (clip) vừa ảnh. | Box dòng 5 đã được tự động cắt xén (clip) vừa ảnh. | Box dòng 6 đã được tự động cắt xén (clip) vừa ảnh. | Box dòng 7 đã được tự động cắt xén (clip) vừa ảnh. | Box dòng 8 đã được tự động cắt xén (clip) vừa ảnh. | Box dòng 9 đã được tự động cắt xén (clip) vừa ảnh. | Box dòng 10 đã được tự động cắt xén (clip) vừa ảnh. | Box dòng 11 đã được tự động cắt xén (clip) vừa ảnh. | Box dòng 12 đã được tự động cắt xén (clip) vừa ảnh. | Box dòng 13 đã được tự động cắt xén (clip) vừa ảnh. | Box dòng 14 đã được tự động cắt xén (clip) vừa ảnh. | Box dòng 15 đã được tự động cắt xén (clip) vừa ảnh. | Box dòng 16 đã được tự động cắt xén (clip) vừa ảnh. | Box dòng 17 đã được tự động cắt xén (clip) vừa ảnh. | Box dòng 18 đã được tự động cắt xén (clip) vừa ảnh. | Box dòng 19 đã được tự động cắt xén (clip) vừa ảnh. | Box dòng 20 đã được tự động cắt xén (clip) vừa ảnh. | Box dòng 21 đã được tự động cắt xén (clip) vừa ảnh. | Box dòng 22 đã được tự động cắt xén (clip) vừa ảnh. | Box dòng 23 đã được tự động cắt xén (clip) vừa ảnh. | Box dòng 24 đã được tự động cắt xén (clip) vừa ảnh. | Box dòng 25 đã được tự động cắt xén (clip) vừa ảnh. | Box dòng 26 đã được tự động cắt xén (clip) vừa ảnh. | Box dòng 27 đã được tự động cắt xén (clip) vừa ảnh. | Box dòng 28 đã được tự động cắt xén (clip) vừa ảnh. | Box dòng 29 đã được tự động cắt xén (clip) vừa ảnh.
RingSpot,/content/drive/MyDrive/Papaya_Leaf_Disease_Classification/BDPapayaLeaf/Original Images/RingSpot/RingSpot(362).jpg,/content/drive/MyDrive/Papaya_Leaf_Disease_Classification/YOLO_Bounding_Box/RingSpot/RingSpot(362).txt,Box dòng 1 đã được tự động cắt xén (clip) vừa ảnh. | Box dòng 2 đã được tự động cắt xén (clip) vừa ảnh. | Box dòng 3 đã được tự động cắt xén (clip) vừa ảnh. | Box dòng 4 đã được tự động cắt xén (clip) vừa ảnh. | Box dòng 5 đã được tự động cắt xén (clip) vừa ảnh. | Box dòng 6 đã được tự động cắt xén (clip) vừa ảnh. | Box dòng 7 đã được tự động cắt xén (clip) vừa ảnh. | Box dòng 8 đã được tự động cắt xén (clip) vừa ảnh. | Box dòng 9 đã được tự động cắt xén (clip) vừa ảnh. | Box dòng 10 đã được tự động cắt xén (clip) vừa ảnh. | Box dòng 11 đã được tự động cắt xén (clip) vừa ảnh. | Box dòng 12 đã được tự động cắt xén (clip) vừa ảnh. | Box dòng 13 đã được tự động cắt xén (clip) vừa ảnh. | Box dòng 14 đã được tự động cắt xén (clip) vừa ảnh. | Box dòng 15 đã được tự động cắt xén (clip) vừa ảnh. | Box dòng 16 đã được tự động cắt xén (clip) vừa ảnh. | Box dòng 17 đã được tự động cắt xén (clip) vừa ảnh. | Box dòng 18 đã được tự động cắt xén (clip) vừa ảnh.
RingSpot,/content/drive/MyDrive/Papaya_Leaf_Disease_Classification/BDPapayaLeaf/Original Images/RingSpot/RingSpot(363).jpg,/content/drive/MyDrive/Papaya_Leaf_Disease_Classification/YOLO_Bounding_Box/RingSpot/RingSpot(363).txt,Box dòng 1 đã được tự động cắt xén (clip) vừa ảnh. | Box dòng 2 đã được tự động cắt xén (clip) vừa ảnh. | Box dòng 3 đã được tự động cắt xén (clip) vừa ảnh. | Box dòng 4 đã được tự động cắt xén (clip) vừa ảnh. | Box dòng 5 đã được tự động cắt xén (clip) vừa ảnh. | Box dòng 6 đã được tự động cắt xén (clip) vừa ảnh. | Box dòng 7 đã được tự động cắt xén (clip) vừa ảnh. | Box dòng 8 đã được tự động cắt xén (clip) vừa ảnh. | Box dòng 9 đã được tự động cắt xén (clip) vừa ảnh. | Box dòng 10 đã được tự động cắt xén (clip) vừa ảnh. | Box dòng 11 đã được tự động cắt xén (clip) vừa ảnh. | Box dòng 12 đã được tự động cắt xén (clip) vừa ảnh. | Box dòng 13 đã được tự động cắt xén (clip) vừa ảnh. | Box dòng 14 đã được tự động cắt xén (clip) vừa ảnh. | Box dòng 15 đã được tự động cắt xén (clip) vừa ảnh. | Box dòng 16 đã được tự động cắt xén (clip) vừa ảnh. | Box dòng 17 đã được tự động cắt xén (clip) vừa ảnh. | Box dòng 18 đã được tự động cắt xén (clip) vừa ảnh. | Box dòng 19 đã được tự động cắt xén (clip) vừa ảnh. | Box dòng 20 đã được tự động cắt xén (clip) vừa ảnh. | Box dòng 21 đã được tự động cắt xén (clip) vừa ảnh. | Box dòng 22 đã được tự động cắt xén (clip) vừa ảnh. | Box dòng 23 đã được tự động cắt xén (clip) vừa ảnh. | Box dòng 24 đã được tự động cắt xén (clip) vừa ảnh. | Box dòng 25 đã được tự động cắt xén (clip) vừa ảnh. | Box dòng 26 đã được tự động cắt xén (clip) vừa ảnh. | Box dòng 27 đã được tự động cắt xén (clip) vừa ảnh. | Box dòng 28 đã được tự động cắt xén (clip) vừa ảnh. | Box dòng 29 đã được tự động cắt xén (clip) vừa ảnh. | Box dòng 30 đã được tự động cắt xén (clip) vừa ảnh. | Box dòng 31 đã được tự động cắt xén (clip) vừa ảnh. | Box dòng 32 đã được tự động cắt xén (clip) vừa ảnh. | Box dòng 33 đã được tự động cắt xén (clip) vừa ảnh. | Box dòng 34 đã được tự động cắt xén (clip) vừa ảnh. | Box dòng 35 đã được tự động cắt xén (clip) vừa ảnh. | Box dòng 36 đã được tự động cắt xén (clip) vừa ảnh. | Box dòng 37 đã được tự động cắt xén (clip) vừa ảnh. | Box dòng 38 đã được tự động cắt xén (clip) vừa ảnh. | Box dòng 39 đã được tự động cắt xén (clip) vừa ảnh. | Box dòng 40 đã được tự động cắt xén (clip) vừa ảnh. | Box dòng 41 đã được tự động cắt xén (clip) vừa ảnh. | Box dòng 42 đã được tự động cắt xén (clip) vừa ảnh. | Box dòng 43 đã được tự động cắt xén (clip) vừa ảnh. | Box dòng 44 đã được tự động cắt xén (clip) vừa ảnh. | Box dòng 45 đã được tự động cắt xén (clip) vừa ảnh. | Box dòng 46 đã được tự động cắt xén (clip) vừa ảnh. | Box dòng 47 đã được tự động cắt xén (clip) vừa ảnh. | Box dòng 48 đã được tự động cắt xén (clip) vừa ảnh. | Box dòng 49 đã được tự động cắt xén (clip) vừa ảnh. | Box dòng 50 đã được tự động cắt xén (clip) vừa ảnh. | Box dòng 51 đã được tự động cắt xén (clip) vừa ảnh. | Box dòng 52 đã được tự động cắt xén (clip) vừa ảnh. | Box dòng 53 đã được tự động cắt xén (clip) vừa ảnh. | Box dòng 54 đã được tự động cắt xén (clip) vừa ảnh. | Box dòng 55 đã được tự động cắt xén (clip) vừa ảnh. | Box dòng 56 đã được tự động cắt xén (clip) vừa ảnh. | Box dòng 57 đã được tự động cắt xén (clip) vừa ảnh. | Box dòng 58 đã được tự động cắt xén (clip) vừa ảnh. | Box dòng 59 đã được tự động cắt xén (clip) vừa ảnh. | Box dòng 60 đã được tự động cắt xén (clip) vừa ảnh. | Box dòng 61 đã được tự động cắt xén (clip) vừa ảnh. | Box dòng 62 đã được tự động cắt xén (clip) vừa ảnh. | Box dòng 63 đã được tự động cắt xén (clip) vừa ảnh. | Box dòng 64 đã được tự động cắt xén (clip) vừa ảnh. | Box dòng 65 đã được tự động cắt xén (clip) vừa ảnh. | Box dòng 66 đã được tự động cắt xén (clip) vừa ảnh. | Box dòng 67 đã được tự động cắt xén (clip) vừa ảnh. | Box dòng 68 đã được tự động cắt xén (clip) vừa ảnh. | Box dòng 69 đã được tự động cắt xén (clip) vừa ảnh. | Box dòng 70 đã được tự động cắt xén (clip) vừa ảnh. | Box dòng 71 đã được tự động cắt xén (clip) vừa ảnh. | Box dòng 72 đã được tự động cắt xén (clip) vừa ảnh. | Box dòng 73 đã được tự động cắt xén (clip) vừa ảnh. | Box dòng 74 đã được tự động cắt xén (clip) vừa ảnh. | Box dòng 75 đã được tự động cắt xén (clip) vừa ảnh. | Box dòng 76 đã được tự động cắt xén (clip) vừa ảnh. | Box dòng 77 đã được tự động cắt xén (clip) vừa ảnh. | Box dòng 78 đã được tự động cắt xén (clip) vừa ảnh. | Box dòng 79 đã được tự động cắt xén (clip) vừa ảnh.
RingSpot,/content/drive/MyDrive/Papaya_Leaf_Disease_Classification/BDPapayaLeaf/Original Images/RingSpot/RingSpot(364).jpg,/content/drive/MyDrive/Papaya_Leaf_Disease_Classification/YOLO_Bounding_Box/RingSpot/RingSpot(364).txt,Box dòng 1 đã được tự động cắt xén (clip) vừa ảnh. | Box dòng 2 đã được tự động cắt xén (clip) vừa ảnh. | Box dòng 3 đã được tự động cắt xén (clip) vừa ảnh. | Box dòng 4 đã được tự động cắt xén (clip) vừa ảnh. | Box dòng 5 đã được tự động cắt xén (clip) vừa ảnh.
RingSpot,/content/drive/MyDrive/Papaya_Leaf_Disease_Classification/BDPapayaLeaf/Original Images/RingSpot/RingSpot(365).jpg,/content/drive/MyDrive/Papaya_Leaf_Disease_Classification/YOLO_Bounding_Box/RingSpot/RingSpot(365).txt,Box dòng 1 đã được tự động cắt xén (clip) vừa ảnh. | Box dòng 2 đã được tự động cắt xén (clip) vừa ảnh. | Box dòng 3 đã được tự động cắt xén (clip) vừa ảnh.
RingSpot,/content/drive/MyDrive/Papaya_Leaf_Disease_Classification/BDPapayaLeaf/Original Images/RingSpot/RingSpot(366).jpg,/content/drive/MyDrive/Papaya_Leaf_Disease_Classification/YOLO_Bounding_Box/RingSpot/RingSpot(366).txt,Box dòng 1 đã được tự động cắt xén (clip) vừa ảnh. | Box dòng 2 đã được tự động cắt xén (clip) vừa ảnh. | Box dòng 3 đã được tự động cắt xén (clip) vừa ảnh. | Box dòng 4 đã được tự động cắt xén (clip) vừa ảnh. | Box dòng 5 đã được tự động cắt xén (clip) vừa ảnh. | Box dòng 6 đã được tự động cắt xén (clip) vừa ảnh. | Box dòng 7 đã được tự động cắt xén (clip) vừa ảnh. | Box dòng 8 đã được tự động cắt xén (clip) vừa ảnh. | Box dòng 9 đã được tự động cắt xén (clip) vừa ảnh. | Box dòng 10 đã được tự động cắt xén (clip) vừa ảnh. | Box dòng 11 đã được tự động cắt xén (clip) vừa ảnh. | Box dòng 12 đã được tự động cắt xén (clip) vừa ảnh. | Box dòng 13 đã được tự động cắt xén (clip) vừa ảnh.
RingSpot,/content/drive/MyDrive/Papaya_Leaf_Disease_Classification/BDPapayaLeaf/Original Images/RingSpot/RingSpot(367).jpg,/content/drive/MyDrive/Papaya_Leaf_Disease_Classification/YOLO_Bounding_Box/RingSpot/RingSpot(367).txt,Box dòng 1 đã được tự động cắt xén (clip) vừa ảnh. | Box dòng 2 đã được tự động cắt xén (clip) vừa ảnh. | Box dòng 3 đã được tự động cắt xén (clip) vừa ảnh. | Box dòng 4 đã được tự động cắt xén (clip) vừa ảnh. | Box dòng 5 đã được tự động cắt xén (clip) vừa ảnh. | Box dòng 6 đã được tự động cắt xén (clip) vừa ảnh. | Box dòng 7 đã được tự động cắt xén (clip) vừa ảnh. | Box dòng 8 đã được tự động cắt xén (clip) vừa ảnh. | Box dòng 9 đã được tự động cắt xén (clip) vừa ảnh. | Box dòng 10 đã được tự động cắt xén (clip) vừa ảnh. | Box dòng 11 đã được tự động cắt xén (clip) vừa ảnh. | Box dòng 12 đã được tự động cắt xén (clip) vừa ảnh. | Box dòng 13 đã được tự động cắt xén (clip) vừa ảnh.
RingSpot,/content/drive/MyDrive/Papaya_Leaf_Disease_Classification/BDPapayaLeaf/Original Images/RingSpot/RingSpot(368).jpg,/content/drive/MyDrive/Papaya_Leaf_Disease_Classification/YOLO_Bounding_Box/RingSpot/RingSpot(368).txt,Box dòng 1 đã được tự động cắt xén (clip) vừa ảnh. | Box dòng 2 đã được tự động cắt xén (clip) vừa ảnh. | Box dòng 3 đã được tự động cắt xén (clip) vừa ảnh. | Box dòng 4 đã được tự động cắt xén (clip) vừa ảnh. | Box dòng 5 đã được tự động cắt xén (clip) vừa ảnh. | Box dòng 6 đã được tự động cắt xén (clip) vừa ảnh. | Box dòng 7 đã được tự động cắt xén (clip) vừa ảnh. | Box dòng 8 đã được tự động cắt xén (clip) vừa ảnh. | Box dòng 9 đã được tự động cắt xén (clip) vừa ảnh. | Box dòng 10 đã được tự động cắt xén (clip) vừa ảnh. | Box dòng 11 đã được tự động cắt xén (clip) vừa ảnh. | Box dòng 12 đã được tự động cắt xén (clip) vừa ảnh. | Box dòng 13 đã được tự động cắt xén (clip) vừa ảnh. | Box dòng 14 đã được tự động cắt xén (clip) vừa ảnh. | Box dòng 15 đã được tự động cắt xén (clip) vừa ảnh. | Box dòng 16 đã được tự động cắt xén (clip) vừa ảnh. | Box dòng 17 đã được tự động cắt xén (clip) vừa ảnh. | Box dòng 18 đã được tự động cắt xén (clip) vừa ảnh. | Box dòng 19 đã được tự động cắt xén (clip) vừa ảnh. | Box dòng 20 đã được tự động cắt xén (clip) vừa ảnh. | Box dòng 21 đã được tự động cắt xén (clip) vừa ảnh. | Box dòng 22 đã được tự động cắt xén (clip) vừa ảnh. | Box dòng 23 đã được tự động cắt xén (clip) vừa ảnh. | Box dòng 24 đã được tự động cắt xén (clip) vừa ảnh. | Box dòng 25 đã được tự động cắt xén (clip) vừa ảnh. | Box dòng 26 đã được tự động cắt xén (clip) vừa ảnh. | Box dòng 27 đã được tự động cắt xén (clip) vừa ảnh.
RingSpot,/content/drive/MyDrive/Papaya_Leaf_Disease_Classification/BDPapayaLeaf/Original Images/RingSpot/RingSpot(369).jpg,/content/drive/MyDrive/Papaya_Leaf_Disease_Classification/YOLO_Bounding_Box/RingSpot/RingSpot(369).txt,Box dòng 1 đã được tự động cắt xén (clip) vừa ảnh. | Box dòng 2 đã được tự động cắt xén (clip) vừa ảnh. | Box dòng 3 đã được tự động cắt xén (clip) vừa ảnh. | Box dòng 4 đã được tự động cắt xén (clip) vừa ảnh. | Box dòng 5 đã được tự động cắt xén (clip) vừa ảnh. | Box dòng 6 đã được tự động cắt xén (clip) vừa ảnh. | Box dòng 7 đã được tự động cắt xén (clip) vừa ảnh. | Box dòng 8 đã được tự động cắt xén (clip) vừa ảnh. | Box dòng 9 đã được tự động cắt xén (clip) vừa ảnh. | Box dòng 10 đã được tự động cắt xén (clip) vừa ảnh. | Box dòng 11 đã được tự động cắt xén (clip) vừa ảnh. | Box dòng 12 đã được tự động cắt xén (clip) vừa ảnh. | Box dòng 13 đã được tự động cắt xén (clip) vừa ảnh. | Box dòng 14 đã được tự động cắt xén (clip) vừa ảnh. | Box dòng 15 đã được tự động cắt xén (clip) vừa ảnh. | Box dòng 16 đã được tự động cắt xén (clip) vừa ảnh. | Box dòng 17 đã được tự động cắt xén (clip) vừa ảnh. | Box dòng 18 đã được tự động cắt xén (clip) vừa ảnh. | Box dòng 19 đã được tự động cắt xén (clip) vừa ảnh. | Box dòng 20 đã được tự động cắt xén (clip) vừa ảnh. | Box dòng 21 đã được tự động cắt xén (clip) vừa ảnh. | Box dòng 22 đã được tự động cắt xén (clip) vừa ảnh. | Box dòng 23 đã được tự động cắt xén (clip) vừa ảnh. | Box dòng 24 đã được tự động cắt xén (clip) vừa ảnh. | Box dòng 25 đã được tự động cắt xén (clip) vừa ảnh. | Box dòng 26 đã được tự động cắt xén (clip) vừa ảnh. | Box dòng 27 đã được tự động cắt xén (clip) vừa ảnh. | Box dòng 28 đã được tự động cắt xén (clip) vừa ảnh. | Box dòng 29 đã được tự động cắt xén (clip) vừa ảnh. | Box dòng 30 đã được tự động cắt xén (clip) vừa ảnh.
RingSpot,/content/drive/MyDrive/Papaya_Leaf_Disease_Classification/BDPapayaLeaf/Original Images/RingSpot/RingSpot(37).jpg,/content/drive/MyDrive/Papaya_Leaf_Disease_Classification/YOLO_Bounding_Box/RingSpot/RingSpot(37).txt,Box dòng 2 đã được tự động cắt xén (clip) vừa ảnh. | Box dòng 3 đã được tự động cắt xén (clip) vừa ảnh. | Box dòng 4 đã được tự động cắt xén (clip) vừa ảnh.
RingSpot,/content/drive/MyDrive/Papaya_Leaf_Disease_Classification/BDPapayaLeaf/Original Images/RingSpot/RingSpot(370).jpg,/content/drive/MyDrive/Papaya_Leaf_Disease_Classification/YOLO_Bounding_Box/RingSpot/RingSpot(370).txt,Box dòng 1 đã được tự động cắt xén (clip) vừa ảnh. | Box dòng 2 đã được tự động cắt xén (clip) vừa ảnh. | Box dòng 3 đã được tự động cắt xén (clip) vừa ảnh. | Box dòng 4 đã được tự động cắt xén (clip) vừa ảnh. | Box dòng 5 đã được tự động cắt xén (clip) vừa ảnh. | Box dòng 6 đã được tự động cắt xén (clip) vừa ảnh. | Box dòng 7 đã được tự động cắt xén (clip) vừa ảnh. | Box dòng 8 đã được tự động cắt xén (clip) vừa ảnh.
RingSpot,/content/drive/MyDrive/Papaya_Leaf_Disease_Classification/BDPapayaLeaf/Original Images/RingSpot/RingSpot(371).jpg,/content/drive/MyDrive/Papaya_Leaf_Disease_Classification/YOLO_Bounding_Box/RingSpot/RingSpot(371).txt,Box dòng 1 đã được tự động cắt xén (clip) vừa ảnh. | Box dòng 2 đã được tự động cắt xén (clip) vừa ảnh. | Box dòng 3 đã được tự động cắt xén (clip) vừa ảnh. | Box dòng 4 đã được tự động cắt xén (clip) vừa ảnh. | Box dòng 5 đã được tự động cắt xén (clip) vừa ảnh. | Box dòng 6 đã được tự động cắt xén (clip) vừa ảnh. | Box dòng 7 đã được tự động cắt xén (clip) vừa ảnh. | Box dòng 8 đã được tự động cắt xén (clip) vừa ảnh. | Box dòng 9 đã được tự động cắt xén (clip) vừa ảnh. | Box dòng 10 đã được tự động cắt xén (clip) vừa ảnh. | Box dòng 11 đã được tự động cắt xén (clip) vừa ảnh.
RingSpot,/content/drive/MyDrive/Papaya_Leaf_Disease_Classification/BDPapayaLeaf/Original Images/RingSpot/RingSpot(372).jpg,/content/drive/MyDrive/Papaya_Leaf_Disease_Classification/YOLO_Bounding_Box/RingSpot/RingSpot(372).txt,Box dòng 1 đã được tự động cắt xén (clip) vừa ảnh. | Box dòng 2 đã được tự động cắt xén (clip) vừa ảnh. | Box dòng 3 đã được tự động cắt xén (clip) vừa ảnh. | Box dòng 4 đã được tự động cắt xén (clip) vừa ảnh. | Box dòng 5 đã được tự động cắt xén (clip) vừa ảnh. | Box dòng 6 đã được tự động cắt xén (clip) vừa ảnh. | Box dòng 7 đã được tự động cắt xén (clip) vừa ảnh. | Box dòng 8 đã được tự động cắt xén (clip) vừa ảnh. | Box dòng 9 đã được tự động cắt xén (clip) vừa ảnh. | Box dòng 10 đã được tự động cắt xén (clip) vừa ảnh.
RingSpot,/content/drive/MyDrive/Papaya_Leaf_Disease_Classification/BDPapayaLeaf/Original Images/RingSpot/RingSpot(373).jpg,/content/drive/MyDrive/Papaya_Leaf_Disease_Classification/YOLO_Bounding_Box/RingSpot/RingSpot(373).txt,Box dòng 1 đã được tự động cắt xén (clip) vừa ảnh. | Box dòng 2 đã được tự động cắt xén (clip) vừa ảnh. | Box dòng 3 đã được tự động cắt xén (clip) vừa ảnh. | Box dòng 4 đã được tự động cắt xén (clip) vừa ảnh. | Box dòng 5 đã được tự động cắt xén (clip) vừa ảnh. | Box dòng 6 đã được tự động cắt xén (clip) vừa ảnh. | Box dòng 7 đã được tự động cắt xén (clip) vừa ảnh. | Box dòng 8 đã được tự động cắt xén (clip) vừa ảnh. | Box dòng 9 đã được tự động cắt xén (clip) vừa ảnh. | Box dòng 10 đã được tự động cắt xén (clip) vừa ảnh. | Box dòng 11 đã được tự động cắt xén (clip) vừa ảnh. | Box dòng 12 đã được tự động cắt xén (clip) vừa ảnh. | Box dòng 13 đã được tự động cắt xén (clip) vừa ảnh. | Box dòng 14 đã được tự động cắt xén (clip) vừa ảnh. | Box dòng 15 đã được tự động cắt xén (clip) vừa ảnh.
RingSpot,/content/drive/MyDrive/Papaya_Leaf_Disease_Classification/BDPapayaLeaf/Original Images/RingSpot/RingSpot(374).jpg,/content/drive/MyDrive/Papaya_Leaf_Disease_Classification/YOLO_Bounding_Box/RingSpot/RingSpot(374).txt,Box dòng 1 đã được tự động cắt xén (clip) vừa ảnh. | Box dòng 2 đã được tự động cắt xén (clip) vừa ảnh. | Box dòng 3 đã được tự động cắt xén (clip) vừa ảnh. | Box dòng 4 đã được tự động cắt xén (clip) vừa ảnh. | Box dòng 5 đã được tự động cắt xén (clip) vừa ảnh. | Box dòng 6 đã được tự động cắt xén (clip) vừa ảnh. | Box dòng 7 đã được tự động cắt xén (clip) vừa ảnh. | Box dòng 8 đã được tự động cắt xén (clip) vừa ảnh. | Box dòng 9 đã được tự động cắt xén (clip) vừa ảnh. | Box dòng 10 đã được tự động cắt xén (clip) vừa ảnh. | Box dòng 11 đã được tự động cắt xén (clip) vừa ảnh. | Box dòng 12 đã được tự động cắt xén (clip) vừa ảnh. | Box dòng 13 đã được tự động cắt xén (clip) vừa ảnh. | Box dòng 14 đã được tự động cắt xén (clip) vừa ảnh. | Box dòng 15 đã được tự động cắt xén (clip) vừa ảnh.
RingSpot,/content/drive/MyDrive/Papaya_Leaf_Disease_Classification/BDPapayaLeaf/Original Images/RingSpot/RingSpot(375).jpg,/content/drive/MyDrive/Papaya_Leaf_Disease_Classification/YOLO_Bounding_Box/RingSpot/RingSpot(375).txt,Box dòng 1 đã được tự động cắt xén (clip) vừa ảnh. | Box dòng 2 đã được tự động cắt xén (clip) vừa ảnh. | Box dòng 3 đã được tự động cắt xén (clip) vừa ảnh. | Box dòng 4 đã được tự động cắt xén (clip) vừa ảnh. | Box dòng 5 đã được tự động cắt xén (clip) vừa ảnh. | Box dòng 6 đã được tự động cắt xén (clip) vừa ảnh. | Box dòng 7 đã được tự động cắt xén (clip) vừa ảnh. | Box dòng 8 đã được tự động cắt xén (clip) vừa ảnh. | Box dòng 9 đã được tự động cắt xén (clip) vừa ảnh. | Box dòng 10 đã được tự động cắt xén (clip) vừa ảnh. | Box dòng 11 đã được tự động cắt xén (clip) vừa ảnh. | Box dòng 12 đã được tự động cắt xén (clip) vừa ảnh. | Box dòng 13 đã được tự động cắt xén (clip) vừa ảnh. | Box dòng 14 đã được tự động cắt xén (clip) vừa ảnh.
RingSpot,/content/drive/MyDrive/Papaya_Leaf_Disease_Classification/BDPapayaLeaf/Original Images/RingSpot/RingSpot(376).jpg,/content/drive/MyDrive/Papaya_Leaf_Disease_Classification/YOLO_Bounding_Box/RingSpot/RingSpot(376).txt,Box dòng 1 đã được tự động cắt xén (clip) vừa ảnh. | Box dòng 2 đã được tự động cắt xén (clip) vừa ảnh. | Box dòng 3 đã được tự động cắt xén (clip) vừa ảnh. | Box dòng 4 đã được tự động cắt xén (clip) vừa ảnh. | Box dòng 5 đã được tự động cắt xén (clip) vừa ảnh. | Box dòng 6 đã được tự động cắt xén (clip) vừa ảnh. | Box dòng 7 đã được tự động cắt xén (clip) vừa ảnh.
RingSpot,/content/drive/MyDrive/Papaya_Leaf_Disease_Classification/BDPapayaLeaf/Original Images/RingSpot/RingSpot(377).jpg,/content/drive/MyDrive/Papaya_Leaf_Disease_Classification/YOLO_Bounding_Box/RingSpot/RingSpot(377).txt,Box dòng 1 đã được tự động cắt xén (clip) vừa ảnh. | Box dòng 2 đã được tự động cắt xén (clip) vừa ảnh. | Box dòng 3 đã được tự động cắt xén (clip) vừa ảnh. | Box dòng 4 đã được tự động cắt xén (clip) vừa ảnh.
RingSpot,/content/drive/MyDrive/Papaya_Leaf_Disease_Classification/BDPapayaLeaf/Original Images/RingSpot/RingSpot(378).jpg,/content/drive/MyDrive/Papaya_Leaf_Disease_Classification/YOLO_Bounding_Box/RingSpot/RingSpot(378).txt,Box dòng 1 đã được tự động cắt xén (clip) vừa ảnh. | Box dòng 2 đã được tự động cắt xén (clip) vừa ảnh. | Box dòng 3 đã được tự động cắt xén (clip) vừa ảnh. | Box dòng 4 đã được tự động cắt xén (clip) vừa ảnh. | Box dòng 5 đã được tự động cắt xén (clip) vừa ảnh. | Box dòng 6 đã được tự động cắt xén (clip) vừa ảnh. | Box dòng 7 đã được tự động cắt xén (clip) vừa ảnh. | Box dòng 8 đã được tự động cắt xén (clip) vừa ảnh. | Box dòng 9 đã được tự động cắt xén (clip) vừa ảnh. | Box dòng 10 đã được tự động cắt xén (clip) vừa ảnh. | Box dòng 11 đã được tự động cắt xén (clip) vừa ảnh.
RingSpot,/content/drive/MyDrive/Papaya_Leaf_Disease_Classification/BDPapayaLeaf/Original Images/RingSpot/RingSpot(379).jpg,/content/drive/MyDrive/Papaya_Leaf_Disease_Classification/YOLO_Bounding_Box/RingSpot/RingSpot(379).txt,Box dòng 1 đã được tự động cắt xén (clip) vừa ảnh. | Box dòng 2 đã được tự động cắt xén (clip) vừa ảnh. | Box dòng 3 đã được tự động cắt xén (clip) vừa ảnh. | Box dòng 4 đã được tự động cắt xén (clip) vừa ảnh. | Box dòng 5 đã được tự động cắt xén (clip) vừa ảnh.
RingSpot,/content/drive/MyDrive/Papaya_Leaf_Disease_Classification/BDPapayaLeaf/Original Images/RingSpot/RingSpot(38).jpg,/content/drive/MyDrive/Papaya_Leaf_Disease_Classification/YOLO_Bounding_Box/RingSpot/RingSpot(38).txt,Box dòng 1 đã được tự động cắt xén (clip) vừa ảnh. | Box dòng 2 đã được tự động cắt xén (clip) vừa ảnh. | Box dòng 3 đã được tự động cắt xén (clip) vừa ảnh. | Box dòng 4 đã được tự động cắt xén (clip) vừa ảnh. | Box dòng 5 đã được tự động cắt xén (clip) vừa ảnh. | Box dòng 6 đã được tự động cắt xén (clip) vừa ảnh.
RingSpot,/content/drive/MyDrive/Papaya_Leaf_Disease_Classification/BDPapayaLeaf/Original Images/RingSpot/RingSpot(380).jpg,/content/drive/MyDrive/Papaya_Leaf_Disease_Classification/YOLO_Bounding_Box/RingSpot/RingSpot(380).txt,Box dòng 1 đã được tự động cắt xén (clip) vừa ảnh. | Box dòng 2 đã được tự động cắt xén (clip) vừa ảnh. | Box dòng 3 đã được tự động cắt xén (clip) vừa ảnh. | Box dòng 4 đã được tự động cắt xén (clip) vừa ảnh. | Box dòng 5 đã được tự động cắt xén (clip) vừa ảnh. | Box dòng 6 đã được tự động cắt xén (clip) vừa ảnh. | Box dòng 7 đã được tự động cắt xén (clip) vừa ảnh. | Box dòng 8 đã được tự động cắt xén (clip) vừa ảnh. | Box dòng 9 đã được tự động cắt xén (clip) vừa ảnh. | Box dòng 10 đã được tự động cắt xén (clip) vừa ảnh. | Box dòng 11 đã được tự động cắt xén (clip) vừa ảnh. | Box dòng 12 đã được tự động cắt xén (clip) vừa ảnh. | Box dòng 13 đã được tự động cắt xén (clip) vừa ảnh. | Box dòng 14 đã được tự động cắt xén (clip) vừa ảnh.
RingSpot,/content/drive/MyDrive/Papaya_Leaf_Disease_Classification/BDPapayaLeaf/Original Images/RingSpot/RingSpot(381).jpg,/content/drive/MyDrive/Papaya_Leaf_Disease_Classification/YOLO_Bounding_Box/RingSpot/RingSpot(381).txt,Box dòng 1 đã được tự động cắt xén (clip) vừa ảnh.
RingSpot,/content/drive/MyDrive/Papaya_Leaf_Disease_Classification/BDPapayaLeaf/Original Images/RingSpot/RingSpot(382).jpg,/content/drive/MyDrive/Papaya_Leaf_Disease_Classification/YOLO_Bounding_Box/RingSpot/RingSpot(382).txt,Box dòng 1 đã được tự động cắt xén (clip) vừa ảnh. | Box dòng 2 đã được tự động cắt xén (clip) vừa ảnh.
RingSpot,/content/drive/MyDrive/Papaya_Leaf_Disease_Classification/BDPapayaLeaf/Original Images/RingSpot/RingSpot(383).jpg,/content/drive/MyDrive/Papaya_Leaf_Disease_Classification/YOLO_Bounding_Box/RingSpot/RingSpot(383).txt,Box dòng 1 đã được tự động cắt xén (clip) vừa ảnh. | Box dòng 2 đã được tự động cắt xén (clip) vừa ảnh. | Box dòng 3 đã được tự động cắt xén (clip) vừa ảnh. | Box dòng 4 đã được tự động cắt xén (clip) vừa ảnh. | Box dòng 5 đã được tự động cắt xén (clip) vừa ảnh. | Box dòng 6 đã được tự động cắt xén (clip) vừa ảnh. | Box dòng 7 đã được tự động cắt xén (clip) vừa ảnh. | Box dòng 8 đã được tự động cắt xén (clip) vừa ảnh.
RingSpot,/content/drive/MyDrive/Papaya_Leaf_Disease_Classification/BDPapayaLeaf/Original Images/RingSpot/RingSpot(384).jpg,/content/drive/MyDrive/Papaya_Leaf_Disease_Classification/YOLO_Bounding_Box/RingSpot/RingSpot(384).txt,Box dòng 1 đã được tự động cắt xén (clip) vừa ảnh. | Box dòng 2 đã được tự động cắt xén (clip) vừa ảnh. | Box dòng 3 đã được tự động cắt xén (clip) vừa ảnh. | Box dòng 4 đã được tự động cắt xén (clip) vừa ảnh. | Box dòng 5 đã được tự động cắt xén (clip) vừa ảnh. | Box dòng 6 đã được tự động cắt xén (clip) vừa ảnh.
RingSpot,/content/drive/MyDrive/Papaya_Leaf_Disease_Classification/BDPapayaLeaf/Original Images/RingSpot/RingSpot(385).jpg,/content/drive/MyDrive/Papaya_Leaf_Disease_Classification/YOLO_Bounding_Box/RingSpot/RingSpot(385).txt,Box dòng 1 đã được tự động cắt xén (clip) vừa ảnh. | Box dòng 2 đã được tự động cắt xén (clip) vừa ảnh. | Box dòng 3 đã được tự động cắt xén (clip) vừa ảnh. | Box dòng 4 đã được tự động cắt xén (clip) vừa ảnh. | Box dòng 5 đã được tự động cắt xén (clip) vừa ảnh. | Box dòng 6 đã được tự động cắt xén (clip) vừa ảnh. | Box dòng 7 đã được tự động cắt xén (clip) vừa ảnh. | Box dòng 8 đã được tự động cắt xén (clip) vừa ảnh. | Box dòng 9 đã được tự động cắt xén (clip) vừa ảnh. | Box dòng 10 đã được tự động cắt xén (clip) vừa ảnh. | Box dòng 11 đã được tự động cắt xén (clip) vừa ảnh. | Box dòng 12 đã được tự động cắt xén (clip) vừa ảnh. | Box dòng 13 đã được tự động cắt xén (clip) vừa ảnh. | Box dòng 14 đã được tự động cắt xén (clip) vừa ảnh. | Box dòng 15 đã được tự động cắt xén (clip) vừa ảnh. | Box dòng 16 đã được tự động cắt xén (clip) vừa ảnh. | Box dòng 17 đã được tự động cắt xén (clip) vừa ảnh. | Box dòng 18 đã được tự động cắt xén (clip) vừa ảnh. | Box dòng 19 đã được tự động cắt xén (clip) vừa ảnh. | Box dòng 20 đã được tự động cắt xén (clip) vừa ảnh. | Box dòng 21 đã được tự động cắt xén (clip) vừa ảnh. | Box dòng 22 đã được tự động cắt xén (clip) vừa ảnh. | Box dòng 23 đã được tự động cắt xén (clip) vừa ảnh. | Box dòng 24 đã được tự động cắt xén (clip) vừa ảnh. | Box dòng 25 đã được tự động cắt xén (clip) vừa ảnh. | Box dòng 26 đã được tự động cắt xén (clip) vừa ảnh. | Box dòng 27 đã được tự động cắt xén (clip) vừa ảnh. | Box dòng 28 đã được tự động cắt xén (clip) vừa ảnh. | Box dòng 29 đã được tự động cắt xén (clip) vừa ảnh. | Box dòng 30 đã được tự động cắt xén (clip) vừa ảnh. | Box dòng 31 đã được tự động cắt xén (clip) vừa ảnh. | Box dòng 32 đã được tự động cắt xén (clip) vừa ảnh. | Box dòng 33 đã được tự động cắt xén (clip) vừa ảnh. | Box dòng 34 đã được tự động cắt xén (clip) vừa ảnh. | Box dòng 35 đã được tự động cắt xén (clip) vừa ảnh.
RingSpot,/content/drive/MyDrive/Papaya_Leaf_Disease_Classification/BDPapayaLeaf/Original Images/RingSpot/RingSpot(386).jpg,/content/drive/MyDrive/Papaya_Leaf_Disease_Classification/YOLO_Bounding_Box/RingSpot/RingSpot(386).txt,Box dòng 1 đã được tự động cắt xén (clip) vừa ảnh. | Box dòng 2 đã được tự động cắt xén (clip) vừa ảnh. | Box dòng 3 đã được tự động cắt xén (clip) vừa ảnh. | Box dòng 4 đã được tự động cắt xén (clip) vừa ảnh. | Box dòng 5 đã được tự động cắt xén (clip) vừa ảnh. | Box dòng 6 đã được tự động cắt xén (clip) vừa ảnh. | Box dòng 7 đã được tự động cắt xén (clip) vừa ảnh. | Box dòng 8 đã được tự động cắt xén (clip) vừa ảnh. | Box dòng 9 đã được tự động cắt xén (clip) vừa ảnh. | Box dòng 10 đã được tự động cắt xén (clip) vừa ảnh. | Box dòng 11 đã được tự động cắt xén (clip) vừa ảnh. | Box dòng 12 đã được tự động cắt xén (clip) vừa ảnh. | Box dòng 13 đã được tự động cắt xén (clip) vừa ảnh. | Box dòng 14 đã được tự động cắt xén (clip) vừa ảnh.
RingSpot,/content/drive/MyDrive/Papaya_Leaf_Disease_Classification/BDPapayaLeaf/Original Images/RingSpot/RingSpot(387).jpg,/content/drive/MyDrive/Papaya_Leaf_Disease_Classification/YOLO_Bounding_Box/RingSpot/RingSpot(387).txt,Box dòng 1 đã được tự động cắt xén (clip) vừa ảnh. | Box dòng 2 đã được tự động cắt xén (clip) vừa ảnh. | Box dòng 3 đã được tự động cắt xén (clip) vừa ảnh. | Box dòng 4 đã được tự động cắt xén (clip) vừa ảnh. | Box dòng 5 đã được tự động cắt xén (clip) vừa ảnh. | Box dòng 6 đã được tự động cắt xén (clip) vừa ảnh. | Box dòng 7 đã được tự động cắt xén (clip) vừa ảnh. | Box dòng 8 đã được tự động cắt xén (clip) vừa ảnh. | Box dòng 9 đã được tự động cắt xén (clip) vừa ảnh. | Box dòng 10 đã được tự động cắt xén (clip) vừa ảnh. | Box dòng 11 đã được tự động cắt xén (clip) vừa ảnh. | Box dòng 12 đã được tự động cắt xén (clip) vừa ảnh. | Box dòng 13 đã được tự động cắt xén (clip) vừa ảnh. | Box dòng 14 đã được tự động cắt xén (clip) vừa ảnh. | Box dòng 15 đã được tự động cắt xén (clip) vừa ảnh. | Box dòng 16 đã được tự động cắt xén (clip) vừa ảnh. | Box dòng 17 đã được tự động cắt xén (clip) vừa ảnh. | Box dòng 18 đã được tự động cắt xén (clip) vừa ảnh.
RingSpot,/content/drive/MyDrive/Papaya_Leaf_Disease_Classification/BDPapayaLeaf/Original Images/RingSpot/RingSpot(388).jpg,/content/drive/MyDrive/Papaya_Leaf_Disease_Classification/YOLO_Bounding_Box/RingSpot/RingSpot(388).txt,Box dòng 1 đã được tự động cắt xén (clip) vừa ảnh. | Box dòng 2 đã được tự động cắt xén (clip) vừa ảnh. | Box dòng 3 đã được tự động cắt xén (clip) vừa ảnh. | Box dòng 4 đã được tự động cắt xén (clip) vừa ảnh. | Box dòng 5 đã được tự động cắt xén (clip) vừa ảnh.
RingSpot,/content/drive/MyDrive/Papaya_Leaf_Disease_Classification/BDPapayaLeaf/Original Images/RingSpot/RingSpot(389).jpg,/content/drive/MyDrive/Papaya_Leaf_Disease_Classification/YOLO_Bounding_Box/RingSpot/RingSpot(389).txt,Box dòng 1 đã được tự động cắt xén (clip) vừa ảnh. | Box dòng 2 đã được tự động cắt xén (clip) vừa ảnh.
RingSpot,/content/drive/MyDrive/Papaya_Leaf_Disease_Classification/BDPapayaLeaf/Original Images/RingSpot/RingSpot(39).jpg,/content/drive/MyDrive/Papaya_Leaf_Disease_Classification/YOLO_Bounding_Box/RingSpot/RingSpot(39).txt,Box dòng 1 đã được tự động cắt xén (clip) vừa ảnh. | Box dòng 2 đã được tự động cắt xén (clip) vừa ảnh. | Box dòng 3 đã được tự động cắt xén (clip) vừa ảnh.
RingSpot,/content/drive/MyDrive/Papaya_Leaf_Disease_Classification/BDPapayaLeaf/Original Images/RingSpot/RingSpot(390).jpg,/content/drive/MyDrive/Papaya_Leaf_Disease_Classification/YOLO_Bounding_Box/RingSpot/RingSpot(390).txt,Box dòng 1 đã được tự động cắt xén (clip) vừa ảnh.
RingSpot,/content/drive/MyDrive/Papaya_Leaf_Disease_Classification/BDPapayaLeaf/Original Images/RingSpot/RingSpot(391).jpg,/content/drive/MyDrive/Papaya_Leaf_Disease_Classification/YOLO_Bounding_Box/RingSpot/RingSpot(391).txt,Box dòng 1 đã được tự động cắt xén (clip) vừa ảnh.
RingSpot,/content/drive/MyDrive/Papaya_Leaf_Disease_Classification/BDPapayaLeaf/Original Images/RingSpot/RingSpot(392).jpg,/content/drive/MyDrive/Papaya_Leaf_Disease_Classification/YOLO_Bounding_Box/RingSpot/RingSpot(392).txt,Box dòng 1 đã được tự động cắt xén (clip) vừa ảnh. | Box dòng 2 đã được tự động cắt xén (clip) vừa ảnh. | Box dòng 3 đã được tự động cắt xén (clip) vừa ảnh. | Box dòng 5 đã được tự động cắt xén (clip) vừa ảnh.
RingSpot,/content/drive/MyDrive/Papaya_Leaf_Disease_Classification/BDPapayaLeaf/Original Images/RingSpot/RingSpot(393).jpg,/content/drive/MyDrive/Papaya_Leaf_Disease_Classification/YOLO_Bounding_Box/RingSpot/RingSpot(393).txt,Box dòng 1 đã được tự động cắt xén (clip) vừa ảnh. | Box dòng 2 đã được tự động cắt xén (clip) vừa ảnh. | Box dòng 3 đã được tự động cắt xén (clip) vừa ảnh. | Box dòng 4 đã được tự động cắt xén (clip) vừa ảnh. | Box dòng 6 đã được tự động cắt xén (clip) vừa ảnh. | Box dòng 7 đã được tự động cắt xén (clip) vừa ảnh.
RingSpot,/content/drive/MyDrive/Papaya_Leaf_Disease_Classification/BDPapayaLeaf/Original Images/RingSpot/RingSpot(394).jpg,/content/drive/MyDrive/Papaya_Leaf_Disease_Classification/YOLO_Bounding_Box/RingSpot/RingSpot(394).txt,Box dòng 1 đã được tự động cắt xén (clip) vừa ảnh. | Box dòng 2 đã được tự động cắt xén (clip) vừa ảnh.
RingSpot,/content/drive/MyDrive/Papaya_Leaf_Disease_Classification/BDPapayaLeaf/Original Images/RingSpot/RingSpot(395).jpg,/content/drive/MyDrive/Papaya_Leaf_Disease_Classification/YOLO_Bounding_Box/RingSpot/RingSpot(395).txt,Box dòng 1 đã được tự động cắt xén (clip) vừa ảnh.
RingSpot,/content/drive/MyDrive/Papaya_Leaf_Disease_Classification/BDPapayaLeaf/Original Images/RingSpot/RingSpot(396).jpg,/content/drive/MyDrive/Papaya_Leaf_Disease_Classification/YOLO_Bounding_Box/RingSpot/RingSpot(396).txt,Box dòng 1 đã được tự động cắt xén (clip) vừa ảnh. | Box dòng 2 đã được tự động cắt xén (clip) vừa ảnh. | Box dòng 3 đã được tự động cắt xén (clip) vừa ảnh. | Box dòng 4 đã được tự động cắt xén (clip) vừa ảnh.
RingSpot,/content/drive/MyDrive/Papaya_Leaf_Disease_Classification/BDPapayaLeaf/Original Images/RingSpot/RingSpot(397).jpg,/content/drive/MyDrive/Papaya_Leaf_Disease_Classification/YOLO_Bounding_Box/RingSpot/RingSpot(397).txt,Box dòng 1 đã được tự động cắt xén (clip) vừa ảnh. | Box dòng 2 đã được tự động cắt xén (clip) vừa ảnh. | Box dòng 3 đã được tự động cắt xén (clip) vừa ảnh.
RingSpot,/content/drive/MyDrive/Papaya_Leaf_Disease_Classification/BDPapayaLeaf/Original Images/RingSpot/RingSpot(398).jpg,/content/drive/MyDrive/Papaya_Leaf_Disease_Classification/YOLO_Bounding_Box/RingSpot/RingSpot(398).txt,Box dòng 1 đã được tự động cắt xén (clip) vừa ảnh. | Box dòng 2 đã được tự động cắt xén (clip) vừa ảnh. | Box dòng 3 đã được tự động cắt xén (clip) vừa ảnh. | Box dòng 4 đã được tự động cắt xén (clip) vừa ảnh. | Box dòng 5 đã được tự động cắt xén (clip) vừa ảnh. | Box dòng 6 đã được tự động cắt xén (clip) vừa ảnh. | Box dòng 7 đã được tự động cắt xén (clip) vừa ảnh. | Box dòng 8 đã được tự động cắt xén (clip) vừa ảnh. | Box dòng 9 đã được tự động cắt xén (clip) vừa ảnh.
RingSpot,/content/drive/MyDrive/Papaya_Leaf_Disease_Classification/BDPapayaLeaf/Original Images/RingSpot/RingSpot(399).jpg,/content/drive/MyDrive/Papaya_Leaf_Disease_Classification/YOLO_Bounding_Box/RingSpot/RingSpot(399).txt,Box dòng 1 đã được tự động cắt xén (clip) vừa ảnh. | Box dòng 2 đã được tự động cắt xén (clip) vừa ảnh. | Box dòng 3 đã được tự động cắt xén (clip) vừa ảnh. | Box dòng 4 đã được tự động cắt xén (clip) vừa ảnh. | Box dòng 5 đã được tự động cắt xén (clip) vừa ảnh. | Box dòng 6 đã được tự động cắt xén (clip) vừa ảnh.
RingSpot,/content/drive/MyDrive/Papaya_Leaf_Disease_Classification/BDPapayaLeaf/Original Images/RingSpot/RingSpot(4).jpg,/content/drive/MyDrive/Papaya_Leaf_Disease_Classification/YOLO_Bounding_Box/RingSpot/RingSpot(4).txt,Box dòng 1 đã được tự động cắt xén (clip) vừa ảnh. | Box dòng 2 đã được tự động cắt xén (clip) vừa ảnh. | Box dòng 3 đã được tự động cắt xén (clip) vừa ảnh. | Box dòng 4 đã được tự động cắt xén (clip) vừa ảnh. | Box dòng 5 đã được tự động cắt xén (clip) vừa ảnh.
RingSpot,/content/drive/MyDrive/Papaya_Leaf_Disease_Classification/BDPapayaLeaf/Original Images/RingSpot/RingSpot(40).jpg,/content/drive/MyDrive/Papaya_Leaf_Disease_Classification/YOLO_Bounding_Box/RingSpot/RingSpot(40).txt,Box dòng 1 đã được tự động cắt xén (clip) vừa ảnh. | Box dòng 2 đã được tự động cắt xén (clip) vừa ảnh. | Box dòng 3 đã được tự động cắt xén (clip) vừa ảnh. | Box dòng 4 đã được tự động cắt xén (clip) vừa ảnh.
RingSpot,/content/drive/MyDrive/Papaya_Leaf_Disease_Classification/BDPapayaLeaf/Original Images/RingSpot/RingSpot(400).jpg,/content/drive/MyDrive/Papaya_Leaf_Disease_Classification/YOLO_Bounding_Box/RingSpot/RingSpot(400).txt,Box dòng 1 đã được tự động cắt xén (clip) vừa ảnh. | Box dòng 2 đã được tự động cắt xén (clip) vừa ảnh. | Box dòng 3 đã được tự động cắt xén (clip) vừa ảnh. | Box dòng 4 đã được tự động cắt xén (clip) vừa ảnh. | Box dòng 5 đã được tự động cắt xén (clip) vừa ảnh. | Box dòng 6 đã được tự động cắt xén (clip) vừa ảnh. | Box dòng 7 đã được tự động cắt xén (clip) vừa ảnh. | Box dòng 8 đã được tự động cắt xén (clip) vừa ảnh.
RingSpot,/content/drive/MyDrive/Papaya_Leaf_Disease_Classification/BDPapayaLeaf/Original Images/RingSpot/RingSpot(401).jpg,/content/drive/MyDrive/Papaya_Leaf_Disease_Classification/YOLO_Bounding_Box/RingSpot/RingSpot(401).txt,Box dòng 1 đã được tự động cắt xén (clip) vừa ảnh. | Box dòng 2 đã được tự động cắt xén (clip) vừa ảnh. | Box dòng 3 đã được tự động cắt xén (clip) vừa ảnh.
RingSpot,/content/drive/MyDrive/Papaya_Leaf_Disease_Classification/BDPapayaLeaf/Original Images/RingSpot/RingSpot(402).jpg,/content/drive/MyDrive/Papaya_Leaf_Disease_Classification/YOLO_Bounding_Box/RingSpot/RingSpot(402).txt,Box dòng 1 đã được tự động cắt xén (clip) vừa ảnh. | Box dòng 2 đã được tự động cắt xén (clip) vừa ảnh. | Box dòng 4 đã được tự động cắt xén (clip) vừa ảnh. | Box dòng 5 đã được tự động cắt xén (clip) vừa ảnh. | Box dòng 6 đã được tự động cắt xén (clip) vừa ảnh.
RingSpot,/content/drive/MyDrive/Papaya_Leaf_Disease_Classification/BDPapayaLeaf/Original Images/RingSpot/RingSpot(403).jpg,/content/drive/MyDrive/Papaya_Leaf_Disease_Classification/YOLO_Bounding_Box/RingSpot/RingSpot(403).txt,Box dòng 1 đã được tự động cắt xén (clip) vừa ảnh. | Box dòng 2 đã được tự động cắt xén (clip) vừa ảnh. | Box dòng 3 đã được tự động cắt xén (clip) vừa ảnh. | Box dòng 4 đã được tự động cắt xén (clip) vừa ảnh. | Box dòng 5 đã được tự động cắt xén (clip) vừa ảnh. | Box dòng 6 đã được tự động cắt xén (clip) vừa ảnh. | Box dòng 7 đã được tự động cắt xén (clip) vừa ảnh. | Box dòng 8 đã được tự động cắt xén (clip) vừa ảnh.
RingSpot,/content/drive/MyDrive/Papaya_Leaf_Disease_Classification/BDPapayaLeaf/Original Images/RingSpot/RingSpot(404).jpg,/content/drive/MyDrive/Papaya_Leaf_Disease_Classification/YOLO_Bounding_Box/RingSpot/RingSpot(404).txt,Box dòng 1 đã được tự động cắt xén (clip) vừa ảnh.
RingSpot,/content/drive/MyDrive/Papaya_Leaf_Disease_Classification/BDPapayaLeaf/Original Images/RingSpot/RingSpot(405).jpg,/content/drive/MyDrive/Papaya_Leaf_Disease_Classification/YOLO_Bounding_Box/RingSpot/RingSpot(405).txt,Box dòng 1 đã được tự động cắt xén (clip) vừa ảnh. | Box dòng 2 đã được tự động cắt xén (clip) vừa ảnh. | Box dòng 3 đã được tự động cắt xén (clip) vừa ảnh. | Box dòng 4 đã được tự động cắt xén (clip) vừa ảnh. | Box dòng 5 đã được tự động cắt xén (clip) vừa ảnh. | Box dòng 6 đã được tự động cắt xén (clip) vừa ảnh. | Box dòng 7 đã được tự động cắt xén (clip) vừa ảnh. | Box dòng 8 đã được tự động cắt xén (clip) vừa ảnh. | Box dòng 9 đã được tự động cắt xén (clip) vừa ảnh. | Box dòng 10 đã được tự động cắt xén (clip) vừa ảnh. | Box dòng 11 đã được tự động cắt xén (clip) vừa ảnh. | Box dòng 12 đã được tự động cắt xén (clip) vừa ảnh. | Box dòng 13 đã được tự động cắt xén (clip) vừa ảnh. | Box dòng 14 đã được tự động cắt xén (clip) vừa ảnh. | Box dòng 15 đã được tự động cắt xén (clip) vừa ảnh. | Box dòng 16 đã được tự động cắt xén (clip) vừa ảnh.
RingSpot,/content/drive/MyDrive/Papaya_Leaf_Disease_Classification/BDPapayaLeaf/Original Images/RingSpot/RingSpot(406).jpg,/content/drive/MyDrive/Papaya_Leaf_Disease_Classification/YOLO_Bounding_Box/RingSpot/RingSpot(406).txt,Box dòng 1 đã được tự động cắt xén (clip) vừa ảnh. | Box dòng 2 đã được tự động cắt xén (clip) vừa ảnh. | Box dòng 3 đã được tự động cắt xén (clip) vừa ảnh. | Box dòng 4 đã được tự động cắt xén (clip) vừa ảnh. | Box dòng 5 đã được tự động cắt xén (clip) vừa ảnh. | Box dòng 6 đã được tự động cắt xén (clip) vừa ảnh. | Box dòng 7 đã được tự động cắt xén (clip) vừa ảnh. | Box dòng 8 đã được tự động cắt xén (clip) vừa ảnh. | Box dòng 9 đã được tự động cắt xén (clip) vừa ảnh. | Box dòng 10 đã được tự động cắt xén (clip) vừa ảnh.
RingSpot,/content/drive/MyDrive/Papaya_Leaf_Disease_Classification/BDPapayaLeaf/Original Images/RingSpot/RingSpot(407).jpg,/content/drive/MyDrive/Papaya_Leaf_Disease_Classification/YOLO_Bounding_Box/RingSpot/RingSpot(407).txt,Box dòng 2 đã được tự động cắt xén (clip) vừa ảnh. | Box dòng 3 đã được tự động cắt xén (clip) vừa ảnh.
RingSpot,/content/drive/MyDrive/Papaya_Leaf_Disease_Classification/BDPapayaLeaf/Original Images/RingSpot/RingSpot(408).jpg,/content/drive/MyDrive/Papaya_Leaf_Disease_Classification/YOLO_Bounding_Box/RingSpot/RingSpot(408).txt,Box dòng 1 đã được tự động cắt xén (clip) vừa ảnh. | Box dòng 2 đã được tự động cắt xén (clip) vừa ảnh.
RingSpot,/content/drive/MyDrive/Papaya_Leaf_Disease_Classification/BDPapayaLeaf/Original Images/RingSpot/RingSpot(409).jpg,/content/drive/MyDrive/Papaya_Leaf_Disease_Classification/YOLO_Bounding_Box/RingSpot/RingSpot(409).txt,Box dòng 1 đã được tự động cắt xén (clip) vừa ảnh. | Box dòng 2 đã được tự động cắt xén (clip) vừa ảnh.
RingSpot,/content/drive/MyDrive/Papaya_Leaf_Disease_Classification/BDPapayaLeaf/Original Images/RingSpot/RingSpot(41).jpg,/content/drive/MyDrive/Papaya_Leaf_Disease_Classification/YOLO_Bounding_Box/RingSpot/RingSpot(41).txt,Box dòng 1 đã được tự động cắt xén (clip) vừa ảnh.
RingSpot,/content/drive/MyDrive/Papaya_Leaf_Disease_Classification/BDPapayaLeaf/Original Images/RingSpot/RingSpot(410).jpg,/content/drive/MyDrive/Papaya_Leaf_Disease_Classification/YOLO_Bounding_Box/RingSpot/RingSpot(410).txt,Box dòng 1 đã được tự động cắt xén (clip) vừa ảnh. | Box dòng 2 đã được tự động cắt xén (clip) vừa ảnh. | Box dòng 3 đã được tự động cắt xén (clip) vừa ảnh. | Box dòng 4 đã được tự động cắt xén (clip) vừa ảnh. | Box dòng 5 đã được tự động cắt xén (clip) vừa ảnh. | Box dòng 6 đã được tự động cắt xén (clip) vừa ảnh. | Box dòng 7 đã được tự động cắt xén (clip) vừa ảnh.
RingSpot,/content/drive/MyDrive/Papaya_Leaf_Disease_Classification/BDPapayaLeaf/Original Images/RingSpot/RingSpot(411).jpg,/content/drive/MyDrive/Papaya_Leaf_Disease_Classification/YOLO_Bounding_Box/RingSpot/RingSpot(411).txt,Box dòng 1 đã được tự động cắt xén (clip) vừa ảnh. | Box dòng 2 đã được tự động cắt xén (clip) vừa ảnh. | Box dòng 3 đã được tự động cắt xén (clip) vừa ảnh. | Box dòng 4 đã được tự động cắt xén (clip) vừa ảnh.
RingSpot,/content/drive/MyDrive/Papaya_Leaf_Disease_Classification/BDPapayaLeaf/Original Images/RingSpot/RingSpot(412).jpg,/content/drive/MyDrive/Papaya_Leaf_Disease_Classification/YOLO_Bounding_Box/RingSpot/RingSpot(412).txt,Box dòng 1 đã được tự động cắt xén (clip) vừa ảnh. | Box dòng 2 đã được tự động cắt xén (clip) vừa ảnh. | Box dòng 3 đã được tự động cắt xén (clip) vừa ảnh. | Box dòng 4 đã được tự động cắt xén (clip) vừa ảnh. | Box dòng 5 đã được tự động cắt xén (clip) vừa ảnh.
RingSpot,/content/drive/MyDrive/Papaya_Leaf_Disease_Classification/BDPapayaLeaf/Original Images/RingSpot/RingSpot(413).jpg,/content/drive/MyDrive/Papaya_Leaf_Disease_Classification/YOLO_Bounding_Box/RingSpot/RingSpot(413).txt,Box dòng 1 đã được tự động cắt xén (clip) vừa ảnh. | Box dòng 2 đã được tự động cắt xén (clip) vừa ảnh. | Box dòng 3 đã được tự động cắt xén (clip) vừa ảnh. | Box dòng 4 đã được tự động cắt xén (clip) vừa ảnh.
RingSpot,/content/drive/MyDrive/Papaya_Leaf_Disease_Classification/BDPapayaLeaf/Original Images/RingSpot/RingSpot(414).jpg,/content/drive/MyDrive/Papaya_Leaf_Disease_Classification/YOLO_Bounding_Box/RingSpot/RingSpot(414).txt,Box dòng 1 đã được tự động cắt xén (clip) vừa ảnh. | Box dòng 2 đã được tự động cắt xén (clip) vừa ảnh. | Box dòng 3 đã được tự động cắt xén (clip) vừa ảnh. | Box dòng 4 đã được tự động cắt xén (clip) vừa ảnh. | Box dòng 5 đã được tự động cắt xén (clip) vừa ảnh. | Box dòng 6 đã được tự động cắt xén (clip) vừa ảnh. | Box dòng 7 đã được tự động cắt xén (clip) vừa ảnh. | Box dòng 8 đã được tự động cắt xén (clip) vừa ảnh. | Box dòng 9 đã được tự động cắt xén (clip) vừa ảnh. | Box dòng 10 đã được tự động cắt xén (clip) vừa ảnh.
RingSpot,/content/drive/MyDrive/Papaya_Leaf_Disease_Classification/BDPapayaLeaf/Original Images/RingSpot/RingSpot(415).jpg,/content/drive/MyDrive/Papaya_Leaf_Disease_Classification/YOLO_Bounding_Box/RingSpot/RingSpot(415).txt,Box dòng 1 đã được tự động cắt xén (clip) vừa ảnh. | Box dòng 2 đã được tự động cắt xén (clip) vừa ảnh. | Box dòng 3 đã được tự động cắt xén (clip) vừa ảnh.
RingSpot,/content/drive/MyDrive/Papaya_Leaf_Disease_Classification/BDPapayaLeaf/Original Images/RingSpot/RingSpot(416).jpg,/content/drive/MyDrive/Papaya_Leaf_Disease_Classification/YOLO_Bounding_Box/RingSpot/RingSpot(416).txt,Box dòng 1 đã được tự động cắt xén (clip) vừa ảnh. | Box dòng 2 đã được tự động cắt xén (clip) vừa ảnh. | Box dòng 3 đã được tự động cắt xén (clip) vừa ảnh. | Box dòng 4 đã được tự động cắt xén (clip) vừa ảnh. | Box dòng 5 đã được tự động cắt xén (clip) vừa ảnh. | Box dòng 6 đã được tự động cắt xén (clip) vừa ảnh.
RingSpot,/content/drive/MyDrive/Papaya_Leaf_Disease_Classification/BDPapayaLeaf/Original Images/RingSpot/RingSpot(417).jpg,/content/drive/MyDrive/Papaya_Leaf_Disease_Classification/YOLO_Bounding_Box/RingSpot/RingSpot(417).txt,Box dòng 1 đã được tự động cắt xén (clip) vừa ảnh. | Box dòng 2 đã được tự động cắt xén (clip) vừa ảnh. | Box dòng 3 đã được tự động cắt xén (clip) vừa ảnh. | Box dòng 5 đã được tự động cắt xén (clip) vừa ảnh. | Box dòng 6 đã được tự động cắt xén (clip) vừa ảnh.
RingSpot,/content/drive/MyDrive/Papaya_Leaf_Disease_Classification/BDPapayaLeaf/Original Images/RingSpot/RingSpot(418).jpg,/content/drive/MyDrive/Papaya_Leaf_Disease_Classification/YOLO_Bounding_Box/RingSpot/RingSpot(418).txt,Box dòng 1 đã được tự động cắt xén (clip) vừa ảnh. | Box dòng 2 đã được tự động cắt xén (clip) vừa ảnh. | Box dòng 3 đã được tự động cắt xén (clip) vừa ảnh. | Box dòng 4 đã được tự động cắt xén (clip) vừa ảnh. | Box dòng 5 đã được tự động cắt xén (clip) vừa ảnh. | Box dòng 6 đã được tự động cắt xén (clip) vừa ảnh.
RingSpot,/content/drive/MyDrive/Papaya_Leaf_Disease_Classification/BDPapayaLeaf/Original Images/RingSpot/RingSpot(419).jpg,/content/drive/MyDrive/Papaya_Leaf_Disease_Classification/YOLO_Bounding_Box/RingSpot/RingSpot(419).txt,Box dòng 1 đã được tự động cắt xén (clip) vừa ảnh. | Box dòng 2 đã được tự động cắt xén (clip) vừa ảnh. | Box dòng 3 đã được tự động cắt xén (clip) vừa ảnh. | Box dòng 4 đã được tự động cắt xén (clip) vừa ảnh. | Box dòng 5 đã được tự động cắt xén (clip) vừa ảnh. | Box dòng 6 đã được tự động cắt xén (clip) vừa ảnh. | Box dòng 7 đã được tự động cắt xén (clip) vừa ảnh. | Box dòng 8 đã được tự động cắt xén (clip) vừa ảnh. | Box dòng 9 đã được tự động cắt xén (clip) vừa ảnh. | Box dòng 10 đã được tự động cắt xén (clip) vừa ảnh.
RingSpot,/content/drive/MyDrive/Papaya_Leaf_Disease_Classification/BDPapayaLeaf/Original Images/RingSpot/RingSpot(42).jpg,/content/drive/MyDrive/Papaya_Leaf_Disease_Classification/YOLO_Bounding_Box/RingSpot/RingSpot(42).txt,Box dòng 1 đã được tự động cắt xén (clip) vừa ảnh. | Box dòng 2 đã được tự động cắt xén (clip) vừa ảnh. | Box dòng 3 đã được tự động cắt xén (clip) vừa ảnh. | Box dòng 4 đã được tự động cắt xén (clip) vừa ảnh. | Box dòng 5 đã được tự động cắt xén (clip) vừa ảnh.
RingSpot,/content/drive/MyDrive/Papaya_Leaf_Disease_Classification/BDPapayaLeaf/Original Images/RingSpot/RingSpot(420).jpg,/content/drive/MyDrive/Papaya_Leaf_Disease_Classification/YOLO_Bounding_Box/RingSpot/RingSpot(420).txt,Box dòng 1 đã được tự động cắt xén (clip) vừa ảnh. | Box dòng 2 đã được tự động cắt xén (clip) vừa ảnh.
RingSpot,/content/drive/MyDrive/Papaya_Leaf_Disease_Classification/BDPapayaLeaf/Original Images/RingSpot/RingSpot(421).jpg,/content/drive/MyDrive/Papaya_Leaf_Disease_Classification/YOLO_Bounding_Box/RingSpot/RingSpot(421).txt,Box dòng 1 đã được tự động cắt xén (clip) vừa ảnh. | Box dòng 2 đã được tự động cắt xén (clip) vừa ảnh.
RingSpot,/content/drive/MyDrive/Papaya_Leaf_Disease_Classification/BDPapayaLeaf/Original Images/RingSpot/RingSpot(422).jpg,/content/drive/MyDrive/Papaya_Leaf_Disease_Classification/YOLO_Bounding_Box/RingSpot/RingSpot(422).txt,Box dòng 1 đã được tự động cắt xén (clip) vừa ảnh.
RingSpot,/content/drive/MyDrive/Papaya_Leaf_Disease_Classification/BDPapayaLeaf/Original Images/RingSpot/RingSpot(423).jpg,/content/drive/MyDrive/Papaya_Leaf_Disease_Classification/YOLO_Bounding_Box/RingSpot/RingSpot(423).txt,Box dòng 1 đã được tự động cắt xén (clip) vừa ảnh. | Box dòng 2 đã được tự động cắt xén (clip) vừa ảnh. | Box dòng 3 đã được tự động cắt xén (clip) vừa ảnh. | Box dòng 4 đã được tự động cắt xén (clip) vừa ảnh. | Box dòng 5 đã được tự động cắt xén (clip) vừa ảnh. | Box dòng 6 đã được tự động cắt xén (clip) vừa ảnh. | Box dòng 7 đã được tự động cắt xén (clip) vừa ảnh. | Box dòng 8 đã được tự động cắt xén (clip) vừa ảnh.
RingSpot,/content/drive/MyDrive/Papaya_Leaf_Disease_Classification/BDPapayaLeaf/Original Images/RingSpot/RingSpot(424).jpg,/content/drive/MyDrive/Papaya_Leaf_Disease_Classification/YOLO_Bounding_Box/RingSpot/RingSpot(424).txt,Box dòng 1 đã được tự động cắt xén (clip) vừa ảnh. | Box dòng 2 đã được tự động cắt xén (clip) vừa ảnh.
RingSpot,/content/drive/MyDrive/Papaya_Leaf_Disease_Classification/BDPapayaLeaf/Original Images/RingSpot/RingSpot(425).jpg,/content/drive/MyDrive/Papaya_Leaf_Disease_Classification/YOLO_Bounding_Box/RingSpot/RingSpot(425).txt,Box dòng 1 đã được tự động cắt xén (clip) vừa ảnh. | Box dòng 2 đã được tự động cắt xén (clip) vừa ảnh. | Box dòng 3 đã được tự động cắt xén (clip) vừa ảnh. | Box dòng 4 đã được tự động cắt xén (clip) vừa ảnh. | Box dòng 5 đã được tự động cắt xén (clip) vừa ảnh.
RingSpot,/content/drive/MyDrive/Papaya_Leaf_Disease_Classification/BDPapayaLeaf/Original Images/RingSpot/RingSpot(426).jpg,/content/drive/MyDrive/Papaya_Leaf_Disease_Classification/YOLO_Bounding_Box/RingSpot/RingSpot(426).txt,Box dòng 1 đã được tự động cắt xén (clip) vừa ảnh. | Box dòng 2 đã được tự động cắt xén (clip) vừa ảnh. | Box dòng 3 đã được tự động cắt xén (clip) vừa ảnh. | Box dòng 4 đã được tự động cắt xén (clip) vừa ảnh. | Box dòng 5 đã được tự động cắt xén (clip) vừa ảnh. | Box dòng 6 đã được tự động cắt xén (clip) vừa ảnh. | Box dòng 7 đã được tự động cắt xén (clip) vừa ảnh. | Box dòng 8 đã được tự động cắt xén (clip) vừa ảnh. | Box dòng 9 đã được tự động cắt xén (clip) vừa ảnh. | Box dòng 10 đã được tự động cắt xén (clip) vừa ảnh. | Box dòng 11 đã được tự động cắt xén (clip) vừa ảnh. | Box dòng 12 đã được tự động cắt xén (clip) vừa ảnh. | Box dòng 13 đã được tự động cắt xén (clip) vừa ảnh.
RingSpot,/content/drive/MyDrive/Papaya_Leaf_Disease_Classification/BDPapayaLeaf/Original Images/RingSpot/RingSpot(427).jpg,/content/drive/MyDrive/Papaya_Leaf_Disease_Classification/YOLO_Bounding_Box/RingSpot/RingSpot(427).txt,Box dòng 1 đã được tự động cắt xén (clip) vừa ảnh. | Box dòng 2 đã được tự động cắt xén (clip) vừa ảnh.
RingSpot,/content/drive/MyDrive/Papaya_Leaf_Disease_Classification/BDPapayaLeaf/Original Images/RingSpot/RingSpot(428).jpg,/content/drive/MyDrive/Papaya_Leaf_Disease_Classification/YOLO_Bounding_Box/RingSpot/RingSpot(428).txt,Box dòng 1 đã được tự động cắt xén (clip) vừa ảnh. | Box dòng 2 đã được tự động cắt xén (clip) vừa ảnh. | Box dòng 3 đã được tự động cắt xén (clip) vừa ảnh. | Box dòng 4 đã được tự động cắt xén (clip) vừa ảnh. | Box dòng 5 đã được tự động cắt xén (clip) vừa ảnh. | Box dòng 6 đã được tự động cắt xén (clip) vừa ảnh.
RingSpot,/content/drive/MyDrive/Papaya_Leaf_Disease_Classification/BDPapayaLeaf/Original Images/RingSpot/RingSpot(429).jpg,/content/drive/MyDrive/Papaya_Leaf_Disease_Classification/YOLO_Bounding_Box/RingSpot/RingSpot(429).txt,Box dòng 1 đã được tự động cắt xén (clip) vừa ảnh. | Box dòng 2 đã được tự động cắt xén (clip) vừa ảnh.
RingSpot,/content/drive/MyDrive/Papaya_Leaf_Disease_Classification/BDPapayaLeaf/Original Images/RingSpot/RingSpot(43).jpg,/content/drive/MyDrive/Papaya_Leaf_Disease_Classification/YOLO_Bounding_Box/RingSpot/RingSpot(43).txt,Box dòng 1 đã được tự động cắt xén (clip) vừa ảnh. | Box dòng 2 đã được tự động cắt xén (clip) vừa ảnh. | Box dòng 3 đã được tự động cắt xén (clip) vừa ảnh. | Box dòng 4 đã được tự động cắt xén (clip) vừa ảnh. | Box dòng 5 đã được tự động cắt xén (clip) vừa ảnh. | Box dòng 6 đã được tự động cắt xén (clip) vừa ảnh.
RingSpot,/content/drive/MyDrive/Papaya_Leaf_Disease_Classification/BDPapayaLeaf/Original Images/RingSpot/RingSpot(430).jpg,/content/drive/MyDrive/Papaya_Leaf_Disease_Classification/YOLO_Bounding_Box/RingSpot/RingSpot(430).txt,Box dòng 1 đã được tự động cắt xén (clip) vừa ảnh.
RingSpot,/content/drive/MyDrive/Papaya_Leaf_Disease_Classification/BDPapayaLeaf/Original Images/RingSpot/RingSpot(431).jpg,/content/drive/MyDrive/Papaya_Leaf_Disease_Classification/YOLO_Bounding_Box/RingSpot/RingSpot(431).txt,Box dòng 1 đã được tự động cắt xén (clip) vừa ảnh. | Box dòng 2 đã được tự động cắt xén (clip) vừa ảnh.
RingSpot,/content/drive/MyDrive/Papaya_Leaf_Disease_Classification/BDPapayaLeaf/Original Images/RingSpot/RingSpot(432).jpg,/content/drive/MyDrive/Papaya_Leaf_Disease_Classification/YOLO_Bounding_Box/RingSpot/RingSpot(432).txt,Box dòng 1 đã được tự động cắt xén (clip) vừa ảnh. | Box dòng 2 đã được tự động cắt xén (clip) vừa ảnh. | Box dòng 3 đã được tự động cắt xén (clip) vừa ảnh. | Box dòng 4 đã được tự động cắt xén (clip) vừa ảnh. | Box dòng 5 đã được tự động cắt xén (clip) vừa ảnh. | Box dòng 6 đã được tự động cắt xén (clip) vừa ảnh. | Box dòng 7 đã được tự động cắt xén (clip) vừa ảnh. | Box dòng 8 đã được tự động cắt xén (clip) vừa ảnh. | Box dòng 9 đã được tự động cắt xén (clip) vừa ảnh. | Box dòng 10 đã được tự động cắt xén (clip) vừa ảnh. | Box dòng 11 đã được tự động cắt xén (clip) vừa ảnh. | Box dòng 12 đã được tự động cắt xén (clip) vừa ảnh.
RingSpot,/content/drive/MyDrive/Papaya_Leaf_Disease_Classification/BDPapayaLeaf/Original Images/RingSpot/RingSpot(433).jpg,/content/drive/MyDrive/Papaya_Leaf_Disease_Classification/YOLO_Bounding_Box/RingSpot/RingSpot(433).txt,Box dòng 1 đã được tự động cắt xén (clip) vừa ảnh. | Box dòng 2 đã được tự động cắt xén (clip) vừa ảnh. | Box dòng 3 đã được tự động cắt xén (clip) vừa ảnh. | Box dòng 4 đã được tự động cắt xén (clip) vừa ảnh. | Box dòng 5 đã được tự động cắt xén (clip) vừa ảnh.
RingSpot,/content/drive/MyDrive/Papaya_Leaf_Disease_Classification/BDPapayaLeaf/Original Images/RingSpot/RingSpot(434).jpg,/content/drive/MyDrive/Papaya_Leaf_Disease_Classification/YOLO_Bounding_Box/RingSpot/RingSpot(434).txt,Box dòng 1 đã được tự động cắt xén (clip) vừa ảnh. | Box dòng 2 đã được tự động cắt xén (clip) vừa ảnh. | Box dòng 3 đã được tự động cắt xén (clip) vừa ảnh. | Box dòng 4 đã được tự động cắt xén (clip) vừa ảnh. | Box dòng 5 đã được tự động cắt xén (clip) vừa ảnh. | Box dòng 6 đã được tự động cắt xén (clip) vừa ảnh. | Box dòng 8 đã được tự động cắt xén (clip) vừa ảnh. | Box dòng 9 đã được tự động cắt xén (clip) vừa ảnh. | Box dòng 10 đã được tự động cắt xén (clip) vừa ảnh. | Box dòng 11 đã được tự động cắt xén (clip) vừa ảnh. | Box dòng 12 đã được tự động cắt xén (clip) vừa ảnh. | Box dòng 13 đã được tự động cắt xén (clip) vừa ảnh. | Box dòng 14 đã được tự động cắt xén (clip) vừa ảnh. | Box dòng 15 đã được tự động cắt xén (clip) vừa ảnh. | Box dòng 16 đã được tự động cắt xén (clip) vừa ảnh.
RingSpot,/content/drive/MyDrive/Papaya_Leaf_Disease_Classification/BDPapayaLeaf/Original Images/RingSpot/RingSpot(435).jpg,/content/drive/MyDrive/Papaya_Leaf_Disease_Classification/YOLO_Bounding_Box/RingSpot/RingSpot(435).txt,Box dòng 1 đã được tự động cắt xén (clip) vừa ảnh. | Box dòng 2 đã được tự động cắt xén (clip) vừa ảnh. | Box dòng 3 đã được tự động cắt xén (clip) vừa ảnh. | Box dòng 4 đã được tự động cắt xén (clip) vừa ảnh. | Box dòng 5 đã được tự động cắt xén (clip) vừa ảnh.
RingSpot,/content/drive/MyDrive/Papaya_Leaf_Disease_Classification/BDPapayaLeaf/Original Images/RingSpot/RingSpot(436).jpg,/content/drive/MyDrive/Papaya_Leaf_Disease_Classification/YOLO_Bounding_Box/RingSpot/RingSpot(436).txt,Box dòng 1 đã được tự động cắt xén (clip) vừa ảnh. | Box dòng 3 đã được tự động cắt xén (clip) vừa ảnh. | Box dòng 4 đã được tự động cắt xén (clip) vừa ảnh.
RingSpot,/content/drive/MyDrive/Papaya_Leaf_Disease_Classification/BDPapayaLeaf/Original Images/RingSpot/RingSpot(437).jpg,/content/drive/MyDrive/Papaya_Leaf_Disease_Classification/YOLO_Bounding_Box/RingSpot/RingSpot(437).txt,Box dòng 1 đã được tự động cắt xén (clip) vừa ảnh. | Box dòng 2 đã được tự động cắt xén (clip) vừa ảnh. | Box dòng 3 đã được tự động cắt xén (clip) vừa ảnh. | Box dòng 4 đã được tự động cắt xén (clip) vừa ảnh. | Box dòng 5 đã được tự động cắt xén (clip) vừa ảnh. | Box dòng 6 đã được tự động cắt xén (clip) vừa ảnh.
RingSpot,/content/drive/MyDrive/Papaya_Leaf_Disease_Classification/BDPapayaLeaf/Original Images/RingSpot/RingSpot(438).jpg,/content/drive/MyDrive/Papaya_Leaf_Disease_Classification/YOLO_Bounding_Box/RingSpot/RingSpot(438).txt,Box dòng 1 đã được tự động cắt xén (clip) vừa ảnh. | Box dòng 3 đã được tự động cắt xén (clip) vừa ảnh.
RingSpot,/content/drive/MyDrive/Papaya_Leaf_Disease_Classification/BDPapayaLeaf/Original Images/RingSpot/RingSpot(439).jpg,/content/drive/MyDrive/Papaya_Leaf_Disease_Classification/YOLO_Bounding_Box/RingSpot/RingSpot(439).txt,Box dòng 1 đã được tự động cắt xén (clip) vừa ảnh. | Box dòng 2 đã được tự động cắt xén (clip) vừa ảnh. | Box dòng 3 đã được tự động cắt xén (clip) vừa ảnh. | Box dòng 4 đã được tự động cắt xén (clip) vừa ảnh. | Box dòng 5 đã được tự động cắt xén (clip) vừa ảnh. | Box dòng 6 đã được tự động cắt xén (clip) vừa ảnh. | Box dòng 8 đã được tự động cắt xén (clip) vừa ảnh. | Box dòng 9 đã được tự động cắt xén (clip) vừa ảnh. | Box dòng 10 đã được tự động cắt xén (clip) vừa ảnh. | Box dòng 11 đã được tự động cắt xén (clip) vừa ảnh. | Box dòng 12 đã được tự động cắt xén (clip) vừa ảnh. | Box dòng 13 đã được tự động cắt xén (clip) vừa ảnh. | Box dòng 14 đã được tự động cắt xén (clip) vừa ảnh. | Box dòng 15 đã được tự động cắt xén (clip) vừa ảnh. | Box dòng 16 đã được tự động cắt xén (clip) vừa ảnh. | Box dòng 17 đã được tự động cắt xén (clip) vừa ảnh. | Box dòng 19 đã được tự động cắt xén (clip) vừa ảnh.
RingSpot,/content/drive/MyDrive/Papaya_Leaf_Disease_Classification/BDPapayaLeaf/Original Images/RingSpot/RingSpot(44).jpg,/content/drive/MyDrive/Papaya_Leaf_Disease_Classification/YOLO_Bounding_Box/RingSpot/RingSpot(44).txt,Box dòng 1 đã được tự động cắt xén (clip) vừa ảnh. | Box dòng 2 đã được tự động cắt xén (clip) vừa ảnh.
RingSpot,/content/drive/MyDrive/Papaya_Leaf_Disease_Classification/BDPapayaLeaf/Original Images/RingSpot/RingSpot(440).jpg,/content/drive/MyDrive/Papaya_Leaf_Disease_Classification/YOLO_Bounding_Box/RingSpot/RingSpot(440).txt,Box dòng 1 đã được tự động cắt xén (clip) vừa ảnh. | Box dòng 2 đã được tự động cắt xén (clip) vừa ảnh. | Box dòng 3 đã được tự động cắt xén (clip) vừa ảnh. | Box dòng 4 đã được tự động cắt xén (clip) vừa ảnh. | Box dòng 5 đã được tự động cắt xén (clip) vừa ảnh. | Box dòng 6 đã được tự động cắt xén (clip) vừa ảnh. | Box dòng 7 đã được tự động cắt xén (clip) vừa ảnh. | Box dòng 8 đã được tự động cắt xén (clip) vừa ảnh. | Box dòng 9 đã được tự động cắt xén (clip) vừa ảnh. | Box dòng 10 đã được tự động cắt xén (clip) vừa ảnh. | Box dòng 11 đã được tự động cắt xén (clip) vừa ảnh. | Box dòng 12 đã được tự động cắt xén (clip) vừa ảnh.
RingSpot,/content/drive/MyDrive/Papaya_Leaf_Disease_Classification/BDPapayaLeaf/Original Images/RingSpot/RingSpot(441).jpg,/content/drive/MyDrive/Papaya_Leaf_Disease_Classification/YOLO_Bounding_Box/RingSpot/RingSpot(441).txt,Box dòng 1 đã được tự động cắt xén (clip) vừa ảnh. | Box dòng 4 đã được tự động cắt xén (clip) vừa ảnh. | Box dòng 5 đã được tự động cắt xén (clip) vừa ảnh.
RingSpot,/content/drive/MyDrive/Papaya_Leaf_Disease_Classification/BDPapayaLeaf/Original Images/RingSpot/RingSpot(442).jpg,/content/drive/MyDrive/Papaya_Leaf_Disease_Classification/YOLO_Bounding_Box/RingSpot/RingSpot(442).txt,Box dòng 1 đã được tự động cắt xén (clip) vừa ảnh. | Box dòng 2 đã được tự động cắt xén (clip) vừa ảnh. | Box dòng 3 đã được tự động cắt xén (clip) vừa ảnh. | Box dòng 4 đã được tự động cắt xén (clip) vừa ảnh. | Box dòng 5 đã được tự động cắt xén (clip) vừa ảnh. | Box dòng 6 đã được tự động cắt xén (clip) vừa ảnh. | Box dòng 7 đã được tự động cắt xén (clip) vừa ảnh.
RingSpot,/content/drive/MyDrive/Papaya_Leaf_Disease_Classification/BDPapayaLeaf/Original Images/RingSpot/RingSpot(443).jpg,/content/drive/MyDrive/Papaya_Leaf_Disease_Classification/YOLO_Bounding_Box/RingSpot/RingSpot(443).txt,Box dòng 1 đã được tự động cắt xén (clip) vừa ảnh. | Box dòng 2 đã được tự động cắt xén (clip) vừa ảnh. | Box dòng 3 đã được tự động cắt xén (clip) vừa ảnh. | Box dòng 4 đã được tự động cắt xén (clip) vừa ảnh. | Box dòng 5 đã được tự động cắt xén (clip) vừa ảnh. | Box dòng 6 đã được tự động cắt xén (clip) vừa ảnh. | Box dòng 7 đã được tự động cắt xén (clip) vừa ảnh.
RingSpot,/content/drive/MyDrive/Papaya_Leaf_Disease_Classification/BDPapayaLeaf/Original Images/RingSpot/RingSpot(444).jpg,/content/drive/MyDrive/Papaya_Leaf_Disease_Classification/YOLO_Bounding_Box/RingSpot/RingSpot(444).txt,Box dòng 1 đã được tự động cắt xén (clip) vừa ảnh. | Box dòng 2 đã được tự động cắt xén (clip) vừa ảnh. | Box dòng 3 đã được tự động cắt xén (clip) vừa ảnh. | Box dòng 4 đã được tự động cắt xén (clip) vừa ảnh. | Box dòng 5 đã được tự động cắt xén (clip) vừa ảnh. | Box dòng 6 đã được tự động cắt xén (clip) vừa ảnh. | Box dòng 7 đã được tự động cắt xén (clip) vừa ảnh.
RingSpot,/content/drive/MyDrive/Papaya_Leaf_Disease_Classification/BDPapayaLeaf/Original Images/RingSpot/RingSpot(445).jpg,/content/drive/MyDrive/Papaya_Leaf_Disease_Classification/YOLO_Bounding_Box/RingSpot/RingSpot(445).txt,Box dòng 1 đã được tự động cắt xén (clip) vừa ảnh. | Box dòng 2 đã được tự động cắt xén (clip) vừa ảnh. | Box dòng 3 đã được tự động cắt xén (clip) vừa ảnh. | Box dòng 4 đã được tự động cắt xén (clip) vừa ảnh. | Box dòng 5 đã được tự động cắt xén (clip) vừa ảnh. | Box dòng 6 đã được tự động cắt xén (clip) vừa ảnh. | Box dòng 7 đã được tự động cắt xén (clip) vừa ảnh.
RingSpot,/content/drive/MyDrive/Papaya_Leaf_Disease_Classification/BDPapayaLeaf/Original Images/RingSpot/RingSpot(446).jpg,/content/drive/MyDrive/Papaya_Leaf_Disease_Classification/YOLO_Bounding_Box/RingSpot/RingSpot(446).txt,Box dòng 1 đã được tự động cắt xén (clip) vừa ảnh. | Box dòng 2 đã được tự động cắt xén (clip) vừa ảnh. | Box dòng 3 đã được tự động cắt xén (clip) vừa ảnh. | Box dòng 4 đã được tự động cắt xén (clip) vừa ảnh. | Box dòng 5 đã được tự động cắt xén (clip) vừa ảnh. | Box dòng 6 đã được tự động cắt xén (clip) vừa ảnh. | Box dòng 7 đã được tự động cắt xén (clip) vừa ảnh.
RingSpot,/content/drive/MyDrive/Papaya_Leaf_Disease_Classification/BDPapayaLeaf/Original Images/RingSpot/RingSpot(447).jpg,/content/drive/MyDrive/Papaya_Leaf_Disease_Classification/YOLO_Bounding_Box/RingSpot/RingSpot(447).txt,Box dòng 1 đã được tự động cắt xén (clip) vừa ảnh. | Box dòng 2 đã được tự động cắt xén (clip) vừa ảnh. | Box dòng 3 đã được tự động cắt xén (clip) vừa ảnh. | Box dòng 4 đã được tự động cắt xén (clip) vừa ảnh. | Box dòng 5 đã được tự động cắt xén (clip) vừa ảnh. | Box dòng 6 đã được tự động cắt xén (clip) vừa ảnh. | Box dòng 7 đã được tự động cắt xén (clip) vừa ảnh.
RingSpot,/content/drive/MyDrive/Papaya_Leaf_Disease_Classification/BDPapayaLeaf/Original Images/RingSpot/RingSpot(448).jpg,/content/drive/MyDrive/Papaya_Leaf_Disease_Classification/YOLO_Bounding_Box/RingSpot/RingSpot(448).txt,Box dòng 1 đã được tự động cắt xén (clip) vừa ảnh. | Box dòng 3 đã được tự động cắt xén (clip) vừa ảnh. | Box dòng 4 đã được tự động cắt xén (clip) vừa ảnh.
RingSpot,/content/drive/MyDrive/Papaya_Leaf_Disease_Classification/BDPapayaLeaf/Original Images/RingSpot/RingSpot(449).jpg,/content/drive/MyDrive/Papaya_Leaf_Disease_Classification/YOLO_Bounding_Box/RingSpot/RingSpot(449).txt,Box dòng 1 đã được tự động cắt xén (clip) vừa ảnh. | Box dòng 3 đã được tự động cắt xén (clip) vừa ảnh. | Box dòng 4 đã được tự động cắt xén (clip) vừa ảnh.
RingSpot,/content/drive/MyDrive/Papaya_Leaf_Disease_Classification/BDPapayaLeaf/Original Images/RingSpot/RingSpot(45).jpg,/content/drive/MyDrive/Papaya_Leaf_Disease_Classification/YOLO_Bounding_Box/RingSpot/RingSpot(45).txt,Box dòng 1 đã được tự động cắt xén (clip) vừa ảnh. | Box dòng 2 đã được tự động cắt xén (clip) vừa ảnh. | Box dòng 3 đã được tự động cắt xén (clip) vừa ảnh. | Box dòng 4 đã được tự động cắt xén (clip) vừa ảnh.
RingSpot,/content/drive/MyDrive/Papaya_Leaf_Disease_Classification/BDPapayaLeaf/Original Images/RingSpot/RingSpot(450).jpg,/content/drive/MyDrive/Papaya_Leaf_Disease_Classification/YOLO_Bounding_Box/RingSpot/RingSpot(450).txt,Box dòng 1 đã được tự động cắt xén (clip) vừa ảnh. | Box dòng 2 đã được tự động cắt xén (clip) vừa ảnh. | Box dòng 3 đã được tự động cắt xén (clip) vừa ảnh. | Box dòng 4 đã được tự động cắt xén (clip) vừa ảnh. | Box dòng 5 đã được tự động cắt xén (clip) vừa ảnh. | Box dòng 6 đã được tự động cắt xén (clip) vừa ảnh.
RingSpot,/content/drive/MyDrive/Papaya_Leaf_Disease_Classification/BDPapayaLeaf/Original Images/RingSpot/RingSpot(451).jpg,/content/drive/MyDrive/Papaya_Leaf_Disease_Classification/YOLO_Bounding_Box/RingSpot/RingSpot(451).txt,Box dòng 1 đã được tự động cắt xén (clip) vừa ảnh. | Box dòng 2 đã được tự động cắt xén (clip) vừa ảnh. | Box dòng 3 đã được tự động cắt xén (clip) vừa ảnh. | Box dòng 4 đã được tự động cắt xén (clip) vừa ảnh. | Box dòng 5 đã được tự động cắt xén (clip) vừa ảnh. | Box dòng 6 đã được tự động cắt xén (clip) vừa ảnh.
RingSpot,/content/drive/MyDrive/Papaya_Leaf_Disease_Classification/BDPapayaLeaf/Original Images/RingSpot/RingSpot(452).jpg,/content/drive/MyDrive/Papaya_Leaf_Disease_Classification/YOLO_Bounding_Box/RingSpot/RingSpot(452).txt,Box dòng 1 đã được tự động cắt xén (clip) vừa ảnh. | Box dòng 2 đã được tự động cắt xén (clip) vừa ảnh. | Box dòng 3 đã được tự động cắt xén (clip) vừa ảnh. | Box dòng 4 đã được tự động cắt xén (clip) vừa ảnh. | Box dòng 5 đã được tự động cắt xén (clip) vừa ảnh. | Box dòng 6 đã được tự động cắt xén (clip) vừa ảnh. | Box dòng 7 đã được tự động cắt xén (clip) vừa ảnh. | Box dòng 8 đã được tự động cắt xén (clip) vừa ảnh.
RingSpot,/content/drive/MyDrive/Papaya_Leaf_Disease_Classification/BDPapayaLeaf/Original Images/RingSpot/RingSpot(453).jpg,/content/drive/MyDrive/Papaya_Leaf_Disease_Classification/YOLO_Bounding_Box/RingSpot/RingSpot(453).txt,Box dòng 1 đã được tự động cắt xén (clip) vừa ảnh. | Box dòng 2 đã được tự động cắt xén (clip) vừa ảnh. | Box dòng 3 đã được tự động cắt xén (clip) vừa ảnh. | Box dòng 4 đã được tự động cắt xén (clip) vừa ảnh. | Box dòng 5 đã được tự động cắt xén (clip) vừa ảnh. | Box dòng 6 đã được tự động cắt xén (clip) vừa ảnh. | Box dòng 7 đã được tự động cắt xén (clip) vừa ảnh. | Box dòng 8 đã được tự động cắt xén (clip) vừa ảnh.
RingSpot,/content/drive/MyDrive/Papaya_Leaf_Disease_Classification/BDPapayaLeaf/Original Images/RingSpot/RingSpot(454).jpg,/content/drive/MyDrive/Papaya_Leaf_Disease_Classification/YOLO_Bounding_Box/RingSpot/RingSpot(454).txt,Box dòng 1 đã được tự động cắt xén (clip) vừa ảnh.
RingSpot,/content/drive/MyDrive/Papaya_Leaf_Disease_Classification/BDPapayaLeaf/Original Images/RingSpot/RingSpot(455).jpg,/content/drive/MyDrive/Papaya_Leaf_Disease_Classification/YOLO_Bounding_Box/RingSpot/RingSpot(455).txt,Box dòng 1 đã được tự động cắt xén (clip) vừa ảnh. | Box dòng 2 đã được tự động cắt xén (clip) vừa ảnh. | Box dòng 3 đã được tự động cắt xén (clip) vừa ảnh. | Box dòng 4 đã được tự động cắt xén (clip) vừa ảnh. | Box dòng 5 đã được tự động cắt xén (clip) vừa ảnh. | Box dòng 6 đã được tự động cắt xén (clip) vừa ảnh. | Box dòng 7 đã được tự động cắt xén (clip) vừa ảnh. | Box dòng 8 đã được tự động cắt xén (clip) vừa ảnh. | Box dòng 9 đã được tự động cắt xén (clip) vừa ảnh. | Box dòng 10 đã được tự động cắt xén (clip) vừa ảnh. | Box dòng 11 đã được tự động cắt xén (clip) vừa ảnh. | Box dòng 12 đã được tự động cắt xén (clip) vừa ảnh. | Box dòng 13 đã được tự động cắt xén (clip) vừa ảnh. | Box dòng 14 đã được tự động cắt xén (clip) vừa ảnh. | Box dòng 15 đã được tự động cắt xén (clip) vừa ảnh. | Box dòng 16 đã được tự động cắt xén (clip) vừa ảnh. | Box dòng 17 đã được tự động cắt xén (clip) vừa ảnh. | Box dòng 18 đã được tự động cắt xén (clip) vừa ảnh. | Box dòng 19 đã được tự động cắt xén (clip) vừa ảnh. | Box dòng 20 đã được tự động cắt xén (clip) vừa ảnh. | Box dòng 21 đã được tự động cắt xén (clip) vừa ảnh. | Box dòng 22 đã được tự động cắt xén (clip) vừa ảnh. | Box dòng 23 đã được tự động cắt xén (clip) vừa ảnh. | Box dòng 24 đã được tự động cắt xén (clip) vừa ảnh. | Box dòng 25 đã được tự động cắt xén (clip) vừa ảnh. | Box dòng 26 đã được tự động cắt xén (clip) vừa ảnh. | Box dòng 27 đã được tự động cắt xén (clip) vừa ảnh. | Box dòng 28 đã được tự động cắt xén (clip) vừa ảnh. | Box dòng 29 đã được tự động cắt xén (clip) vừa ảnh. | Box dòng 30 đã được tự động cắt xén (clip) vừa ảnh. | Box dòng 31 đã được tự động cắt xén (clip) vừa ảnh. | Box dòng 32 đã được tự động cắt xén (clip) vừa ảnh.
RingSpot,/content/drive/MyDrive/Papaya_Leaf_Disease_Classification/BDPapayaLeaf/Original Images/RingSpot/RingSpot(456).jpg,/content/drive/MyDrive/Papaya_Leaf_Disease_Classification/YOLO_Bounding_Box/RingSpot/RingSpot(456).txt,Box dòng 1 đã được tự động cắt xén (clip) vừa ảnh. | Box dòng 2 đã được tự động cắt xén (clip) vừa ảnh. | Box dòng 3 đã được tự động cắt xén (clip) vừa ảnh. | Box dòng 4 đã được tự động cắt xén (clip) vừa ảnh. | Box dòng 5 đã được tự động cắt xén (clip) vừa ảnh. | Box dòng 6 đã được tự động cắt xén (clip) vừa ảnh.
RingSpot,/content/drive/MyDrive/Papaya_Leaf_Disease_Classification/BDPapayaLeaf/Original Images/RingSpot/RingSpot(457).jpg,/content/drive/MyDrive/Papaya_Leaf_Disease_Classification/YOLO_Bounding_Box/RingSpot/RingSpot(457).txt,Box dòng 1 đã được tự động cắt xén (clip) vừa ảnh. | Box dòng 2 đã được tự động cắt xén (clip) vừa ảnh.
RingSpot,/content/drive/MyDrive/Papaya_Leaf_Disease_Classification/BDPapayaLeaf/Original Images/RingSpot/RingSpot(458).jpg,/content/drive/MyDrive/Papaya_Leaf_Disease_Classification/YOLO_Bounding_Box/RingSpot/RingSpot(458).txt,Box dòng 1 đã được tự động cắt xén (clip) vừa ảnh.
RingSpot,/content/drive/MyDrive/Papaya_Leaf_Disease_Classification/BDPapayaLeaf/Original Images/RingSpot/RingSpot(459).jpg,/content/drive/MyDrive/Papaya_Leaf_Disease_Classification/YOLO_Bounding_Box/RingSpot/RingSpot(459).txt,Box dòng 1 đã được tự động cắt xén (clip) vừa ảnh.
RingSpot,/content/drive/MyDrive/Papaya_Leaf_Disease_Classification/BDPapayaLeaf/Original Images/RingSpot/RingSpot(46).jpg,/content/drive/MyDrive/Papaya_Leaf_Disease_Classification/YOLO_Bounding_Box/RingSpot/RingSpot(46).txt,Box dòng 1 đã được tự động cắt xén (clip) vừa ảnh.
RingSpot,/content/drive/MyDrive/Papaya_Leaf_Disease_Classification/BDPapayaLeaf/Original Images/RingSpot/RingSpot(460).jpg,/content/drive/MyDrive/Papaya_Leaf_Disease_Classification/YOLO_Bounding_Box/RingSpot/RingSpot(460).txt,Box dòng 1 đã được tự động cắt xén (clip) vừa ảnh.
RingSpot,/content/drive/MyDrive/Papaya_Leaf_Disease_Classification/BDPapayaLeaf/Original Images/RingSpot/RingSpot(461).jpg,/content/drive/MyDrive/Papaya_Leaf_Disease_Classification/YOLO_Bounding_Box/RingSpot/RingSpot(461).txt,Box dòng 1 đã được tự động cắt xén (clip) vừa ảnh.
RingSpot,/content/drive/MyDrive/Papaya_Leaf_Disease_Classification/BDPapayaLeaf/Original Images/RingSpot/RingSpot(462).jpg,/content/drive/MyDrive/Papaya_Leaf_Disease_Classification/YOLO_Bounding_Box/RingSpot/RingSpot(462).txt,Box dòng 1 đã được tự động cắt xén (clip) vừa ảnh.
RingSpot,/content/drive/MyDrive/Papaya_Leaf_Disease_Classification/BDPapayaLeaf/Original Images/RingSpot/RingSpot(463).jpg,/content/drive/MyDrive/Papaya_Leaf_Disease_Classification/YOLO_Bounding_Box/RingSpot/RingSpot(463).txt,Box dòng 1 đã được tự động cắt xén (clip) vừa ảnh. | Box dòng 2 đã được tự động cắt xén (clip) vừa ảnh. | Box dòng 3 đã được tự động cắt xén (clip) vừa ảnh. | Box dòng 4 đã được tự động cắt xén (clip) vừa ảnh. | Box dòng 5 đã được tự động cắt xén (clip) vừa ảnh.
RingSpot,/content/drive/MyDrive/Papaya_Leaf_Disease_Classification/BDPapayaLeaf/Original Images/RingSpot/RingSpot(464).jpg,/content/drive/MyDrive/Papaya_Leaf_Disease_Classification/YOLO_Bounding_Box/RingSpot/RingSpot(464).txt,Box dòng 1 đã được tự động cắt xén (clip) vừa ảnh. | Box dòng 2 đã được tự động cắt xén (clip) vừa ảnh. | Box dòng 3 đã được tự động cắt xén (clip) vừa ảnh. | Box dòng 4 đã được tự động cắt xén (clip) vừa ảnh. | Box dòng 5 đã được tự động cắt xén (clip) vừa ảnh.
RingSpot,/content/drive/MyDrive/Papaya_Leaf_Disease_Classification/BDPapayaLeaf/Original Images/RingSpot/RingSpot(465).jpg,/content/drive/MyDrive/Papaya_Leaf_Disease_Classification/YOLO_Bounding_Box/RingSpot/RingSpot(465).txt,Box dòng 1 đã được tự động cắt xén (clip) vừa ảnh.
RingSpot,/content/drive/MyDrive/Papaya_Leaf_Disease_Classification/BDPapayaLeaf/Original Images/RingSpot/RingSpot(466).jpg,/content/drive/MyDrive/Papaya_Leaf_Disease_Classification/YOLO_Bounding_Box/RingSpot/RingSpot(466).txt,Box dòng 1 đã được tự động cắt xén (clip) vừa ảnh.
RingSpot,/content/drive/MyDrive/Papaya_Leaf_Disease_Classification/BDPapayaLeaf/Original Images/RingSpot/RingSpot(467).jpg,/content/drive/MyDrive/Papaya_Leaf_Disease_Classification/YOLO_Bounding_Box/RingSpot/RingSpot(467).txt,Box dòng 1 đã được tự động cắt xén (clip) vừa ảnh. | Box dòng 2 đã được tự động cắt xén (clip) vừa ảnh.
RingSpot,/content/drive/MyDrive/Papaya_Leaf_Disease_Classification/BDPapayaLeaf/Original Images/RingSpot/RingSpot(468).jpg,/content/drive/MyDrive/Papaya_Leaf_Disease_Classification/YOLO_Bounding_Box/RingSpot/RingSpot(468).txt,Box dòng 1 đã được tự động cắt xén (clip) vừa ảnh. | Box dòng 2 đã được tự động cắt xén (clip) vừa ảnh.
RingSpot,/content/drive/MyDrive/Papaya_Leaf_Disease_Classification/BDPapayaLeaf/Original Images/RingSpot/RingSpot(469).jpg,/content/drive/MyDrive/Papaya_Leaf_Disease_Classification/YOLO_Bounding_Box/RingSpot/RingSpot(469).txt,Box dòng 1 đã được tự động cắt xén (clip) vừa ảnh. | Box dòng 2 đã được tự động cắt xén (clip) vừa ảnh. | Box dòng 3 đã được tự động cắt xén (clip) vừa ảnh. | Box dòng 4 đã được tự động cắt xén (clip) vừa ảnh.
RingSpot,/content/drive/MyDrive/Papaya_Leaf_Disease_Classification/BDPapayaLeaf/Original Images/RingSpot/RingSpot(47).jpg,/content/drive/MyDrive/Papaya_Leaf_Disease_Classification/YOLO_Bounding_Box/RingSpot/RingSpot(47).txt,Box dòng 1 đã được tự động cắt xén (clip) vừa ảnh. | Box dòng 2 đã được tự động cắt xén (clip) vừa ảnh. | Box dòng 3 đã được tự động cắt xén (clip) vừa ảnh. | Box dòng 4 đã được tự động cắt xén (clip) vừa ảnh.
RingSpot,/content/drive/MyDrive/Papaya_Leaf_Disease_Classification/BDPapayaLeaf/Original Images/RingSpot/RingSpot(470).jpg,/content/drive/MyDrive/Papaya_Leaf_Disease_Classification/YOLO_Bounding_Box/RingSpot/RingSpot(470).txt,Box dòng 1 đã được tự động cắt xén (clip) vừa ảnh. | Box dòng 2 đã được tự động cắt xén (clip) vừa ảnh. | Box dòng 3 đã được tự động cắt xén (clip) vừa ảnh. | Box dòng 4 đã được tự động cắt xén (clip) vừa ảnh.
RingSpot,/content/drive/MyDrive/Papaya_Leaf_Disease_Classification/BDPapayaLeaf/Original Images/RingSpot/RingSpot(471).jpg,/content/drive/MyDrive/Papaya_Leaf_Disease_Classification/YOLO_Bounding_Box/RingSpot/RingSpot(471).txt,Box dòng 2 đã được tự động cắt xén (clip) vừa ảnh. | Box dòng 3 đã được tự động cắt xén (clip) vừa ảnh. | Box dòng 4 đã được tự động cắt xén (clip) vừa ảnh. | Box dòng 5 đã được tự động cắt xén (clip) vừa ảnh. | Box dòng 6 đã được tự động cắt xén (clip) vừa ảnh.
RingSpot,/content/drive/MyDrive/Papaya_Leaf_Disease_Classification/BDPapayaLeaf/Original Images/RingSpot/RingSpot(472).jpg,/content/drive/MyDrive/Papaya_Leaf_Disease_Classification/YOLO_Bounding_Box/RingSpot/RingSpot(472).txt,Box dòng 1 đã được tự động cắt xén (clip) vừa ảnh. | Box dòng 2 đã được tự động cắt xén (clip) vừa ảnh. | Box dòng 3 đã được tự động cắt xén (clip) vừa ảnh.
RingSpot,/content/drive/MyDrive/Papaya_Leaf_Disease_Classification/BDPapayaLeaf/Original Images/RingSpot/RingSpot(473).jpg,/content/drive/MyDrive/Papaya_Leaf_Disease_Classification/YOLO_Bounding_Box/RingSpot/RingSpot(473).txt,Box dòng 1 đã được tự động cắt xén (clip) vừa ảnh. | Box dòng 2 đã được tự động cắt xén (clip) vừa ảnh. | Box dòng 3 đã được tự động cắt xén (clip) vừa ảnh. | Box dòng 4 đã được tự động cắt xén (clip) vừa ảnh. | Box dòng 5 đã được tự động cắt xén (clip) vừa ảnh. | Box dòng 6 đã được tự động cắt xén (clip) vừa ảnh.
RingSpot,/content/drive/MyDrive/Papaya_Leaf_Disease_Classification/BDPapayaLeaf/Original Images/RingSpot/RingSpot(474).jpg,/content/drive/MyDrive/Papaya_Leaf_Disease_Classification/YOLO_Bounding_Box/RingSpot/RingSpot(474).txt,Box dòng 1 đã được tự động cắt xén (clip) vừa ảnh. | Box dòng 2 đã được tự động cắt xén (clip) vừa ảnh. | Box dòng 3 đã được tự động cắt xén (clip) vừa ảnh. | Box dòng 4 đã được tự động cắt xén (clip) vừa ảnh. | Box dòng 5 đã được tự động cắt xén (clip) vừa ảnh. | Box dòng 6 đã được tự động cắt xén (clip) vừa ảnh.
RingSpot,/content/drive/MyDrive/Papaya_Leaf_Disease_Classification/BDPapayaLeaf/Original Images/RingSpot/RingSpot(475).jpg,/content/drive/MyDrive/Papaya_Leaf_Disease_Classification/YOLO_Bounding_Box/RingSpot/RingSpot(475).txt,Box dòng 1 đã được tự động cắt xén (clip) vừa ảnh. | Box dòng 4 đã được tự động cắt xén (clip) vừa ảnh. | Box dòng 5 đã được tự động cắt xén (clip) vừa ảnh.
RingSpot,/content/drive/MyDrive/Papaya_Leaf_Disease_Classification/BDPapayaLeaf/Original Images/RingSpot/RingSpot(476).jpg,/content/drive/MyDrive/Papaya_Leaf_Disease_Classification/YOLO_Bounding_Box/RingSpot/RingSpot(476).txt,Box dòng 1 đã được tự động cắt xén (clip) vừa ảnh. | Box dòng 4 đã được tự động cắt xén (clip) vừa ảnh. | Box dòng 5 đã được tự động cắt xén (clip) vừa ảnh.
RingSpot,/content/drive/MyDrive/Papaya_Leaf_Disease_Classification/BDPapayaLeaf/Original Images/RingSpot/RingSpot(477).jpg,/content/drive/MyDrive/Papaya_Leaf_Disease_Classification/YOLO_Bounding_Box/RingSpot/RingSpot(477).txt,Box dòng 1 đã được tự động cắt xén (clip) vừa ảnh. | Box dòng 2 đã được tự động cắt xén (clip) vừa ảnh. | Box dòng 3 đã được tự động cắt xén (clip) vừa ảnh.
RingSpot,/content/drive/MyDrive/Papaya_Leaf_Disease_Classification/BDPapayaLeaf/Original Images/RingSpot/RingSpot(478).jpg,/content/drive/MyDrive/Papaya_Leaf_Disease_Classification/YOLO_Bounding_Box/RingSpot/RingSpot(478).txt,Box dòng 1 đã được tự động cắt xén (clip) vừa ảnh. | Box dòng 2 đã được tự động cắt xén (clip) vừa ảnh. | Box dòng 3 đã được tự động cắt xén (clip) vừa ảnh. | Box dòng 4 đã được tự động cắt xén (clip) vừa ảnh. | Box dòng 5 đã được tự động cắt xén (clip) vừa ảnh. | Box dòng 6 đã được tự động cắt xén (clip) vừa ảnh. | Box dòng 7 đã được tự động cắt xén (clip) vừa ảnh. | Box dòng 9 đã được tự động cắt xén (clip) vừa ảnh.
RingSpot,/content/drive/MyDrive/Papaya_Leaf_Disease_Classification/BDPapayaLeaf/Original Images/RingSpot/RingSpot(479).jpg,/content/drive/MyDrive/Papaya_Leaf_Disease_Classification/YOLO_Bounding_Box/RingSpot/RingSpot(479).txt,Box dòng 1 đã được tự động cắt xén (clip) vừa ảnh. | Box dòng 2 đã được tự động cắt xén (clip) vừa ảnh. | Box dòng 3 đã được tự động cắt xén (clip) vừa ảnh. | Box dòng 4 đã được tự động cắt xén (clip) vừa ảnh. | Box dòng 5 đã được tự động cắt xén (clip) vừa ảnh. | Box dòng 6 đã được tự động cắt xén (clip) vừa ảnh. | Box dòng 7 đã được tự động cắt xén (clip) vừa ảnh. | Box dòng 9 đã được tự động cắt xén (clip) vừa ảnh.
RingSpot,/content/drive/MyDrive/Papaya_Leaf_Disease_Classification/BDPapayaLeaf/Original Images/RingSpot/RingSpot(48).jpg,/content/drive/MyDrive/Papaya_Leaf_Disease_Classification/YOLO_Bounding_Box/RingSpot/RingSpot(48).txt,Box dòng 1 đã được tự động cắt xén (clip) vừa ảnh. | Box dòng 2 đã được tự động cắt xén (clip) vừa ảnh.
RingSpot,/content/drive/MyDrive/Papaya_Leaf_Disease_Classification/BDPapayaLeaf/Original Images/RingSpot/RingSpot(480).jpg,/content/drive/MyDrive/Papaya_Leaf_Disease_Classification/YOLO_Bounding_Box/RingSpot/RingSpot(480).txt,Box dòng 1 đã được tự động cắt xén (clip) vừa ảnh. | Box dòng 2 đã được tự động cắt xén (clip) vừa ảnh. | Box dòng 3 đã được tự động cắt xén (clip) vừa ảnh. | Box dòng 4 đã được tự động cắt xén (clip) vừa ảnh. | Box dòng 5 đã được tự động cắt xén (clip) vừa ảnh.
RingSpot,/content/drive/MyDrive/Papaya_Leaf_Disease_Classification/BDPapayaLeaf/Original Images/RingSpot/RingSpot(481).jpg,/content/drive/MyDrive/Papaya_Leaf_Disease_Classification/YOLO_Bounding_Box/RingSpot/RingSpot(481).txt,Box dòng 1 đã được tự động cắt xén (clip) vừa ảnh. | Box dòng 2 đã được tự động cắt xén (clip) vừa ảnh. | Box dòng 3 đã được tự động cắt xén (clip) vừa ảnh. | Box dòng 4 đã được tự động cắt xén (clip) vừa ảnh. | Box dòng 5 đã được tự động cắt xén (clip) vừa ảnh.
RingSpot,/content/drive/MyDrive/Papaya_Leaf_Disease_Classification/BDPapayaLeaf/Original Images/RingSpot/RingSpot(482).jpg,/content/drive/MyDrive/Papaya_Leaf_Disease_Classification/YOLO_Bounding_Box/RingSpot/RingSpot(482).txt,Box dòng 1 đã được tự động cắt xén (clip) vừa ảnh. | Box dòng 2 đã được tự động cắt xén (clip) vừa ảnh. | Box dòng 3 đã được tự động cắt xén (clip) vừa ảnh. | Box dòng 4 đã được tự động cắt xén (clip) vừa ảnh.
RingSpot,/content/drive/MyDrive/Papaya_Leaf_Disease_Classification/BDPapayaLeaf/Original Images/RingSpot/RingSpot(483).jpg,/content/drive/MyDrive/Papaya_Leaf_Disease_Classification/YOLO_Bounding_Box/RingSpot/RingSpot(483).txt,Box dòng 1 đã được tự động cắt xén (clip) vừa ảnh. | Box dòng 2 đã được tự động cắt xén (clip) vừa ảnh. | Box dòng 3 đã được tự động cắt xén (clip) vừa ảnh. | Box dòng 4 đã được tự động cắt xén (clip) vừa ảnh.
RingSpot,/content/drive/MyDrive/Papaya_Leaf_Disease_Classification/BDPapayaLeaf/Original Images/RingSpot/RingSpot(484).jpg,/content/drive/MyDrive/Papaya_Leaf_Disease_Classification/YOLO_Bounding_Box/RingSpot/RingSpot(484).txt,Box dòng 1 đã được tự động cắt xén (clip) vừa ảnh.
RingSpot,/content/drive/MyDrive/Papaya_Leaf_Disease_Classification/BDPapayaLeaf/Original Images/RingSpot/RingSpot(485).jpg,/content/drive/MyDrive/Papaya_Leaf_Disease_Classification/YOLO_Bounding_Box/RingSpot/RingSpot(485).txt,Box dòng 1 đã được tự động cắt xén (clip) vừa ảnh.
RingSpot,/content/drive/MyDrive/Papaya_Leaf_Disease_Classification/BDPapayaLeaf/Original Images/RingSpot/RingSpot(486).jpg,/content/drive/MyDrive/Papaya_Leaf_Disease_Classification/YOLO_Bounding_Box/RingSpot/RingSpot(486).txt,Box dòng 1 đã được tự động cắt xén (clip) vừa ảnh. | Box dòng 2 đã được tự động cắt xén (clip) vừa ảnh. | Box dòng 3 đã được tự động cắt xén (clip) vừa ảnh. | Box dòng 4 đã được tự động cắt xén (clip) vừa ảnh.
RingSpot,/content/drive/MyDrive/Papaya_Leaf_Disease_Classification/BDPapayaLeaf/Original Images/RingSpot/RingSpot(487).jpg,/content/drive/MyDrive/Papaya_Leaf_Disease_Classification/YOLO_Bounding_Box/RingSpot/RingSpot(487).txt,Box dòng 1 đã được tự động cắt xén (clip) vừa ảnh. | Box dòng 2 đã được tự động cắt xén (clip) vừa ảnh. | Box dòng 3 đã được tự động cắt xén (clip) vừa ảnh. | Box dòng 4 đã được tự động cắt xén (clip) vừa ảnh.
RingSpot,/content/drive/MyDrive/Papaya_Leaf_Disease_Classification/BDPapayaLeaf/Original Images/RingSpot/RingSpot(488).jpg,/content/drive/MyDrive/Papaya_Leaf_Disease_Classification/YOLO_Bounding_Box/RingSpot/RingSpot(488).txt,Box dòng 1 đã được tự động cắt xén (clip) vừa ảnh. | Box dòng 2 đã được tự động cắt xén (clip) vừa ảnh.
RingSpot,/content/drive/MyDrive/Papaya_Leaf_Disease_Classification/BDPapayaLeaf/Original Images/RingSpot/RingSpot(489).jpg,/content/drive/MyDrive/Papaya_Leaf_Disease_Classification/YOLO_Bounding_Box/RingSpot/RingSpot(489).txt,Box dòng 1 đã được tự động cắt xén (clip) vừa ảnh. | Box dòng 2 đã được tự động cắt xén (clip) vừa ảnh.
RingSpot,/content/drive/MyDrive/Papaya_Leaf_Disease_Classification/BDPapayaLeaf/Original Images/RingSpot/RingSpot(49).jpg,/content/drive/MyDrive/Papaya_Leaf_Disease_Classification/YOLO_Bounding_Box/RingSpot/RingSpot(49).txt,Box dòng 1 đã được tự động cắt xén (clip) vừa ảnh. | Box dòng 2 đã được tự động cắt xén (clip) vừa ảnh. | Box dòng 3 đã được tự động cắt xén (clip) vừa ảnh. | Box dòng 4 đã được tự động cắt xén (clip) vừa ảnh. | Box dòng 5 đã được tự động cắt xén (clip) vừa ảnh. | Box dòng 6 đã được tự động cắt xén (clip) vừa ảnh. | Box dòng 7 đã được tự động cắt xén (clip) vừa ảnh. | Box dòng 8 đã được tự động cắt xén (clip) vừa ảnh. | Box dòng 9 đã được tự động cắt xén (clip) vừa ảnh. | Box dòng 10 đã được tự động cắt xén (clip) vừa ảnh. | Box dòng 11 đã được tự động cắt xén (clip) vừa ảnh.
RingSpot,/content/drive/MyDrive/Papaya_Leaf_Disease_Classification/BDPapayaLeaf/Original Images/RingSpot/RingSpot(491).jpg,/content/drive/MyDrive/Papaya_Leaf_Disease_Classification/YOLO_Bounding_Box/RingSpot/RingSpot(491).txt,Box dòng 1 đã được tự động cắt xén (clip) vừa ảnh.
RingSpot,/content/drive/MyDrive/Papaya_Leaf_Disease_Classification/BDPapayaLeaf/Original Images/RingSpot/RingSpot(492).jpg,/content/drive/MyDrive/Papaya_Leaf_Disease_Classification/YOLO_Bounding_Box/RingSpot/RingSpot(492).txt,Box dòng 1 đã được tự động cắt xén (clip) vừa ảnh. | Box dòng 2 đã được tự động cắt xén (clip) vừa ảnh. | Box dòng 3 đã được tự động cắt xén (clip) vừa ảnh.
RingSpot,/content/drive/MyDrive/Papaya_Leaf_Disease_Classification/BDPapayaLeaf/Original Images/RingSpot/RingSpot(493).jpg,/content/drive/MyDrive/Papaya_Leaf_Disease_Classification/YOLO_Bounding_Box/RingSpot/RingSpot(493).txt,Box dòng 1 đã được tự động cắt xén (clip) vừa ảnh. | Box dòng 2 đã được tự động cắt xén (clip) vừa ảnh. | Box dòng 3 đã được tự động cắt xén (clip) vừa ảnh.
RingSpot,/content/drive/MyDrive/Papaya_Leaf_Disease_Classification/BDPapayaLeaf/Original Images/RingSpot/RingSpot(494).jpg,/content/drive/MyDrive/Papaya_Leaf_Disease_Classification/YOLO_Bounding_Box/RingSpot/RingSpot(494).txt,Box dòng 1 đã được tự động cắt xén (clip) vừa ảnh. | Box dòng 2 đã được tự động cắt xén (clip) vừa ảnh. | Box dòng 3 đã được tự động cắt xén (clip) vừa ảnh.
RingSpot,/content/drive/MyDrive/Papaya_Leaf_Disease_Classification/BDPapayaLeaf/Original Images/RingSpot/RingSpot(495).jpg,/content/drive/MyDrive/Papaya_Leaf_Disease_Classification/YOLO_Bounding_Box/RingSpot/RingSpot(495).txt,Box dòng 1 đã được tự động cắt xén (clip) vừa ảnh. | Box dòng 2 đã được tự động cắt xén (clip) vừa ảnh. | Box dòng 3 đã được tự động cắt xén (clip) vừa ảnh.
RingSpot,/content/drive/MyDrive/Papaya_Leaf_Disease_Classification/BDPapayaLeaf/Original Images/RingSpot/RingSpot(496).jpg,/content/drive/MyDrive/Papaya_Leaf_Disease_Classification/YOLO_Bounding_Box/RingSpot/RingSpot(496).txt,Box dòng 1 đã được tự động cắt xén (clip) vừa ảnh. | Box dòng 2 đã được tự động cắt xén (clip) vừa ảnh.
RingSpot,/content/drive/MyDrive/Papaya_Leaf_Disease_Classification/BDPapayaLeaf/Original Images/RingSpot/RingSpot(497).jpg,/content/drive/MyDrive/Papaya_Leaf_Disease_Classification/YOLO_Bounding_Box/RingSpot/RingSpot(497).txt,Box dòng 1 đã được tự động cắt xén (clip) vừa ảnh. | Box dòng 2 đã được tự động cắt xén (clip) vừa ảnh. | Box dòng 3 đã được tự động cắt xén (clip) vừa ảnh.
RingSpot,/content/drive/MyDrive/Papaya_Leaf_Disease_Classification/BDPapayaLeaf/Original Images/RingSpot/RingSpot(498).jpg,/content/drive/MyDrive/Papaya_Leaf_Disease_Classification/YOLO_Bounding_Box/RingSpot/RingSpot(498).txt,Box dòng 1 đã được tự động cắt xén (clip) vừa ảnh. | Box dòng 2 đã được tự động cắt xén (clip) vừa ảnh. | Box dòng 3 đã được tự động cắt xén (clip) vừa ảnh.
RingSpot,/content/drive/MyDrive/Papaya_Leaf_Disease_Classification/BDPapayaLeaf/Original Images/RingSpot/RingSpot(499).jpg,/content/drive/MyDrive/Papaya_Leaf_Disease_Classification/YOLO_Bounding_Box/RingSpot/RingSpot(499).txt,Box dòng 1 đã được tự động cắt xén (clip) vừa ảnh. | Box dòng 2 đã được tự động cắt xén (clip) vừa ảnh.
RingSpot,/content/drive/MyDrive/Papaya_Leaf_Disease_Classification/BDPapayaLeaf/Original Images/RingSpot/RingSpot(5).jpg,/content/drive/MyDrive/Papaya_Leaf_Disease_Classification/YOLO_Bounding_Box/RingSpot/RingSpot(5).txt,Box dòng 1 đã được tự động cắt xén (clip) vừa ảnh. | Box dòng 2 đã được tự động cắt xén (clip) vừa ảnh. | Box dòng 3 đã được tự động cắt xén (clip) vừa ảnh. | Box dòng 4 đã được tự động cắt xén (clip) vừa ảnh. | Box dòng 5 đã được tự động cắt xén (clip) vừa ảnh. | Box dòng 6 đã được tự động cắt xén (clip) vừa ảnh. | Box dòng 7 đã được tự động cắt xén (clip) vừa ảnh. | Box dòng 8 đã được tự động cắt xén (clip) vừa ảnh.
RingSpot,/content/drive/MyDrive/Papaya_Leaf_Disease_Classification/BDPapayaLeaf/Original Images/RingSpot/RingSpot(50).jpg,/content/drive/MyDrive/Papaya_Leaf_Disease_Classification/YOLO_Bounding_Box/RingSpot/RingSpot(50).txt,Box dòng 1 đã được tự động cắt xén (clip) vừa ảnh. | Box dòng 2 đã được tự động cắt xén (clip) vừa ảnh. | Box dòng 3 đã được tự động cắt xén (clip) vừa ảnh. | Box dòng 4 đã được tự động cắt xén (clip) vừa ảnh. | Box dòng 5 đã được tự động cắt xén (clip) vừa ảnh. | Box dòng 6 đã được tự động cắt xén (clip) vừa ảnh. | Box dòng 7 đã được tự động cắt xén (clip) vừa ảnh. | Box dòng 8 đã được tự động cắt xén (clip) vừa ảnh. | Box dòng 9 đã được tự động cắt xén (clip) vừa ảnh. | Box dòng 10 đã được tự động cắt xén (clip) vừa ảnh.
RingSpot,/content/drive/MyDrive/Papaya_Leaf_Disease_Classification/BDPapayaLeaf/Original Images/RingSpot/RingSpot(500).jpg,/content/drive/MyDrive/Papaya_Leaf_Disease_Classification/YOLO_Bounding_Box/RingSpot/RingSpot(500).txt,Box dòng 1 đã được tự động cắt xén (clip) vừa ảnh. | Box dòng 2 đã được tự động cắt xén (clip) vừa ảnh.
RingSpot,/content/drive/MyDrive/Papaya_Leaf_Disease_Classification/BDPapayaLeaf/Original Images/RingSpot/RingSpot(501).jpg,/content/drive/MyDrive/Papaya_Leaf_Disease_Classification/YOLO_Bounding_Box/RingSpot/RingSpot(501).txt,Box dòng 1 đã được tự động cắt xén (clip) vừa ảnh. | Box dòng 2 đã được tự động cắt xén (clip) vừa ảnh. | Box dòng 3 đã được tự động cắt xén (clip) vừa ảnh. | Box dòng 5 đã được tự động cắt xén (clip) vừa ảnh.
RingSpot,/content/drive/MyDrive/Papaya_Leaf_Disease_Classification/BDPapayaLeaf/Original Images/RingSpot/RingSpot(502).jpg,/content/drive/MyDrive/Papaya_Leaf_Disease_Classification/YOLO_Bounding_Box/RingSpot/RingSpot(502).txt,Box dòng 1 đã được tự động cắt xén (clip) vừa ảnh. | Box dòng 2 đã được tự động cắt xén (clip) vừa ảnh. | Box dòng 3 đã được tự động cắt xén (clip) vừa ảnh. | Box dòng 5 đã được tự động cắt xén (clip) vừa ảnh.
RingSpot,/content/drive/MyDrive/Papaya_Leaf_Disease_Classification/BDPapayaLeaf/Original Images/RingSpot/RingSpot(503).jpg,/content/drive/MyDrive/Papaya_Leaf_Disease_Classification/YOLO_Bounding_Box/RingSpot/RingSpot(503).txt,Box dòng 1 đã được tự động cắt xén (clip) vừa ảnh. | Box dòng 3 đã được tự động cắt xén (clip) vừa ảnh. | Box dòng 4 đã được tự động cắt xén (clip) vừa ảnh.
RingSpot,/content/drive/MyDrive/Papaya_Leaf_Disease_Classification/BDPapayaLeaf/Original Images/RingSpot/RingSpot(504).jpg,/content/drive/MyDrive/Papaya_Leaf_Disease_Classification/YOLO_Bounding_Box/RingSpot/RingSpot(504).txt,Box dòng 1 đã được tự động cắt xén (clip) vừa ảnh. | Box dòng 3 đã được tự động cắt xén (clip) vừa ảnh. | Box dòng 4 đã được tự động cắt xén (clip) vừa ảnh.
RingSpot,/content/drive/MyDrive/Papaya_Leaf_Disease_Classification/BDPapayaLeaf/Original Images/RingSpot/RingSpot(505).jpg,/content/drive/MyDrive/Papaya_Leaf_Disease_Classification/YOLO_Bounding_Box/RingSpot/RingSpot(505).txt,Box dòng 1 đã được tự động cắt xén (clip) vừa ảnh.
RingSpot,/content/drive/MyDrive/Papaya_Leaf_Disease_Classification/BDPapayaLeaf/Original Images/RingSpot/RingSpot(506).jpg,/content/drive/MyDrive/Papaya_Leaf_Disease_Classification/YOLO_Bounding_Box/RingSpot/RingSpot(506).txt,Box dòng 1 đã được tự động cắt xén (clip) vừa ảnh.
RingSpot,/content/drive/MyDrive/Papaya_Leaf_Disease_Classification/BDPapayaLeaf/Original Images/RingSpot/RingSpot(507).jpg,/content/drive/MyDrive/Papaya_Leaf_Disease_Classification/YOLO_Bounding_Box/RingSpot/RingSpot(507).txt,Box dòng 1 đã được tự động cắt xén (clip) vừa ảnh. | Box dòng 2 đã được tự động cắt xén (clip) vừa ảnh. | Box dòng 3 đã được tự động cắt xén (clip) vừa ảnh. | Box dòng 4 đã được tự động cắt xén (clip) vừa ảnh. | Box dòng 5 đã được tự động cắt xén (clip) vừa ảnh. | Box dòng 6 đã được tự động cắt xén (clip) vừa ảnh.
RingSpot,/content/drive/MyDrive/Papaya_Leaf_Disease_Classification/BDPapayaLeaf/Original Images/RingSpot/RingSpot(508).jpg,/content/drive/MyDrive/Papaya_Leaf_Disease_Classification/YOLO_Bounding_Box/RingSpot/RingSpot(508).txt,Box dòng 1 đã được tự động cắt xén (clip) vừa ảnh. | Box dòng 2 đã được tự động cắt xén (clip) vừa ảnh. | Box dòng 3 đã được tự động cắt xén (clip) vừa ảnh. | Box dòng 4 đã được tự động cắt xén (clip) vừa ảnh. | Box dòng 5 đã được tự động cắt xén (clip) vừa ảnh. | Box dòng 6 đã được tự động cắt xén (clip) vừa ảnh.
RingSpot,/content/drive/MyDrive/Papaya_Leaf_Disease_Classification/BDPapayaLeaf/Original Images/RingSpot/RingSpot(509).jpg,/content/drive/MyDrive/Papaya_Leaf_Disease_Classification/YOLO_Bounding_Box/RingSpot/RingSpot(509).txt,Box dòng 1 đã được tự động cắt xén (clip) vừa ảnh.
RingSpot,/content/drive/MyDrive/Papaya_Leaf_Disease_Classification/BDPapayaLeaf/Original Images/RingSpot/RingSpot(51).jpg,/content/drive/MyDrive/Papaya_Leaf_Disease_Classification/YOLO_Bounding_Box/RingSpot/RingSpot(51).txt,Box dòng 1 đã được tự động cắt xén (clip) vừa ảnh. | Box dòng 2 đã được tự động cắt xén (clip) vừa ảnh. | Box dòng 3 đã được tự động cắt xén (clip) vừa ảnh. | Box dòng 4 đã được tự động cắt xén (clip) vừa ảnh. | Box dòng 5 đã được tự động cắt xén (clip) vừa ảnh. | Box dòng 6 đã được tự động cắt xén (clip) vừa ảnh.
RingSpot,/content/drive/MyDrive/Papaya_Leaf_Disease_Classification/BDPapayaLeaf/Original Images/RingSpot/RingSpot(510).jpg,/content/drive/MyDrive/Papaya_Leaf_Disease_Classification/YOLO_Bounding_Box/RingSpot/RingSpot(510).txt,Box dòng 1 đã được tự động cắt xén (clip) vừa ảnh. | Box dòng 2 đã được tự động cắt xén (clip) vừa ảnh. | Box dòng 3 đã được tự động cắt xén (clip) vừa ảnh.
RingSpot,/content/drive/MyDrive/Papaya_Leaf_Disease_Classification/BDPapayaLeaf/Original Images/RingSpot/RingSpot(511).jpg,/content/drive/MyDrive/Papaya_Leaf_Disease_Classification/YOLO_Bounding_Box/RingSpot/RingSpot(511).txt,Box dòng 1 đã được tự động cắt xén (clip) vừa ảnh.
RingSpot,/content/drive/MyDrive/Papaya_Leaf_Disease_Classification/BDPapayaLeaf/Original Images/RingSpot/RingSpot(512).jpg,/content/drive/MyDrive/Papaya_Leaf_Disease_Classification/YOLO_Bounding_Box/RingSpot/RingSpot(512).txt,Box dòng 1 đã được tự động cắt xén (clip) vừa ảnh.
RingSpot,/content/drive/MyDrive/Papaya_Leaf_Disease_Classification/BDPapayaLeaf/Original Images/RingSpot/RingSpot(513).jpg,/content/drive/MyDrive/Papaya_Leaf_Disease_Classification/YOLO_Bounding_Box/RingSpot/RingSpot(513).txt,Box dòng 2 đã được tự động cắt xén (clip) vừa ảnh. | Box dòng 3 đã được tự động cắt xén (clip) vừa ảnh.
RingSpot,/content/drive/MyDrive/Papaya_Leaf_Disease_Classification/BDPapayaLeaf/Original Images/RingSpot/RingSpot(514).jpg,/content/drive/MyDrive/Papaya_Leaf_Disease_Classification/YOLO_Bounding_Box/RingSpot/RingSpot(514).txt,Box dòng 2 đã được tự động cắt xén (clip) vừa ảnh. | Box dòng 3 đã được tự động cắt xén (clip) vừa ảnh.
RingSpot,/content/drive/MyDrive/Papaya_Leaf_Disease_Classification/BDPapayaLeaf/Original Images/RingSpot/RingSpot(515).jpg,/content/drive/MyDrive/Papaya_Leaf_Disease_Classification/YOLO_Bounding_Box/RingSpot/RingSpot(515).txt,Box dòng 1 đã được tự động cắt xén (clip) vừa ảnh. | Box dòng 2 đã được tự động cắt xén (clip) vừa ảnh. | Box dòng 3 đã được tự động cắt xén (clip) vừa ảnh. | Box dòng 4 đã được tự động cắt xén (clip) vừa ảnh. | Box dòng 5 đã được tự động cắt xén (clip) vừa ảnh. | Box dòng 6 đã được tự động cắt xén (clip) vừa ảnh. | Box dòng 7 đã được tự động cắt xén (clip) vừa ảnh. | Box dòng 8 đã được tự động cắt xén (clip) vừa ảnh. | Box dòng 9 đã được tự động cắt xén (clip) vừa ảnh. | Box dòng 10 đã được tự động cắt xén (clip) vừa ảnh. | Box dòng 11 đã được tự động cắt xén (clip) vừa ảnh. | Box dòng 12 đã được tự động cắt xén (clip) vừa ảnh. | Box dòng 13 đã được tự động cắt xén (clip) vừa ảnh. | Box dòng 14 đã được tự động cắt xén (clip) vừa ảnh. | Box dòng 15 đã được tự động cắt xén (clip) vừa ảnh. | Box dòng 16 đã được tự động cắt xén (clip) vừa ảnh. | Box dòng 17 đã được tự động cắt xén (clip) vừa ảnh. | Box dòng 18 đã được tự động cắt xén (clip) vừa ảnh. | Box dòng 19 đã được tự động cắt xén (clip) vừa ảnh. | Box dòng 20 đã được tự động cắt xén (clip) vừa ảnh. | Box dòng 21 đã được tự động cắt xén (clip) vừa ảnh. | Box dòng 22 đã được tự động cắt xén (clip) vừa ảnh. | Box dòng 23 đã được tự động cắt xén (clip) vừa ảnh. | Box dòng 24 đã được tự động cắt xén (clip) vừa ảnh. | Box dòng 25 đã được tự động cắt xén (clip) vừa ảnh. | Box dòng 26 đã được tự động cắt xén (clip) vừa ảnh.
RingSpot,/content/drive/MyDrive/Papaya_Leaf_Disease_Classification/BDPapayaLeaf/Original Images/RingSpot/RingSpot(516).jpg,/content/drive/MyDrive/Papaya_Leaf_Disease_Classification/YOLO_Bounding_Box/RingSpot/RingSpot(516).txt,Box dòng 1 đã được tự động cắt xén (clip) vừa ảnh. | Box dòng 2 đã được tự động cắt xén (clip) vừa ảnh. | Box dòng 3 đã được tự động cắt xén (clip) vừa ảnh. | Box dòng 4 đã được tự động cắt xén (clip) vừa ảnh.
RingSpot,/content/drive/MyDrive/Papaya_Leaf_Disease_Classification/BDPapayaLeaf/Original Images/RingSpot/RingSpot(517).jpg,/content/drive/MyDrive/Papaya_Leaf_Disease_Classification/YOLO_Bounding_Box/RingSpot/RingSpot(517).txt,Box dòng 1 đã được tự động cắt xén (clip) vừa ảnh. | Box dòng 2 đã được tự động cắt xén (clip) vừa ảnh. | Box dòng 3 đã được tự động cắt xén (clip) vừa ảnh. | Box dòng 4 đã được tự động cắt xén (clip) vừa ảnh.
RingSpot,/content/drive/MyDrive/Papaya_Leaf_Disease_Classification/BDPapayaLeaf/Original Images/RingSpot/RingSpot(518).jpg,/content/drive/MyDrive/Papaya_Leaf_Disease_Classification/YOLO_Bounding_Box/RingSpot/RingSpot(518).txt,Box dòng 1 đã được tự động cắt xén (clip) vừa ảnh. | Box dòng 2 đã được tự động cắt xén (clip) vừa ảnh. | Box dòng 3 đã được tự động cắt xén (clip) vừa ảnh. | Box dòng 4 đã được tự động cắt xén (clip) vừa ảnh. | Box dòng 5 đã được tự động cắt xén (clip) vừa ảnh. | Box dòng 6 đã được tự động cắt xén (clip) vừa ảnh. | Box dòng 7 đã được tự động cắt xén (clip) vừa ảnh.
RingSpot,/content/drive/MyDrive/Papaya_Leaf_Disease_Classification/BDPapayaLeaf/Original Images/RingSpot/RingSpot(519).jpg,/content/drive/MyDrive/Papaya_Leaf_Disease_Classification/YOLO_Bounding_Box/RingSpot/RingSpot(519).txt,Box dòng 1 đã được tự động cắt xén (clip) vừa ảnh. | Box dòng 2 đã được tự động cắt xén (clip) vừa ảnh. | Box dòng 3 đã được tự động cắt xén (clip) vừa ảnh. | Box dòng 4 đã được tự động cắt xén (clip) vừa ảnh. | Box dòng 5 đã được tự động cắt xén (clip) vừa ảnh. | Box dòng 6 đã được tự động cắt xén (clip) vừa ảnh. | Box dòng 7 đã được tự động cắt xén (clip) vừa ảnh.
RingSpot,/content/drive/MyDrive/Papaya_Leaf_Disease_Classification/BDPapayaLeaf/Original Images/RingSpot/RingSpot(52).jpg,/content/drive/MyDrive/Papaya_Leaf_Disease_Classification/YOLO_Bounding_Box/RingSpot/RingSpot(52).txt,Box dòng 1 đã được tự động cắt xén (clip) vừa ảnh. | Box dòng 2 đã được tự động cắt xén (clip) vừa ảnh. | Box dòng 3 đã được tự động cắt xén (clip) vừa ảnh. | Box dòng 4 đã được tự động cắt xén (clip) vừa ảnh. | Box dòng 5 đã được tự động cắt xén (clip) vừa ảnh. | Box dòng 6 đã được tự động cắt xén (clip) vừa ảnh. | Box dòng 7 đã được tự động cắt xén (clip) vừa ảnh. | Box dòng 8 đã được tự động cắt xén (clip) vừa ảnh. | Box dòng 9 đã được tự động cắt xén (clip) vừa ảnh. | Box dòng 10 đã được tự động cắt xén (clip) vừa ảnh. | Box dòng 11 đã được tự động cắt xén (clip) vừa ảnh.
RingSpot,/content/drive/MyDrive/Papaya_Leaf_Disease_Classification/BDPapayaLeaf/Original Images/RingSpot/RingSpot(520).jpg,/content/drive/MyDrive/Papaya_Leaf_Disease_Classification/YOLO_Bounding_Box/RingSpot/RingSpot(520).txt,Box dòng 1 đã được tự động cắt xén (clip) vừa ảnh. | Box dòng 2 đã được tự động cắt xén (clip) vừa ảnh. | Box dòng 3 đã được tự động cắt xén (clip) vừa ảnh.
RingSpot,/content/drive/MyDrive/Papaya_Leaf_Disease_Classification/BDPapayaLeaf/Original Images/RingSpot/RingSpot(521).jpg,/content/drive/MyDrive/Papaya_Leaf_Disease_Classification/YOLO_Bounding_Box/RingSpot/RingSpot(521).txt,Box dòng 1 đã được tự động cắt xén (clip) vừa ảnh. | Box dòng 2 đã được tự động cắt xén (clip) vừa ảnh. | Box dòng 3 đã được tự động cắt xén (clip) vừa ảnh.
RingSpot,/content/drive/MyDrive/Papaya_Leaf_Disease_Classification/BDPapayaLeaf/Original Images/RingSpot/RingSpot(522).jpg,/content/drive/MyDrive/Papaya_Leaf_Disease_Classification/YOLO_Bounding_Box/RingSpot/RingSpot(522).txt,Box dòng 1 đã được tự động cắt xén (clip) vừa ảnh. | Box dòng 2 đã được tự động cắt xén (clip) vừa ảnh. | Box dòng 3 đã được tự động cắt xén (clip) vừa ảnh. | Box dòng 4 đã được tự động cắt xén (clip) vừa ảnh.
RingSpot,/content/drive/MyDrive/Papaya_Leaf_Disease_Classification/BDPapayaLeaf/Original Images/RingSpot/RingSpot(523).jpg,/content/drive/MyDrive/Papaya_Leaf_Disease_Classification/YOLO_Bounding_Box/RingSpot/RingSpot(523).txt,Box dòng 1 đã được tự động cắt xén (clip) vừa ảnh. | Box dòng 2 đã được tự động cắt xén (clip) vừa ảnh. | Box dòng 3 đã được tự động cắt xén (clip) vừa ảnh. | Box dòng 4 đã được tự động cắt xén (clip) vừa ảnh.
RingSpot,/content/drive/MyDrive/Papaya_Leaf_Disease_Classification/BDPapayaLeaf/Original Images/RingSpot/RingSpot(524).jpg,/content/drive/MyDrive/Papaya_Leaf_Disease_Classification/YOLO_Bounding_Box/RingSpot/RingSpot(524).txt,Box dòng 1 đã được tự động cắt xén (clip) vừa ảnh. | Box dòng 2 đã được tự động cắt xén (clip) vừa ảnh. | Box dòng 3 đã được tự động cắt xén (clip) vừa ảnh. | Box dòng 4 đã được tự động cắt xén (clip) vừa ảnh. | Box dòng 5 đã được tự động cắt xén (clip) vừa ảnh. | Box dòng 6 đã được tự động cắt xén (clip) vừa ảnh.
RingSpot,/content/drive/MyDrive/Papaya_Leaf_Disease_Classification/BDPapayaLeaf/Original Images/RingSpot/RingSpot(525).jpg,/content/drive/MyDrive/Papaya_Leaf_Disease_Classification/YOLO_Bounding_Box/RingSpot/RingSpot(525).txt,Box dòng 1 đã được tự động cắt xén (clip) vừa ảnh. | Box dòng 2 đã được tự động cắt xén (clip) vừa ảnh. | Box dòng 3 đã được tự động cắt xén (clip) vừa ảnh. | Box dòng 4 đã được tự động cắt xén (clip) vừa ảnh. | Box dòng 5 đã được tự động cắt xén (clip) vừa ảnh. | Box dòng 6 đã được tự động cắt xén (clip) vừa ảnh.
RingSpot,/content/drive/MyDrive/Papaya_Leaf_Disease_Classification/BDPapayaLeaf/Original Images/RingSpot/RingSpot(526).jpg,/content/drive/MyDrive/Papaya_Leaf_Disease_Classification/YOLO_Bounding_Box/RingSpot/RingSpot(526).txt,Box dòng 1 đã được tự động cắt xén (clip) vừa ảnh. | Box dòng 2 đã được tự động cắt xén (clip) vừa ảnh. | Box dòng 3 đã được tự động cắt xén (clip) vừa ảnh. | Box dòng 4 đã được tự động cắt xén (clip) vừa ảnh. | Box dòng 5 đã được tự động cắt xén (clip) vừa ảnh. | Box dòng 6 đã được tự động cắt xén (clip) vừa ảnh. | Box dòng 7 đã được tự động cắt xén (clip) vừa ảnh. | Box dòng 8 đã được tự động cắt xén (clip) vừa ảnh. | Box dòng 9 đã được tự động cắt xén (clip) vừa ảnh. | Box dòng 10 đã được tự động cắt xén (clip) vừa ảnh. | Box dòng 11 đã được tự động cắt xén (clip) vừa ảnh. | Box dòng 12 đã được tự động cắt xén (clip) vừa ảnh. | Box dòng 13 đã được tự động cắt xén (clip) vừa ảnh. | Box dòng 14 đã được tự động cắt xén (clip) vừa ảnh. | Box dòng 15 đã được tự động cắt xén (clip) vừa ảnh. | Box dòng 16 đã được tự động cắt xén (clip) vừa ảnh. | Box dòng 17 đã được tự động cắt xén (clip) vừa ảnh. | Box dòng 18 đã được tự động cắt xén (clip) vừa ảnh. | Box dòng 19 đã được tự động cắt xén (clip) vừa ảnh. | Box dòng 20 đã được tự động cắt xén (clip) vừa ảnh. | Box dòng 21 đã được tự động cắt xén (clip) vừa ảnh.
RingSpot,/content/drive/MyDrive/Papaya_Leaf_Disease_Classification/BDPapayaLeaf/Original Images/RingSpot/RingSpot(527).jpg,/content/drive/MyDrive/Papaya_Leaf_Disease_Classification/YOLO_Bounding_Box/RingSpot/RingSpot(527).txt,Box dòng 1 đã được tự động cắt xén (clip) vừa ảnh. | Box dòng 2 đã được tự động cắt xén (clip) vừa ảnh. | Box dòng 3 đã được tự động cắt xén (clip) vừa ảnh. | Box dòng 4 đã được tự động cắt xén (clip) vừa ảnh. | Box dòng 5 đã được tự động cắt xén (clip) vừa ảnh. | Box dòng 6 đã được tự động cắt xén (clip) vừa ảnh. | Box dòng 7 đã được tự động cắt xén (clip) vừa ảnh. | Box dòng 8 đã được tự động cắt xén (clip) vừa ảnh. | Box dòng 9 đã được tự động cắt xén (clip) vừa ảnh. | Box dòng 10 đã được tự động cắt xén (clip) vừa ảnh. | Box dòng 11 đã được tự động cắt xén (clip) vừa ảnh. | Box dòng 12 đã được tự động cắt xén (clip) vừa ảnh. | Box dòng 13 đã được tự động cắt xén (clip) vừa ảnh. | Box dòng 14 đã được tự động cắt xén (clip) vừa ảnh. | Box dòng 15 đã được tự động cắt xén (clip) vừa ảnh. | Box dòng 16 đã được tự động cắt xén (clip) vừa ảnh. | Box dòng 17 đã được tự động cắt xén (clip) vừa ảnh. | Box dòng 18 đã được tự động cắt xén (clip) vừa ảnh. | Box dòng 19 đã được tự động cắt xén (clip) vừa ảnh. | Box dòng 20 đã được tự động cắt xén (clip) vừa ảnh. | Box dòng 21 đã được tự động cắt xén (clip) vừa ảnh.
RingSpot,/content/drive/MyDrive/Papaya_Leaf_Disease_Classification/BDPapayaLeaf/Original Images/RingSpot/RingSpot(528).jpg,/content/drive/MyDrive/Papaya_Leaf_Disease_Classification/YOLO_Bounding_Box/RingSpot/RingSpot(528).txt,Box dòng 1 đã được tự động cắt xén (clip) vừa ảnh. | Box dòng 2 đã được tự động cắt xén (clip) vừa ảnh. | Box dòng 3 đã được tự động cắt xén (clip) vừa ảnh. | Box dòng 4 đã được tự động cắt xén (clip) vừa ảnh. | Box dòng 5 đã được tự động cắt xén (clip) vừa ảnh. | Box dòng 6 đã được tự động cắt xén (clip) vừa ảnh. | Box dòng 7 đã được tự động cắt xén (clip) vừa ảnh. | Box dòng 8 đã được tự động cắt xén (clip) vừa ảnh. | Box dòng 9 đã được tự động cắt xén (clip) vừa ảnh. | Box dòng 10 đã được tự động cắt xén (clip) vừa ảnh. | Box dòng 11 đã được tự động cắt xén (clip) vừa ảnh. | Box dòng 12 đã được tự động cắt xén (clip) vừa ảnh. | Box dòng 13 đã được tự động cắt xén (clip) vừa ảnh. | Box dòng 14 đã được tự động cắt xén (clip) vừa ảnh. | Box dòng 15 đã được tự động cắt xén (clip) vừa ảnh. | Box dòng 16 đã được tự động cắt xén (clip) vừa ảnh.
RingSpot,/content/drive/MyDrive/Papaya_Leaf_Disease_Classification/BDPapayaLeaf/Original Images/RingSpot/RingSpot(529).jpg,/content/drive/MyDrive/Papaya_Leaf_Disease_Classification/YOLO_Bounding_Box/RingSpot/RingSpot(529).txt,Box dòng 1 đã được tự động cắt xén (clip) vừa ảnh. | Box dòng 2 đã được tự động cắt xén (clip) vừa ảnh. | Box dòng 3 đã được tự động cắt xén (clip) vừa ảnh.
RingSpot,/content/drive/MyDrive/Papaya_Leaf_Disease_Classification/BDPapayaLeaf/Original Images/RingSpot/RingSpot(53).jpg,/content/drive/MyDrive/Papaya_Leaf_Disease_Classification/YOLO_Bounding_Box/RingSpot/RingSpot(53).txt,Box dòng 1 đã được tự động cắt xén (clip) vừa ảnh. | Box dòng 2 đã được tự động cắt xén (clip) vừa ảnh. | Box dòng 3 đã được tự động cắt xén (clip) vừa ảnh. | Box dòng 4 đã được tự động cắt xén (clip) vừa ảnh. | Box dòng 5 đã được tự động cắt xén (clip) vừa ảnh. | Box dòng 6 đã được tự động cắt xén (clip) vừa ảnh. | Box dòng 7 đã được tự động cắt xén (clip) vừa ảnh. | Box dòng 8 đã được tự động cắt xén (clip) vừa ảnh. | Box dòng 9 đã được tự động cắt xén (clip) vừa ảnh. | Box dòng 10 đã được tự động cắt xén (clip) vừa ảnh. | Box dòng 11 đã được tự động cắt xén (clip) vừa ảnh.
RingSpot,/content/drive/MyDrive/Papaya_Leaf_Disease_Classification/BDPapayaLeaf/Original Images/RingSpot/RingSpot(530).jpg,/content/drive/MyDrive/Papaya_Leaf_Disease_Classification/YOLO_Bounding_Box/RingSpot/RingSpot(530).txt,Box dòng 1 đã được tự động cắt xén (clip) vừa ảnh. | Box dòng 3 đã được tự động cắt xén (clip) vừa ảnh.
RingSpot,/content/drive/MyDrive/Papaya_Leaf_Disease_Classification/BDPapayaLeaf/Original Images/RingSpot/RingSpot(531).jpg,/content/drive/MyDrive/Papaya_Leaf_Disease_Classification/YOLO_Bounding_Box/RingSpot/RingSpot(531).txt,Box dòng 1 đã được tự động cắt xén (clip) vừa ảnh. | Box dòng 3 đã được tự động cắt xén (clip) vừa ảnh.
RingSpot,/content/drive/MyDrive/Papaya_Leaf_Disease_Classification/BDPapayaLeaf/Original Images/RingSpot/RingSpot(532).jpg,/content/drive/MyDrive/Papaya_Leaf_Disease_Classification/YOLO_Bounding_Box/RingSpot/RingSpot(532).txt,Box dòng 1 đã được tự động cắt xén (clip) vừa ảnh. | Box dòng 2 đã được tự động cắt xén (clip) vừa ảnh. | Box dòng 3 đã được tự động cắt xén (clip) vừa ảnh. | Box dòng 4 đã được tự động cắt xén (clip) vừa ảnh. | Box dòng 5 đã được tự động cắt xén (clip) vừa ảnh. | Box dòng 6 đã được tự động cắt xén (clip) vừa ảnh. | Box dòng 7 đã được tự động cắt xén (clip) vừa ảnh. | Box dòng 8 đã được tự động cắt xén (clip) vừa ảnh. | Box dòng 9 đã được tự động cắt xén (clip) vừa ảnh. | Box dòng 10 đã được tự động cắt xén (clip) vừa ảnh. | Box dòng 11 đã được tự động cắt xén (clip) vừa ảnh. | Box dòng 12 đã được tự động cắt xén (clip) vừa ảnh.
RingSpot,/content/drive/MyDrive/Papaya_Leaf_Disease_Classification/BDPapayaLeaf/Original Images/RingSpot/RingSpot(533).jpg,/content/drive/MyDrive/Papaya_Leaf_Disease_Classification/YOLO_Bounding_Box/RingSpot/RingSpot(533).txt,Box dòng 1 đã được tự động cắt xén (clip) vừa ảnh. | Box dòng 2 đã được tự động cắt xén (clip) vừa ảnh. | Box dòng 3 đã được tự động cắt xén (clip) vừa ảnh. | Box dòng 4 đã được tự động cắt xén (clip) vừa ảnh. | Box dòng 5 đã được tự động cắt xén (clip) vừa ảnh. | Box dòng 6 đã được tự động cắt xén (clip) vừa ảnh. | Box dòng 7 đã được tự động cắt xén (clip) vừa ảnh. | Box dòng 8 đã được tự động cắt xén (clip) vừa ảnh. | Box dòng 9 đã được tự động cắt xén (clip) vừa ảnh. | Box dòng 10 đã được tự động cắt xén (clip) vừa ảnh. | Box dòng 11 đã được tự động cắt xén (clip) vừa ảnh. | Box dòng 12 đã được tự động cắt xén (clip) vừa ảnh.
RingSpot,/content/drive/MyDrive/Papaya_Leaf_Disease_Classification/BDPapayaLeaf/Original Images/RingSpot/RingSpot(54).jpg,/content/drive/MyDrive/Papaya_Leaf_Disease_Classification/YOLO_Bounding_Box/RingSpot/RingSpot(54).txt,Box dòng 1 đã được tự động cắt xén (clip) vừa ảnh. | Box dòng 2 đã được tự động cắt xén (clip) vừa ảnh. | Box dòng 3 đã được tự động cắt xén (clip) vừa ảnh. | Box dòng 4 đã được tự động cắt xén (clip) vừa ảnh. | Box dòng 5 đã được tự động cắt xén (clip) vừa ảnh. | Box dòng 6 đã được tự động cắt xén (clip) vừa ảnh. | Box dòng 7 đã được tự động cắt xén (clip) vừa ảnh. | Box dòng 8 đã được tự động cắt xén (clip) vừa ảnh. | Box dòng 9 đã được tự động cắt xén (clip) vừa ảnh. | Box dòng 10 đã được tự động cắt xén (clip) vừa ảnh.
RingSpot,/content/drive/MyDrive/Papaya_Leaf_Disease_Classification/BDPapayaLeaf/Original Images/RingSpot/RingSpot(55).jpg,/content/drive/MyDrive/Papaya_Leaf_Disease_Classification/YOLO_Bounding_Box/RingSpot/RingSpot(55).txt,Box dòng 1 đã được tự động cắt xén (clip) vừa ảnh. | Box dòng 2 đã được tự động cắt xén (clip) vừa ảnh. | Box dòng 3 đã được tự động cắt xén (clip) vừa ảnh. | Box dòng 4 đã được tự động cắt xén (clip) vừa ảnh.
RingSpot,/content/drive/MyDrive/Papaya_Leaf_Disease_Classification/BDPapayaLeaf/Original Images/RingSpot/RingSpot(56).jpg,/content/drive/MyDrive/Papaya_Leaf_Disease_Classification/YOLO_Bounding_Box/RingSpot/RingSpot(56).txt,Box dòng 1 đã được tự động cắt xén (clip) vừa ảnh. | Box dòng 2 đã được tự động cắt xén (clip) vừa ảnh. | Box dòng 3 đã được tự động cắt xén (clip) vừa ảnh. | Box dòng 4 đã được tự động cắt xén (clip) vừa ảnh. | Box dòng 5 đã được tự động cắt xén (clip) vừa ảnh. | Box dòng 6 đã được tự động cắt xén (clip) vừa ảnh. | Box dòng 7 đã được tự động cắt xén (clip) vừa ảnh. | Box dòng 8 đã được tự động cắt xén (clip) vừa ảnh. | Box dòng 9 đã được tự động cắt xén (clip) vừa ảnh. | Box dòng 10 đã được tự động cắt xén (clip) vừa ảnh. | Box dòng 11 đã được tự động cắt xén (clip) vừa ảnh. | Box dòng 12 đã được tự động cắt xén (clip) vừa ảnh. | Box dòng 13 đã được tự động cắt xén (clip) vừa ảnh.
RingSpot,/content/drive/MyDrive/Papaya_Leaf_Disease_Classification/BDPapayaLeaf/Original Images/RingSpot/RingSpot(57).jpg,/content/drive/MyDrive/Papaya_Leaf_Disease_Classification/YOLO_Bounding_Box/RingSpot/RingSpot(57).txt,Box dòng 1 đã được tự động cắt xén (clip) vừa ảnh. | Box dòng 2 đã được tự động cắt xén (clip) vừa ảnh. | Box dòng 3 đã được tự động cắt xén (clip) vừa ảnh. | Box dòng 4 đã được tự động cắt xén (clip) vừa ảnh. | Box dòng 5 đã được tự động cắt xén (clip) vừa ảnh. | Box dòng 6 đã được tự động cắt xén (clip) vừa ảnh.
RingSpot,/content/drive/MyDrive/Papaya_Leaf_Disease_Classification/BDPapayaLeaf/Original Images/RingSpot/RingSpot(58).jpg,/content/drive/MyDrive/Papaya_Leaf_Disease_Classification/YOLO_Bounding_Box/RingSpot/RingSpot(58).txt,Box dòng 1 đã được tự động cắt xén (clip) vừa ảnh. | Box dòng 2 đã được tự động cắt xén (clip) vừa ảnh. | Box dòng 3 đã được tự động cắt xén (clip) vừa ảnh.
RingSpot,/content/drive/MyDrive/Papaya_Leaf_Disease_Classification/BDPapayaLeaf/Original Images/RingSpot/RingSpot(59).jpg,/content/drive/MyDrive/Papaya_Leaf_Disease_Classification/YOLO_Bounding_Box/RingSpot/RingSpot(59).txt,Box dòng 1 đã được tự động cắt xén (clip) vừa ảnh. | Box dòng 2 đã được tự động cắt xén (clip) vừa ảnh. | Box dòng 3 đã được tự động cắt xén (clip) vừa ảnh. | Box dòng 4 đã được tự động cắt xén (clip) vừa ảnh. | Box dòng 5 đã được tự động cắt xén (clip) vừa ảnh. | Box dòng 6 đã được tự động cắt xén (clip) vừa ảnh. | Box dòng 7 đã được tự động cắt xén (clip) vừa ảnh. | Box dòng 8 đã được tự động cắt xén (clip) vừa ảnh. | Box dòng 9 đã được tự động cắt xén (clip) vừa ảnh. | Box dòng 10 đã được tự động cắt xén (clip) vừa ảnh. | Box dòng 11 đã được tự động cắt xén (clip) vừa ảnh.
RingSpot,/content/drive/MyDrive/Papaya_Leaf_Disease_Classification/BDPapayaLeaf/Original Images/RingSpot/RingSpot(6).jpg,/content/drive/MyDrive/Papaya_Leaf_Disease_Classification/YOLO_Bounding_Box/RingSpot/RingSpot(6).txt,Box dòng 1 đã được tự động cắt xén (clip) vừa ảnh. | Box dòng 2 đã được tự động cắt xén (clip) vừa ảnh. | Box dòng 3 đã được tự động cắt xén (clip) vừa ảnh.
RingSpot,/content/drive/MyDrive/Papaya_Leaf_Disease_Classification/BDPapayaLeaf/Original Images/RingSpot/RingSpot(60).jpg,/content/drive/MyDrive/Papaya_Leaf_Disease_Classification/YOLO_Bounding_Box/RingSpot/RingSpot(60).txt,Box dòng 1 đã được tự động cắt xén (clip) vừa ảnh. | Box dòng 2 đã được tự động cắt xén (clip) vừa ảnh. | Box dòng 3 đã được tự động cắt xén (clip) vừa ảnh. | Box dòng 4 đã được tự động cắt xén (clip) vừa ảnh. | Box dòng 5 đã được tự động cắt xén (clip) vừa ảnh. | Box dòng 6 đã được tự động cắt xén (clip) vừa ảnh. | Box dòng 7 đã được tự động cắt xén (clip) vừa ảnh. | Box dòng 8 đã được tự động cắt xén (clip) vừa ảnh. | Box dòng 9 đã được tự động cắt xén (clip) vừa ảnh. | Box dòng 10 đã được tự động cắt xén (clip) vừa ảnh.
RingSpot,/content/drive/MyDrive/Papaya_Leaf_Disease_Classification/BDPapayaLeaf/Original Images/RingSpot/RingSpot(61).jpg,/content/drive/MyDrive/Papaya_Leaf_Disease_Classification/YOLO_Bounding_Box/RingSpot/RingSpot(61).txt,Box dòng 1 đã được tự động cắt xén (clip) vừa ảnh. | Box dòng 2 đã được tự động cắt xén (clip) vừa ảnh. | Box dòng 3 đã được tự động cắt xén (clip) vừa ảnh. | Box dòng 4 đã được tự động cắt xén (clip) vừa ảnh.
RingSpot,/content/drive/MyDrive/Papaya_Leaf_Disease_Classification/BDPapayaLeaf/Original Images/RingSpot/RingSpot(62).jpg,/content/drive/MyDrive/Papaya_Leaf_Disease_Classification/YOLO_Bounding_Box/RingSpot/RingSpot(62).txt,Box dòng 1 đã được tự động cắt xén (clip) vừa ảnh. | Box dòng 2 đã được tự động cắt xén (clip) vừa ảnh. | Box dòng 3 đã được tự động cắt xén (clip) vừa ảnh. | Box dòng 4 đã được tự động cắt xén (clip) vừa ảnh.
RingSpot,/content/drive/MyDrive/Papaya_Leaf_Disease_Classification/BDPapayaLeaf/Original Images/RingSpot/RingSpot(63).jpg,/content/drive/MyDrive/Papaya_Leaf_Disease_Classification/YOLO_Bounding_Box/RingSpot/RingSpot(63).txt,Box dòng 1 đã được tự động cắt xén (clip) vừa ảnh. | Box dòng 2 đã được tự động cắt xén (clip) vừa ảnh.
RingSpot,/content/drive/MyDrive/Papaya_Leaf_Disease_Classification/BDPapayaLeaf/Original Images/RingSpot/RingSpot(64).jpg,/content/drive/MyDrive/Papaya_Leaf_Disease_Classification/YOLO_Bounding_Box/RingSpot/RingSpot(64).txt,Box dòng 1 đã được tự động cắt xén (clip) vừa ảnh. | Box dòng 2 đã được tự động cắt xén (clip) vừa ảnh.
RingSpot,/content/drive/MyDrive/Papaya_Leaf_Disease_Classification/BDPapayaLeaf/Original Images/RingSpot/RingSpot(65).jpg,/content/drive/MyDrive/Papaya_Leaf_Disease_Classification/YOLO_Bounding_Box/RingSpot/RingSpot(65).txt,Box dòng 1 đã được tự động cắt xén (clip) vừa ảnh. | Box dòng 2 đã được tự động cắt xén (clip) vừa ảnh. | Box dòng 3 đã được tự động cắt xén (clip) vừa ảnh. | Box dòng 4 đã được tự động cắt xén (clip) vừa ảnh. | Box dòng 5 đã được tự động cắt xén (clip) vừa ảnh. | Box dòng 6 đã được tự động cắt xén (clip) vừa ảnh.
RingSpot,/content/drive/MyDrive/Papaya_Leaf_Disease_Classification/BDPapayaLeaf/Original Images/RingSpot/RingSpot(66).jpg,/content/drive/MyDrive/Papaya_Leaf_Disease_Classification/YOLO_Bounding_Box/RingSpot/RingSpot(66).txt,Box dòng 1 đã được tự động cắt xén (clip) vừa ảnh. | Box dòng 2 đã được tự động cắt xén (clip) vừa ảnh. | Box dòng 3 đã được tự động cắt xén (clip) vừa ảnh. | Box dòng 4 đã được tự động cắt xén (clip) vừa ảnh. | Box dòng 5 đã được tự động cắt xén (clip) vừa ảnh. | Box dòng 6 đã được tự động cắt xén (clip) vừa ảnh. | Box dòng 7 đã được tự động cắt xén (clip) vừa ảnh.
RingSpot,/content/drive/MyDrive/Papaya_Leaf_Disease_Classification/BDPapayaLeaf/Original Images/RingSpot/RingSpot(67).jpg,/content/drive/MyDrive/Papaya_Leaf_Disease_Classification/YOLO_Bounding_Box/RingSpot/RingSpot(67).txt,Box dòng 1 đã được tự động cắt xén (clip) vừa ảnh.
RingSpot,/content/drive/MyDrive/Papaya_Leaf_Disease_Classification/BDPapayaLeaf/Original Images/RingSpot/RingSpot(68).jpg,/content/drive/MyDrive/Papaya_Leaf_Disease_Classification/YOLO_Bounding_Box/RingSpot/RingSpot(68).txt,Box dòng 1 đã được tự động cắt xén (clip) vừa ảnh. | Box dòng 2 đã được tự động cắt xén (clip) vừa ảnh. | Box dòng 3 đã được tự động cắt xén (clip) vừa ảnh. | Box dòng 4 đã được tự động cắt xén (clip) vừa ảnh. | Box dòng 5 đã được tự động cắt xén (clip) vừa ảnh. | Box dòng 6 đã được tự động cắt xén (clip) vừa ảnh. | Box dòng 7 đã được tự động cắt xén (clip) vừa ảnh. | Box dòng 8 đã được tự động cắt xén (clip) vừa ảnh.
RingSpot,/content/drive/MyDrive/Papaya_Leaf_Disease_Classification/BDPapayaLeaf/Original Images/RingSpot/RingSpot(69).jpg,/content/drive/MyDrive/Papaya_Leaf_Disease_Classification/YOLO_Bounding_Box/RingSpot/RingSpot(69).txt,Box dòng 1 đã được tự động cắt xén (clip) vừa ảnh. | Box dòng 2 đã được tự động cắt xén (clip) vừa ảnh. | Box dòng 3 đã được tự động cắt xén (clip) vừa ảnh.
RingSpot,/content/drive/MyDrive/Papaya_Leaf_Disease_Classification/BDPapayaLeaf/Original Images/RingSpot/RingSpot(7).jpg,/content/drive/MyDrive/Papaya_Leaf_Disease_Classification/YOLO_Bounding_Box/RingSpot/RingSpot(7).txt,Box dòng 2 đã được tự động cắt xén (clip) vừa ảnh. | Box dòng 3 đã được tự động cắt xén (clip) vừa ảnh. | Box dòng 4 đã được tự động cắt xén (clip) vừa ảnh. | Box dòng 5 đã được tự động cắt xén (clip) vừa ảnh. | Box dòng 6 đã được tự động cắt xén (clip) vừa ảnh. | Box dòng 7 đã được tự động cắt xén (clip) vừa ảnh.
RingSpot,/content/drive/MyDrive/Papaya_Leaf_Disease_Classification/BDPapayaLeaf/Original Images/RingSpot/RingSpot(70).jpg,/content/drive/MyDrive/Papaya_Leaf_Disease_Classification/YOLO_Bounding_Box/RingSpot/RingSpot(70).txt,Box dòng 1 đã được tự động cắt xén (clip) vừa ảnh. | Box dòng 2 đã được tự động cắt xén (clip) vừa ảnh. | Box dòng 3 đã được tự động cắt xén (clip) vừa ảnh. | Box dòng 4 đã được tự động cắt xén (clip) vừa ảnh.
RingSpot,/content/drive/MyDrive/Papaya_Leaf_Disease_Classification/BDPapayaLeaf/Original Images/RingSpot/RingSpot(71).jpg,/content/drive/MyDrive/Papaya_Leaf_Disease_Classification/YOLO_Bounding_Box/RingSpot/RingSpot(71).txt,Box dòng 1 đã được tự động cắt xén (clip) vừa ảnh. | Box dòng 2 đã được tự động cắt xén (clip) vừa ảnh. | Box dòng 3 đã được tự động cắt xén (clip) vừa ảnh.
RingSpot,/content/drive/MyDrive/Papaya_Leaf_Disease_Classification/BDPapayaLeaf/Original Images/RingSpot/RingSpot(72).jpg,/content/drive/MyDrive/Papaya_Leaf_Disease_Classification/YOLO_Bounding_Box/RingSpot/RingSpot(72).txt,Box dòng 1 đã được tự động cắt xén (clip) vừa ảnh. | Box dòng 2 đã được tự động cắt xén (clip) vừa ảnh. | Box dòng 3 đã được tự động cắt xén (clip) vừa ảnh. | Box dòng 4 đã được tự động cắt xén (clip) vừa ảnh. | Box dòng 5 đã được tự động cắt xén (clip) vừa ảnh. | Box dòng 6 đã được tự động cắt xén (clip) vừa ảnh. | Box dòng 7 đã được tự động cắt xén (clip) vừa ảnh.
RingSpot,/content/drive/MyDrive/Papaya_Leaf_Disease_Classification/BDPapayaLeaf/Original Images/RingSpot/RingSpot(73).jpg,/content/drive/MyDrive/Papaya_Leaf_Disease_Classification/YOLO_Bounding_Box/RingSpot/RingSpot(73).txt,Box dòng 1 đã được tự động cắt xén (clip) vừa ảnh. | Box dòng 2 đã được tự động cắt xén (clip) vừa ảnh. | Box dòng 3 đã được tự động cắt xén (clip) vừa ảnh.
RingSpot,/content/drive/MyDrive/Papaya_Leaf_Disease_Classification/BDPapayaLeaf/Original Images/RingSpot/RingSpot(74).jpg,/content/drive/MyDrive/Papaya_Leaf_Disease_Classification/YOLO_Bounding_Box/RingSpot/RingSpot(74).txt,Box dòng 1 đã được tự động cắt xén (clip) vừa ảnh. | Box dòng 2 đã được tự động cắt xén (clip) vừa ảnh. | Box dòng 3 đã được tự động cắt xén (clip) vừa ảnh.
RingSpot,/content/drive/MyDrive/Papaya_Leaf_Disease_Classification/BDPapayaLeaf/Original Images/RingSpot/RingSpot(75).jpg,/content/drive/MyDrive/Papaya_Leaf_Disease_Classification/YOLO_Bounding_Box/RingSpot/RingSpot(75).txt,Box dòng 1 đã được tự động cắt xén (clip) vừa ảnh. | Box dòng 2 đã được tự động cắt xén (clip) vừa ảnh. | Box dòng 3 đã được tự động cắt xén (clip) vừa ảnh.
RingSpot,/content/drive/MyDrive/Papaya_Leaf_Disease_Classification/BDPapayaLeaf/Original Images/RingSpot/RingSpot(76).jpg,/content/drive/MyDrive/Papaya_Leaf_Disease_Classification/YOLO_Bounding_Box/RingSpot/RingSpot(76).txt,Box dòng 1 đã được tự động cắt xén (clip) vừa ảnh. | Box dòng 2 đã được tự động cắt xén (clip) vừa ảnh.
RingSpot,/content/drive/MyDrive/Papaya_Leaf_Disease_Classification/BDPapayaLeaf/Original Images/RingSpot/RingSpot(77).jpg,/content/drive/MyDrive/Papaya_Leaf_Disease_Classification/YOLO_Bounding_Box/RingSpot/RingSpot(77).txt,Box dòng 1 đã được tự động cắt xén (clip) vừa ảnh. | Box dòng 2 đã được tự động cắt xén (clip) vừa ảnh.
RingSpot,/content/drive/MyDrive/Papaya_Leaf_Disease_Classification/BDPapayaLeaf/Original Images/RingSpot/RingSpot(78).jpg,/content/drive/MyDrive/Papaya_Leaf_Disease_Classification/YOLO_Bounding_Box/RingSpot/RingSpot(78).txt,Box dòng 1 đã được tự động cắt xén (clip) vừa ảnh. | Box dòng 2 đã được tự động cắt xén (clip) vừa ảnh.
RingSpot,/content/drive/MyDrive/Papaya_Leaf_Disease_Classification/BDPapayaLeaf/Original Images/RingSpot/RingSpot(79).jpg,/content/drive/MyDrive/Papaya_Leaf_Disease_Classification/YOLO_Bounding_Box/RingSpot/RingSpot(79).txt,Box dòng 1 đã được tự động cắt xén (clip) vừa ảnh.
RingSpot,/content/drive/MyDrive/Papaya_Leaf_Disease_Classification/BDPapayaLeaf/Original Images/RingSpot/RingSpot(8).jpg,/content/drive/MyDrive/Papaya_Leaf_Disease_Classification/YOLO_Bounding_Box/RingSpot/RingSpot(8).txt,Box dòng 1 đã được tự động cắt xén (clip) vừa ảnh. | Box dòng 2 đã được tự động cắt xén (clip) vừa ảnh.
RingSpot,/content/drive/MyDrive/Papaya_Leaf_Disease_Classification/BDPapayaLeaf/Original Images/RingSpot/RingSpot(80).jpg,/content/drive/MyDrive/Papaya_Leaf_Disease_Classification/YOLO_Bounding_Box/RingSpot/RingSpot(80).txt,Box dòng 1 đã được tự động cắt xén (clip) vừa ảnh. | Box dòng 2 đã được tự động cắt xén (clip) vừa ảnh. | Box dòng 3 đã được tự động cắt xén (clip) vừa ảnh. | Box dòng 4 đã được tự động cắt xén (clip) vừa ảnh.
RingSpot,/content/drive/MyDrive/Papaya_Leaf_Disease_Classification/BDPapayaLeaf/Original Images/RingSpot/RingSpot(81).jpg,/content/drive/MyDrive/Papaya_Leaf_Disease_Classification/YOLO_Bounding_Box/RingSpot/RingSpot(81).txt,Box dòng 1 đã được tự động cắt xén (clip) vừa ảnh. | Box dòng 2 đã được tự động cắt xén (clip) vừa ảnh.
RingSpot,/content/drive/MyDrive/Papaya_Leaf_Disease_Classification/BDPapayaLeaf/Original Images/RingSpot/RingSpot(82).jpg,/content/drive/MyDrive/Papaya_Leaf_Disease_Classification/YOLO_Bounding_Box/RingSpot/RingSpot(82).txt,Box dòng 1 đã được tự động cắt xén (clip) vừa ảnh. | Box dòng 3 đã được tự động cắt xén (clip) vừa ảnh. | Box dòng 4 đã được tự động cắt xén (clip) vừa ảnh. | Box dòng 5 đã được tự động cắt xén (clip) vừa ảnh.
RingSpot,/content/drive/MyDrive/Papaya_Leaf_Disease_Classification/BDPapayaLeaf/Original Images/RingSpot/RingSpot(83).jpg,/content/drive/MyDrive/Papaya_Leaf_Disease_Classification/YOLO_Bounding_Box/RingSpot/RingSpot(83).txt,Box dòng 1 đã được tự động cắt xén (clip) vừa ảnh. | Box dòng 2 đã được tự động cắt xén (clip) vừa ảnh.
RingSpot,/content/drive/MyDrive/Papaya_Leaf_Disease_Classification/BDPapayaLeaf/Original Images/RingSpot/RingSpot(84).jpg,/content/drive/MyDrive/Papaya_Leaf_Disease_Classification/YOLO_Bounding_Box/RingSpot/RingSpot(84).txt,Box dòng 1 đã được tự động cắt xén (clip) vừa ảnh.
RingSpot,/content/drive/MyDrive/Papaya_Leaf_Disease_Classification/BDPapayaLeaf/Original Images/RingSpot/RingSpot(85).jpg,/content/drive/MyDrive/Papaya_Leaf_Disease_Classification/YOLO_Bounding_Box/RingSpot/RingSpot(85).txt,Box dòng 1 đã được tự động cắt xén (clip) vừa ảnh.
RingSpot,/content/drive/MyDrive/Papaya_Leaf_Disease_Classification/BDPapayaLeaf/Original Images/RingSpot/RingSpot(86).jpg,/content/drive/MyDrive/Papaya_Leaf_Disease_Classification/YOLO_Bounding_Box/RingSpot/RingSpot(86).txt,Box dòng 1 đã được tự động cắt xén (clip) vừa ảnh. | Box dòng 2 đã được tự động cắt xén (clip) vừa ảnh. | Box dòng 3 đã được tự động cắt xén (clip) vừa ảnh. | Box dòng 4 đã được tự động cắt xén (clip) vừa ảnh.
RingSpot,/content/drive/MyDrive/Papaya_Leaf_Disease_Classification/BDPapayaLeaf/Original Images/RingSpot/RingSpot(87).jpg,/content/drive/MyDrive/Papaya_Leaf_Disease_Classification/YOLO_Bounding_Box/RingSpot/RingSpot(87).txt,Box dòng 1 đã được tự động cắt xén (clip) vừa ảnh. | Box dòng 2 đã được tự động cắt xén (clip) vừa ảnh. | Box dòng 3 đã được tự động cắt xén (clip) vừa ảnh. | Box dòng 4 đã được tự động cắt xén (clip) vừa ảnh. | Box dòng 5 đã được tự động cắt xén (clip) vừa ảnh. | Box dòng 6 đã được tự động cắt xén (clip) vừa ảnh. | Box dòng 7 đã được tự động cắt xén (clip) vừa ảnh.
RingSpot,/content/drive/MyDrive/Papaya_Leaf_Disease_Classification/BDPapayaLeaf/Original Images/RingSpot/RingSpot(88).jpg,/content/drive/MyDrive/Papaya_Leaf_Disease_Classification/YOLO_Bounding_Box/RingSpot/RingSpot(88).txt,Box dòng 1 đã được tự động cắt xén (clip) vừa ảnh. | Box dòng 2 đã được tự động cắt xén (clip) vừa ảnh. | Box dòng 3 đã được tự động cắt xén (clip) vừa ảnh. | Box dòng 4 đã được tự động cắt xén (clip) vừa ảnh. | Box dòng 5 đã được tự động cắt xén (clip) vừa ảnh.
RingSpot,/content/drive/MyDrive/Papaya_Leaf_Disease_Classification/BDPapayaLeaf/Original Images/RingSpot/RingSpot(89).jpg,/content/drive/MyDrive/Papaya_Leaf_Disease_Classification/YOLO_Bounding_Box/RingSpot/RingSpot(89).txt,Box dòng 1 đã được tự động cắt xén (clip) vừa ảnh. | Box dòng 2 đã được tự động cắt xén (clip) vừa ảnh. | Box dòng 3 đã được tự động cắt xén (clip) vừa ảnh. | Box dòng 4 đã được tự động cắt xén (clip) vừa ảnh.
RingSpot,/content/drive/MyDrive/Papaya_Leaf_Disease_Classification/BDPapayaLeaf/Original Images/RingSpot/RingSpot(9).jpg,/content/drive/MyDrive/Papaya_Leaf_Disease_Classification/YOLO_Bounding_Box/RingSpot/RingSpot(9).txt,Box dòng 1 đã được tự động cắt xén (clip) vừa ảnh. | Box dòng 2 đã được tự động cắt xén (clip) vừa ảnh. | Box dòng 3 đã được tự động cắt xén (clip) vừa ảnh.
RingSpot,/content/drive/MyDrive/Papaya_Leaf_Disease_Classification/BDPapayaLeaf/Original Images/RingSpot/RingSpot(90).jpg,/content/drive/MyDrive/Papaya_Leaf_Disease_Classification/YOLO_Bounding_Box/RingSpot/RingSpot(90).txt,Box dòng 1 đã được tự động cắt xén (clip) vừa ảnh. | Box dòng 2 đã được tự động cắt xén (clip) vừa ảnh. | Box dòng 3 đã được tự động cắt xén (clip) vừa ảnh. | Box dòng 4 đã được tự động cắt xén (clip) vừa ảnh. | Box dòng 5 đã được tự động cắt xén (clip) vừa ảnh. | Box dòng 6 đã được tự động cắt xén (clip) vừa ảnh. | Box dòng 7 đã được tự động cắt xén (clip) vừa ảnh.
RingSpot,/content/drive/MyDrive/Papaya_Leaf_Disease_Classification/BDPapayaLeaf/Original Images/RingSpot/RingSpot(91).jpg,/content/drive/MyDrive/Papaya_Leaf_Disease_Classification/YOLO_Bounding_Box/RingSpot/RingSpot(91).txt,Box dòng 1 đã được tự động cắt xén (clip) vừa ảnh. | Box dòng 2 đã được tự động cắt xén (clip) vừa ảnh. | Box dòng 3 đã được tự động cắt xén (clip) vừa ảnh. | Box dòng 4 đã được tự động cắt xén (clip) vừa ảnh. | Box dòng 5 đã được tự động cắt xén (clip) vừa ảnh. | Box dòng 6 đã được tự động cắt xén (clip) vừa ảnh. | Box dòng 7 đã được tự động cắt xén (clip) vừa ảnh. | Box dòng 8 đã được tự động cắt xén (clip) vừa ảnh. | Box dòng 9 đã được tự động cắt xén (clip) vừa ảnh. | Box dòng 10 đã được tự động cắt xén (clip) vừa ảnh.
RingSpot,/content/drive/MyDrive/Papaya_Leaf_Disease_Classification/BDPapayaLeaf/Original Images/RingSpot/RingSpot(92).jpg,/content/drive/MyDrive/Papaya_Leaf_Disease_Classification/YOLO_Bounding_Box/RingSpot/RingSpot(92).txt,Box dòng 1 đã được tự động cắt xén (clip) vừa ảnh. | Box dòng 2 đã được tự động cắt xén (clip) vừa ảnh. | Box dòng 3 đã được tự động cắt xén (clip) vừa ảnh. | Box dòng 4 đã được tự động cắt xén (clip) vừa ảnh. | Box dòng 5 đã được tự động cắt xén (clip) vừa ảnh. | Box dòng 6 đã được tự động cắt xén (clip) vừa ảnh. | Box dòng 7 đã được tự động cắt xén (clip) vừa ảnh. | Box dòng 8 đã được tự động cắt xén (clip) vừa ảnh. | Box dòng 9 đã được tự động cắt xén (clip) vừa ảnh.
RingSpot,/content/drive/MyDrive/Papaya_Leaf_Disease_Classification/BDPapayaLeaf/Original Images/RingSpot/RingSpot(93).jpg,/content/drive/MyDrive/Papaya_Leaf_Disease_Classification/YOLO_Bounding_Box/RingSpot/RingSpot(93).txt,Box dòng 1 đã được tự động cắt xén (clip) vừa ảnh. | Box dòng 2 đã được tự động cắt xén (clip) vừa ảnh. | Box dòng 3 đã được tự động cắt xén (clip) vừa ảnh. | Box dòng 4 đã được tự động cắt xén (clip) vừa ảnh. | Box dòng 5 đã được tự động cắt xén (clip) vừa ảnh. | Box dòng 6 đã được tự động cắt xén (clip) vừa ảnh. | Box dòng 7 đã được tự động cắt xén (clip) vừa ảnh. | Box dòng 8 đã được tự động cắt xén (clip) vừa ảnh. | Box dòng 9 đã được tự động cắt xén (clip) vừa ảnh. | Box dòng 10 đã được tự động cắt xén (clip) vừa ảnh.
RingSpot,/content/drive/MyDrive/Papaya_Leaf_Disease_Classification/BDPapayaLeaf/Original Images/RingSpot/RingSpot(94).jpg,/content/drive/MyDrive/Papaya_Leaf_Disease_Classification/YOLO_Bounding_Box/RingSpot/RingSpot(94).txt,Box dòng 1 đã được tự động cắt xén (clip) vừa ảnh. | Box dòng 2 đã được tự động cắt xén (clip) vừa ảnh. | Box dòng 3 đã được tự động cắt xén (clip) vừa ảnh. | Box dòng 4 đã được tự động cắt xén (clip) vừa ảnh. | Box dòng 5 đã được tự động cắt xén (clip) vừa ảnh. | Box dòng 6 đã được tự động cắt xén (clip) vừa ảnh. | Box dòng 7 đã được tự động cắt xén (clip) vừa ảnh.
RingSpot,/content/drive/MyDrive/Papaya_Leaf_Disease_Classification/BDPapayaLeaf/Original Images/RingSpot/RingSpot(95).jpg,/content/drive/MyDrive/Papaya_Leaf_Disease_Classification/YOLO_Bounding_Box/RingSpot/RingSpot(95).txt,Box dòng 1 đã được tự động cắt xén (clip) vừa ảnh. | Box dòng 2 đã được tự động cắt xén (clip) vừa ảnh. | Box dòng 3 đã được tự động cắt xén (clip) vừa ảnh.
RingSpot,/content/drive/MyDrive/Papaya_Leaf_Disease_Classification/BDPapayaLeaf/Original Images/RingSpot/RingSpot(96).jpg,/content/drive/MyDrive/Papaya_Leaf_Disease_Classification/YOLO_Bounding_Box/RingSpot/RingSpot(96).txt,Box dòng 1 đã được tự động cắt xén (clip) vừa ảnh. | Box dòng 2 đã được tự động cắt xén (clip) vừa ảnh. | Box dòng 3 đã được tự động cắt xén (clip) vừa ảnh.
RingSpot,/content/drive/MyDrive/Papaya_Leaf_Disease_Classification/BDPapayaLeaf/Original Images/RingSpot/RingSpot(97).jpg,/content/drive/MyDrive/Papaya_Leaf_Disease_Classification/YOLO_Bounding_Box/RingSpot/RingSpot(97).txt,Box dòng 1 đã được tự động cắt xén (clip) vừa ảnh. | Box dòng 2 đã được tự động cắt xén (clip) vừa ảnh. | Box dòng 3 đã được tự động cắt xén (clip) vừa ảnh. | Box dòng 4 đã được tự động cắt xén (clip) vừa ảnh.
RingSpot,/content/drive/MyDrive/Papaya_Leaf_Disease_Classification/BDPapayaLeaf/Original Images/RingSpot/RingSpot(98).jpg,/content/drive/MyDrive/Papaya_Leaf_Disease_Classification/YOLO_Bounding_Box/RingSpot/RingSpot(98).txt,Box dòng 1 đã được tự động cắt xén (clip) vừa ảnh. | Box dòng 2 đã được tự động cắt xén (clip) vừa ảnh. | Box dòng 3 đã được tự động cắt xén (clip) vừa ảnh. | Box dòng 4 đã được tự động cắt xén (clip) vừa ảnh. | Box dòng 5 đã được tự động cắt xén (clip) vừa ảnh. | Box dòng 6 đã được tự động cắt xén (clip) vừa ảnh. | Box dòng 7 đã được tự động cắt xén (clip) vừa ảnh.
RingSpot,/content/drive/MyDrive/Papaya_Leaf_Disease_Classification/BDPapayaLeaf/Original Images/RingSpot/RingSpot(99).jpg,/content/drive/MyDrive/Papaya_Leaf_Disease_Classification/YOLO_Bounding_Box/RingSpot/RingSpot(99).txt,Box dòng 1 đã được tự động cắt xén (clip) vừa ảnh. | Box dòng 2 đã được tự động cắt xén (clip) vừa ảnh. | Box dòng 3 đã được tự động cắt xén (clip) vừa ảnh. | Box dòng 4 đã được tự động cắt xén (clip) vừa ảnh. | Box dòng 5 đã được tự động cắt xén (clip) vừa ảnh. | Box dòng 6 đã được tự động cắt xén (clip) vừa ảnh. | Box dòng 7 đã được tự động cắt xén (clip) vừa ảnh. | Box dòng 8 đã được tự động cắt xén (clip) vừa ảnh. | Box dòng 9 đã được tự động cắt xén (clip) vừa ảnh. | Box dòng 10 đã được tự động cắt xén (clip) vừa ảnh. | Box dòng 11 đã được tự động cắt xén (clip) vừa ảnh. | Box dòng 12 đã được tự động cắt xén (clip) vừa ảnh. | Box dòng 13 đã được tự động cắt xén (clip) vừa ảnh. | Box dòng 14 đã được tự động cắt xén (clip) vừa ảnh.
